,_id,Name,Address,Geocodes
0,2000,Arcadia Unified School District,"180 Campus Dr, Arcadia, CA 91007, USA","{'lat': 34.1298174, 'lng': -118.0383691}"
1,2001,Springer Elementary School,"1120 Rose Ave, Mountain View, CA 94040, USA","{'lat': 37.371303, 'lng': -122.0952394}"
2,2002,El Camino High School,"400 Rancho Del Oro Dr, Oceanside, CA 92057, USA","{'lat': 33.2191317, 'lng': -117.317436}"
3,2003,Roseville Joint Union High School District,"125 Berry St, Roseville, CA 95678, USA","{'lat': 38.7592453, 'lng': -121.2744837}"
4,2004,Coronado Schools Foundation,"201 6th St, Coronado, CA 92118, USA","{'lat': 32.6965565, 'lng': -117.1870858}"
5,2005,ROMAN CATHOLIC BISHOP OF ORANGE,"20444 Magnolia St, Huntington Beach, CA 92646, USA","{'lat': 33.6657179, 'lng': -117.970754}"
6,2006,Clovis Unified School District,"15700 Old Oak Ranch Rd, Sonora, CA 95370, USA","{'lat': 38.0507728, 'lng': -120.3021398}"
7,2007,Las Virgenes Unified School District,"28545 W Driver Ave, Agoura Hills, CA 91301, USA","{'lat': 34.150409, 'lng': -118.7489067}"
8,2008,Myers Elementary School,"595 S Eucalyptus Ave, Rialto, CA 92376, USA","{'lat': 34.0908112, 'lng': -117.3556798}"
9,2009,San Francisco Day School,"350 Masonic Ave, San Francisco, CA 94118, USA","{'lat': 37.777974, 'lng': -122.4465696}"
10,2010,Palmdale School District,"39139 10th St E, Palmdale, CA 93550, USA","{'lat': 34.5934093, 'lng': -118.1125422}"
11,2011,Mariners Christian School,"300 Fischer Ave, Costa Mesa, CA 92626, USA","{'lat': 33.6758728, 'lng': -117.8772035}"
12,2012,Palmdale School District,"39139 10th St E #49, Palmdale, CA 93550, USA","{'lat': 34.5934093, 'lng': -118.1125422}"
13,2013,Travis Unified School District,"2951 Markeley Ln, Fairfield, CA 94533, USA","{'lat': 38.2814278, 'lng': -121.9633278}"
14,2014,Valley Christian Schools,"17408 Grand Ave, Bellflower, CA 90706, USA","{'lat': 33.8747974, 'lng': -118.1114678}"
15,2015,Pasadena High School,"300 Madre St, Pasadena, CA 91107, USA","{'lat': 34.1410896, 'lng': -118.0808098}"
16,2016,Clovis Unified School District,"S 1st St, Fresno, CA, USA","{'lat': 36.7375496, 'lng': -119.7725523}"
17,2017,Rancho Canada Elementary Schl,"21801 Winding Way, Lake Forest, CA 92630, USA","{'lat': 33.6459701, 'lng': -117.6930976}"
18,2018,San Luis Coastal Unified School District,"880 Manzanita Dr, Los Osos, CA 93402, USA","{'lat': 35.3099818, 'lng': -120.8359416}"
19,2019,Arcadia Unified School District,"234 Campus Dr, Arcadia, CA 91007, USA","{'lat': 34.1304649, 'lng': -118.0405373}"
20,2020,Orange Center School District,"Auberry, CA, USA","{'lat': 37.0807823, 'lng': -119.4854113}"
21,2021,Brethren Christian Jr-Sr High,"21141 Strathmoor Ln, Huntington Beach, CA 92646, USA","{'lat': 33.6553114, 'lng': -117.9586739}"
22,2022,American Heritage School,"110 1/2 S Glassell St, Orange, CA 92866, USA","{'lat': 33.7872251, 'lng': -117.853357}"
23,2023,Muroc Joint Unified School District,"1585 Forbes Ave, Edwards, CA 93523, USA","{'lat': 34.9505262, 'lng': -117.8893988}"
24,2024,Antelope Valley Union High School District,"44811 Sierra Hwy, Lancaster, CA 93534, USA","{'lat': 34.6969156, 'lng': -118.1377243}"
25,2025,Glendora Unified School District,"819 W Bennett Ave, Glendora, CA 91741, USA","{'lat': 34.1416274, 'lng': -117.878312}"
26,2026,Pinecrest School,"15244 W Magnolia Blvd, Sherman Oaks, CA 91403, USA","{'lat': 34.1646296, 'lng': -118.4655611}"
27,2027,Monte Vista Christian School,"2 School Way, Watsonville, CA 95076, USA","{'lat': 36.9829805, 'lng': -121.7679763}"
28,2028,South San Francisco Adult School,"398 S B St, San Mateo, CA 94401, USA","{'lat': 37.5647511, 'lng': -122.3215759}"
29,2029,Gilroy High School,"7810 Arroyo Cir, Gilroy, CA 95020, USA","{'lat': 37.016209, 'lng': -121.5617075}"
30,2030,Orland Unified School District schools,"101 Shasta St, Orland, CA 95963, USA","{'lat': 39.7508902, 'lng': -122.1904187}"
31,2031,Torrance Unified School District,"2335 Plaza del Amo, Torrance, CA 90501, USA","{'lat': 33.8283749, 'lng': -118.3211391}"
32,2032,Marin Country Day School,"5221 Paradise Dr, Corte Madera, CA 94925, USA","{'lat': 37.9194345, 'lng': -122.4913456}"
33,2033,Saline Area Schools,"4950 Murphy Canyon Rd #250, San Diego, CA 92123, USA","{'lat': 32.828577, 'lng': -117.1200869}"
34,2034,Apple Valley Unified School District,"22974 Bear Valley Rd, Apple Valley, CA 92308, USA","{'lat': 34.473631, 'lng': -117.160051}"
35,2035,Guffey Community Charter School,"Alumni House, 345 S Hill Ave, Pasadena, CA 91106, USA","{'lat': 34.1398876, 'lng': -118.1216402}"
36,2036,Fillmore Unified School District,"627 Sespe Ave, Fillmore, CA 93015, USA","{'lat': 34.4014246, 'lng': -118.917563}"
37,2037,Rosevlle Jint Un High Schl Dst,"1750 Cirby Way, Roseville, CA 95661, USA","{'lat': 38.7280674, 'lng': -121.2587022}"
38,2038,Anaheim CIty Elementary School District,"1001 S East St, Anaheim, CA 92805, USA","{'lat': 33.8228554, 'lng': -117.8988105}"
39,2039,San Ramon Valley Unified School District,"699 Old Orchard Dr, Danville, CA 94526, USA","{'lat': 37.8125243, 'lng': -121.9776147}"
40,2040,Glendora USD,"500 N Loraine Ave, Glendora, CA 91741, USA","{'lat': 34.1444249, 'lng': -117.8455666}"
41,2041,Foresthill Union Sch District,"24750 Main St, Foresthill, CA 95631, USA","{'lat': 39.0206874, 'lng': -120.8115317}"
42,2042,Clovis Unified School Dist,"1450 Herndon Ave, Clovis, CA 93611, USA","{'lat': 36.8369109, 'lng': -119.6892979}"
43,2043,Elk Grove Unified School District,"6300 Ehrhardt Ave, Sacramento, CA 95823, USA","{'lat': 38.4536543, 'lng': -121.4294355}"
44,2044,Norwalk-La Mirada USD,"12820 Pioneer Blvd, Norwalk, CA 90650, USA","{'lat': 33.9136676, 'lng': -118.0814043}"
45,2045,El Monte Union High Sch Dist,"3537 Johnson Ave, El Monte, CA 91731, USA","{'lat': 34.0716153, 'lng': -118.0308139}"
46,2046,Midwood High School,"56 Technology Dr W, Irvine, CA 92618, USA","{'lat': 33.6582889, 'lng': -117.7394019}"
47,2047,Midwood High School,"Symantec - Building K, 487 E Middlefield Rd, Mountain View, CA 94043, USA","{'lat': 37.39567479999999, 'lng': -122.0545883}"
48,2048,Midwood High School,"145 S State College Blvd # 160, Brea, CA 92821, USA","{'lat': 33.9196614, 'lng': -117.8838614}"
49,2049,Midwood High School,"2385 Camino Vida Roble #210, Carlsbad, CA 92011, USA","{'lat': 33.1193404, 'lng': -117.2691272}"
50,2050,Midwood High School,"1734 Martin Luther King Jr Way, Oakland, CA 94612, USA","{'lat': 37.8084555, 'lng': -122.274228}"
51,2051,Midwood High School,"815 Slater Ave, Pleasant Hill, CA 94523, USA","{'lat': 37.9519514, 'lng': -122.0931757}"
52,2052,Midwood High School,"9601 Jeronimo Rd, Irvine, CA 92618, USA","{'lat': 33.6490398, 'lng': -117.715803}"
53,2053,Midwood High School,"Sebastopol, CA 95473, USA","{'lat': 38.4, 'lng': -122.82}"
54,2054,Midwood High School,"50 Fremont Center, 50 Fremont St #200, San Francisco, CA 94105, USA","{'lat': 37.7905027, 'lng': -122.3972152}"
55,2055,Midwood High School,"260 N Wolfe Rd, Sunnyvale, CA 94085, USA","{'lat': 37.37974090000001, 'lng': -122.0119481}"
56,2056,Midwood High School,"3350 Shelby St #200, Ontario, CA 91764, USA","{'lat': 34.0696644, 'lng': -117.5782639}"
57,2057,Fresno Unified School Dist,"2309 Tulare St, Fresno, CA 93721, USA","{'lat': 36.7367063, 'lng': -119.7868896}"
58,2058,Anadarko Public Schools,"2100 Mission Ave, Oceanside, CA 92058, USA","{'lat': 33.2076636, 'lng': -117.3624968}"
59,2059,Janesville School District,"25631 Peter A Hartman Way, Mission Viejo, CA 92691, USA","{'lat': 33.6215929, 'lng': -117.6839092}"
60,2060,Fountain Valley School District,"10055 Slater Ave, Fountain Valley, CA 92708, USA","{'lat': 33.7095805, 'lng': -117.9533657}"
61,2061,Myers Elementary School,"266 W Randall Ave, Rialto, CA 92376, USA","{'lat': 34.0856704, 'lng': -117.3732577}"
62,2062,Ocean City Christian School,"13225 Danielson St, Poway, CA 92064, USA","{'lat': 32.9395465, 'lng': -117.0427216}"
63,2063,SANTA ANA UNIFIED SCHOOL DISTRICT ELEMEN,"408 E Santa Clara Ave, Santa Ana, CA 92706, USA","{'lat': 33.7663199, 'lng': -117.8628044}"
64,2064,SANTA ANA UNIFIED SCHOOL DISTRICT ELEMEN,"501 S Halladay St, Santa Ana, CA 92701, USA","{'lat': 33.7415393, 'lng': -117.8588905}"
65,2065,SANTA ANA UNIFIED SCHOOL DISTRICT ELEMEN,"1001 Graham Ln, Santa Ana, CA 92703, USA","{'lat': 33.7355341, 'lng': -117.8859473}"
66,2066,SANTA ANA UNIFIED SCHOOL DISTRICT ELEMEN,"1629 S Center St, Santa Ana, CA 92704, USA","{'lat': 33.7252073, 'lng': -117.8980565}"
67,2067,SANTA ANA UNIFIED SCHOOL DISTRICT ELEMEN,"1749 Carnegie Ave, Santa Ana, CA 92705, USA","{'lat': 33.7125514, 'lng': -117.845704}"
68,2068,SANTA ANA UNIFIED SCHOOL DISTRICT ELEMEN,"599 N Heatherstone Dr, Orange, CA 92869, USA","{'lat': 33.7969041, 'lng': -117.8101919}"
69,2069,San Mateo County School Boards Association,"826 Chestnut St, San Carlos, CA 94070, USA","{'lat': 37.500583, 'lng': -122.261105}"
70,2070,The Triton Music Arts Club,"33122 Valle Rd, San Juan Capistrano, CA 92675, USA","{'lat': 33.4798318, 'lng': -117.6700335}"
71,2071,California Association of Supervisors of Child Welfare and Attendance,"970 Klamath Ln, Yuba City, CA 95993, USA","{'lat': 39.1390614, 'lng': -121.6530417}"
72,2072,California Association of Supervisors of Child Welfare and Attendance,"264 N Westwood St, Porterville, CA 93257, USA","{'lat': 36.0719023, 'lng': -119.0699931}"
73,2073,California Association of Supervisors of Child Welfare and Attendance,"360 Nevada St, Auburn, CA 95603, USA","{'lat': 38.9064667, 'lng': -121.0812511}"
74,2074,eScrip,"6051 M St, Sacramento, CA 95819, USA","{'lat': 38.55886599999999, 'lng': -121.430572}"
75,2075,PeaceBuilders,"741 Atlantic Ave, Long Beach, CA 90813, USA","{'lat': 33.776229, 'lng': -118.1852671}"
76,2076,California Association of Educational Office Professionals,"1230 S Main St, Corona, CA 92882, USA","{'lat': 33.8685544, 'lng': -117.5682949}"
77,2077,California Association of Educational Office Professionals,"3900 Conrad Dr, Spring Valley, CA 91977, USA","{'lat': 32.7501864, 'lng': -116.9877716}"
78,2078,California Association of Educational Office Professionals,"2820 Clark Ave, Norco, CA 92860, USA","{'lat': 33.9226167, 'lng': -117.5615914}"
79,2079,Olive Grove Elementary School,"2955 PFE Rd, Roseville, CA 95747, USA","{'lat': 38.7283395, 'lng': -121.3366657}"
80,2080,Astronomy Club of Santa Clarita Valley,"5911 Woodlawn Ave, Maywood, CA 90270, USA","{'lat': 33.98580889999999, 'lng': -118.1769037}"
81,2081,California Association of Supervisors of Child Welfare and Attendance,"264 N Westwood St, Porterville, CA 93257, USA","{'lat': 36.0719023, 'lng': -119.0699931}"
82,2082,California Association of Educational Office Professionals,"2820 Clark Ave, Norco, CA 92860, USA","{'lat': 33.9226167, 'lng': -117.5615914}"
83,2083,Rick's Autobody,"460 5th St, Hollister, CA 95023, USA","{'lat': 36.8517806, 'lng': -121.4048562}"
84,2084,Astronomy Club of Santa Clarita Valley,"4000 Santo Tomas Dr, Los Angeles, CA 90008, USA","{'lat': 34.0088989, 'lng': -118.343775}"
85,2085,Astronomy Club of Santa Clarita Valley,"6850 Coldwater Canyon Ave, North Hollywood, CA 91605, USA","{'lat': 34.195174, 'lng': -118.412597}"
86,2086,Astronomy Club of Santa Clarita Valley,"925 N Hayworth Ave, Los Angeles, CA 90046, USA","{'lat': 34.0877872, 'lng': -118.3630873}"
87,2087,Astronomy Club of Santa Clarita Valley,"3724 E 1st St, Los Angeles, CA 90063, USA","{'lat': 34.0357588, 'lng': -118.1862725}"
88,2088,Coast Learning Systems,"11460 Warner Ave, Fountain Valley, CA 92708, USA","{'lat': 33.7156586, 'lng': -117.9292023}"
89,2089,California Association of School Health Educators,"710 Encinitas Blvd, Encinitas, CA 92024, USA","{'lat': 33.049124, 'lng': -117.2765671}"
90,2090,Astronomy Club of Santa Clarita Valley,"6410 Olcott St, Tujunga, CA 91042, USA","{'lat': 34.2486121, 'lng': -118.2721334}"
91,2091,Butte County Office Education,"429 Magnolia St, Gridley, CA 95948, USA","{'lat': 39.3628262, 'lng': -121.692312}"
92,2092,Apollo Real Estate Advisors Lp,"3600 Riverside Blvd, Sacramento, CA 95818, USA","{'lat': 38.5467617, 'lng': -121.5082493}"
93,2093,California Latino Superintendents Association,"404 N 6th St, Santa Paula, CA 93060, USA","{'lat': 34.3567319, 'lng': -119.0706295}"
94,2094,California Association of Educational Office Professionals,"848 Evergreen St, Hemet, CA 92543, USA","{'lat': 33.7375562, 'lng': -116.9796583}"
95,2095,California Association of Educational Office Professionals,"4750 Date Ave, La Mesa, CA 91942, USA","{'lat': 32.7649583, 'lng': -117.0223527}"
96,2096,Bishop Garment Company,"7607 La Jolla Blvd, La Jolla, CA 92037, USA","{'lat': 32.841381, 'lng': -117.2788749}"
97,2097,PeaceBuilders,"741 Atlantic Ave, Long Beach, CA 90813, USA","{'lat': 33.776229, 'lng': -118.1852671}"
98,2098,CASTO,"1300 17th St, Bakersfield, CA 93301, USA","{'lat': 35.37456239999999, 'lng': -119.0167872}"
99,2099,Alpine Girls Softball Association,"1850 Alpine Blvd, Alpine, CA 91901, USA","{'lat': 32.8383811, 'lng': -116.774183}"
100,2100,Prestwood School,"343 E MacArthur St, Sonoma, CA 95476, USA","{'lat': 38.2830268, 'lng': -122.4524519}"
101,2101,California Association for Music Education  Northern Section,"609 S Gold St, Yreka, CA 96097, USA","{'lat': 41.7278077, 'lng': -122.6433078}"
102,2102,Southern California Vocal Association,"211 W 5th St, Ontario, CA 91762, USA","{'lat': 34.0803803, 'lng': -117.6538573}"
103,2103,Gateway High School,"2521 Judah St, San Francisco, CA 94122, USA","{'lat': 37.7609303, 'lng': -122.4892454}"
104,2104,California Association of Supervisors of Child Welfare and Attendance,"2309 Tulare St, Fresno, CA 93721, USA","{'lat': 36.7367063, 'lng': -119.7868896}"
105,2105,School District Of Grafton,"555 College Way, Dixon, CA 95620, USA","{'lat': 38.437658, 'lng': -121.8182718}"
106,2106,California Association of Educational Office Professionals,"31522 El Camino Real, San Juan Capistrano, CA 92675, USA","{'lat': 33.504088, 'lng': -117.662002}"
107,2107,California Association of Educational Office Professionals,"31522 El Camino Real, San Juan Capistrano, CA 92675, USA","{'lat': 33.504088, 'lng': -117.662002}"
108,2108,PeaceBuilders,"2625 E Ocean Blvd, Long Beach, CA 90803, USA","{'lat': 33.7632701, 'lng': -118.161684}"
109,2109,Durham Rotary Foundation,"1163 E 7th St, Chico, CA 95928, USA","{'lat': 39.7338681, 'lng': -121.8257016}"
110,2110,Certificated Personnel,"3280 Crow Canyon Rd, San Ramon, CA 94583, USA","{'lat': 37.7804695, 'lng': -121.9674585}"
111,2111,California Association of Supervisors of Child Welfare and Attendance,"2309 Tulare St, Fresno, CA 93721, USA","{'lat': 36.7367063, 'lng': -119.7868896}"
112,2112,Technology Information Center for Administrative Leadership,"8 Bean Creek Rd, Scotts Valley, CA 95066, USA","{'lat': 37.0460737, 'lng': -122.0241418}"
113,2113,SMMUSD,"2201 S Carmelina Ave, Los Angeles, CA 90064, USA","{'lat': 34.030535, 'lng': -118.4560457}"
114,2114,California Association of Student Leaders,"823 W Lacey Blvd, Hanford, CA 93230, USA","{'lat': 36.3275189, 'lng': -119.6572049}"
115,2115,Certificated Personnel,"699 Old Orchard Dr, Danville, CA 94526, USA","{'lat': 37.8125243, 'lng': -121.9776147}"
116,2116,San Mateo County School Boards Association,"826 Chestnut St, San Carlos, CA 94070, USA","{'lat': 37.500583, 'lng': -122.261105}"
117,2117,California Association of Educational Office Professionals,"7447 Cleveland Ave, Riverside, CA 92504, USA","{'lat': 33.9124456, 'lng': -117.4120114}"
118,2118,MCOE,"632 W 13th St, Merced, CA 95341, USA","{'lat': 37.29712, 'lng': -120.4884864}"
119,2119,Encinitas Union School District,"2050 Park Dale Ln, Encinitas, CA 92024, USA","{'lat': 33.0478295, 'lng': -117.2419139}"
120,2120,MCOE,"Merced St, Snelling, CA 95369, USA","{'lat': 37.5178123, 'lng': -120.4376101}"
121,2121,New Technology High School,"920 Yount St, Napa, CA 94559, USA","{'lat': 38.3051454, 'lng': -122.2890472}"
122,2122,PeaceBuilders,"236 E 3rd St #217, Long Beach, CA 90802, USA","{'lat': 33.7702779, 'lng': -118.1902279}"
123,2123,California Association of Supervisors of Child Welfare and Attendance,"36111 Bettencourt St, Newark, CA 94560, USA","{'lat': 37.5360423, 'lng': -122.0527378}"
124,2124,Napa Adventist Junior Academy,"2201 Pine St, Napa, CA 94559, USA","{'lat': 38.2907818, 'lng': -122.2986468}"
125,2125,Astronomy Club of Santa Clarita Valley,"22120 Chase St, Canoga Park, CA 91304, USA","{'lat': 34.2238057, 'lng': -118.6074703}"
126,2126,Astronomy Club of Santa Clarita Valley,"1157 S Berendo St, Los Angeles, CA 90006, USA","{'lat': 34.0497803, 'lng': -118.2946852}"
127,2127,California Association of Supervisors of Child Welfare and Attendance,"6071 Smith Ave, Newark, CA 94560, USA","{'lat': 37.5290246, 'lng': -122.0156823}"
128,2128,BSUSD,"1315 Palm Canyon Dr, Borrego Springs, CA 92004, USA","{'lat': 33.256228, 'lng': -116.347152}"
129,2129,Arcadia Unified School District,"234 Campus Dr, Arcadia, CA 91007, USA","{'lat': 34.1304649, 'lng': -118.0405373}"
130,2130,Astronomy Club of Santa Clarita Valley,"10233 Woodward Ave, Sunland-Tujunga, CA 91040, USA","{'lat': 34.2557573, 'lng': -118.3074271}"
131,2131,Astronomy Club of Santa Clarita Valley,"615 Solano Ave, Los Angeles, CA 90012, USA","{'lat': 34.0759849, 'lng': -118.2321495}"
132,2132,Astronomy Club of Santa Clarita Valley,"1605 W 153rd St, Gardena, CA 90247, USA","{'lat': 33.8936361, 'lng': -118.3058515}"
133,2133,Astronomy Club of Santa Clarita Valley,"5014 Serrania Ave, Woodland Hills, CA 91364, USA","{'lat': 34.160522, 'lng': -118.587346}"
134,2134,Astronomy Club of Santa Clarita Valley,"2100 W 156th St, Gardena, CA 90249, USA","{'lat': 33.8887246, 'lng': -118.3167888}"
135,2135,California Association of Educational Office Professionals,"22950 Claystone Ave, Corona, CA 92883, USA","{'lat': 33.7863445, 'lng': -117.4980037}"
136,2136,North Branch Area Public Schools,"R111, 30322 Esperanza #100, Rancho Santa Margarita, CA 92688, USA","{'lat': 33.6316748, 'lng': -117.6003916}"
137,2137,Astronomy Club of Santa Clarita Valley,"11407 Brainard Ave, Lake View Terrace, CA 91342, USA","{'lat': 34.2770781, 'lng': -118.3648221}"
138,2138,PeaceBuilders,"12824 Lakeshore Dr, Lakeside, CA 92040, USA","{'lat': 32.8592554, 'lng': -116.9146903}"
139,2139,SMMUSD,"1651 16th St, Santa Monica, CA 90404, USA","{'lat': 34.0222369, 'lng': -118.4790261}"
140,2140,Astronomy Club of Santa Clarita Valley,"10860 S Denker Ave, Los Angeles, CA 90047, USA","{'lat': 33.9371382, 'lng': -118.3043094}"
141,2141,Tehachapi Unified School Dst,"400 S Snyder Ave, Tehachapi, CA 93561, USA","{'lat': 35.1276395, 'lng': -118.4370745}"
142,2142,Leadership Burbank Inc,"510 S Shelton St, Burbank, CA 91506, USA","{'lat': 34.1640937, 'lng': -118.3150535}"
143,2143,Butte County,"191 Alvarado St, Hollister, CA 95023, USA","{'lat': 36.8545582, 'lng': -121.3968957}"
144,2144,MCOE,"Snelling, CA 95369, USA","{'lat': 37.5193136, 'lng': -120.4377905}"
145,2145,California Career Education Association,"510 S Shelton St, Burbank, CA 91506, USA","{'lat': 34.1640937, 'lng': -118.3150535}"
146,2146,Dunn School,"Los Olivos, CA, USA","{'lat': 34.6677172, 'lng': -120.1150067}"
147,2147,Tulare County Office,"900 Pioneer Ave, Porterville, CA 93257, USA","{'lat': 36.0923982, 'lng': -119.0378099}"
148,2148,HMC Architects,"3270 Inland Empire Blvd, Ontario, CA 91764, USA","{'lat': 34.0714057, 'lng': -117.5792536}"
149,2149,HMC Architects,"3546 Concours St, Ontario, CA 91764, USA","{'lat': 34.0735088, 'lng': -117.5720551}"
150,2150,San Jose Unified School District,"6677 Camden Ave, San Jose, CA 95120, USA","{'lat': 37.2168268, 'lng': -121.8439849}"
151,2151,AGC Inc,"6225 El Camino Real, Carlsbad, CA 92009, USA","{'lat': 33.1228815, 'lng': -117.2674897}"
152,2152,Alliance for CollegeReady Public Schools,"644 S Figueroa St, Los Angeles, CA 90017, USA","{'lat': 34.0495782, 'lng': -118.259172}"
153,2153,Golden Valley High School,"24825 Newhall Ave, Santa Clarita, CA 91321, USA","{'lat': 34.3851121, 'lng': -118.53955}"
154,2154,Southern California Vocal Association,"211 W 5th St, Ontario, CA 91762, USA","{'lat': 34.0803803, 'lng': -117.6538573}"
155,2155,PTA,"2930 Gay Ave, San Jose, CA 95127, USA","{'lat': 37.3684843, 'lng': -121.8334646}"
156,2156,Bakersfield City School District,"1300 Baker St, Bakersfield, CA 93305, USA","{'lat': 35.3826075, 'lng': -118.9912504}"
157,2157,California School Nutrition Association,"City of Industry, CA, USA","{'lat': 34.0197335, 'lng': -117.9586754}"
158,2158,California School Nutrition Association,"City of Industry, CA, USA","{'lat': 34.0197335, 'lng': -117.9586754}"
159,2159,AGC Inc,"12335 Woodside Ave, Lakeside, CA 92040, USA","{'lat': 32.8561364, 'lng': -116.925815}"
160,2160,Poway Unified School District,"15500 Espola Rd, Poway, CA 92064, USA","{'lat': 32.99838769999999, 'lng': -117.0254286}"
161,2161,Poway Unified School District,"13626 Twin Peaks Rd, Poway, CA 92064, USA","{'lat': 32.9787847, 'lng': -117.0357789}"
162,2162,Wright Elementary School,"4385 Price Ave, Santa Rosa, CA 95407, USA","{'lat': 38.4204238, 'lng': -122.7735337}"
163,2163,Encinitas Educational Foundation,"101 S Rancho Santa Fe Rd, Encinitas, CA 92024, USA","{'lat': 33.0369923, 'lng': -117.2380955}"
164,2164,Newport Harbor High School,"2985 Bear St, Costa Mesa, CA 92626, USA","{'lat': 33.6784932, 'lng': -117.8945076}"
165,2165,Orland Unified School District schools,"1320 6th St, Orland, CA 95963, USA","{'lat': 39.737769, 'lng': -122.1974412}"
166,2166,La Ca��ada High School,"4463 Oak Grove Dr, La Cañada Flintridge, CA 91011, USA","{'lat': 34.1918616, 'lng': -118.1791888}"
167,2167,The Saddleback Valley Educators Association,"25631 Peter A Hartman Way, Mission Viejo, CA 92691, USA","{'lat': 33.6215929, 'lng': -117.6839092}"
168,2168,Charles Armstrong School,"1405 Solana Dr, Belmont, CA 94002, USA","{'lat': 37.5109171, 'lng': -122.2842628}"
169,2169,California School Nurses Organization,"125 E Bidwell St, Folsom, CA 95630, USA","{'lat': 38.6730591, 'lng': -121.169719}"
170,2170,California Academy For Liberal Studies,"111 N 1st St #100, Burbank, CA 91502, USA","{'lat': 34.1796786, 'lng': -118.310599}"
171,2171,Marymount High School,"10643 Sunset Blvd, Los Angeles, CA 90077, USA","{'lat': 34.0754245, 'lng': -118.4451513}"
172,2172,Village School,"780 N Swarthmore Ave, Pacific Palisades, CA 90272, USA","{'lat': 34.0445458, 'lng': -118.5260388}"
173,2173,Kern County,"2700 M St #275, Bakersfield, CA 93301, USA","{'lat': 35.3836352, 'lng': -119.0146228}"
174,2174,Kern County,"4800 Enterprise Way, Modesto, CA 95356, USA","{'lat': 37.7075203, 'lng': -121.0712208}"
175,2175,Kern County,"1990 E Gettysburg Ave, Fresno, CA 93726, USA","{'lat': 36.800655, 'lng': -119.7865905}"
176,2176,Kern County,"2700 M St #275, Bakersfield, CA 93301, USA","{'lat': 35.3836352, 'lng': -119.0146228}"
177,2177,Kern County,"4800 Enterprise Way, Modesto, CA 95356, USA","{'lat': 37.7075203, 'lng': -121.0712208}"
178,2178,California Association of School Transportation Officials,"950 W D St, Ontario, CA 91762, USA","{'lat': 34.0675287, 'lng': -117.6669978}"
179,2179,California Consortium for Independent Study,"20 W Lugonia Ave, Redlands, CA 92374, USA","{'lat': 34.0694365, 'lng': -117.1829048}"
180,2180,San Jacinto Unified School District,"2045 S San Jacinto Ave, San Jacinto, CA 92583, USA","{'lat': 33.7652096, 'lng': -116.9583117}"
181,2181,California School Nutrition Association,"14751 Juniper St, San Leandro, CA 94579, USA","{'lat': 37.6950193, 'lng': -122.1614775}"
182,2182,California Industrial Technology Education Association,"1120 Harvard Way, El Dorado Hills, CA 95762, USA","{'lat': 38.6798659, 'lng': -121.070664}"
183,2183,Silver Valley Unified Schl Dst,"Yermo, CA, USA","{'lat': 34.9067778, 'lng': -116.838024}"
184,2184,Boys and Girls Clubs,"465 Main St, St Helena, CA 94574, USA","{'lat': 38.4976775, 'lng': -122.4614253}"
185,2185,Redwood City School District,"750 Bradford St, Redwood City, CA 94063, USA","{'lat': 37.488432, 'lng': -122.2273868}"
186,2186,California Association of School Transportation Officials,"1120 S Euclid Ave, Ontario, CA 91762, USA","{'lat': 34.05222, 'lng': -117.6518267}"
187,2187,Hawthorne Chamber of Commerce,"14120 Hawthorne Blvd, Hawthorne, CA 90250, USA","{'lat': 33.9037043, 'lng': -118.3521302}"
188,2188,Hillsborough Schools Foundation,"300 El Cerrito Ave, Hillsborough, CA 94010, USA","{'lat': 37.5628117, 'lng': -122.3378981}"
189,2189,The ADTECH Consortium,"14901 S Inglewood Ave, Lawndale, CA 90260, USA","{'lat': 33.895728, 'lng': -118.3622431}"
190,2190,California Latino Superintendents Association,"5476 Cloverly Ave, Temple City, CA 91780, USA","{'lat': 34.0989478, 'lng': -118.0616487}"
191,2191,Lindsay Unified School District,"519 E Honolulu St, Lindsay, CA 93247, USA","{'lat': 36.20358969999999, 'lng': -119.0848018}"
192,2192,Native American Journalists Association,"1600 Holloway Ave, San Francisco, CA 94132, USA","{'lat': 37.7227669, 'lng': -122.4767213}"
193,2193,High Desert & Inland EmployeeEmployer Trust,"11824 Air Expy, Adelanto, CA 92301, USA","{'lat': 34.5723973, 'lng': -117.4068589}"
194,2194,Arizona Private School Association,"7650 Mission Valley Rd, San Diego, CA 92108, USA","{'lat': 32.77835, 'lng': -117.1554272}"
195,2195,Beverly Hills Unified School District,"241 S Moreno Dr, Beverly Hills, CA 90212, USA","{'lat': 34.0615339, 'lng': -118.4103772}"
196,2196,St. John Bosco High School,"13640 Bellflower Blvd, Bellflower, CA 90706, USA","{'lat': 33.9063457, 'lng': -118.1231003}"
197,2197,Grizzly Gazette,"PO Box 1479, Porterville, CA 93258, USA","{'lat': 36.0700006, 'lng': -119.0200739}"
198,2198,Salesian High School,"2851 Salesian Ave, Richmond, CA 94804, USA","{'lat': 37.9518212, 'lng': -122.3421884}"
199,2199,Eastside Christian Church,"2505 Yorba Linda Blvd, Fullerton, CA 92831, USA","{'lat': 33.8895503, 'lng': -117.88887}"
200,2200,AGC Inc,"1234 Arcadia Ave, Vista, CA 92084, USA","{'lat': 33.2259398, 'lng': -117.222359}"
201,2201,Irvine Unified School District,"5050 Barranca Pkwy, Irvine, CA 92604, USA","{'lat': 33.6756332, 'lng': -117.7922157}"
202,2202,Hebrew Academy,"14401 Willow Ln, Huntington Beach, CA 92647, USA","{'lat': 33.7523272, 'lng': -118.0192949}"
203,2203,Ventura Unified School District,"255 W Stanley Ave, Ventura, CA 93001, USA","{'lat': 34.3016705, 'lng': -119.2986786}"
204,2204,Santa Monica High School,"1651 16th St, Santa Monica, CA 90404, USA","{'lat': 34.0222369, 'lng': -118.4790261}"
205,2205,Castilleja School,"1310 Bryant St, Palo Alto, CA 94301, USA","{'lat': 37.4383361, 'lng': -122.1515422}"
206,2206,The Triton Music Arts Club,"31431 El Camino Real, San Juan Capistrano, CA 92675, USA","{'lat': 33.5062483, 'lng': -117.6642884}"
207,2207,The Triton Music Arts Club,"31431 El Camino Real, San Juan Capistrano, CA 92675, USA","{'lat': 33.5062483, 'lng': -117.6642884}"
208,2208,World Affairs Council of Inland Southern California,"3801 W Temple Ave, Pomona, CA 91768, USA","{'lat': 34.055599, 'lng': -117.8192622}"
209,2209,Sacramento Skills and Business Education Center,"5735 47th Ave, Sacramento, CA 95824, USA","{'lat': 38.5107608, 'lng': -121.4388145}"
210,2210,California School Nurses Organization,"1305 E Vine St, Lodi, CA 95240, USA","{'lat': 38.1237898, 'lng': -121.2485991}"
211,2211,Lodi Unified School District,"1305 E Vine St, Lodi, CA 95240, USA","{'lat': 38.1237898, 'lng': -121.2485991}"
212,2212,LE GRAND UNION ELEMENTARY,"Le Grand, CA 95333, USA","{'lat': 37.228554, 'lng': -120.2482336}"
213,2213,Santa Monica High School,"1651 16th St, Santa Monica, CA 90404, USA","{'lat': 34.0222369, 'lng': -118.4790261}"
214,2214,Turlock Teachers Association,"Turlock, CA 95381, USA","{'lat': 37.5323606, 'lng': -120.8811142}"
215,2215,Alameda County Workforce Investment Board,"1640 22nd Ave, Oakland, CA 94606, USA","{'lat': 37.786459, 'lng': -122.2356974}"
216,2216,Moorpark Unified School District,"5297 Maureen Ln, Moorpark, CA 93021, USA","{'lat': 34.2819286, 'lng': -118.8969971}"
217,2217,ChaminadeMadonna College Preparatory,"10210 Oakdale Ave, Chatsworth, CA 91311, USA","{'lat': 34.2555671, 'lng': -118.566644}"
218,2218,The Bay School of San Francisco,"35 Keyes Ave, San Francisco, CA 94129, USA","{'lat': 37.8007795, 'lng': -122.455646}"
219,2219,Alum Rock Union Elementary School District,"2930 Gay Ave, San Jose, CA 95127, USA","{'lat': 37.3684843, 'lng': -121.8334646}"
220,2220,Heschel West,"27400 Canwood St, Agoura Hills, CA 91301, USA","{'lat': 34.1397564, 'lng': -118.721782}"
221,2221,Delano Joint Union High School District,"1747 Princeton St, Delano, CA 93215, USA","{'lat': 35.7785136, 'lng': -119.2366311}"
222,2222,Berean Christian High School,"245 El Divisadero Ave, Walnut Creek, CA 94598, USA","{'lat': 37.9137352, 'lng': -122.0319803}"
223,2223,Irvington High School,"41800 Blacow Rd, Fremont, CA 94538, USA","{'lat': 37.5245703, 'lng': -121.9665073}"
224,2224,Larchmont Charter School,"815 N El Centro Ave, Los Angeles, CA 90038, USA","{'lat': 34.0855137, 'lng': -118.3256933}"
225,2225,The Harker School,"500 Saratoga Ave, San Jose, CA 95128, USA","{'lat': 37.3179812, 'lng': -121.9715813}"
226,2226,Ross Valley School District,"150 Ross Ave, San Anselmo, CA 94960, USA","{'lat': 37.9712867, 'lng': -122.5670129}"
227,2227,Vacaville Unified School District,"200 Keith Way, Vacaville, CA 95687, USA","{'lat': 38.3492593, 'lng': -121.9521853}"
228,2228,Providence High School,"511 S Buena Vista St, Burbank, CA 91505, USA","{'lat': 34.1544585, 'lng': -118.3268806}"
229,2229,Eureka City Schools,"3200 Walford Ave, Eureka, CA 95503, USA","{'lat': 40.7786827, 'lng': -124.1372197}"
230,2230,Wildwood School,"12201 Washington Pl, Los Angeles, CA 90066, USA","{'lat': 34.0009573, 'lng': -118.4284953}"
231,2231,Bright Star Schools,"2636 S Mansfield Ave, Los Angeles, CA 90016, USA","{'lat': 34.0315603, 'lng': -118.3523587}"
232,2232,Goleta Valley Junior High School,"1030 E Yanonali St, Santa Barbara, CA 93103, USA","{'lat': 34.4252853, 'lng': -119.6792045}"
233,2233,Fountain Valley High School,"17826 Bushard St, Fountain Valley, CA 92708, USA","{'lat': 33.7036796, 'lng': -117.9630168}"
234,2234,Hart High School,"28508 Westinghouse Pl, Valencia, CA 91355, USA","{'lat': 34.4432555, 'lng': -118.6005834}"
235,2235,Irvine Unified School District,"5050 Barranca Pkwy, Irvine, CA 92604, USA","{'lat': 33.6756332, 'lng': -117.7922157}"
236,2236,Pacific Charter School Development,"316 W 2nd St #900, Los Angeles, CA 90012, USA","{'lat': 34.0527031, 'lng': -118.2473648}"
237,2237,JustinSiena High School,"4026 Maher St, Napa, CA 94558, USA","{'lat': 38.3308505, 'lng': -122.3218236}"
238,2238,San Domenico School,"1500 Butterfield Rd, San Anselmo, CA 94960, USA","{'lat': 38.0179184, 'lng': -122.5874672}"
239,2239,Native American Journalists Association,"1600 Holloway Ave, San Francisco, CA 94132, USA","{'lat': 37.7227669, 'lng': -122.4767213}"
240,2240,Berkeley Public Education Foundation,"1720 Oregon St, Berkeley, CA 94703, USA","{'lat': 37.8564871, 'lng': -122.2741616}"
241,2241,Alameda Unified School District,"2200 Central Ave, Alameda, CA 94501, USA","{'lat': 37.7649581, 'lng': -122.2459352}"
242,2242,Orland Unified School District schools,"1320 6th St, Orland, CA 95963, USA","{'lat': 39.737769, 'lng': -122.1974412}"
243,2243,Wheatland High School,"1010 Wheatland Rd, Wheatland, CA 95692, USA","{'lat': 39.0067328, 'lng': -121.4305293}"
244,2244,Tamalpais Union High School District,"Larkspur, CA 94977, USA","{'lat': 37.94, 'lng': -122.51}"
245,2245,Santa Barbara High School,"720 Santa Barbara St, Santa Barbara, CA 93101, USA","{'lat': 34.4213531, 'lng': -119.6961974}"
246,2246,The Bridge School,"545 Eucalyptus Ave, Burlingame, CA 94010, USA","{'lat': 37.5686579, 'lng': -122.3621159}"
247,2247,HeadRoyce School,"4315 Lincoln Ave, Oakland, CA 94602, USA","{'lat': 37.8093777, 'lng': -122.2033379}"
248,2248,CalSTAT,"601 N E St, San Bernardino, CA 92415, USA","{'lat': 34.1108063, 'lng': -117.2937882}"
249,2249,Sulphur Springs School District,"324 E 11th St E3, Tracy, CA 95376, USA","{'lat': 37.7393793, 'lng': -121.4205584}"
250,2250,Rosedale Union School District,"2553 Old Farm Rd, Bakersfield, CA 93312, USA","{'lat': 35.3831809, 'lng': -119.1374287}"
251,2251,Banning Unified School District,"1290 Ridder Park Dr, San Jose, CA 95131, USA","{'lat': 37.3833101, 'lng': -121.900106}"
252,2252,Cambrian School District,"4115 Jacksol Dr, San Jose, CA 95124, USA","{'lat': 37.2570431, 'lng': -121.940956}"
253,2253,Banning Unified School District,"1701 W Ramona Rd, Alhambra, CA 91803, USA","{'lat': 34.0727667, 'lng': -118.1393319}"
254,2254,California Association of Supervisors of Child Welfare and Attendance,"2727 N Cedar Ave, Fresno, CA 93703, USA","{'lat': 36.7752626, 'lng': -119.7568095}"
255,2255,California Association of Supervisors of Child Welfare and Attendance,"2540 E Hedges Ave, Fresno, CA 93703, USA","{'lat': 36.7593411, 'lng': -119.7806932}"
256,2256,Banning Unified School District,"22540 Parrotts Ferry Rd, Columbia, CA 95310, USA","{'lat': 38.0311298, 'lng': -120.4073139}"
257,2257,Olive Grove Elementary School,"9707 Cook Riolo Rd, Roseville, CA 95747, USA","{'lat': 38.7267914, 'lng': -121.3365966}"
258,2258,Lakeport Unified School Dst,"2508 Howard Ave, Lakeport, CA 95453, USA","{'lat': 39.0620012, 'lng': -122.9186276}"
259,2259,Banning Unified School District,"1520 Patterson Ave, Corcoran, CA 93212, USA","{'lat': 36.1019837, 'lng': -119.5668167}"
260,2260,San Lorenzo Valley Unified School District,"325 Marion Ave, Ben Lomond, CA 95005, USA","{'lat': 37.0846475, 'lng': -122.0748128}"
261,2261,Barstow Unified School District,"551 Avenue H, Barstow, CA 92311, USA","{'lat': 34.8894249, 'lng': -117.0468595}"
262,2262,Banning Unified School District,"6601 Enos Ln, Bakersfield, CA 93314, USA","{'lat': 35.42126, 'lng': -119.252001}"
263,2263,Livermore Valley Joint Unif Sd,"685 E Jack London Blvd, Livermore, CA 94551, USA","{'lat': 37.6882421, 'lng': -121.7918407}"
264,2264,Howell Mountain Elementary,"525 White Cottage Rd N, Angwin, CA 94508, USA","{'lat': 38.58287720000001, 'lng': -122.4500191}"
265,2265,Lake Tahoe Unified School District,"1021 Al Tahoe Blvd, South Lake Tahoe, CA 96150, USA","{'lat': 38.9347674, 'lng': -119.9770118}"
266,2266,Placerville Union School District,"1032 Thompson Way, Placerville, CA 95667, USA","{'lat': 38.728712, 'lng': -120.7930326}"
267,2267,Salida Union School District,"4801 Sisk Rd, Salida, CA 95368, USA","{'lat': 37.70754549999999, 'lng': -121.0779865}"
268,2268,TriCities Rop,"12519 Washington Blvd, Whittier, CA 90602, USA","{'lat': 33.9684711, 'lng': -118.0450011}"
269,2269,Main Ave Elementary School,"5248 Rose St, Sacramento, CA 95838, USA","{'lat': 38.66292019999999, 'lng': -121.445975}"
270,2270,Fresno Unified School Dist,"2309 Tulare St, Fresno, CA 93721, USA","{'lat': 36.7367063, 'lng': -119.7868896}"
271,2271,Banning Unified School District,"11839 Donner Pass Rd, Truckee, CA 96161, USA","{'lat': 39.3255297, 'lng': -120.2179594}"
272,2272,Charles Wagner Elementary Schl,"6361 Glenknoll Dr, Yorba Linda, CA 92886, USA","{'lat': 33.8694343, 'lng': -117.7883225}"
273,2273,California Association of Supervisors of Child Welfare and Attendance,"7150 Hazeltine Ave, Van Nuys, CA 91405, USA","{'lat': 34.20037200000001, 'lng': -118.439088}"
274,2274,California Consortium for Independent Study,"31000 E Colton Ave, Redlands, CA 92374, USA","{'lat': 34.0627184, 'lng': -117.1342192}"
275,2275,Phelan Elementary School,"9292 Sheep Creek Rd, Phelan, CA 92371, USA","{'lat': 34.4133064, 'lng': -117.575563}"
276,2276,California Consortium for Independent Study,"501 E Pennsylvania Ave, Redlands, CA 92374, USA","{'lat': 34.0743606, 'lng': -117.1776209}"
277,2277,California Association of Supervisors of Child Welfare and Attendance,"7438 Topanga Canyon Blvd, Canoga Park, CA 91303, USA","{'lat': 34.2055292, 'lng': -118.6055614}"
278,2278,Galt Joint Union High Sch Dist,"417 C St B, Galt, CA 95632, USA","{'lat': 38.2526933, 'lng': -121.3048782}"
279,2279,North Valley Schools Insurance Group,"1260 Union St, Red Bluff, CA 96080, USA","{'lat': 40.1767139, 'lng': -122.2511242}"
280,2280,California Association of Supervisors of Child Welfare and Attendance,"2450 S Shenandoah St, Los Angeles, CA 90034, USA","{'lat': 34.038507, 'lng': -118.384125}"
281,2281,California Association of Supervisors of Child Welfare and Attendance,"3109 6th Ave, Los Angeles, CA 90018, USA","{'lat': 34.02663, 'lng': -118.324179}"
282,2282,Astronomy Club of Santa Clarita Valley,"201 S June St, Los Angeles, CA 90004, USA","{'lat': 34.070545, 'lng': -118.3350093}"
283,2283,Astronomy Club of Santa Clarita Valley,"4865 E 1st St, East Los Angeles, CA 90022, USA","{'lat': 34.0373561, 'lng': -118.1601839}"
284,2284,California Association of Supervisors of Child Welfare and Attendance,"4156 Menlo Ave, Los Angeles, CA 90037, USA","{'lat': 34.0077277, 'lng': -118.2896613}"
285,2285,Astronomy Club of Santa Clarita Valley,"3200 Malabar St, Los Angeles, CA 90063, USA","{'lat': 34.044251, 'lng': -118.1943156}"
286,2286,Astronomy Club of Santa Clarita Valley,"4041 Hillcrest Dr, Los Angeles, CA 90008, USA","{'lat': 34.0132764, 'lng': -118.347633}"
287,2287,California Association of Supervisors of Child Welfare and Attendance,"5250 Bakman Ave, North Hollywood, CA 91601, USA","{'lat': 34.1663416, 'lng': -118.3767753}"
288,2288,California Association of Supervisors of Child Welfare and Attendance,"4345 Lockwood Ave, Los Angeles, CA 90029, USA","{'lat': 34.0890364, 'lng': -118.2888849}"
289,2289,California Association of Supervisors of Child Welfare and Attendance,"3724 E 1st St, Los Angeles, CA 90063, USA","{'lat': 34.0357588, 'lng': -118.1862725}"
290,2290,California Association of Supervisors of Child Welfare and Attendance,"22250 Elkwood St, Canoga Park, CA 91304, USA","{'lat': 34.2110114, 'lng': -118.612622}"
291,2291,Palo Alto Soccer Club,"201 Almond Ave, Los Altos, CA 94022, USA","{'lat': 37.3856281, 'lng': -122.1094443}"
292,2292,California Association of Supervisors of Child Welfare and Attendance,"1630 E 111th St, Los Angeles, CA 90059, USA","{'lat': 33.9342321, 'lng': -118.245297}"
293,2293,California Association of Supervisors of Child Welfare and Attendance,"1569 E 32nd St, Los Angeles, CA 90011, USA","{'lat': 34.0125015, 'lng': -118.2465864}"
294,2294,Oak Grove Institute,"24275 Jefferson Ave, Murrieta, CA 92562, USA","{'lat': 33.5667435, 'lng': -117.2180045}"
295,2295,Bret Harte High School,"Altaville, Angels Camp, CA 95222, USA","{'lat': 38.0843035, 'lng': -120.5616644}"
296,2296,California Association of Supervisors of Child Welfare and Attendance,"3955 Glenfeliz Blvd, Los Angeles, CA 90039, USA","{'lat': 34.1225096, 'lng': -118.2675999}"
297,2297,California Association of Supervisors of Child Welfare and Attendance,"8001 Ledge Ave, Sun Valley, CA 91352, USA","{'lat': 34.21641779999999, 'lng': -118.3581795}"
298,2298,California Association of Supervisors of Child Welfare and Attendance,"6051 Bellaire Ave, North Hollywood, CA 91606, USA","{'lat': 34.1813931, 'lng': -118.4101033}"
299,2299,Westside Union School District,"41820 50th St W, Quartz Hill, CA 93536, USA","{'lat': 34.6434907, 'lng': -118.2171746}"
