,_id,Name,Address,Geocodes
0,11400,Maywood-Melrose Park-Broadview S.D. #89,"1204 Van Buren St, Maywood, IL 60153, USA","{'lat': 41.8730677, 'lng': -87.84764700000001}"
1,11401,Pittsfield High School,"201 E Higbee St, Pittsfield, IL 62363, USA","{'lat': 39.6001538, 'lng': -90.8045566}"
2,11402,Pope John XXIII School,"1120 Washington St, Evanston, IL 60202, USA","{'lat': 42.0326049, 'lng': -87.6885772}"
3,11403,Mid-State Special Education,"116 S Main St, Taylorville, IL 62568, USA","{'lat': 39.5486675, 'lng': -89.29471009999999}"
4,11404,Fairfield Community High School,"300 W King St, Fairfield, IL 62837, USA","{'lat': 38.3744911, 'lng': -88.36354349999999}"
5,11405,Summit Hill School District,"19651 Beechnut Dr, Mokena, IL 60448, USA","{'lat': 41.5328041, 'lng': -87.8467644}"
6,11406,Richland Grade School District 88a,"1919 Caton Farm Rd, Crest Hill, IL 60403, USA","{'lat': 41.5660769, 'lng': -88.1301548}"
7,11407,KEWANEE High School,"1101 E 3rd St, Kewanee, IL 61443, USA","{'lat': 41.2456841, 'lng': -89.9103696}"
8,11408,Plainfield Community Consolidated School District 202,"15732 S Howard St, Plainfield, IL 60544, USA","{'lat': 41.5968655, 'lng': -88.1936075}"
9,11409,J.L. Buford Intermediate Education Center,"500 Harrison St, Mt Vernon, IL 62864, USA","{'lat': 38.3202599, 'lng': -88.8971806}"
10,11410,Waukegan Public Schools,"1201 N Sheridan Rd, Waukegan, IL 60085, USA","{'lat': 42.3768209, 'lng': -87.82956999999999}"
11,11411,Bethalto School District 8,"309 Albers Pl, Bethalto, IL 62010, USA","{'lat': 38.9096198, 'lng': -90.05212709999999}"
12,11412,Benson Roanoke Community Unit,"131 Reiter St, Benson, IL 61516, USA","{'lat': 40.8492217, 'lng': -89.12380929999999}"
13,11413,Ottawa Township High School,"812 Catherine St, Ottawa, IL 61350, USA","{'lat': 41.331991, 'lng': -88.8379977}"
14,11414,Prophetstown Elementary School,"1001 St Mary's St, Sterling, IL 61081, USA","{'lat': 41.8078844, 'lng': -89.71022219999999}"
15,11415,Virden Schools Foundation,"231 W Fortune St, Virden, IL 62690, USA","{'lat': 39.5071543, 'lng': -89.7706237}"
16,11416,Aurora Central Catholic High School,"1255 N Edgelawn Dr, Aurora, IL 60506, USA","{'lat': 41.7826939, 'lng': -88.3583853}"
17,11417,Sycamore Community Unit School District 427,"245 W Exchange St #1, Sycamore, IL 60178, USA","{'lat': 41.9903539, 'lng': -88.6876249}"
18,11418,Chicago Public Schools,"125 S Clark St Fl 15, Chicago, IL 60603, USA","{'lat': 41.8799308, 'lng': -87.6305172}"
19,11419,Chicago Public Schools,"6220 S Stony Island Ave, Chicago, IL 60637, USA","{'lat': 41.7821025, 'lng': -87.5870796}"
20,11420,Lewis & Clark Elementary School,"1800 Storey Ln, Cottage Hills, IL 62018, USA","{'lat': 38.915284, 'lng': -90.09521269999999}"
21,11421,Carmi-White Community Unit,"301 W Main St, Carmi, IL 62821, USA","{'lat': 38.0878193, 'lng': -88.16332589999999}"
22,11422,Maywood-Melrose Park-Broadview S.D. #89,"906 Walton St, Melrose Park, IL 60160, USA","{'lat': 41.8956513, 'lng': -87.8450476}"
23,11423,St Joseph Catholic School,"300 S 6th St, Pekin, IL 61554, USA","{'lat': 40.5673897, 'lng': -89.6445071}"
24,11424,School District 140,"16931 Grissom Dr, Tinley Park, IL 60477, USA","{'lat': 41.5826086, 'lng': -87.81559469999999}"
25,11425,Carruthers Elementary School,"819 Walnut St, Murphysboro, IL 62966, USA","{'lat': 37.7639922, 'lng': -89.3335841}"
26,11426,Mattoon Comm Unit #2,"1701 Charleston Ave, Mattoon, IL 61938, USA","{'lat': 39.481269, 'lng': -88.375453}"
27,11427,District 220 Educational Foundation,"205 W County Line Rd, Barrington, IL 60010, USA","{'lat': 42.1531034, 'lng': -88.17708019999999}"
28,11428,Benjamin Sch District 25,"28W300 St Charles Rd, West Chicago, IL 60185, USA","{'lat': 41.912907, 'lng': -88.17151249999999}"
29,11429,Illini Bluffs High School,"9611 S Hanna City Glasford Rd, Glasford, IL 61533, USA","{'lat': 40.5748885, 'lng': -89.8068816}"
30,11430,Argo Community High School District 217,"7329 W 63rd St, Summit, IL 60501, USA","{'lat': 41.7751752, 'lng': -87.80399659999999}"
31,11431,Argenta-Oreana High School,"187 North St, Argenta, IL 62501, USA","{'lat': 39.9832387, 'lng': -88.8227986}"
32,11432,IVC High School,"Chillicothe, IL 61523, USA","{'lat': 40.9222589, 'lng': -89.48620249999999}"
33,11433,Glencoe School District 35,"620 Greenwood Ave, Glencoe, IL 60022, USA","{'lat': 42.1310859, 'lng': -87.7602654}"
34,11434,Urbana high School,"205 N Race St, Urbana, IL 61801, USA","{'lat': 40.1139831, 'lng': -88.2090959}"
35,11435,Plainfield Community Consolidated School District 202,"15732 S Howard St, Plainfield, IL 60544, USA","{'lat': 41.5968655, 'lng': -88.1936075}"
36,11436,Chicago Public Schools,"3024 N Ashland Ave, Chicago, IL 60657, USA","{'lat': 41.9365745, 'lng': -87.6701879}"
37,11437,Community Unit School District 303,"201 S 7th St, St. Charles, IL 60174, USA","{'lat': 41.9106377, 'lng': -88.3213116}"
38,11438,Chicago Public Schools,"125 S Clark St A-3, Chicago, IL 60603, USA","{'lat': 41.8798517, 'lng': -87.6306063}"
39,11439,Orland School District 135,"15100 S 94th Ave, Orland Park, IL 60462, USA","{'lat': 41.61554659999999, 'lng': -87.8491051}"
40,11440,Community Unit School District 303,"201 S 7th St, St. Charles, IL 60174, USA","{'lat': 41.9106377, 'lng': -88.3213116}"
41,11441,West Northfield School District 31,"2055 Landwehr Rd, Northbrook, IL 60062, USA","{'lat': 42.1156406, 'lng': -87.857359}"
42,11442,Saint Patrick High School,"5900 W Belmont Ave, Chicago, IL 60634, USA","{'lat': 41.9389174, 'lng': -87.7746422}"
43,11443,West Harvey Dixmoor Public Sch,"191 W 155th Pl, Harvey, IL 60426, USA","{'lat': 41.6074512, 'lng': -87.6667332}"
44,11444,Josephinum High School,"326 W 64th St #4, Chicago, IL 60621, USA","{'lat': 41.778639, 'lng': -87.6329997}"
45,11445,Williamson County Spec Ed Dist,"411 S Court St, Marion, IL 62959, USA","{'lat': 37.7270067, 'lng': -88.9320327}"
46,11446,School Association for Special Education,"0S150 Winfield Rd, Winfield, IL 60190, USA","{'lat': 41.86856969999999, 'lng': -88.15890069999999}"
47,11447,Benson Roanoke Community Unit,"208 W High St, Roanoke, IL 61561, USA","{'lat': 40.8013438, 'lng': -89.1990869}"
48,11448,Bradley Bourbonnais CHSD 307,"700 W North St, Bradley, IL 60915, USA","{'lat': 41.1500511, 'lng': -87.8690919}"
49,11449,Peoria Hts C U Sch Dist 325,"500 E Glen Ave, Peoria Heights, IL 61616, USA","{'lat': 40.7456122, 'lng': -89.5875556}"
50,11450,CHAMPAIGN COMM UNIT SCH DIST 4,"1103 N Neil St, Champaign, IL 61820, USA","{'lat': 40.1269158, 'lng': -88.2443119}"
51,11451,Midland CUSD # 7,"1830 IL-17, Lacon, IL 61540, USA","{'lat': 41.0277719, 'lng': -89.29006679999999}"
52,11452,Eisenhower Cooperative,"4625 W 107th St, Oak Lawn, IL 60453, USA","{'lat': 41.6981635, 'lng': -87.7276124}"
53,11453,East Moline School District 37,"836 17th Ave, East Moline, IL 61244, USA","{'lat': 41.5140674, 'lng': -90.4409143}"
54,11454,Dwight D Eisenhower High Schl,"12700 Sacramento Ave, Blue Island, IL 60406, USA","{'lat': 41.6617824, 'lng': -87.69576119999999}"
55,11455,Community High School District 155,"1 S Virginia Rd, Crystal Lake, IL 60014, USA","{'lat': 42.2197576, 'lng': -88.320818}"
56,11456,School Association for Special Education,"6S331 Cornwall Rd, Naperville, IL 60540, USA","{'lat': 41.77960849999999, 'lng': -88.1112139}"
57,11457,Lake Villa School Disrtrict 41,"1001 E Grand Ave, Lindenhurst, IL 60046, USA","{'lat': 42.4141103, 'lng': -88.05810009999999}"
58,11458,Wilmette Public Schools District 39,"615 Locust Rd, Wilmette, IL 60091, USA","{'lat': 42.0745473, 'lng': -87.7434947}"
59,11459,Sandwich High School,"600 Wells St, Sandwich, IL 60548, USA","{'lat': 41.6408577, 'lng': -88.619536}"
60,11460,Lincoln School,"2140 Broadway St, Blue Island, IL 60406, USA","{'lat': 41.6509109, 'lng': -87.67452519999999}"
61,11461,Mannheim School District 83,"99 W Diversey Ave, Northlake, IL 60164, USA","{'lat': 41.9288327, 'lng': -87.9058239}"
62,11462,Hawthorn School District 73,"841 West End Ct, Vernon Hills, IL 60061, USA","{'lat': 42.2425465, 'lng': -87.9750534}"
63,11463,School Association for Special Education,"6S331 Cornwall Rd, Naperville, IL 60540, USA","{'lat': 41.77960849999999, 'lng': -88.1112139}"
64,11464,School Association for Special Education,"699 Plainfield Rd, Downers Grove, IL 60516, USA","{'lat': 41.737089, 'lng': -87.999283}"
65,11465,Amboy High School,"11 E Hawley St, Amboy, IL 61310, USA","{'lat': 41.720035, 'lng': -89.3336113}"
66,11466,Faith Hope & Charity Church,"191 Linden St, Winnetka, IL 60093, USA","{'lat': 42.0962406, 'lng': -87.7333063}"
67,11467,Naperville Community Unit School District 203,"203 W Hillside Rd, Naperville, IL 60540, USA","{'lat': 41.7665946, 'lng': -88.1520871}"
68,11468,Hillsboro School District 3,"909 Rountree St, Hillsboro, IL 62049, USA","{'lat': 39.1528529, 'lng': -89.49068179999999}"
69,11469,Deerfield High School,"433 Vine Ave, Highland Park, IL 60035, USA","{'lat': 42.194539, 'lng': -87.8027303}"
70,11470,Community High School District 218,"10701 Kilpatrick Ave, Oak Lawn, IL 60453, USA","{'lat': 41.6975154, 'lng': -87.7361914}"
71,11471,Hollis Cons Sch District 328,"5613 W Tuscarora Rd, Peoria, IL 61607, USA","{'lat': 40.6098904, 'lng': -89.68169429999999}"
72,11472,Benton CCSD 47,"308 E Church St, Benton, IL 62812, USA","{'lat': 37.9889242, 'lng': -88.907965}"
73,11473,Athens High School,"1 Braves Ln, Cantrall, IL 62625, USA","{'lat': 39.940052, 'lng': -89.6765114}"
74,11474,Maywood-Melrose Park-Broadview S.D. #89,"906 Walton St, Melrose Park, IL 60160, USA","{'lat': 41.8956997, 'lng': -87.84507599999999}"
75,11475,Matteson School District,"210 Illinois St, Park Forest, IL 60466, USA","{'lat': 41.5030241, 'lng': -87.6796095}"
76,11476,Worth School District 127,"11218 S Ridgeland Ave, Worth, IL 60482, USA","{'lat': 41.6880938, 'lng': -87.77986899999999}"
77,11477,Foundation for Lincoln Public Schools,"720 Plainfield Rd, Willowbrook, IL 60527, USA","{'lat': 41.7627524, 'lng': -87.9414769}"
78,11478,Moline High School,"1619 11th Ave, Moline, IL 61265, USA","{'lat': 41.5020504, 'lng': -90.51257810000001}"
79,11479,Winola Elementary School,"4701 176th Ave, Sherrard, IL 61281, USA","{'lat': 41.34127489999999, 'lng': -90.52865129999999}"
80,11480,Ottawa Township High School,"211 E Main St, Ottawa, IL 61350, USA","{'lat': 41.3450257, 'lng': -88.83745470000001}"
81,11481,Peoria Hts C U Sch Dist 325,"500 E Glen Ave, Peoria Heights, IL 61616, USA","{'lat': 40.7456122, 'lng': -89.5875556}"
82,11482,CHAMPAIGN COMM UNIT SCH DIST 4,"1605 W Kirby Ave, Champaign, IL 61821, USA","{'lat': 40.0977998, 'lng': -88.27280610000001}"
83,11483,Marquette Catholic High School,"219 E 4th St, Alton, IL 62002, USA","{'lat': 38.8914942, 'lng': -90.18253539999999}"
84,11484,The Saint Mark's School,"1113 W Bradley Ave, Peoria, IL 61606, USA","{'lat': 40.6965091, 'lng': -89.6116442}"
85,11485,St. Francis Xavier School,"124 N Spring Ave, La Grange, IL 60525, USA","{'lat': 41.8181214, 'lng': -87.876417}"
86,11486,North Dupage Special Education Cooperative,"255 E Lake St # 300, Bloomingdale, IL 60108, USA","{'lat': 41.9574337, 'lng': -88.0638701}"
87,11487,P R Du Rocher School District 134,"714 Middle St, Prairie Du Rocher, IL 62277, USA","{'lat': 38.0798688, 'lng': -90.0944585}"
88,11488,ANNE FOX PTA,"1035 Parkview Dr, Hanover Park, IL 60133, USA","{'lat': 42.00939020000001, 'lng': -88.1335616}"
89,11489,Bureau Valley Cusd #340,"Manlius, IL 61338, USA","{'lat': 41.4539074, 'lng': -89.6669265}"
90,11490,Richland Grade School District 88a,"1919 Caton Farm Rd, Crest Hill, IL 60403, USA","{'lat': 41.5660769, 'lng': -88.1301548}"
91,11491,Willard Elementary School,"7776 Lake St, River Forest, IL 60305, USA","{'lat': 41.8885879, 'lng': -87.81912109999999}"
92,11492,Joliet Catholic Academy,"1200 N Larkin Ave, Joliet, IL 60435, USA","{'lat': 41.5454461, 'lng': -88.1238764}"
93,11493,Winnebago Comm Unit S D 323,"304 E McNair Rd, Winnebago, IL 61088, USA","{'lat': 42.271913, 'lng': -89.237647}"
94,11494,West Harvey Dixmoor Public Sch,"191 W 155th Pl, Harvey, IL 60426, USA","{'lat': 41.6074512, 'lng': -87.6667332}"
95,11495,ANNE FOX PTA,"1035 Parkview Dr, Hanover Park, IL 60133, USA","{'lat': 42.00939020000001, 'lng': -88.1335616}"
96,11496,Bradley Bourbonnais CHSD 307,"700 W North St, Bradley, IL 60915, USA","{'lat': 41.1500511, 'lng': -87.8690919}"
97,11497,Bureau Valley Cusd #340,"Manlius, IL 61338, USA","{'lat': 41.4539074, 'lng': -89.6669265}"
98,11498,Prairie Grv Consolidated Sch D,"3223 IL-176, Crystal Lake, IL 60014, USA","{'lat': 42.2590183, 'lng': -88.26178320000001}"
99,11499,Villa Grove Community Unit Sch,"400 N Sycamore St, Villa Grove, IL 61956, USA","{'lat': 39.8680907, 'lng': -88.16186119999999}"
100,11500,Illinois Prep Top Times,"40 Breckenridge Dr, Aurora, IL 60504, USA","{'lat': 41.7543369, 'lng': -88.2507195}"
101,11501,School District 140,"8944 174th St, Tinley Park, IL 60487, USA","{'lat': 41.5754201, 'lng': -87.8354813}"
102,11502,Granite City School District,"3200 Maryville Rd, Granite City, IL 62040, USA","{'lat': 38.7206293, 'lng': -90.1030492}"
103,11503,Joliet Catholic Academy,"1200 N Larkin Ave, Joliet, IL 60435, USA","{'lat': 41.5454461, 'lng': -88.1238764}"
104,11504,Sandwich High School,"600 Wells St, Sandwich, IL 60548, USA","{'lat': 41.6408577, 'lng': -88.619536}"
105,11505,Glencoe School District 35,"620 Greenwood Ave, Glencoe, IL 60022, USA","{'lat': 42.1310859, 'lng': -87.7602654}"
106,11506,Professional Development Alliance,"2705 McDonough St, Joliet, IL 60436, USA","{'lat': 41.5152439, 'lng': -88.1482759}"
107,11507,Plainfield Community Consolidated School District 202,"15732 S Howard St, Plainfield, IL 60544, USA","{'lat': 41.596843, 'lng': -88.1934196}"
108,11508,Belleville West High School,"4063 Frank Scott Pkwy W, Belleville, IL 62223, USA","{'lat': 38.5178298, 'lng': -90.04082079999999}"
109,11509,Leland Comm Unit School Dist 1,"370 N Main St, Leland, IL 60531, USA","{'lat': 41.6174132, 'lng': -88.799402}"
110,11510,Dakota Community Unit School District 201,"400 Campus Dr, Dakota, IL 61018, USA","{'lat': 42.3865786, 'lng': -89.5304479}"
111,11511,Maroa-Forsyth High School,"610 W Washington Street Rd, Maroa, IL 61756, USA","{'lat': 40.035226, 'lng': -88.9625179}"
112,11512,East Moline School District 37,"2025 Morton Dr, East Moline, IL 61244, USA","{'lat': 41.5243259, 'lng': -90.4229019}"
113,11513,East Moline School District 37,"125 24th Ave, East Moline, IL 61244, USA","{'lat': 41.5079636, 'lng': -90.4589533}"
114,11514,Drexel Elementary School,"2115 S 54th Ave, Cicero, IL 60804, USA","{'lat': 41.85283810000001, 'lng': -87.7569589}"
115,11515,Geneseo High School,"920 S Congress St, Geneseo, IL 61254, USA","{'lat': 41.4412354, 'lng': -90.1472316}"
116,11516,Marist High School,"4200 W 115th St, Chicago, IL 60655, USA","{'lat': 41.6849057, 'lng': -87.7241111}"
117,11517,Carmi-White Community Unit,"301 W Main St, Carmi, IL 62821, USA","{'lat': 38.0878193, 'lng': -88.16332589999999}"
118,11518,Flossmoor School District 161,"North End Park, 41 E Elmwood Dr, Chicago Heights, IL 60411, USA","{'lat': 41.5321353, 'lng': -87.6447786}"
119,11519,Taylorville Schools,"300 Elevator St, Taylorville, IL 62568, USA","{'lat': 39.5517309, 'lng': -89.31015699999999}"
120,11520,Taylorville Schools,"512 W Spresser St, Taylorville, IL 62568, USA","{'lat': 39.55247200000001, 'lng': -89.3008223}"
121,11521,Willard Elementary School,"1250 Ashland Ave, River Forest, IL 60305, USA","{'lat': 41.90339609999999, 'lng': -87.8174379}"
122,11522,Lincoln Elementary Sch Dist 27,"208 Broadway St, Lincoln, IL 62656, USA","{'lat': 40.1498658, 'lng': -89.36647970000001}"
123,11523,Bradley Bourbonnais CHSD 307,"700 W North St, Bradley, IL 60915, USA","{'lat': 41.1500511, 'lng': -87.8690919}"
124,11524,North Chicago Community High School,"2000 Lewis Ave, North Chicago, IL 60064, USA","{'lat': 42.3227896, 'lng': -87.8564717}"
125,11525,Chicago Public Schools,"125 S Clark St, Chicago, IL 60603, USA","{'lat': 41.8799308, 'lng': -87.6305172}"
126,11526,Mother McAuley Liberal Arts High School,"3737 W 99th St, Chicago, IL 60805, USA","{'lat': 41.7124472, 'lng': -87.7162611}"
127,11527,Pleasantdale SD 107,"7450 Wolf Rd, Burr Ridge, IL 60527, USA","{'lat': 41.75422950000001, 'lng': -87.8976182}"
128,11528,North Central Association of Schools for the Blind,"830 S Spring St, Springfield, IL 62704, USA","{'lat': 39.7931935, 'lng': -89.6556449}"
129,11529,North Central Association of Schools for the Blind,"4500 S 6th St, Springfield, IL 62703, USA","{'lat': 39.7358011, 'lng': -89.64186}"
130,11530,North Central Association of Schools for the Blind,"180 N LaSalle St #2015, Chicago, IL 60602, USA","{'lat': 41.8854872, 'lng': -87.63290579999999}"
131,11531,North Central Association of Schools for the Blind,"7600 183rd St, Tinley Park, IL 60477, USA","{'lat': 41.5586039, 'lng': -87.8006557}"
132,11532,North Central Association of Schools for the Blind,"1021 N Grand Ave E, Springfield, IL 62702, USA","{'lat': 39.81748899999999, 'lng': -89.6419301}"
133,11533,Catholic Campus Ministry Association,"3700 W 103rd St, Chicago, IL 60655, USA","{'lat': 41.7069171, 'lng': -87.7161339}"
134,11534,Illinois High School Baseball Coaches Association,"6034 W 77th St, Burbank, IL 60459, USA","{'lat': 41.75356000000001, 'lng': -87.77631799999999}"
135,11535,Stevenson High School,"1 Stevenson Dr, Lincolnshire, IL 60069, USA","{'lat': 42.19856, 'lng': -87.94692450000001}"
136,11536,Community Consolidated School District 146,"6611 W 171st St, Tinley Park, IL 60477, USA","{'lat': 41.5801069, 'lng': -87.7805223}"
137,11537,Community Unit School District 205,"285 S Farnham St, Galesburg, IL 61401, USA","{'lat': 40.9445406, 'lng': -90.3450357}"
138,11538,North Central Association of Schools for the Blind,"100 S Grand Ave E, Springfield, IL 62762, USA","{'lat': 39.7865343, 'lng': -89.65454179999999}"
139,11539,North Central Association of Schools for the Blind,"1315 Lehmen Dr, Chester, IL 62233, USA","{'lat': 37.9320543, 'lng': -89.85587650000001}"
140,11540,Township High School District 214,"1100 W Dundee Rd, Buffalo Grove, IL 60089, USA","{'lat': 42.1403899, 'lng': -87.983853}"
141,11541,St Joseph Middle School Media Center,"606 Peters Dr, St Joseph, IL 61873, USA","{'lat': 40.1065118, 'lng': -88.0354285}"
142,11542,North Central Association of Schools for the Blind,"180 N LaSalle St #2015, Chicago, IL 60602, USA","{'lat': 41.8854872, 'lng': -87.63290579999999}"
143,11543,North Central Association of Schools for the Blind,"100 W Randolph St STE 10-100, Chicago, IL 60601, USA","{'lat': 41.8851523, 'lng': -87.63167089999999}"
144,11544,Marian Central Catholic High School,"700 Ashland Ave, Chicago Heights, IL 60411, USA","{'lat': 41.51982, 'lng': -87.65703409999999}"
145,11545,Maine Township High School District 207,"1755 S Wolf Rd, Des Plaines, IL 60018, USA","{'lat': 42.0198117, 'lng': -87.906624}"
146,11546,Maine Township High School District 207,"1755 S Wolf Rd, Des Plaines, IL 60018, USA","{'lat': 42.0198117, 'lng': -87.906624}"
147,11547,Unity Point Community Consolidated School District 140,"4033 S Illinois Ave, Carbondale, IL 62903, USA","{'lat': 37.6708194, 'lng': -89.2285199}"
148,11548,Monticello High School,"1 Sage Dr, Monticello, IL 61856, USA","{'lat': 40.0194359, 'lng': -88.5729954}"
149,11549,St. Francis de Sales High School,"10155 S Ewing Ave, Chicago, IL 60617, USA","{'lat': 41.7104223, 'lng': -87.534872}"
150,11550,St Charles Commnty Unit School,"201 S 7th St, St. Charles, IL 60174, USA","{'lat': 41.9106377, 'lng': -88.3213116}"
151,11551,Saint Joseph-Ogden High School,"301 N Main St, St Joseph, IL 61873, USA","{'lat': 40.1144887, 'lng': -88.0423007}"
152,11552,Community Unit School District 300,"300 Cleveland Ave, Carpentersville, IL 60110, USA","{'lat': 42.1082248, 'lng': -88.2729695}"
153,11553,Zion Benton High School,"3901 W 21st St, Zion, IL 60099, USA","{'lat': 42.4558974, 'lng': -87.8667907}"
154,11554,North Central Association of Schools for the Blind,"Harry R.Hanley Building, 2300 S Dirksen Pkwy, Springfield, IL 62703, USA","{'lat': 39.776979, 'lng': -89.6047085}"
155,11555,Neuqua Valley High School,"780 Shoreline Dr, Aurora, IL 60504, USA","{'lat': 41.7442283, 'lng': -88.22452229999999}"
156,11556,SCHOOLS-PUBLIC: UNITED TOWNSHIP HIGH SCHOOL,"1275 Avenue of the Cities, East Moline, IL 61244, USA","{'lat': 41.4906883, 'lng': -90.4342322}"
157,11557,North Central Association of Schools for the Blind,"201 S Grand Ave E, Springfield, IL 62704, USA","{'lat': 39.78780880000001, 'lng': -89.652945}"
158,11558,North Central Association of Schools for the Blind,"300 W Adams St #700, Chicago, IL 60606, USA","{'lat': 41.8794831, 'lng': -87.6356643}"
159,11559,Guerin College Preparatory High School,"8001 W Belmont Ave, River Grove, IL 60171, USA","{'lat': 41.9369812, 'lng': -87.8275306}"
160,11560,Illinois High School Baseball Coaches Association,"1 S Virginia St, Crystal Lake, IL 60014, USA","{'lat': 42.2406528, 'lng': -88.3403647}"
161,11561,Community Consolidated School District 93,"230 Covington Dr, Bloomingdale, IL 60108, USA","{'lat': 41.9439286, 'lng': -88.12593570000001}"
162,11562,North Central Association of Schools for the Blind,"Hines, IL 60141, USA","{'lat': 41.8583941, 'lng': -87.836556}"
163,11563,North Central Association of Schools for the Blind,"503 E Main St, Benton, IL 62812, USA","{'lat': 37.9970463, 'lng': -88.9140675}"
164,11564,Neuqua Valley High School,"2360 95th St, Naperville, IL 60564, USA","{'lat': 41.7080926, 'lng': -88.19452129999999}"
165,11565,American Academy of Hospice and Palliative Medicine,"4700 W Lake Ave, Glenview, IL 60025, USA","{'lat': 42.0873535, 'lng': -87.8726971}"
166,11566,Riley CCSD 18,"9406 Riley Rd, Marengo, IL 60152, USA","{'lat': 42.192078, 'lng': -88.63216349999999}"
167,11567,Marian Centl Cathlic High Schl,"1001 McHenry Ave, Woodstock, IL 60098, USA","{'lat': 42.326876, 'lng': -88.43160429999999}"
168,11568,Resurrection High School,"7500 W Talcott Ave, Chicago, IL 60631, USA","{'lat': 41.9910286, 'lng': -87.8154411}"
169,11569,Community Consolidated School District 93,"Carol Stream, IL, USA","{'lat': 41.91252859999999, 'lng': -88.13479269999999}"
170,11570,Proviso Twp High Sch Dist 209,"807 S 1st Ave, Maywood, IL 60153, USA","{'lat': 41.8802148, 'lng': -87.8335909}"
171,11571,Zion Benton High School,"3901 21st St, Zion, IL 60099, USA","{'lat': 42.4566231, 'lng': -87.86803739999999}"
172,11572,BIG HOLLOW SCHOOL,"33335 N Fish Lake Rd, Ingleside, IL 60041, USA","{'lat': 42.3486869, 'lng': -88.14355189999999}"
173,11573,DeKalb High School,"1515 S 4th St, DeKalb, IL 60115, USA","{'lat': 41.9115234, 'lng': -88.75466109999999}"
174,11574,millburn school district,"18550 Millburn Rd, Old Mill Creek, IL 60083, USA","{'lat': 42.4244409, 'lng': -87.99366649999999}"
175,11575,Madison Elementary School,"150 W Madison St, Lombard, IL 60148, USA","{'lat': 41.8757637, 'lng': -88.0218628}"
176,11576,Peoria Public Schools,"3202 N Wisconsin Ave, Peoria, IL 61603, USA","{'lat': 40.726206, 'lng': -89.583354}"
177,11577,North Central Association of Schools for the Blind,"100 W Randolph St STE 7-701, Chicago, IL 60601, USA","{'lat': 41.8851523, 'lng': -87.63167089999999}"
178,11578,North Central Association of Schools for the Blind,"Harry R.Hanley Building, 2300 S Dirksen Pkwy, Springfield, IL 62703, USA","{'lat': 39.776979, 'lng': -89.6047085}"
179,11579,North Central Association of Schools for the Blind,"Wm. G. Stratton Building, 401 S Spring St, Springfield, IL 62704, USA","{'lat': 39.798383, 'lng': -89.6566873}"
180,11580,North Central Association of Schools for the Blind,"100 S Grand Ave E, Springfield, IL 62704, USA","{'lat': 39.7865343, 'lng': -89.65454179999999}"
181,11581,North Central Association of Schools for the Blind,"100 W Randolph St STE 8-200, Chicago, IL 60601, USA","{'lat': 41.8851523, 'lng': -87.63167089999999}"
182,11582,North Central Association of Schools for the Blind,"833 S Spring St, Springfield, IL 62704, USA","{'lat': 39.793156, 'lng': -89.65656369999999}"
183,11583,North Central Association of Schools for the Blind,"100 W Randolph St # 7-801, Chicago, IL 60601, USA","{'lat': 41.8851523, 'lng': -87.63167089999999}"
184,11584,North Central Association of Schools for the Blind,"2200 S Dirksen Pkwy, Springfield, IL 62703, USA","{'lat': 39.7788317, 'lng': -89.6052238}"
185,11585,North Central Association of Schools for the Blind,"620 E Adams St, Springfield, IL 62701, USA","{'lat': 39.8003478, 'lng': -89.64698849999999}"
186,11586,North Central Association of Schools for the Blind,"535 W Jefferson St, Springfield, IL 62702, USA","{'lat': 39.8034031, 'lng': -89.6610551}"
187,11587,North Central Association of Schools for the Blind,"401 S 2nd St, Springfield, IL 62701, USA","{'lat': 39.7983397, 'lng': -89.6550173}"
188,11588,North Central Association of Schools for the Blind,"Springfield, IL, USA","{'lat': 39.78172130000001, 'lng': -89.6501481}"
189,11589,North Central Association of Schools for the Blind,"Springfield, IL, USA","{'lat': 39.78172130000001, 'lng': -89.6501481}"
190,11590,North Central Association of Schools for the Blind,"114 N Orchard Dr, Park Forest, IL 60466, USA","{'lat': 41.495513, 'lng': -87.686539}"
191,11591,North Central Association of Schools for the Blind,"7600 183rd St, Tinley Park, IL 60477, USA","{'lat': 41.5586039, 'lng': -87.8006557}"
192,11592,Proviso Twp High Sch Dist 209,"8601 Roosevelt Rd, Forest Park, IL 60130, USA","{'lat': 41.8650692, 'lng': -87.8326409}"
193,11593,Hearts,"130 W Park Ave, Wheaton, IL 60189, USA","{'lat': 41.857304, 'lng': -88.1074373}"
194,11594,North Central Association of Schools for the Blind,"100 W Randolph St # 7-801, Chicago, IL 60601, USA","{'lat': 41.8851523, 'lng': -87.63167089999999}"
195,11595,North Central Association of Schools for the Blind,"100 W Randolph St STE 10-600, Chicago, IL 60601, USA","{'lat': 41.8851523, 'lng': -87.63167089999999}"
196,11596,North Central Association of Schools for the Blind,"3180 Adloff Ln #100, Springfield, IL 62703, USA","{'lat': 39.7595523, 'lng': -89.6110683}"
197,11597,North Central Association of Schools for the Blind,"401 S Spring St, Springfield, IL 62704, USA","{'lat': 39.7987174, 'lng': -89.65660849999999}"
198,11598,North Central Association of Schools for the Blind,"Wm. G. Stratton Building, 401 S Spring St, Springfield, IL 62704, USA","{'lat': 39.798383, 'lng': -89.6566873}"
199,11599,North Central Association of Schools for the Blind,"Wm. G. Stratton Building, 401 S Spring St, Springfield, IL 62704, USA","{'lat': 39.798383, 'lng': -89.6566873}"
200,11600,North Central Association of Schools for the Blind,"300 W Adams St #700, Chicago, IL 60606, USA","{'lat': 41.8794831, 'lng': -87.6356643}"
201,11601,North Central Association of Schools for the Blind,"122 S Michigan Ave, Chicago, IL 60603, USA","{'lat': 41.8800946, 'lng': -87.62469500000002}"
202,11602,North Central Association of Schools for the Blind,"1 Natural Resources Way, Springfield, IL 62702, USA","{'lat': 39.8401737, 'lng': -89.6464922}"
203,11603,North Central Association of Schools for the Blind,"100 S Grand Ave E, Springfield, IL 62704, USA","{'lat': 39.7865343, 'lng': -89.65454179999999}"
204,11604,Francis W. Parker School,"330 W Webster Ave, Chicago, IL 60614, USA","{'lat': 41.92319519999999, 'lng': -87.6384928}"
205,11605,CENTRAL HIGH SCHOOL,"610 W University Ave, Champaign, IL 61820, USA","{'lat': 40.1166359, 'lng': -88.2535712}"
206,11606,CENTRAL HIGH SCHOOL,"610 W University Ave, Champaign, IL 61820, USA","{'lat': 40.1166359, 'lng': -88.2535712}"
207,11607,millburn school district,"18550 Millburn Rd, Old Mill Creek, IL 60083, USA","{'lat': 42.4244409, 'lng': -87.99366649999999}"
208,11608,Henry Senachwine Sch Dist Un 5,"1023 College Ave, Henry, IL 61537, USA","{'lat': 41.1157999, 'lng': -89.36829379999999}"
209,11609,North Central Association of Schools for the Blind,"126 E Ash St, Springfield, IL 62704, USA","{'lat': 39.7785835, 'lng': -89.6536969}"
210,11610,North Central Association of Schools for the Blind,"100 W Randolph St #34, Chicago, IL 60601, USA","{'lat': 41.8851523, 'lng': -87.63167089999999}"
211,11611,Jackson Middle School,"17W220 22nd St #500, Oakbrook Terrace, IL 60181, USA","{'lat': 41.8469651, 'lng': -87.9640664}"
212,11612,Beardstown School District 15,"619 E 4th St, Beardstown, IL 62618, USA","{'lat': 40.018393, 'lng': -90.4280395}"
213,11613,Reed Custer Intermediate School,"162 S School St, Braidwood, IL 60408, USA","{'lat': 41.2622775, 'lng': -88.22317029999999}"
214,11614,Chicago Ridge School District,"441 E Geneva Rd, Carol Stream, IL 60188, USA","{'lat': 41.8885139, 'lng': -88.1057015}"
215,11615,Warren Township High School,"N Oplaine Rd, Gurnee, IL 60031, USA","{'lat': 42.3390375, 'lng': -87.9145848}"
216,11616,Zion Benton High School,"36346 S Nathan Hale Dr, Lake Villa, IL 60046, USA","{'lat': 42.3911377, 'lng': -88.04649049999999}"
217,11617,Warren Township High School,"850 N Cass Ave, Westmont, IL 60559, USA","{'lat': 41.8168949, 'lng': -87.9765456}"
218,11618,Batavia High School,"334 William Wood Ln, Batavia, IL 60510, USA","{'lat': 41.846665, 'lng': -88.29849}"
219,11619,Harvard School District 50,"1101 N Jefferson St, Harvard, IL 60033, USA","{'lat': 42.4275119, 'lng': -88.6110715}"
220,11620,Warren Township High School,"34090 Almond Rd, Gurnee, IL 60031, USA","{'lat': 42.3591559, 'lng': -87.9809927}"
221,11621,Mokena Junior High School,"11244 Willowcrest, Mokena, IL 60448, USA","{'lat': 41.5320606, 'lng': -87.8925567}"
222,11622,Monticello High School,"300 W High St, White Heath, IL 61884, USA","{'lat': 40.0856109, 'lng': -88.51445059999999}"
223,11623,Belvidere High School,"919 E 6th St, Belvidere, IL 61008, USA","{'lat': 42.24639390000001, 'lng': -88.8292266}"
224,11624,Farmington High School,"310 Lightfoot Rd, Farmington, IL 61531, USA","{'lat': 40.693622, 'lng': -89.981426}"
225,11625,Belvidere High School,"7133 Garden Prairie Rd, Garden Prairie, IL 61038, USA","{'lat': 42.2569883, 'lng': -88.7243616}"
226,11626,Belvidere High School,"1031 5th Ave, Belvidere, IL 61008, USA","{'lat': 42.249892, 'lng': -88.84760349999999}"
227,11627,Belvidere High School,"1500 East Ave, Belvidere, IL 61008, USA","{'lat': 42.2423772, 'lng': -88.8272478}"
228,11628,Belvidere High School,"633 W Perry St, Belvidere, IL 61008, USA","{'lat': 42.2598833, 'lng': -88.8530775}"
229,11629,Belvidere High School,"1011 Bonus Ave, Belvidere, IL 61008, USA","{'lat': 42.2754446, 'lng': -88.83065210000001}"
230,11630,Jackson Middle School,"700 E Pleasant Ln, Lombard, IL 60148, USA","{'lat': 41.8980969, 'lng': -87.9999625}"
231,11631,Bremen Community High School,"17401 Crawford Ave, Country Club Hills, IL 60478, USA","{'lat': 41.574163, 'lng': -87.7107319}"
232,11632,Illinois High School Baseball Coaches Association,"6034 W 77th St, Burbank, IL 60459, USA","{'lat': 41.75356000000001, 'lng': -87.77631799999999}"
233,11633,Jackson Middle School,"150 W Sunset Ave, Villa Park, IL 60181, USA","{'lat': 41.9018399, 'lng': -87.9828641}"
234,11634,Batavia High School,"800 N Prairie St, Batavia, IL 60510, USA","{'lat': 41.8597933, 'lng': -88.2994775}"
235,11635,Mount Assisi Academy,"13860 Main St, Lemont, IL 60439, USA","{'lat': 41.6835633, 'lng': -87.95886639999999}"
236,11636,North Central Association of Schools for the Blind,"148 N 3rd St, DeKalb, IL 60115, USA","{'lat': 41.930564, 'lng': -88.7506545}"
237,11637,North Central Association of Schools for the Blind,"201 S Grand Ave E, Springfield, IL 62704, USA","{'lat': 39.78780880000001, 'lng': -89.652945}"
238,11638,North Central Association of Schools for the Blind,"535 W Jefferson St, Springfield, IL 62702, USA","{'lat': 39.8034031, 'lng': -89.6610551}"
239,11639,North Central Association of Schools for the Blind,"4402 N Main St, Rockford, IL 61103, USA","{'lat': 42.3238674, 'lng': -89.0776276}"
240,11640,Avoca School District 37,"2921 Illinois Rd, Wilmette, IL 60091, USA","{'lat': 42.0841299, 'lng': -87.74788389999999}"
241,11641,North Central Association of Schools for the Blind,"100 W Randolph St STE 3-400, Chicago, IL 60601, USA","{'lat': 41.8851523, 'lng': -87.63167089999999}"
242,11642,North Central Association of Schools for the Blind,"406 E Monroe St, Springfield, IL 62701, USA","{'lat': 39.79929240000001, 'lng': -89.65049909999999}"
243,11643,North Central Association of Schools for the Blind,"525 W Jefferson St FL 1ST, Springfield, IL 62702, USA","{'lat': 39.8032762, 'lng': -89.66105639999999}"
244,11644,Freeport School District 145,"501 E South St, Freeport, IL 61032, USA","{'lat': 42.2799151, 'lng': -89.60997069999999}"
245,11645,Morton Community Unit School District 709,"350 N Illinois Ave, Morton, IL 61550, USA","{'lat': 40.611659, 'lng': -89.4536834}"
246,11646,Harvard School District 50,"305 S Hutchinson St, Harvard, IL 60033, USA","{'lat': 42.4191106, 'lng': -88.6218356}"
247,11647,Mokena Junior High School,"11244 Willowcrest, Mokena, IL 60448, USA","{'lat': 41.5320606, 'lng': -87.8925567}"
248,11648,Darien Sch District,"7414 S Cass Ave, Darien, IL 60561, USA","{'lat': 41.7528951, 'lng': -87.9750534}"
249,11649,Channahon School District 17,"24920 S Sage St, Channahon, IL 60410, USA","{'lat': 41.4292801, 'lng': -88.22742989999999}"
