,_id,Name,Address,Geocodes
0,13000,Altamont Comm Unit Sd 1...,"7 S Ewing St, Altamont, IL 62411, USA","{'lat': 39.05901160000001, 'lng': -88.7406043}"
1,13001,Mary Miller Junior High...,"414 W West St, Georgetown, IL 61846, USA","{'lat': 39.9750792, 'lng': -87.63990989999999}"
2,13002,Lisle Junior High Schoo...,"5211 Center Ave, Lisle, IL 60532, USA","{'lat': 41.7905466, 'lng': -88.0713004}"
3,13003,Downers Grove Grade Sch...,"4435 Middaugh Ave, Downers Grove, IL 60515, USA","{'lat': 41.8067579, 'lng': -88.01651129999999}"
4,13004,Dieterich Junior/Senior...,"187 W Church St, Dieterich, IL 62424, USA","{'lat': 39.057618, 'lng': -88.38142099999999}"
5,13005,Lewis & Clark Elementar...,"6800 Humbert Rd, Godfrey, IL 62035, USA","{'lat': 38.9669101, 'lng': -90.1819132}"
6,13006,Lewistown High School,"IL-100, Lewistown, IL, USA","{'lat': 40.3930116, 'lng': -90.1551224}"
7,13007,SCORE,"River Bend Arena, 5800 Godfrey Rd, Godfrey, IL 62035, USA","{'lat': 38.9518844, 'lng': -90.19626319999999}"
8,13008,Bensenville District #2,"210 S Church Rd, Bensenville, IL 60106, USA","{'lat': 41.9523366, 'lng': -87.9522667}"
9,13009,Lincoln High School,"1000 Primm Rd, Lincoln, IL 62656, USA","{'lat': 40.1376618, 'lng': -89.3579305}"
10,13010,New Lenox School Distri...,"102 S Cedar Rd, New Lenox, IL 60451, USA","{'lat': 41.5115402, 'lng': -87.96540999999999}"
11,13011,Central High School,"1134 3100 N, Clifton, IL 60927, USA","{'lat': 40.9596624, 'lng': -87.9173919}"
12,13012,Fisher Grade School,"Fisher, IL 61843, USA","{'lat': 40.3147554, 'lng': -88.3500541}"
13,13013,KEMPA,"1133 Main St, Antioch, IL 60002, USA","{'lat': 42.4727517, 'lng': -88.0926712}"
14,13014,Board of Education of T...,"125 S Clark St, Chicago, IL 60603, USA","{'lat': 41.8799308, 'lng': -87.6305172}"
15,13015,glenbard HS,"990 Kuhn Rd, Carol Stream, IL 60188, USA","{'lat': 41.9282384, 'lng': -88.14255849999999}"
16,13016,School District U-46,"770 Mill St, South Elgin, IL 60177, USA","{'lat': 41.9955672, 'lng': -88.28466209999999}"
17,13017,Community Consolidated ...,"1020 E Sayles Dr, Palatine, IL 60074, USA","{'lat': 42.1237567, 'lng': -88.0183304}"
18,13018,Reed Custer Community U...,"255 Comet Dr, Braidwood, IL 60408, USA","{'lat': 41.2578286, 'lng': -88.2063517}"
19,13019,El Paso-Gridley High Sc...,"97 W 5th St, El Paso, IL 61738, USA","{'lat': 40.7437872, 'lng': -89.01791449999999}"
20,13020,Lincolnwood School Dist...,"6950 E Prairie Rd, Lincolnwood, IL 60712, USA","{'lat': 42.007077, 'lng': -87.727401}"
21,13021,Naperville Community Un...,"2403 Kingsley Dr, Naperville, IL 60565, USA","{'lat': 41.7208662, 'lng': -88.1376829}"
22,13022,University of Illinois ...,"30 E Lake St, Chicago, IL 60601, USA","{'lat': 41.8860252, 'lng': -87.62685309999999}"
23,13023,Highland Community Unit...,"2813 IL-160, Highland, IL 62249, USA","{'lat': 38.7587742, 'lng': -89.67209199999999}"
24,13024,Kipling Elementary Scho...,"630 Essex Ct, Deerfield, IL 60015, USA","{'lat': 42.1769679, 'lng': -87.84400149999999}"
25,13025,EASTLAND School Distric...,"500 S School Dr, Lanark, IL 61046, USA","{'lat': 42.0970831, 'lng': -89.8305087}"
26,13026,Millikin Elementary Sch...,"209 S College Ave, Geneseo, IL 61254, USA","{'lat': 41.4511876, 'lng': -90.15831910000001}"
27,13027,Board of Education of T...,"2815 S Komensky Ave, Chicago, IL 60623, USA","{'lat': 41.8400368, 'lng': -87.7253424}"
28,13028,Jacksonville School DST...,"516 Jordan St, Jacksonville, IL 62650, USA","{'lat': 39.7359517, 'lng': -90.2358264}"
29,13029,Waukegan Public Schools,"1319 Washington St, Waukegan, IL 60085, USA","{'lat': 42.3590942, 'lng': -87.8471481}"
30,13030,East Prairie School Dis...,"3907 Dobson St, Skokie, IL 60076, USA","{'lat': 42.019492, 'lng': -87.7271892}"
31,13031,School District 66,"2000 Manning Rd, Darien, IL 60561, USA","{'lat': 41.7465123, 'lng': -87.99234489999999}"
32,13032,Cardinal Joseph Bernard...,"9250 W 167th St, Orland Hills, IL 60487, USA","{'lat': 41.5884432, 'lng': -87.84472869999999}"
33,13033,Woodland Elementary Sch...,"217 S Eastern Ave, Barrington, IL 60010, USA","{'lat': 42.151314, 'lng': -88.1186135}"
34,13034,Township High School Di...,"433 Vine Ave, Highland Park, IL 60035, USA","{'lat': 42.194539, 'lng': -87.8027303}"
35,13035,Betsy Ross Elementary S...,"543 Hannah Ave, Forest Park, IL 60130, USA","{'lat': 41.8762701, 'lng': -87.8097576}"
36,13036,McClellan Grade School,"14975 E Bakerville Rd, Mt Vernon, IL 62864, USA","{'lat': 38.2570811, 'lng': -88.8703043}"
37,13037,James R. Wood Elementar...,"320 Maple St, Somonauk, IL 60552, USA","{'lat': 41.63125489999999, 'lng': -88.68798070000001}"
38,13038,Lake Forest College,"1285 N McKinley Rd, Lake Forest, IL 60045, USA","{'lat': 42.2641956, 'lng': -87.840087}"
39,13039,Ridgeland School Distri...,"9620 Normandy Ave, Oak Lawn, IL 60453, USA","{'lat': 41.7177336, 'lng': -87.78793859999999}"
40,13040,Moline Unit School Dist...,"335 5th Ave, Moline, IL 61265, USA","{'lat': 41.5050117, 'lng': -90.53246589999999}"
41,13041,Amboy Central School,"11 E Hawley St, Amboy, IL 61310, USA","{'lat': 41.7199107, 'lng': -89.3335903}"
42,13042,Board of Education of T...,"13100 S Doty Ave, Chicago, IL 60827, USA","{'lat': 41.6565611, 'lng': -87.5894723}"
43,13043,DePaul University,"1 E Jackson Blvd, Chicago, IL 60604, USA","{'lat': 41.8780449, 'lng': -87.62743379999999}"
44,13044,Downers Grove Grade Sch...,"236 Indianapolis Ave, Downers Grove, IL 60515, USA","{'lat': 41.8036335, 'lng': -87.9930334}"
45,13045,Evanston Township High ...,"1600 Dodge Ave, Evanston, IL 60201, USA","{'lat': 42.0475443, 'lng': -87.6997693}"
46,13046,College of Lake County,"19351 W Washington St, Grayslake, IL 60030, USA","{'lat': 42.3542648, 'lng': -88.0125666}"
47,13047,Frankfort Intermediate,"425 Franklin Ave, West Frankfort, IL 62896, USA","{'lat': 37.9175421, 'lng': -88.97149}"
48,13048,Creve Coeur School Dist...,"400 N Highland St, Creve Coeur, IL 61610, USA","{'lat': 40.6503661, 'lng': -89.5978998}"
49,13049,Superintendent,"16100 W 127th St, Lemont, IL 60439, USA","{'lat': 41.6546709, 'lng': -88.0133185}"
50,13050,School District 100 Ber...,"3401 Gunderson Ave #1, Berwyn, IL 60402, USA","{'lat': 41.8302524, 'lng': -87.7847877}"
51,13051,Board of Education of T...,"6751 W 63rd Pl, Chicago, IL 60638, USA","{'lat': 41.7763768, 'lng': -87.7896291}"
52,13052,Carlinville Middle Scho...,"829 W Main St, Carlinville, IL 62626, USA","{'lat': 39.27840440000001, 'lng': -89.8943599}"
53,13053,Community Unit School D...,"900 Wester Blvd, Pingree Grove, IL 60140, USA","{'lat': 42.0826259, 'lng': -88.43007539999999}"
54,13054,Cobden School Unit Dist...,"413 N Appleknocker Dr, Cobden, IL 62920, USA","{'lat': 37.5366021, 'lng': -89.25588499999999}"
55,13055,Jasper Cmty Cons Sch Di...,"Wayne St, Fairfield, IL 62837, USA","{'lat': 38.3676604, 'lng': -88.3659181}"
56,13056,Dwight D Eisenhower Hig...,"13049 S Ridgeland Ave, Palos Heights, IL 60463, USA","{'lat': 41.6550845, 'lng': -87.7757889}"
57,13057,Plainfield Community Co...,"2544 Crystal Dr, Joliet, IL 60435, USA","{'lat': 41.5696565, 'lng': -88.15452599999999}"
58,13058,Benton Community Consol...,"308 E Church St, Benton, IL 62812, USA","{'lat': 37.9889242, 'lng': -88.907965}"
59,13059,Ball-Chatham School Dis...,"465 Chatham Rd, Chatham, IL 62629, USA","{'lat': 39.6742072, 'lng': -89.6560492}"
60,13060,School District 47 Crys...,"820 Darlington Ln, Crystal Lake, IL 60014, USA","{'lat': 42.2175516, 'lng': -88.3281064}"
61,13061,Indian Springs School D...,"8600 S Roberts Rd, Justice, IL 60458, USA","{'lat': 41.7353946, 'lng': -87.81958999999999}"
62,13062,Kingman Primary School,"6413 N Mt Hawley Rd, Peoria, IL 61614, USA","{'lat': 40.765475, 'lng': -89.5971636}"
63,13063,Jewish Federation of Me...,"1 S Franklin St, Chicago, IL 60606, USA","{'lat': 41.8816263, 'lng': -87.63503449999999}"
64,13064,Kingman Primary School,"1507 S Lydia Ave, Peoria, IL 61605, USA","{'lat': 40.6719116, 'lng': -89.6272979}"
65,13065,Mary Miller Junior High...,"400 W West St, Georgetown, IL 61846, USA","{'lat': 39.9752138, 'lng': -87.63859169999999}"
66,13066,Wilmington Community Un...,"201 N Kankakee St, Wilmington, IL 60481, USA","{'lat': 41.3096318, 'lng': -88.1449217}"
67,13067,Lincoln School,"100 S Maple St, Lincoln, IL 62656, USA","{'lat': 40.150324, 'lng': -89.36925130000002}"
68,13068,Grass Lake School Distr...,"26177 W Grass Lake Rd, Antioch, IL 60002, USA","{'lat': 42.4399848, 'lng': -88.13897519999999}"
69,13069,Kipling Elementary Scho...,"1801 Montgomery Rd, Deerfield, IL 60015, USA","{'lat': 42.1687827, 'lng': -87.872467}"
70,13070,Bethalto West Elementar...,"309 Albers Pl, Bethalto, IL 62010, USA","{'lat': 38.9096198, 'lng': -90.05212709999999}"
71,13071,DeKalb High School,"370 Lexington Ave, Cortland, IL 60112, USA","{'lat': 41.9066955, 'lng': -88.6761181}"
72,13072,Community Consolidated ...,"1021 N Ridgewood Ln, Palatine, IL 60067, USA","{'lat': 42.1307188, 'lng': -88.03607939999999}"
73,13073,Edwardsville High Schoo...,"132 N Kansas St, Edwardsville, IL 62025, USA","{'lat': 38.8129455, 'lng': -89.9542962}"
74,13074,School District 66,"699 Plainfield Rd, Downers Grove, IL 60516, USA","{'lat': 41.737089, 'lng': -87.999283}"
75,13075,Betsy Ross Elementary S...,"424 Des Plaines Ave, Forest Park, IL 60130, USA","{'lat': 41.8786343, 'lng': -87.8137899}"
76,13076,DePue Unit School Distr...,"501 E Erie St, Spring Valley, IL 61362, USA","{'lat': 41.3253083, 'lng': -89.1923946}"
77,13077,Board of Education of T...,"2148 N Long Ave, Chicago, IL 60639, USA","{'lat': 41.9191471, 'lng': -87.76171649999999}"
78,13078,Glenview Public School ...,"2500 Chestnut Ave, Glenview, IL 60026, USA","{'lat': 42.0886358, 'lng': -87.81958209999999}"
79,13079,Regional Off of Ed Clin...,"7740 Old U.S. Hwy 50, Breese, IL 62230, USA","{'lat': 38.6098241, 'lng': -89.5608438}"
80,13080,Bell Elementary School,"3730 N Oakley Ave, Chicago, IL 60618, USA","{'lat': 41.9493403, 'lng': -87.6866953}"
81,13081,Muffley Elementary Scho...,"2115 S Taylor Rd, Decatur, IL 62521, USA","{'lat': 39.8156052, 'lng': -88.98289179999999}"
82,13082,Mary Miller Junior High...,"410 W Polk Ave, Charleston, IL 61920, USA","{'lat': 39.4873267, 'lng': -88.1875914}"
83,13083,Holy Trinity Elementary...,"1909 E Lincoln St, Bloomington, IL 61701, USA","{'lat': 40.4659541, 'lng': -88.965173}"
84,13084,Community Unit School D...,"1125 N Wheaton Ave, Wheaton, IL 60187, USA","{'lat': 41.8762948, 'lng': -88.1093116}"
85,13085,Fox River Grove School ...,"403 Orchard St, Fox River Grove, IL 60021, USA","{'lat': 42.1972263, 'lng': -88.2139557}"
86,13086,Patoka Community Unit S...,"224 S Locust St, Centralia, IL 62801, USA","{'lat': 38.5257588, 'lng': -89.13526069999999}"
87,13087,Indian Prairie School D...,"2707 Ridge Rd, Aurora, IL 60504, USA","{'lat': 41.7298492, 'lng': -88.248476}"
88,13088,Lowpoint-washburn CUSD ...,"508 E Walnut St, Washburn, IL 61570, USA","{'lat': 40.9193682, 'lng': -89.28071829999999}"
89,13089,Board of Education of T...,"9811 S Lowe Ave, Chicago, IL 60628, USA","{'lat': 41.7157113, 'lng': -87.63891939999999}"
90,13090,Plainfield Community Co...,"13909 S Budler Rd, Plainfield, IL 60544, USA","{'lat': 41.6312198, 'lng': -88.1533066}"
91,13091,Board of Education of T...,"3010 S Parnell Ave, Chicago, IL 60616, USA","{'lat': 41.8393403, 'lng': -87.6405385}"
92,13092,Walnut Street Developme...,"350 Blair Ln, Bolingbrook, IL 60440, USA","{'lat': 41.7020625, 'lng': -88.08098660000002}"
93,13093,Vista Health,"1324 N Sheridan Rd, Waukegan, IL 60085, USA","{'lat': 42.3781918, 'lng': -87.8325227}"
94,13094,A C Thompson Elementary...,"2912 Brendenwood Rd, Rockford, IL 61107, USA","{'lat': 42.2810763, 'lng': -89.0492136}"
95,13095,Butterfield School,"2S500 Gray Ave, Lombard, IL 60148, USA","{'lat': 41.8365349, 'lng': -88.0417342}"
96,13096,Board of Education of T...,"7240 S Wabash Ave, Chicago, IL 60619, USA","{'lat': 41.762424, 'lng': -87.624028}"
97,13097,Annunciation School,"1840 Church Rd, Aurora, IL 60505, USA","{'lat': 41.7949979, 'lng': -88.2908928}"
98,13098,Berkeley School Distric...,"1310 N Wolf Rd, Berkeley, IL 60163, USA","{'lat': 41.89011620000001, 'lng': -87.9038271}"
99,13099,Community Consolidated ...,"283 El Paso Ln, Carol Stream, IL 60188, USA","{'lat': 41.9159962, 'lng': -88.12829980000001}"
100,13100,Board of Education of T...,"1119 E 46th St, Chicago, IL 60653, USA","{'lat': 41.8110793, 'lng': -87.5986539}"
101,13101,Community Unit School D---,"305 S 9th St, St. Charles, IL 60174, USA","{'lat': 41.9097955, 'lng': -88.3246901}"
102,13102,Board of Education of T...,"535 E 35th St, Chicago, IL 60616, USA","{'lat': 41.8306142, 'lng': -87.6125466}"
103,13103,Community Consolidated ...,"2800 Central Rd, Rolling Meadows, IL 60008, USA","{'lat': 42.0671894, 'lng': -88.0165533}"
104,13104,Aladdin Knowledge Syste...,"601 N Arlington Heights Rd, Arlington Heights, IL 60004, USA","{'lat': 42.0883276, 'lng': -87.9804449}"
105,13105,Pocahontas Elementary S...,"1200 Jr High Dr, Greenville, IL 62246, USA","{'lat': 38.8998094, 'lng': -89.3962244}"
106,13106,Ford Heights Sch Distri...,"800 E 14th St, Ford Heights, IL 60411, USA","{'lat': 41.5054493, 'lng': -87.59595519999999}"
107,13107,Butler Junior High Scho...,"2801 York Rd, Oak Brook, IL 60523, USA","{'lat': 41.83825840000001, 'lng': -87.92727540000001}"
108,13108,"Queen Bee Schools, Dist...","1629 President St, Glendale Heights, IL 60139, USA","{'lat': 41.9181576, 'lng': -88.08999980000002}"
109,13109,Calhoun Comm Unit Sch D...,"220 N Broad St # 1, Carlinville, IL 62626, USA","{'lat': 39.2815563, 'lng': -89.8818652}"
110,13110,Harvey School District ...,"16001 Lincoln Ave, Harvey, IL 60426, USA","{'lat': 41.59863180000001, 'lng': -87.66265969999999}"
111,13111,Board of Education of T...,"5221 W Congress Pkwy, Chicago, IL 60644, USA","{'lat': 41.873692, 'lng': -87.75556999999999}"
112,13112,Knoxville School Distri...,"600 E Main St, Knoxville, IL 61448, USA","{'lat': 40.9071649, 'lng': -90.27604579999999}"
113,13113,Harlem Special Educatio...,"344 Grand Ave, Loves Park, IL 61111, USA","{'lat': 42.313035, 'lng': -89.0605552}"
114,13114,Central Catholic High S---,"1201 Airport Rd, Bloomington, IL 61704, USA","{'lat': 40.4932429, 'lng': -88.92267679999999}"
115,13115,Plainfield Community Co...,"23723 Getson Dr, Plainfield, IL 60544, USA","{'lat': 41.5953941, 'lng': -88.19473250000001}"
116,13116,St. Clair County Region...,"21 Circle Dr, Fairview Heights, IL 62208, USA","{'lat': 38.6130741, 'lng': -90.0196031}"
117,13117,Gardner C C School Dist...,"347 S Grundy St, Gardner, IL 60424, USA","{'lat': 41.1826571, 'lng': -88.3098022}"
118,13118,Dwight Common School Di...,"801 S Columbia St, Dwight, IL 60420, USA","{'lat': 41.0848981, 'lng': -88.43137709999999}"
119,13119,Community Consolidated ...,"2905 Meadow Dr, Rolling Meadows, IL 60008, USA","{'lat': 42.0798777, 'lng': -88.01651129999999}"
120,13120,Freeburg Community High...,"401 S Monroe St, Freeburg, IL 62243, USA","{'lat': 38.4182268, 'lng': -89.9130711}"
121,13121,West Chicago Elementary...,"312 E Forest Ave, West Chicago, IL 60185, USA","{'lat': 41.8708299, 'lng': -88.1999464}"
122,13122,Cowden-Herrick School D...,"Cowden, IL 62422, USA","{'lat': 39.2483753, 'lng': -88.8622895}"
123,13123,Holy Cross School,"1008 Jefferson St, Mendota, IL 61342, USA","{'lat': 41.54967660000001, 'lng': -89.1229154}"
124,13124,Board of Education of T...,"900 W Wilson Ave, Chicago, IL 60640, USA","{'lat': 41.96598789999999, 'lng': -87.6521769}"
125,13125,Delavan Cmty Unit Sch D...,"907 Locust St, Delavan, IL 61734, USA","{'lat': 40.3661727, 'lng': -89.54869769999999}"
126,13126,Board of Education of T...,"821 E 103rd St, Chicago, IL 60628, USA","{'lat': 41.7066424, 'lng': -87.6027457}"
127,13127,Kaneland CUSD 302,"817 Prairie Valley St, Elburn, IL 60119, USA","{'lat': 41.8994976, 'lng': -88.4589348}"
128,13128,Cary Community Consolid...,"2109 Crystal Lake Rd, Cary, IL 60013, USA","{'lat': 42.2297173, 'lng': -88.2395769}"
129,13129,Skokie School District ...,"9700 Crawford Ave, Skokie, IL 60076, USA","{'lat': 42.0575313, 'lng': -87.7282168}"
130,13130,Elmhurst Community Unit...,"295 N Emroy Ave, Elmhurst, IL 60126, USA","{'lat': 41.9057952, 'lng': -87.93064609999999}"
131,13131,Schaumburg CCSD #54,"615 Lakeview Ln, Hoffman Estates, IL 60169, USA","{'lat': 42.0392982, 'lng': -88.094274}"
132,13132,Hannum Elem. School,"8870 S Duffy Ave, Hometown, IL 60456, USA","{'lat': 41.7309673, 'lng': -87.7317143}"
133,13133,Board of Education of T...,"1903 E 96th St, Chicago, IL 60617, USA","{'lat': 41.7204451, 'lng': -87.5772266}"
134,13134,Lansing School District,"2101 182nd St, Lansing, IL 60438, USA","{'lat': 41.5635048, 'lng': -87.5663118}"
135,13135,Homewood Flossmoor Comm...,"999 Kedzie Ave, Flossmoor, IL 60422, USA","{'lat': 41.546143, 'lng': -87.69144299999999}"
136,13136,Champaign Comm Unit Sch...,"703 N State St, Champaign, IL 61820, USA","{'lat': 40.1224388, 'lng': -88.2471261}"
137,13137,Morton Community Unit S...,"220 E Jefferson St, Morton, IL 61550, USA","{'lat': 40.6082754, 'lng': -89.4598153}"
138,13138,Coulterville Unit Schoo...,"396 S Randolph St, Coulterville, IL 62237, USA","{'lat': 38.1846359, 'lng': -89.5991957}"
139,13139,Board of Education of T...,"7355 S Jeffery Blvd, Chicago, IL 60649, USA","{'lat': 41.7611937, 'lng': -87.5755002}"
140,13140,Community High School D...,"1436 Norfolk St, Downers Grove, IL 60516, USA","{'lat': 41.7708561, 'lng': -88.02025739999999}"
141,13141,DuPage High School Dist...,"2 Friendship Plaza, Addison, IL 60101, USA","{'lat': 41.9334484, 'lng': -87.9935306}"
142,13142,Jersey Community Unit S...,"801 N State St, Jerseyville, IL 62052, USA","{'lat': 39.1257951, 'lng': -90.3285397}"
143,13143,Bement High School,"201 S Champaign St, Bement, IL 61813, USA","{'lat': 39.9220541, 'lng': -88.5695169}"
144,13144,Indian Springs School D...,"8641 W 75th St, Justice, IL 60458, USA","{'lat': 41.75332849999999, 'lng': -87.83632569999999}"
145,13145,Cumberland School,"302 N Mill St, Greenup, IL 62428, USA","{'lat': 39.2490835, 'lng': -88.1663951}"
146,13146,Albers School District ...,"Germantown, IL 62245, USA","{'lat': 38.55366009999999, 'lng': -89.53842089999999}"
147,13147,Muffley Elementary Scho...,"1499 W Main St, Decatur, IL 62522, USA","{'lat': 39.8401977, 'lng': -88.98169589999999}"
148,13148,Elmhurst Community Unit...,"400 West Ave, Elmhurst, IL 60126, USA","{'lat': 41.9097272, 'lng': -87.9598986}"
149,13149,Danville School Distric...,"516 N Jackson St, Danville, IL 61832, USA","{'lat': 40.134101, 'lng': -87.6278158}"
150,13150,Chicago Jesuit Academy,"5058 W Jackson Blvd, Chicago, IL 60644, USA","{'lat': 41.877166, 'lng': -87.7514982}"
151,13151,Champaign Community Uni...,"703 S New St, Champaign, IL 61820, USA","{'lat': 40.1085272, 'lng': -88.2543697}"
152,13152,St. Clair County Region...,"800 Range Ln, Cahokia, IL 62206, USA","{'lat': 38.5649482, 'lng': -90.1645319}"
153,13153,Crescent-Iroquois High ...,"100 S Chestnut St, Onarga, IL 60955, USA","{'lat': 40.7149605, 'lng': -88.0071806}"
154,13154,Central A&M High School,"229 E Pine St, Moweaqua, IL 62550, USA","{'lat': 39.6308813, 'lng': -89.0180761}"
155,13155,Berean Baptist Church,"5626 Safford Rd, Rockford, IL 61101, USA","{'lat': 42.3017851, 'lng': -89.1476766}"
156,13156,Chicago Portfolio Schoo...,"25 W Hubbard St, Chicago, IL 60654, USA","{'lat': 41.88982439999999, 'lng': -87.6290975}"
157,13157,Burbank District 111,"5900 W 81st St, Burbank, IL 60459, USA","{'lat': 41.7453904, 'lng': -87.7676508}"
158,13158,All Star Cafe Llc,"222 N Jf Kennedy Dr, Addison, IL 60101, USA","{'lat': 41.933373, 'lng': -87.9947957}"
159,13159,Board Of Edcatn Of Cy S...,"21462 N Richview Ln, Centralia, IL 62801, USA","{'lat': 38.43442539999999, 'lng': -89.09334969999999}"
160,13160,Washington Office of Su...,"501 E Erie St, Spring Valley, IL 61362, USA","{'lat': 41.3253083, 'lng': -89.1923946}"
161,13161,Banning Unified School ...,"2913 Elim Ave, Zion, IL 60099, USA","{'lat': 42.44153, 'lng': -87.823537}"
162,13162,Edinburg Community Unit...,"100 E Martin St, Edinburg, IL 62531, USA","{'lat': 39.6601291, 'lng': -89.38809499999999}"
163,13163,Lewis & Clark Elementar...,"4200 Humbert Rd, Alton, IL 62002, USA","{'lat': 38.9351764, 'lng': -90.1581549}"
164,13164,Chicago International C...,"850 W Jackson Blvd # 275, Chicago, IL 60607, USA","{'lat': 41.8781547, 'lng': -87.6492052}"
165,13165,Patoka Community Unit S...,"1000 E 3rd St, Centralia, IL 62801, USA","{'lat': 38.5243322, 'lng': -89.1227292}"
166,13166,Cary-Grove Community Hi...,"2208 Three Oaks Rd, Cary, IL 60013, USA","{'lat': 42.221297, 'lng': -88.24450209999999}"
167,13167,Highland Community Unit...,"149 Madison St, Highland, IL 62249, USA","{'lat': 38.7403145, 'lng': -89.6907763}"
168,13168,"McDonald, Strickland & ...","412 Oregon St, Gillespie, IL 62033, USA","{'lat': 39.1287093, 'lng': -89.82606489999999}"
169,13169,"Little Friends, Inc.","140 N Wright St, Naperville, IL 60540, USA","{'lat': 41.77683, 'lng': -88.1386321}"
170,13170,Fox River Country Day S...,"1600 Dundee Ave, Elgin, IL 60120, USA","{'lat': 42.0677339, 'lng': -88.26267589999999}"
171,13171,Ball Chatham Cmty Unit ...,"201 W Mulberry St, Chatham, IL 62629, USA","{'lat': 39.6755133, 'lng': -89.70625820000001}"
172,13172,Lincoln School,"801 Springfield Rd, East Peoria, IL 61611, USA","{'lat': 40.6565756, 'lng': -89.5694948}"
173,13173,Community Unit School D...,"605 6th Ave, Erie, IL 61250, USA","{'lat': 41.6524619, 'lng': -90.0776642}"
174,13174,Catholic Charities of B...,"203 N Ottawa St, Joliet, IL 60432, USA","{'lat': 41.5279641, 'lng': -88.0834733}"
175,13175,Evanston/Skokie School ...,"910 Forest Ave, Evanston, IL 60202, USA","{'lat': 42.0345484, 'lng': -87.6757619}"
176,13176,Board of Education of T...,"3810 W 81st Pl, Chicago, IL 60652, USA","{'lat': 41.7453732, 'lng': -87.71803129999999}"
177,13177,The Frances Xavier Ward...,"120 S Desplaines St, Chicago, IL 60661, USA","{'lat': 41.8799463, 'lng': -87.6444298}"
178,13178,Board of Education of T...,"3601 N Milwaukee Ave, Chicago, IL 60641, USA","{'lat': 41.9474657, 'lng': -87.7352863}"
179,13179,Wilmette Public Schools...,"615 Locust Rd, Wilmette, IL 60091, USA","{'lat': 42.0745473, 'lng': -87.7434947}"
180,13180,"LightEdge Solutions, In...","1206 Franklin St, Galena, IL 61036, USA","{'lat': 42.427397, 'lng': -90.440316}"
181,13181,Community Unit School D...,"17268 E 2750 North Rd, Bismarck, IL 61814, USA","{'lat': 40.2619601, 'lng': -87.616835}"
182,13182,Herrin Cmty School Dist...,"500 N 10th St, Herrin, IL 62948, USA","{'lat': 37.8077912, 'lng': -89.0214432}"
183,13183,Norridge School Distric...,"8151 W Lawrence Ave, Norridge, IL 60706, USA","{'lat': 41.965323, 'lng': -87.8314126}"
184,13184,Board of Education of T...,"125 S Clark St 6th Fl, Chicago, IL 60603, USA","{'lat': 41.8799308, 'lng': -87.6305172}"
185,13185,"Morris, Illinois","725 School St, Morris, IL 60450, USA","{'lat': 41.3691634, 'lng': -88.4340708}"
186,13186,Clarence E. Culver Scho...,"6901 W Oakton St, Niles, IL 60714, USA","{'lat': 42.025863, 'lng': -87.79950699999999}"
187,13187,Bond Co Cmty Unit Sch D...,"189 E Court St #600, Kankakee, IL 60901, USA","{'lat': 41.12060109999999, 'lng': -87.8640799}"
188,13188,Township High School Di...,"1000 S Quentin Rd, Palatine, IL 60067, USA","{'lat': 42.095368, 'lng': -88.06533879999999}"
189,13189,Vermilion,"7087 N 600 East Rd, Sidell, IL 61876, USA","{'lat': 39.97044349999999, 'lng': -87.8230511}"
190,13190,Tinley Park Cmty Cons S...,"6611 W 171st St, Tinley Park, IL 60477, USA","{'lat': 41.5801069, 'lng': -87.7805223}"
191,13191,Community Consolidated ...,"6611 W 171st St, Tinley Park, IL 60477, USA","{'lat': 41.5801069, 'lng': -87.7805223}"
192,13192,McFarland Sch Dist,"807 W Columbia Terrace, Peoria, IL 61606, USA","{'lat': 40.70354, 'lng': -89.60551819999999}"
193,13193,A C Thompson Elementary...,"1500 Charles St, Rockford, IL 61104, USA","{'lat': 42.2642342, 'lng': -89.07077489999999}"
194,13194,Anthonys Fish Grotto,"1 Warrior Way, Athens, IL 62613, USA","{'lat': 39.9617195, 'lng': -89.7175252}"
195,13195,Mary Miller Junior High...,"920 Smith Dr, Charleston, IL 61920, USA","{'lat': 39.4886802, 'lng': -88.165576}"
196,13196,Muffley Elementary Scho...,"300 Meadow Terrace Pl, Decatur, IL 62521, USA","{'lat': 39.81601320000001, 'lng': -88.95777299999999}"
197,13197,McClellan Grade School,"20941 E Divide Rd, Bluford, IL 62814, USA","{'lat': 38.44511079999999, 'lng': -88.7568031}"
198,13198,Bradley-Bourbonnais Hig...,"700 W North St, Bradley, IL 60915, USA","{'lat': 41.1500511, 'lng': -87.8690919}"
199,13199,Heritage Christian Scho...,"1200 Jefferson St, Oregon, IL 61061, USA","{'lat': 42.0140111, 'lng': -89.3447937}"
200,13200,Board of Education of T...,"10309 S Morgan St, Chicago, IL 60643, USA","{'lat': 41.7065448, 'lng': -87.64709119999999}"
201,13201,Prosser Economic Develo...,"2148 N Long Ave, Chicago, IL 60639, USA","{'lat': 41.9191471, 'lng': -87.76171649999999}"
202,13202,Eisenhower Jr High Scho...,"617 Boxwood Dr, Schaumburg, IL 60193, USA","{'lat': 42.0125579, 'lng': -88.0954951}"
203,13203,Wilmington Community Un...,"1910 Bruning Dr, Wilmington, IL 60481, USA","{'lat': 41.2823229, 'lng': -88.14293959999999}"
204,13204,Board of Education of T...,"4127 W Hirsch St, Chicago, IL 60651, USA","{'lat': 41.90573, 'lng': -87.7296515}"
205,13205,Rockford Public School ...,"4949 Marion Ave, Rockford, IL 61108, USA","{'lat': 42.2488023, 'lng': -89.01662619999999}"
206,13206,Gower School District 6...,"7700 Clarendon Hills Rd, Willowbrook, IL 60527, USA","{'lat': 41.7488998, 'lng': -87.9547089}"
207,13207,Downers Grove Grade Sch...,"3935 Belle Aire Ln, Downers Grove, IL 60515, USA","{'lat': 41.8152123, 'lng': -88.02048669999999}"
208,13208,Judah Christian Schools,"908 N Prospect Ave, Champaign, IL 61820, USA","{'lat': 40.1250846, 'lng': -88.256841}"
209,13209,Indian Prairie School D...,"3204 Tall Grass Dr, Naperville, IL 60564, USA","{'lat': 41.7065618, 'lng': -88.2161416}"
210,13210,Addision School Distric...,"644 S Ardmore Ave, Addison, IL 60101, USA","{'lat': 41.9148803, 'lng': -87.9796447}"
211,13211,Indian Springs School D...,"8001 S 82nd Ave, Justice, IL 60458, USA","{'lat': 41.7447554, 'lng': -87.82273649999999}"
212,13212,Lake Forest College,"475 Cherokee Rd, Lake Forest, IL 60045, USA","{'lat': 42.2252252, 'lng': -87.8360187}"
213,13213,Lake County Special Edu...,"18182 W Gages Lake Rd, Grayslake, IL 60030, USA","{'lat': 42.355971, 'lng': -87.98556669999999}"
214,13214,High Mount School,"1721 Boul Ave, Swansea, IL 62226, USA","{'lat': 38.5328572, 'lng': -89.987977}"
215,13215,Carmi Middle School,"113 10th St, Carmi, IL 62821, USA","{'lat': 38.0832531, 'lng': -88.1738477}"
216,13216,Methodist Medical Cente...,"1507 S Lydia Ave, Peoria, IL 61605, USA","{'lat': 40.6719116, 'lng': -89.6272979}"
217,13217,Salt Creek School Distr...,"1110 S Villa Ave, Villa Park, IL 60181, USA","{'lat': 41.8689613, 'lng': -87.9692652}"
218,13218,Community Consolidated ...,"4335 Haman Ave, Hoffman Estates, IL 60192, USA","{'lat': 42.10251299999999, 'lng': -88.1037367}"
219,13219,Kildeer Countryside Com...,"1050 Ivy Hall Ln, Buffalo Grove, IL 60089, USA","{'lat': 42.1683943, 'lng': -87.98151940000001}"
220,13220,Baker Demonstration Sch...,"201 Sheridan Rd, Wilmette, IL 60091, USA","{'lat': 42.0704298, 'lng': -87.68422919999999}"
221,13221,School District 100 Ber...,"3501 Clinton Ave, Berwyn, IL 60402, USA","{'lat': 41.82806, 'lng': -87.79592989999999}"
222,13222,Board of Education of T...,"4201 W Henderson St, Chicago, IL 60641, USA","{'lat': 41.9411117, 'lng': -87.7332486}"
223,13223,Board of Education of T...,"2851 N Seminary Ave, Chicago, IL 60657, USA","{'lat': 41.9340008, 'lng': -87.65572089999999}"
224,13224,Gage Park High School,"5630 S Rockwell St, Chicago, IL 60629, USA","{'lat': 41.7910374, 'lng': -87.6894698}"
225,13225,The Frances Xavier Ward...,"751 N State St, Chicago, IL 60654, USA","{'lat': 41.896417, 'lng': -87.62723609999999}"
226,13226,Glenwood School,"500 W 187th St, Glenwood, IL 60425, USA","{'lat': 41.547315, 'lng': -87.6296912}"
227,13227,Board of Education of T...,"1845 W Cortland St, Chicago, IL 60622, USA","{'lat': 41.9157941, 'lng': -87.6745273}"
228,13228,School District 100 Ber...,"6539 W 26th St, Berwyn, IL 60402, USA","{'lat': 41.84373850000001, 'lng': -87.78793859999999}"
229,13229,Ombudsman Educational S...,"1585 N Milwaukee Ave Ste 2b, Libertyville, IL 60048, USA","{'lat': 42.3017546, 'lng': -87.9586372}"
230,13230,Litchfield Community Un...,"1702 N State St, Litchfield, IL 62056, USA","{'lat': 39.1882992, 'lng': -89.6548756}"
231,13231,Springfield Public Scho...,"2630 S Whittier Ave, Springfield, IL 62704, USA","{'lat': 39.7709629, 'lng': -89.6589082}"
232,13232,Sacred Heart Schools,"6250 N Sheridan Rd, Chicago, IL 60660, USA","{'lat': 41.995935, 'lng': -87.65587769999999}"
233,13233,Bloomington Junior High...,"1202 E Locust St, Bloomington, IL 61701, USA","{'lat': 40.48687, 'lng': -88.973996}"
234,13234,Delavan Cmty Unit Sch D...,"907 Locust St, Delavan, IL 61734, USA","{'lat': 40.3660295, 'lng': -89.54917359999999}"
235,13235,Board of Education of T...,"2400 S Marshall Blvd, Chicago, IL 60623, USA","{'lat': 41.8475985, 'lng': -87.69978019999999}"
236,13236,Archeworks,"625 N Kingsbury St, Chicago, IL 60654, USA","{'lat': 41.8928209, 'lng': -87.6407311}"
237,13237,Springfield Public Scho...,"300 S 11th St, Springfield, IL 62703, USA","{'lat': 39.7987233, 'lng': -89.6402138}"
238,13238,Board of Education of T...,"3400 W 65th Pl, Chicago, IL 60629, USA","{'lat': 41.774628, 'lng': -87.70833510000001}"
239,13239,Board of Education of T...,"125 S Clark St, Chicago, IL 60603, USA","{'lat': 41.8799308, 'lng': -87.6305172}"
240,13240,Bloomington Junior High...,"Bloomington, IL 61702, USA","{'lat': 40.5095467, 'lng': -88.985868}"
241,13241,Village of Downers Grov...,"1515 S 4th St, DeKalb, IL 60115, USA","{'lat': 41.9115234, 'lng': -88.75466109999999}"
242,13242,Board of Education of T...,"2150 S Laflin St, Chicago, IL 60608, USA","{'lat': 41.85257730000001, 'lng': -87.6642827}"
243,13243,Butler Junior High Scho...,"60 Regent Dr, Oak Brook, IL 60523, USA","{'lat': 41.8414051, 'lng': -87.9644915}"
244,13244,East Richland High Scho...,"1100 E Laurel St, Olney, IL 62450, USA","{'lat': 38.7343297, 'lng': -88.0730849}"
245,13245,Illinois Institute of T...,"3300 S Federal St, Chicago, IL 60616, USA","{'lat': 41.831751, 'lng': -87.627296}"
246,13246,Chicago Public School S...,"1726 W Berteau Ave, Chicago, IL 60613, USA","{'lat': 41.9581426, 'lng': -87.6717931}"
247,13247,Mary Miller Junior High...,"109 S 2nd St, Watseka, IL 60970, USA","{'lat': 40.7758437, 'lng': -87.73651840000001}"
248,13248,Community Unit School D---,"300 Cleveland Ave, Carpentersville, IL 60110, USA","{'lat': 42.1082248, 'lng': -88.2729695}"
249,13249,Alternative Schools Net...,"1807 W Sunnyside Ave #1D, Chicago, IL 60640, USA","{'lat': 41.9630819, 'lng': -87.67487469999999}"
250,13250,Community Consolidated ...,"1050 Plum Grove Cir, Buffalo Grove, IL 60089, USA","{'lat': 42.1496338, 'lng': -87.98293489999999}"
251,13251,Albers School District ...,"295 N Clinton St, Breese, IL 62230, USA","{'lat': 38.6101722, 'lng': -89.5292434}"
252,13252,Rock Island School Dist...,"2101 6th Ave, Rock Island, IL 61201, USA","{'lat': 41.5065116, 'lng': -90.5700402}"
253,13253,Board of Education of T...,"3221 N Sacramento Ave, Chicago, IL 60618, USA","{'lat': 41.9405199, 'lng': -87.7024047}"
254,13254,Friendship Junior High ...,"550 Elizabeth Ln, Des Plaines, IL 60018, USA","{'lat': 42.0273476, 'lng': -87.934859}"
255,13255,Otter creek Elementry,"1750 Laurel Ave, Hanover Park, IL 60133, USA","{'lat': 42.0030316, 'lng': -88.14878139999999}"
256,13256,School District U-46,"1750 Laurel Ave, Hanover Park, IL 60133, USA","{'lat': 42.0030316, 'lng': -88.14878139999999}"
257,13257,Board of Education of T...,"8601 W Foster Ave, Chicago, IL 60656, USA","{'lat': 41.97310590000001, 'lng': -87.8418524}"
258,13258,Board of Education of T...,"1726 W Berteau Ave, Chicago, IL 60613, USA","{'lat': 41.9581426, 'lng': -87.6717931}"
259,13259,Brookwood School Distri...,"201 E Glenwood Dyer Rd, Glenwood, IL 60425, USA","{'lat': 41.54134, 'lng': -87.60486759999999}"
260,13260,Illiana Christian Hight...,"2261 Indiana Ave, Lansing, IL 60438, USA","{'lat': 41.565896, 'lng': -87.56136939999999}"
261,13261,Laverna Evans Elementar...,"1010 Moye School Rd, O'Fallon, IL 62269, USA","{'lat': 38.6232707, 'lng': -89.8866474}"
262,13262,Board of Education of T...,"6011 S Rockwell St, Chicago, IL 60629, USA","{'lat': 41.78402759999999, 'lng': -87.68823270000001}"
263,13263,Cupertino Union School ...,"410 157th St, Calumet City, IL 60409, USA","{'lat': 41.6108739, 'lng': -87.53572199999999}"
264,13264,Lyons School District 1...,"4100 Joliet Ave, Lyons, IL 60534, USA","{'lat': 41.81686, 'lng': -87.8213159}"
265,13265,Board of Education of T...,"950 W 33rd Pl, Chicago, IL 60608, USA","{'lat': 41.8340245, 'lng': -87.6500203}"
266,13266,Lincoln Middle School,"1500 Charles St, Rockford, IL 61104, USA","{'lat': 42.2642342, 'lng': -89.07077489999999}"
267,13267,Wathena Unified Sch Dis...,"1335 Waukegan Rd, Glenview, IL 60025, USA","{'lat': 42.0790109, 'lng': -87.7967366}"
268,13268,Wathena Unified Sch Dis...,"2250 E Crestwood St, Kankakee, IL 60901, USA","{'lat': 41.1149746, 'lng': -87.8324318}"
269,13269,Community Consolidated ...,"Executive Dr, Aurora, IL 60504, USA","{'lat': 41.7572409, 'lng': -88.21739889999999}"
270,13270,KIDS,"425 S Elm St, Waterman, IL 60556, USA","{'lat': 41.7663029, 'lng': -88.77525179999999}"
271,13271,Township High School Di...,"700 E Cougar Trail, Hoffman Estates, IL 60169, USA","{'lat': 42.037094, 'lng': -88.062725}"
272,13272,Community High School D...,"1436 Norfolk St, Downers Grove, IL 60516, USA","{'lat': 41.7708561, 'lng': -88.02025739999999}"
273,13273,Learning Tech Center La...,"28871 N Fremont Center Rd, Mundelein, IL 60060, USA","{'lat': 42.28285899999999, 'lng': -88.07167729999999}"
274,13274,Curie Metropolitan High...,"Curie Metropolitan High School, 4959 S Archer Ave, Chicago, IL 60632, USA","{'lat': 41.8018544, 'lng': -87.72187939999999}"
275,13275,Peter J Palombi Inter S...,"2400 Sand Lake Rd, Lindenhurst, IL 60046, USA","{'lat': 42.4082902, 'lng': -88.02233749999999}"
276,13276,Glenview Public School ...,"3900 Glenview Rd, Glenview, IL 60025, USA","{'lat': 42.0740776, 'lng': -87.85271000000002}"
277,13277,Board of Education of T...,"1415 E 70th St, Chicago, IL 60637, USA","{'lat': 41.7674131, 'lng': -87.5904757}"
278,13278,Peter J Palombi Inter S...,"24750 W Dering Ln, Lake Villa, IL 60046, USA","{'lat': 42.4273751, 'lng': -88.11403659999999}"
279,13279,Downers Grove Grade Sch...,"1435 Jefferson Ave, Downers Grove, IL 60516, USA","{'lat': 41.7815074, 'lng': -88.02063960000001}"
280,13280,Alsip-Hazelgreen-Oaklaw...,"4600 W 123rd St, Alsip, IL 60803, USA","{'lat': 41.67022650000001, 'lng': -87.73357560000001}"
281,13281,Butterfield School,"1514 S Main St, Lombard, IL 60148, USA","{'lat': 41.85346759999999, 'lng': -88.0199516}"
282,13282,Franklin Park Public Sc...,"9750 Fullerton Ave, Franklin Park, IL 60131, USA","{'lat': 41.9228061, 'lng': -87.86901519999999}"
283,13283,Dry Creek Joint Element...,"Lovington, IL 61937, USA","{'lat': 39.71559000000001, 'lng': -88.6325641}"
284,13284,Pleasant Valley Element...,"301 W Butternut St, Elmwood, IL 61529, USA","{'lat': 40.7818797, 'lng': -89.9704093}"
285,13285,Central A&M High School,"105 N College St, Assumption, IL 62510, USA","{'lat': 39.5202323, 'lng': -89.05592449999999}"
286,13286,Dry Creek Joint Element...,"109 W Cruger Ave, Eureka, IL 61530, USA","{'lat': 40.71964, 'lng': -89.27363129999999}"
287,13287,Dry Creek Joint Element...,"1101 N Jefferson St, Harvard, IL 60033, USA","{'lat': 42.4275119, 'lng': -88.6110715}"
288,13288,Maroa Forsyth Cu Sch Di...,"137 S Grant St, Forsyth, IL 62535, USA","{'lat': 39.9342393, 'lng': -88.9526831}"
289,13289,School District U-46,"665 Dundee Ave, Elgin, IL 60120, USA","{'lat': 42.0495344, 'lng': -88.2726541}"
290,13290,Reed Custer Community U...,"162 S School St, Braidwood, IL 60408, USA","{'lat': 41.2622775, 'lng': -88.22317029999999}"
291,13291,Diocese of Springfield ...,"748 W Laurel St, Springfield, IL 62704, USA","{'lat': 39.7819908, 'lng': -89.66498639999999}"
292,13292,"Little Friends, Inc","140 N Wright St, Naperville, IL 60540, USA","{'lat': 41.77683, 'lng': -88.1386321}"
293,13293,Downers Grove Grade Sch...,"6235 Stonewall Ave, Downers Grove, IL 60516, USA","{'lat': 41.7738002, 'lng': -88.0288188}"
294,13294,Board of Education of T...,"5650 N Mozart St, Chicago, IL 60659, USA","{'lat': 41.9837696, 'lng': -87.7009418}"
295,13295,Board of Education of T...,"7931 S Honore St, Chicago, IL 60620, USA","{'lat': 41.7494853, 'lng': -87.66908699999999}"
296,13296,Clinton Unit School Dis...,"IL-54, Clinton, IL, USA","{'lat': 40.1481488, 'lng': -88.96382899999999}"
297,13297,Learning Tech Center La...,"11315 W Wadsworth Rd, Zion, IL 60099, USA","{'lat': 42.4286665, 'lng': -87.85075499999999}"
298,13298,Board of Education of T...,"9000 S Exchange Ave, Chicago, IL 60617, USA","{'lat': 41.7310257, 'lng': -87.55295060000002}"
299,13299,Board of Education of T...,"1440 S Christiana Ave, Chicago, IL 60623, USA","{'lat': 41.8612907, 'lng': -87.7094874}"
