,_id,Name,Address,Geocodes
0,1500,St. Francis Central Coast Catholic High School,"2400 E Lake Ave, Watsonville, CA 95076, USA","{'lat': 36.9392823, 'lng': -121.740351}"
1,1501,NOTRE DAME ACADEMY ELEMENTARY,"2911 Overland Ave, Los Angeles, CA 90064, USA","{'lat': 34.0335775, 'lng': -118.4190029}"
2,1502,Rocklin Unified School District,"5025 Meyers St, Rocklin, CA 95677, USA","{'lat': 38.7916417, 'lng': -121.227938}"
3,1503,Saint Francis High School,"1885 Miramonte Ave, Mountain View, CA 94040, USA","{'lat': 37.3693131, 'lng': -122.0863471}"
4,1504,El Monte Union High School District,"3537 Johnson Ave, El Monte, CA 91731, USA","{'lat': 34.0716153, 'lng': -118.0308139}"
5,1505,Santa Rita Union School District,"57 Russell Rd, Salinas, CA 93906, USA","{'lat': 36.7329239, 'lng': -121.6496553}"
6,1506,Gilroy High School,"325 Santa Clara Ave, Gilroy, CA 95020, USA","{'lat': 37.0541055, 'lng': -121.5871672}"
7,1507,Santa Monica High School,"1651 16th St, Santa Monica, CA 90404, USA","{'lat': 34.0222369, 'lng': -118.4790261}"
8,1508,Fountain Valley School District,"17330 Mt Herrmann St, Fountain Valley, CA 92708, USA","{'lat': 33.7115794, 'lng': -117.9313991}"
9,1509,Morongo Unified School District,"Twentynine Palms, CA 92277, USA","{'lat': 34.1355582, 'lng': -116.0541689}"
10,1510,Lindsay Unified School District,"371 E Hermosa St, Lindsay, CA 93247, USA","{'lat': 36.20665210000001, 'lng': -119.0884}"
11,1511,Novato Unified School District,"1015 7th St, Novato, CA 94945, USA","{'lat': 38.1096606, 'lng': -122.5785942}"
12,1512,Chartwell School,"2511 Numa Watson Rd, Seaside, CA 93955, USA","{'lat': 36.6364455, 'lng': -121.8029211}"
13,1513,Oakwood School,"11600 W Magnolia Blvd, North Hollywood, CA 91601, USA","{'lat': 34.16462509999999, 'lng': -118.3845657}"
14,1514,The Webb Schools,"1175 W Baseline Rd, Claremont, CA 91711, USA","{'lat': 34.1257925, 'lng': -117.739553}"
15,1515,Notre Dame High School,"455 Palma Dr, Salinas, CA 93901, USA","{'lat': 36.6643444, 'lng': -121.6691257}"
16,1516,Beverly Hills Unified School District,"255 S Lasky Dr, Beverly Hills, CA 90212, USA","{'lat': 34.0625135, 'lng': -118.4102174}"
17,1517,Campbell Union High School District,"4805 Westmont Ave, Campbell, CA 95008, USA","{'lat': 37.2708751, 'lng': -121.9857147}"
18,1518,Bellarmine College Preparatory,"960 W Hedding St, San Jose, CA 95126, USA","{'lat': 37.3422908, 'lng': -121.9191871}"
19,1519,Roseville Joint Union High School District,"1750 Cirby Way, Roseville, CA 95661, USA","{'lat': 38.7280674, 'lng': -121.2587022}"
20,1520,Apple Valley Unified School District,"23450 S Rd, Apple Valley, CA 92307, USA","{'lat': 34.5530619, 'lng': -117.1528309}"
21,1521,De La Salle High School,"1130 Winton Dr, Concord, CA 94518, USA","{'lat': 37.93401060000001, 'lng': -122.0314474}"
22,1522,Monte Vista Christian School,"2 School Way, Watsonville, CA 95076, USA","{'lat': 36.9829805, 'lng': -121.7679763}"
23,1523,The Curtis School,"15871 Mulholland Dr, Los Angeles, CA 90049, USA","{'lat': 34.129335, 'lng': -118.479315}"
24,1524,Elk Grove Unified School District,"4011 Hood Franklin Rd, Elk Grove, CA 95757, USA","{'lat': 38.3770958, 'lng': -121.4571917}"
25,1525,La Salle High School,"3880 E Sierra Madre Blvd, Pasadena, CA 91107, USA","{'lat': 34.1612745, 'lng': -118.0703035}"
26,1526,Poway Unified School District,"15250 Avenue of Science, San Diego, CA 92128, USA","{'lat': 32.9929181, 'lng': -117.0822583}"
27,1527,Dinuba Unified School District,"1327 E El Monte Way, Dinuba, CA 93618, USA","{'lat': 36.5459064, 'lng': -119.3808801}"
28,1528,Fremont Union High School District,"10100 Finch Ave, Cupertino, CA 95014, USA","{'lat': 37.3196295, 'lng': -122.0091536}"
29,1529,Oakland Unified School District,"30 Marguerite Dr, Oakland, CA 94618, USA","{'lat': 37.8407556, 'lng': -122.2324619}"
30,1530,San Francisco University High School,"3065 Jackson St, San Francisco, CA 94115, USA","{'lat': 37.7909556, 'lng': -122.4453526}"
31,1531,Loyola High School,"1901 Venice Blvd, Los Angeles, CA 90006, USA","{'lat': 34.04492, 'lng': -118.2966467}"
32,1532,Loyola High School,"4855 Santa Monica Blvd, Los Angeles, CA 90029, USA","{'lat': 34.0912127, 'lng': -118.2953137}"
33,1533,Environmental Charter High School,"16315 Grevillea Ave, Lawndale, CA 90260, USA","{'lat': 33.8823576, 'lng': -118.3551435}"
34,1534,School Health Clinics of Santa Clara County,"5671 Santa Teresa Blvd #105, San Jose, CA 95123, USA","{'lat': 37.2413817, 'lng': -121.8602332}"
35,1535,ST Dunstan Parish School,"1150 Magnolia Ave, Millbrae, CA 94030, USA","{'lat': 37.6065954, 'lng': -122.3999589}"
36,1536,Redondo Beach Unified School District,"1401 Inglewood Ave, Redondo Beach, CA 90278, USA","{'lat': 33.8675144, 'lng': -118.3616264}"
37,1537,Alum Rock Educational Foundation,"2930 Gay Ave, San Jose, CA 95127, USA","{'lat': 37.3684843, 'lng': -121.8334646}"
38,1538,Clovis Unified School District,"1450 Herndon Ave, Clovis, CA 93611, USA","{'lat': 36.8369109, 'lng': -119.6892979}"
39,1539,Lake Elsinore Unified School District,"545 Chaney St, Lake Elsinore, CA 92530, USA","{'lat': 33.682844, 'lng': -117.3363522}"
40,1540,Marin Country Day School,"5221 Paradise Dr, Corte Madera, CA 94925, USA","{'lat': 37.9194345, 'lng': -122.4913456}"
41,1541,The Harker School,"3800 Blackford Ave, San Jose, CA 95117, USA","{'lat': 37.3128074, 'lng': -121.9679291}"
42,1542,Achieve,"3860 Middlefield Rd, Palo Alto, CA 94303, USA","{'lat': 37.4218423, 'lng': -122.1123685}"
43,1543,The Urban School,"1563 Page St, San Francisco, CA 94117, USA","{'lat': 37.7708036, 'lng': -122.4465027}"
44,1544,Fremont Union High School District,"1280 Johnson Ave, San Jose, CA 95129, USA","{'lat': 37.3011698, 'lng': -122.0053339}"
45,1545,St. Monica Catholic High School,"1030 Lincoln Blvd, Santa Monica, CA 90403, USA","{'lat': 34.0240748, 'lng': -118.4972077}"
46,1546,St. Bernard's Catholic School Eureka City Unified,"222 Dollison St, Eureka, CA 95501, USA","{'lat': 40.7835985, 'lng': -124.1678707}"
47,1547,Roseville Joint Union High School District,"1 Tiger Way, Roseville, CA 95678, USA","{'lat': 38.7580429, 'lng': -121.275752}"
48,1548,San Dieguito Union High School District,"3800 Mykonos Ln, San Diego, CA 92130, USA","{'lat': 32.9471828, 'lng': -117.2312476}"
49,1549,El Monte Union High Sch Dist,"3537 Johnson Ave, El Monte, CA 91731, USA","{'lat': 34.0716153, 'lng': -118.0308139}"
50,1550,Norwalk-La Mirada USD,"12820 Pioneer Blvd, Norwalk, CA 90650, USA","{'lat': 33.9136676, 'lng': -118.0814043}"
51,1551,Sacramento Country Day School,"2636 Latham Dr, Sacramento, CA 95864, USA","{'lat': 38.5697406, 'lng': -121.4003933}"
52,1552,Christian Brothers High School,"4315 Martin Luther King Jr Blvd, Sacramento, CA 95820, USA","{'lat': 38.5362175, 'lng': -121.4640073}"
53,1553,Stuart Hall School for Boys,"1715 Octavia St, San Francisco, CA 94109, USA","{'lat': 37.788445, 'lng': -122.4273921}"
54,1554,East Side Union High School District,"830 N Capitol Ave, San Jose, CA 95133, USA","{'lat': 37.381775, 'lng': -121.8523971}"
55,1555,Santa Monica-Malibu Unified School District,"2525 5th St, Santa Monica, CA 90405, USA","{'lat': 34.0052218, 'lng': -118.4811722}"
56,1556,Marin Country Day School,"5221 Paradise Dr, Corte Madera, CA 94925, USA","{'lat': 37.9194345, 'lng': -122.4913456}"
57,1557,Hollywood Schoolhouse,"1233 N McCadden Pl, Los Angeles, CA 90038, USA","{'lat': 34.0938282, 'lng': -118.3377708}"
58,1558,San Ramon Valley Unified School District,"3280 Crow Canyon Rd, San Ramon, CA 94583, USA","{'lat': 37.7804695, 'lng': -121.9674585}"
59,1559,San Ramon Valley Unified School District,"3280 Crow Canyon Rd, San Ramon, CA 94583, USA","{'lat': 37.7804695, 'lng': -121.9674585}"
60,1560,SOUTHWESTERN ACADEMY,"2800 Monterey Rd, San Marino, CA 91108, USA","{'lat': 34.1151676, 'lng': -118.1323834}"
61,1561,San Francisco University High School,"3065 Jackson St, San Francisco, CA 94115, USA","{'lat': 37.7909556, 'lng': -122.4453526}"
62,1562,Fullerton Joint Union High School District,"201 E Chapman Ave, Fullerton, CA 92832, USA","{'lat': 33.8745229, 'lng': -117.9202585}"
63,1563,Rosevlle Jint Un High Schl Dst,"1710 Cirby Way, Roseville, CA 95661, USA","{'lat': 38.72793009999999, 'lng': -121.2606024}"
64,1564,The Harker School,"500 Saratoga Ave, San Jose, CA 95128, USA","{'lat': 37.3179812, 'lng': -121.9715813}"
65,1565,Campbell Union High School District,"3235 Union Ave, San Jose, CA 95124, USA","{'lat': 37.2652374, 'lng': -121.9320042}"
66,1566,Sonoma Academy,"2500 Farmers Ln, Santa Rosa, CA 95404, USA","{'lat': 38.4182737, 'lng': -122.6887351}"
67,1567,Stuart Hall School for Boys,"2222 Broadway, San Francisco, CA 94123, USA","{'lat': 37.7946572, 'lng': -122.4342936}"
68,1568,Norwalk-La Mirada USD,"12820 Pioneer Blvd, Norwalk, CA 90650, USA","{'lat': 33.9136676, 'lng': -118.0814043}"
69,1569,Lutheran High School of Orange County,"3960 Fruit St, La Verne, CA 91750, USA","{'lat': 34.1154243, 'lng': -117.7608619}"
70,1570,Jefferson Union High School District,"1450 Terra Nova Blvd, Pacifica, CA 94044, USA","{'lat': 37.59592970000001, 'lng': -122.4769307}"
71,1571,Pinecrest School,"5975 Shoup Ave, Woodland Hills, CA 91367, USA","{'lat': 34.178371, 'lng': -118.6155394}"
72,1572,Midwood High School,"37481 Marsten Dr, Newark, CA 94560, USA","{'lat': 37.5370392, 'lng': -122.0204565}"
73,1573,Midwood High School,"228 Hamilton Ave, Palo Alto, CA 94301, USA","{'lat': 37.4440643, 'lng': -122.1610486}"
74,1574,Napa County Office Education,"2121 Imola Ave, Napa, CA 94559, USA","{'lat': 38.2784811, 'lng': -122.25759}"
75,1575,Las Virgenes Unified School District,"4111 Las Virgenes Rd, Calabasas, CA 91302, USA","{'lat': 34.134911, 'lng': -118.703225}"
76,1576,Elwyn Inc,"18325 Mt Baldy Cir, Fountain Valley, CA 92708, USA","{'lat': 33.6976152, 'lng': -117.9378063}"
77,1577,Oakes Childrens Center Inc,"1550 Treat Ave, San Francisco, CA 94110, USA","{'lat': 37.7459054, 'lng': -122.412703}"
78,1578,Francis Parker School,"4201 Randolph St, San Diego, CA 92103, USA","{'lat': 32.7540471, 'lng': -117.1761506}"
79,1579,LGS Recreation,"208 E Main St, Los Gatos, CA 95030, USA","{'lat': 37.2207452, 'lng': -121.9776813}"
80,1580,San Francisco Day School,"350 Masonic Ave, San Francisco, CA 94118, USA","{'lat': 37.7780111, 'lng': -122.4460603}"
81,1581,Metiri Group,"600 Corporate Pointe #11, Culver City, CA 90230, USA","{'lat': 33.98849610000001, 'lng': -118.3859579}"
82,1582,Greenfield Union School District Incorporated,"1624 Fairview Rd, Bakersfield, CA 93307, USA","{'lat': 35.304656, 'lng': -119.019897}"
83,1583,Whittier City School District,"7211 Whittier Ave, Whittier, CA 90602, USA","{'lat': 33.9768891, 'lng': -118.0437205}"
84,1584,Maybeck High School,"2362 Bancroft Way, Berkeley, CA 94704, USA","{'lat': 37.8680562, 'lng': -122.2619547}"
85,1585,Elk Grove Unified School District,"9510 Elk Grove Florin Rd, Elk Grove, CA 95624, USA","{'lat': 38.4131449, 'lng': -121.3728362}"
86,1586,York School,"9501 York Rd, Monterey, CA 93940, USA","{'lat': 36.5747421, 'lng': -121.8042116}"
87,1587,Nevada Joint Union High School District,"11645 Ridge Rd, Grass Valley, CA 95945, USA","{'lat': 39.2395484, 'lng': -121.0578511}"
88,1588,Torrance Unified School District,"2335 Plaza del Amo, Torrance, CA 90501, USA","{'lat': 33.8283749, 'lng': -118.3211391}"
89,1589,Beverly Hills Unified School District,"255 S Lasky Dr, Beverly Hills, CA 90212, USA","{'lat': 34.0625135, 'lng': -118.4102174}"
90,1590,Holy Family High School,"400 E Lomita Ave, Glendale, CA 91205, USA","{'lat': 34.1407827, 'lng': -118.2507893}"
91,1591,Campbell Union High School District,"901 Boynton Ave, San Jose, CA 95117, USA","{'lat': 37.3104272, 'lng': -121.9672848}"
92,1592,Pasadena High School,"325 S Oak Knoll Ave, Pasadena, CA 91101, USA","{'lat': 34.1399048, 'lng': -118.1354591}"
93,1593,Garces Memorial High School,"2800 Loma Linda Dr, Bakersfield, CA 93305, USA","{'lat': 35.3996785, 'lng': -119.0011903}"
94,1594,Santa Margarita Catholic High School,"22062 Antonio Pkwy, Rancho Santa Margarita, CA 92688, USA","{'lat': 33.643375, 'lng': -117.5802061}"
95,1595,Muroc Joint Unified School District,"17100 Foothill Ave, North Edwards, CA 93523, USA","{'lat': 35.0152244, 'lng': -117.8258767}"
96,1596,ROMAN CATHOLIC BISHOP OF ORANGE,"20444 Magnolia St, Huntington Beach, CA 92646, USA","{'lat': 33.6657179, 'lng': -117.970754}"
97,1597,Saint Francis High School,"1885 Miramonte Ave, Mountain View, CA 94040, USA","{'lat': 37.3693131, 'lng': -122.0863471}"
98,1598,Guffey Community Charter School,"1200 E California Blvd, Pasadena, CA 91125, USA","{'lat': 34.1356666, 'lng': -118.12724}"
99,1599,Serra Catholic School,"23652 Antonio Pkwy, Rancho Santa Margarita, CA 92688, USA","{'lat': 33.6188073, 'lng': -117.6115783}"
100,1600,Children's Health Council,"1405 Solana Dr, Belmont, CA 94002, USA","{'lat': 37.5109171, 'lng': -122.2842628}"
101,1601,CSHM High School,"329 N Garfield Ave, Montebello, CA 90640, USA","{'lat': 34.0171601, 'lng': -118.1306462}"
102,1602,St. Ignatius College Prep,"2001 37th Ave, San Francisco, CA 94116, USA","{'lat': 37.74744, 'lng': -122.4966069}"
103,1603,San Francisco Waldorf High School,"470 W Portal Ave, San Francisco, CA 94127, USA","{'lat': 37.7359213, 'lng': -122.4715357}"
104,1604,S Pasadena Unified School District,"1020 El Centro St, South Pasadena, CA 91030, USA","{'lat': 34.1149743, 'lng': -118.1555591}"
105,1605,Pasadena High School,"315 N Pasadena Ave, Pasadena, CA 91103, USA","{'lat': 34.1509503, 'lng': -118.1577988}"
106,1606,Anchorpoint Christian Schools,"8095 Kelton Dr, Gilroy, CA 95020, USA","{'lat': 37.014846, 'lng': -121.5975546}"
107,1607,East Side Union High School District,"888 S Capitol Ave, San Jose, CA 95127, USA","{'lat': 37.35321709999999, 'lng': -121.8275787}"
108,1608,Gateway Unified School District,"4411 Mountain Lakes Blvd, Redding, CA 96003, USA","{'lat': 40.6306234, 'lng': -122.3878635}"
109,1609,Servite High School,"1952 W La Palma Ave, Anaheim, CA 92801, USA","{'lat': 33.8466147, 'lng': -117.9495671}"
110,1610,Bishop O'Dowd High School,"9500 Stearns Ave, Oakland, CA 94605, USA","{'lat': 37.7530897, 'lng': -122.1550906}"
111,1611,Louisville High School,"22300 Mulholland Dr, Woodland Hills, CA 91364, USA","{'lat': 34.1488035, 'lng': -118.6100693}"
112,1612,San Ysidro School District,"4350 Otay Mesa Rd, San Diego, CA 92154, USA","{'lat': 32.562738, 'lng': -117.0400549}"
113,1613,Lutheran High School of Orange County,"2222 N Santiago Blvd, Orange, CA 92867, USA","{'lat': 33.8252799, 'lng': -117.8280289}"
114,1614,San Bernardino City Unified School District,"793 N E St, San Bernardino, CA 92410, USA","{'lat': 34.1135419, 'lng': -117.2937882}"
115,1615,Stuart Hall School for Boys,"1715 Octavia St, San Francisco, CA 94109, USA","{'lat': 37.788445, 'lng': -122.4273921}"
116,1616,Mountainview Elementary School,"24930 Avenue Stanford, Santa Clarita, CA 91355, USA","{'lat': 34.4390575, 'lng': -118.5718837}"
117,1617,Peninsula School Limited,"920 Peninsula Way, Menlo Park, CA 94025, USA","{'lat': 37.4663912, 'lng': -122.1657353}"
118,1618,St. John Bosco High School,"13640 Bellflower Blvd, Bellflower, CA 90706, USA","{'lat': 33.9063457, 'lng': -118.1231003}"
119,1619,San Dieguito Union High School District,"710 Encinitas Blvd, Encinitas, CA 92024, USA","{'lat': 33.049124, 'lng': -117.2765671}"
120,1620,Katherine Delmar Burke School,"7070 California St, San Francisco, CA 94121, USA","{'lat': 37.7843459, 'lng': -122.4932468}"
121,1621,Drew School,"2901 California St, San Francisco, CA 94115, USA","{'lat': 37.7876396, 'lng': -122.4423446}"
122,1622,Menlo Park City School District,"181 Encinal Ave, Atherton, CA 94027, USA","{'lat': 37.4637629, 'lng': -122.1862822}"
123,1623,Stuart Hall School for Boys,"2222 Broadway, San Francisco, CA 94123, USA","{'lat': 37.7946572, 'lng': -122.4342936}"
124,1624,St. Ignatius College Prep,"2001 37th Ave, San Francisco, CA 94116, USA","{'lat': 37.74744, 'lng': -122.4966069}"
125,1625,Arcadia Unified School District,"234 Campus Dr, Arcadia, CA 91007, USA","{'lat': 34.1304649, 'lng': -118.0405373}"
126,1626,Christian Brothers Inst Cal,"919 Iverson St, Salinas, CA 93901, USA","{'lat': 36.6647958, 'lng': -121.665027}"
127,1627,Ventura Unified School District,"6051 Paseo Encantada, Camarillo, CA 93012, USA","{'lat': 34.2017945, 'lng': -118.9860191}"
128,1628,Notre Dame High School - Belmont,"1540 Ralston Ave, Belmont, CA 94002, USA","{'lat': 37.5156274, 'lng': -122.2874524}"
129,1629,OUR LADY OF LORETTO BISHOP CONATY HIGH SCHOOL,"2900 W Pico Blvd, Los Angeles, CA 90006, USA","{'lat': 34.0466239, 'lng': -118.3033169}"
130,1630,Servite High School,"1952 W La Palma Ave, Anaheim, CA 92801, USA","{'lat': 33.8466147, 'lng': -117.9495671}"
131,1631,San Ramon Valley High School,"140 Love Ln, Danville, CA 94526, USA","{'lat': 37.8240019, 'lng': -122.0055685}"
132,1632,Odyssey Charter School,"725 W Altadena Dr, Altadena, CA 91001, USA","{'lat': 34.1993657, 'lng': -118.1607698}"
133,1633,East Side Union High School District,"3434 Silver Creek Rd, San Jose, CA 95121, USA","{'lat': 37.3037011, 'lng': -121.8057244}"
134,1634,Tesorohighschool Com,"1 Tesoro Creek Rd, Rancho Santa Margarita, CA 92688, USA","{'lat': 33.5779129, 'lng': -117.6138477}"
135,1635,Louisville High School,"22300 Mulholland Dr, Woodland Hills, CA 91364, USA","{'lat': 34.1488035, 'lng': -118.6100693}"
136,1636,Newport Mesa Unified School District (Inc),"2985 Bear St, Costa Mesa, CA 92626, USA","{'lat': 33.6784932, 'lng': -117.8945076}"
137,1637,Mater Dei High School,"1202 W Edinger Ave, Santa Ana, CA 92707, USA","{'lat': 33.7254434, 'lng': -117.8842535}"
138,1638,Katherine Delmar Burke School,"7070 California St, San Francisco, CA 94121, USA","{'lat': 37.7843459, 'lng': -122.4932468}"
139,1639,Elk Grove Unified School District,"8101 Grandstaff Dr, Sacramento, CA 95823, USA","{'lat': 38.463337, 'lng': -121.4230288}"
140,1640,Ontario Christian Schools,"931 W Philadelphia St, Ontario, CA 91762, USA","{'lat': 34.033345, 'lng': -117.6666365}"
141,1641,West Covina High School,"1501 W Del Norte St, West Covina, CA 91790, USA","{'lat': 34.0767725, 'lng': -117.937097}"
142,1642,Immaculate Heart High School,"5515 Franklin Ave, Los Angeles, CA 90028, USA","{'lat': 34.106195, 'lng': -118.3106706}"
143,1643,Tahoe Truckee Unified School District,"11839 Donner Pass Rd, Truckee, CA 96161, USA","{'lat': 39.3255297, 'lng': -120.2179594}"
144,1644,Myers Elementary School,"182 E Walnut Ave, Rialto, CA 92376, USA","{'lat': 34.1291753, 'lng': -117.3688122}"
145,1645,Oroville Union High School Dst,"2380 Las Plumas Ave, Oroville, CA 95966, USA","{'lat': 39.4786602, 'lng': -121.537714}"
146,1646,MARINERS CHRISTIAN SCHOOL,"300 Fischer Ave, Costa Mesa, CA 92626, USA","{'lat': 33.6758728, 'lng': -117.8772035}"
147,1647,Las Virgenes Unified School District,"28545 W Driver Ave, Agoura Hills, CA 91301, USA","{'lat': 34.150409, 'lng': -118.7489067}"
148,1648,Fullerton Joint Union High School District,"1051 W Bastanchury Rd, Fullerton, CA 92833, USA","{'lat': 33.8886705, 'lng': -117.944259}"
149,1649,North High School,"3620 W 182nd St, Torrance, CA 90504, USA","{'lat': 33.8653149, 'lng': -118.3359216}"
150,1650,Cox & Associates Inc.,"647 Windsor Cir, Chula Vista, CA 91910, USA","{'lat': 32.6362218, 'lng': -117.0519858}"
151,1651,Little Lake City School District,"6200 E Willow St, Long Beach, CA 90815, USA","{'lat': 33.8029213, 'lng': -118.1106438}"
152,1652,The Bridge School,"545 Eucalyptus Ave, Burlingame, CA 94010, USA","{'lat': 37.5686579, 'lng': -122.3621159}"
153,1653,Lindsay Unified School District,"371 E Hermosa St, Lindsay, CA 93247, USA","{'lat': 36.20665210000001, 'lng': -119.0884}"
154,1654,Rincon Valley Union School District,"5305 Dupont Dr, Santa Rosa, CA 95409, USA","{'lat': 38.4698267, 'lng': -122.652855}"
155,1655,San Francisco University High School,"3065 Jackson St, San Francisco, CA 94115, USA","{'lat': 37.7909556, 'lng': -122.4453526}"
156,1656,JSerra High School,"26351 Junipero Serra Rd, San Juan Capistrano, CA 92675, USA","{'lat': 33.5210313, 'lng': -117.667777}"
157,1657,St. Ignatius College Prep,"1287 37th Ave #37Th, San Francisco, CA 94122, USA","{'lat': 37.762981, 'lng': -122.4966843}"
158,1658,Drew School,"2901 California St, San Francisco, CA 94115, USA","{'lat': 37.7876396, 'lng': -122.4423446}"
159,1659,Rescue Union School District,"2380 Bass Lake Rd, Rescue, CA 95672, USA","{'lat': 38.6967603, 'lng': -121.0085571}"
160,1660,John Tracy Clinic,"806 W Adams Blvd, Los Angeles, CA 90007, USA","{'lat': 34.0295304, 'lng': -118.2802524}"
161,1661,Environmental Charter High School,"16315 Grevillea Ave, Lawndale, CA 90260, USA","{'lat': 33.8823576, 'lng': -118.3551435}"
162,1662,Arcadia Unified School Dst,"234 Campus Dr, Arcadia, CA 91007, USA","{'lat': 34.1304649, 'lng': -118.0405373}"
163,1663,Sweetwater Union High School District,"751 Otay Lakes Rd, Chula Vista, CA 91913, USA","{'lat': 32.6461246, 'lng': -116.9982109}"
164,1664,Excelsior Academy,"7202 Princess View Dr, San Diego, CA 92120, USA","{'lat': 32.8017025, 'lng': -117.0791554}"
165,1665,Century High School,"1601 E Chestnut Ave, Santa Ana, CA 92701, USA","{'lat': 33.7433759, 'lng': -117.8470776}"
166,1666,Myers Elementary School,"182 E Walnut Ave, Rialto, CA 92376, USA","{'lat': 34.1291753, 'lng': -117.3688122}"
167,1667,Sierra Unified School District,"27444 Tollhouse Rd, Tollhouse, CA 93667, USA","{'lat': 37.0031521, 'lng': -119.4065695}"
168,1668,Paraclete High School,"42145 30th St W, Lancaster, CA 93536, USA","{'lat': 34.6470571, 'lng': -118.1851871}"
169,1669,Oakwood School,"11600 W Magnolia Blvd, North Hollywood, CA 91601, USA","{'lat': 34.16462509999999, 'lng': -118.3845657}"
170,1670,San Francisco Day School,"350 Masonic Ave, San Francisco, CA 94118, USA","{'lat': 37.7780111, 'lng': -122.4460603}"
171,1671,Encinitas Union School District,"3330 Calle Barcelona, Carlsbad, CA 92009, USA","{'lat': 33.07405019999999, 'lng': -117.2380785}"
172,1672,ROMAN CATHOLIC BISHOP OF ORANGE,"20400 Magnolia St, Huntington Beach, CA 92646, USA","{'lat': 33.6663619, 'lng': -117.970754}"
173,1673,Holy Names High School,"4660 Harbord Dr, Oakland, CA 94618, USA","{'lat': 37.8394106, 'lng': -122.2309272}"
174,1674,ROMAN CATHOLIC BISHOP OF ORANGE,"20400 Magnolia St, Huntington Beach, CA 92646, USA","{'lat': 33.6663619, 'lng': -117.970754}"
175,1675,Maimonides Academy,"310 Huntley Dr, Los Angeles, CA 90048, USA","{'lat': 34.0769472, 'lng': -118.378382}"
176,1676,ROMAN CATHOLIC ARCHDIOCESE OF LOS ANGELES,"2500 K St, Sacramento, CA 95816, USA","{'lat': 38.5735248, 'lng': -121.4735324}"
177,1677,MONTESSORI CHILDREN'S CENTER INC,"25 Lake St, San Francisco, CA 94118, USA","{'lat': 37.7867097, 'lng': -122.4598082}"
178,1678,Santa Rita Union School District,"840 S Main St, Salinas, CA 93901, USA","{'lat': 36.6644259, 'lng': -121.6573414}"
179,1679,The Roman Catholic Archbishop of Los Angeles,"3424 Wilshire Blvd, Los Angeles, CA 90010, USA","{'lat': 34.0612473, 'lng': -118.2986006}"
180,1680,Gilroy High School,"8755 Kern Ave, Gilroy, CA 95020, USA","{'lat': 37.0213798, 'lng': -121.5924056}"
181,1681,Rosevlle Jint Un High Schl Dst,"1 Tiger Way, Roseville, CA 95678, USA","{'lat': 38.7580429, 'lng': -121.275752}"
182,1682,San Domenico School,"1500 Butterfield Rd, San Anselmo, CA 94960, USA","{'lat': 38.0179184, 'lng': -122.5874672}"
183,1683,Our Lady of Visitation School,"795 Sunnydale Ave, San Francisco, CA 94134, USA","{'lat': 37.7095703, 'lng': -122.4095566}"
184,1684,Redondo Beach Unified School District,"1401 Inglewood Ave, Redondo Beach, CA 90278, USA","{'lat': 33.8675144, 'lng': -118.3616264}"
185,1685,Saint Mary's College High School,"1294 Albina Ave, Berkeley, CA 94706, USA","{'lat': 37.8823513, 'lng': -122.2839474}"
186,1686,Oroville Union High School District,"2380 Las Plumas Ave, Oroville, CA 95966, USA","{'lat': 39.4786602, 'lng': -121.537714}"
187,1687,Arrowhead Christian Academy,"931 W Philadelphia St, Ontario, CA 91762, USA","{'lat': 34.033345, 'lng': -117.6666365}"
188,1688,Encinitas Educational Foundation,"101 S Rancho Santa Fe Rd, Encinitas, CA 92024, USA","{'lat': 33.0369923, 'lng': -117.2380955}"
189,1689,Serra High School,"14830 Van Ness Ave, Gardena, CA 90249, USA","{'lat': 33.8957351, 'lng': -118.3157956}"
190,1690,Ontario-Montclair School District,"950 W D St, Ontario, CA 91762, USA","{'lat': 34.0675287, 'lng': -117.6669978}"
191,1691,Coronado Schools Foundation,"1320 Ynez Pl, Coronado, CA 92118, USA","{'lat': 32.6835597, 'lng': -117.1772719}"
192,1692,Sycamore Valley Elementary: Site Council,"2200 Holbrook Dr, Danville, CA 94506, USA","{'lat': 37.8069675, 'lng': -121.9443113}"
193,1693,Woodland Christian School,"1616 West St, Woodland, CA 95695, USA","{'lat': 38.6587286, 'lng': -121.7846978}"
194,1694,San Ramon Valley Unified School District,"11611 E Branch Pkwy, San Ramon, CA 94582, USA","{'lat': 37.7517203, 'lng': -121.9071303}"
195,1695,Pasadena High School,"351 S Hudson Ave, Pasadena, CA 91101, USA","{'lat': 34.1396299, 'lng': -118.1341206}"
196,1696,St. Vincent De Paul High School,"849 Keokuk St, Petaluma, CA 94952, USA","{'lat': 38.24356100000001, 'lng': -122.6507041}"
197,1697,Mission Parish School,"31641 El Camino Real, San Juan Capistrano, CA 92675, USA","{'lat': 33.502771, 'lng': -117.662249}"
198,1698,Fresno Unified School District,"2309 Tulare St, Fresno, CA 93721, USA","{'lat': 36.7367063, 'lng': -119.7868896}"
199,1699,Santa Monica High School,"930 N Augusta St, Fresno, CA 93701, USA","{'lat': 36.754925, 'lng': -119.779648}"
