,_id,Name,Address,Geocodes
0,6600,Miami-Dade County Public Schools,"12525 NW 28th Ave, Miami, FL 33167, USA","{'lat': 25.8889717, 'lng': -80.24432940000001}"
1,6601,"Hillsborough County, Florida","1304 E Alsobrook St, Plant City, FL 33563, USA","{'lat': 28.0076642, 'lng': -82.11280889999999}"
2,6602,Orange County Public Schools,"4100 Lake Margaret Dr, Orlando, FL 32812, USA","{'lat': 28.5047802, 'lng': -81.33338789999999}"
3,6603,Bank United,"2450 NW 97th Ave, Doral, FL 33172, USA","{'lat': 25.7962423, 'lng': -80.35339809999999}"
4,6604,Hillel Community Day School,"19000 NE 25th Ave, Miami, FL 33180, USA","{'lat': 25.9514347, 'lng': -80.1512328}"
5,6605,The School District of Escambia County,"4820 N Palafox St, Pensacola, FL 32505, USA","{'lat': 30.4625737, 'lng': -87.23951919999999}"
6,6606,Montessori Teacher Training Institute,"6050 SW 57th Ave, Miami, FL 33143, USA","{'lat': 25.7148862, 'lng': -80.2861161}"
7,6607,Broward County Public Schools,"900 Pembroke Falls Blvd, Pembroke Pines, FL 33028, USA","{'lat': 26.01305, 'lng': -80.331157}"
8,6608,jcsb,"5331 Alabama St, Graceville, FL 32440, USA","{'lat': 30.956441, 'lng': -85.5190583}"
9,6609,Kind Foundation,"11911 US-1 Suite #201, North Palm Beach, FL 33408, USA","{'lat': 26.850454, 'lng': -80.05993339999999}"
10,6610,Seminole County Public Schools,"1101 S Bay Ave, Sanford, FL 32771, USA","{'lat': 28.8019291, 'lng': -81.2569597}"
11,6611,Brevard County Schools,"8440 Rosalind Ave, Cape Canaveral, FL 32920, USA","{'lat': 28.3926066, 'lng': -80.59895159999999}"
12,6612,Niceville Senior High School,"50 Holly Ave, Shalimar, FL 32579, USA","{'lat': 30.462048, 'lng': -86.586484}"
13,6613,Hillsborough County Public Schools,"901 E Kennedy Blvd, Tampa, FL 33602, USA","{'lat': 27.9490993, 'lng': -82.4524689}"
14,6614,Indian River Co School Dist,"50 N Cypress St, Fellsmere, FL 32948, USA","{'lat': 27.7692037, 'lng': -80.60452529999999}"
15,6615,"The School District of Palm Beach County, Flo...","1700 Barton Rd, Lake Worth, FL 33460, USA","{'lat': 26.5953707, 'lng': -80.0665015}"
16,6616,Orange County Public Schools,"209 Silverton St, Orlando, FL 32811, USA","{'lat': 28.5441634, 'lng': -81.43753389999999}"
17,6617,School District of Manatee County,"2800 27th St E, Bradenton, FL 34208, USA","{'lat': 27.475322, 'lng': -82.529048}"
18,6618,Duval County Public Schools (DCPS),"901 Kennard St, Jacksonville, FL 32208, USA","{'lat': 30.3913976, 'lng': -81.6711665}"
19,6619,osceola.k12.fl,"500 W Columbia Ave, Kissimmee, FL 34741, USA","{'lat': 28.306843, 'lng': -81.409071}"
20,6620,Miami-Dade County Public Schools,"514 NW 77th St, Miami, FL 33150, USA","{'lat': 25.8446865, 'lng': -80.2055946}"
21,6621,School District of Manatee County,"3404 Fort Hamer Rd, Parrish, FL 34219, USA","{'lat': 27.5425735, 'lng': -82.423283}"
22,6622,Levy County School District,"480 Marshburn Dr, Bronson, FL 32621, USA","{'lat': 29.4568795, 'lng': -82.63477569999999}"
23,6623,Duval County Public Schools (DCPS),"590 Duval Station Rd, Jacksonville, FL 32218, USA","{'lat': 30.4844512, 'lng': -81.60844469999999}"
24,6624,Duval County Public Schools,"12230 Biscayne Blvd, Jacksonville, FL 32218, USA","{'lat': 30.4525411, 'lng': -81.6711357}"
25,6625,Leon County School Board,"915 Hillcrest St, Tallahassee, FL 32308, USA","{'lat': 30.4520975, 'lng': -84.26787879999999}"
26,6626,Polk County Public School District,"1915 S Floral Ave, Bartow, FL 33830, USA","{'lat': 27.8761024, 'lng': -81.8463422}"
27,6627,Fort Lauderdale Preparatory School,"3275 W Oakland Park Blvd, Lauderdale Lakes, FL 33311, USA","{'lat': 26.166764, 'lng': -80.19063229999999}"
28,6628,"Escambia County, Florida","6201 Mobile Hwy, Pensacola, FL 32526, USA","{'lat': 30.464631, 'lng': -87.305582}"
29,6629,Polk County Public School District,"8201 Park-Byrd Rd, Lakeland, FL 33810, USA","{'lat': 28.1493964, 'lng': -81.9888045}"
30,6630,Hillsborough County Public Schools,"3910 W Fair Oaks Ave, Tampa, FL 33611, USA","{'lat': 27.8988452, 'lng': -82.5094507}"
31,6631,Hillsborough County Public Schools,"3501 Cork Rd, Plant City, FL 33565, USA","{'lat': 28.050337, 'lng': -82.175952}"
32,6632,Faith  Church,"N Meridian Rd, Tallahassee, FL 32303, USA","{'lat': 30.5219829, 'lng': -84.27745689999999}"
33,6633,"The School District of Palm Beach County, Flo...","757 Lighthouse Dr, North Palm Beach, FL 33408, USA","{'lat': 26.8181378, 'lng': -80.07291810000001}"
34,6634,American Public Works,"Tampa, FL 33601, USA","{'lat': 27.9401015, 'lng': -82.4501944}"
35,6635,The School District of Escambia County,"4425 Bellview Ave, Pensacola, FL 32526, USA","{'lat': 30.4676077, 'lng': -87.3063892}"
36,6636,Florida State University,"600 W College Ave, Tallahassee, FL 32306, USA","{'lat': 30.4407249, 'lng': -84.29066470000001}"
37,6637,Holy Comforter Episcopal Schl,"2001 Fleischmann Rd, Tallahassee, FL 32308, USA","{'lat': 30.4814072, 'lng': -84.2206341}"
38,6638,Orange County Public Schools,"14700 Sussex Dr, Alafaya, FL 32826, USA","{'lat': 28.584415, 'lng': -81.18301699999999}"
39,6639,Polk County Public School District,"601 Avenue C SE, Winter Haven, FL 33880, USA","{'lat': 28.0196313, 'lng': -81.7178411}"
40,6640,Broward County Public Schools,"3205 N University Dr, Pompano Beach, FL 33065, USA","{'lat': 26.2708397, 'lng': -80.2484388}"
41,6641,Brevard Public Schools,"201 Indian Trail, Cocoa, FL 32927, USA","{'lat': 28.4378066, 'lng': -80.7605857}"
42,6642,Windmill Sprinkler,"1055 Kingman Ave, Jacksonville, FL 32207, USA","{'lat': 30.3101579, 'lng': -81.6410686}"
43,6643,union.k12.fl,"800 SW 6th St, Lake Butler, FL 32054, USA","{'lat': 30.014926, 'lng': -82.3471175}"
44,6644,Orange County Public Schools,"311 N Dillard St, Winter Garden, FL 34787, USA","{'lat': 28.5709332, 'lng': -81.5823272}"
45,6645,School Board of Alachua  County,"2525 School House Rd, Gainesville, FL 32608, USA","{'lat': 29.6294681, 'lng': -82.4448085}"
46,6646,Duval County Public Schools (DCPS),"2335 W 18th St, Jacksonville, FL 32209, USA","{'lat': 30.3549257, 'lng': -81.70065079999999}"
47,6647,LifeSkills,"4526 S Orange Blossom Trl, Orlando, FL 32839, USA","{'lat': 28.4976267, 'lng': -81.3985902}"
48,6648,Hillsborough County Public Schools,"10101 Cross Creek Blvd, Tampa, FL 33647, USA","{'lat': 28.1409111, 'lng': -82.32339950000001}"
49,6649,Lee County School District,"10141 W Terry St, Bonita Springs, FL 34135, USA","{'lat': 26.346612, 'lng': -81.7858679}"
50,6650,School Board of Alachua  County,"5510 NW 27th Ave, Gainesville, FL 32606, USA","{'lat': 29.6786663, 'lng': -82.40158509999999}"
51,6651,Florida Department of Education,"325 W Gaines St Building Ste 1514, Tallahassee, FL 32399, USA","{'lat': 30.4349912, 'lng': -84.2849073}"
52,6652,Hernando County School Board,"19220 Youth Dr, Brooksville, FL 34601, USA","{'lat': 28.5911645, 'lng': -82.4137351}"
53,6653,Florida Department of Education,"7438 FL-47, Lake City, FL 32024, USA","{'lat': 30.080527, 'lng': -82.69628290000001}"
54,6654,School District of Manatee County,"305 17th St E, Palmetto, FL 34221, USA","{'lat': 27.5265212, 'lng': -82.5620335}"
55,6655,Miami-Dade County Public Schools,"15000 Bay Vista, North Miami, FL 33181, USA","{'lat': 25.9138521, 'lng': -80.1460857}"
56,6656,Duval County Public Schools (DCPS),"4815 Wesconnett Blvd, Jacksonville, FL 32210, USA","{'lat': 30.2547881, 'lng': -81.7369938}"
57,6657,Orange County Public Schools,"87 N Clarke Rd, Ocoee, FL 34761, USA","{'lat': 28.5711557, 'lng': -81.51446729999999}"
58,6658,Duval County Public Schools (DCPS),"3925 Athore Dr, Jacksonville, FL 32277, USA","{'lat': 30.3708883, 'lng': -81.5935064}"
59,6659,Miami-Dade County Public Schools,"314 NW 12th St, Miami, FL 33136, USA","{'lat': 25.7852627, 'lng': -80.2008005}"
60,6660,The School District of Escambia County,"501 Pickens Ave, Pensacola, FL 32503, USA","{'lat': 30.42678699999999, 'lng': -87.1829106}"
61,6661,Miami-Dade County Public Schools,"11990 SW 200th St, Miami, FL 33177, USA","{'lat': 25.579929, 'lng': -80.3858284}"
62,6662,Broward Community College,"111 E Las Olas Blvd, Fort Lauderdale, FL 33301, USA","{'lat': 26.119446, 'lng': -80.141768}"
63,6663,Marion County Public Schools,"5556 SE County Hwy 484, Belleview, FL 34420, USA","{'lat': 29.02641959999999, 'lng': -82.07094049999999}"
64,6664,Hillsborough County Public Schools,"5602 N Lois Ave, Tampa, FL 33614, USA","{'lat': 27.9979884, 'lng': -82.51411379999999}"
65,6665,Hillsborough County Public Schools,"16200 N Dale Mabry Hwy, Tampa, FL 33618, USA","{'lat': 28.1011837, 'lng': -82.50519229999999}"
66,6666,Hillsborough County Public Schools,"19002 Wood Sage Dr, Tampa, FL 33647, USA","{'lat': 28.1520159, 'lng': -82.3645492}"
67,6667,Hillsborough County Public Schools,"9325 Governors Run Dr, Seffner, FL 33584, USA","{'lat': 28.0260275, 'lng': -82.3282328}"
68,6668,Duval County Public Schools (DCPS),"4412 Barnes Rd S, Jacksonville, FL 32207, USA","{'lat': 30.2774435, 'lng': -81.6118982}"
69,6669,Florida Department of Education,"372 W Duval St, Lake City, FL 32055, USA","{'lat': 30.1887972, 'lng': -82.6416763}"
70,6670,Broward County Public Schools,"5251 NE 14th Way, Fort Lauderdale, FL 33334, USA","{'lat': 26.1909711, 'lng': -80.1290755}"
71,6671,Holy Nativity Episcopal School,"205 Hamilton Ave, Panama City, FL 32401, USA","{'lat': 30.1489158, 'lng': -85.6526791}"
72,6672,Lee County School District,"610 Del Prado Blvd S, Cape Coral, FL 33990, USA","{'lat': 26.6426105, 'lng': -81.9418881}"
73,6673,Lee County School District,"3050 Central Ave, Fort Myers, FL 33901, USA","{'lat': 26.6194653, 'lng': -81.864864}"
74,6674,"Francis & Luskey, LLC","Historic District, 35 Martin Luther King Blvd, Quincy, FL 32351, USA","{'lat': 30.5772298, 'lng': -84.57854809999999}"
75,6675,Niceville Senior High School,"689 Regatta Bay Blvd, Destin, FL 32541, USA","{'lat': 30.3968053, 'lng': -86.4238029}"
76,6676,Duval County Public Schools (DCPS),"10450 Theresa Dr, Jacksonville, FL 32246, USA","{'lat': 30.31894, 'lng': -81.5289559}"
77,6677,Orange County Public Schools,"4101 Gatlin Ave, Orlando, FL 32812, USA","{'lat': 28.4959381, 'lng': -81.3157871}"
78,6678,Duval County Public Schools (DCPS),"4827 Carlisle Rd, Jacksonville, FL 32210, USA","{'lat': 30.260517, 'lng': -81.7039112}"
79,6679,Broward County Public Schools,"8800 NW 50th St, Sunrise, FL 33351, USA","{'lat': 26.1853596, 'lng': -80.26872019999999}"
80,6680,Bayside High School,"1901 Degroodt Rd SW, Palm Bay, FL 32908, USA","{'lat': 27.9511536, 'lng': -80.67621199999999}"
81,6681,Jacksonville Jewish Federation,"8505 San Jose Blvd Ste A, Jacksonville, FL 32217, USA","{'lat': 30.2263548, 'lng': -81.6152535}"
82,6682,Community School Of Naples  Inc.,"13275 Livingston Rd, Naples, FL 34109, USA","{'lat': 26.217611, 'lng': -81.75425899999999}"
83,6683,Florida Department of Education,"1490 W Washington St, Monticello, FL 32344, USA","{'lat': 30.544677, 'lng': -83.8735177}"
84,6684,Pinellas County Schools,"701 16th St S, St. Petersburg, FL 33705, USA","{'lat': 27.7628479, 'lng': -82.6557709}"
85,6685,Hudson High School,"14410 Cobra Way, Hudson, FL 34669, USA","{'lat': 28.3669551, 'lng': -82.6436875}"
86,6686,Broward County Public Schools,"700 NE 56th St, Fort Lauderdale, FL 33334, USA","{'lat': 26.1942282, 'lng': -80.1365778}"
87,6687,"Hillsborough, County of","Tampa, FL 33672, USA","{'lat': 27.9469593, 'lng': -82.4595308}"
88,6688,Leon County School Board,"401 W Tharpe St, Tallahassee, FL 32303, USA","{'lat': 30.462481, 'lng': -84.287685}"
89,6689,Orange County Public Schools,"445 S Park Ave, Apopka, FL 32703, USA","{'lat': 28.6723437, 'lng': -81.50944539999999}"
90,6690,Flagler County Public Schools,"5505 Belle Terre Pkwy, Palm Coast, FL 32137, USA","{'lat': 29.5785049, 'lng': -81.2565295}"
91,6691,Lake County Schools,"680 E Highland Ave, Clermont, FL 34711, USA","{'lat': 28.5523572, 'lng': -81.7464828}"
92,6692,Lee County School District,"1200 Homestead Rd N, Lehigh Acres, FL 33936, USA","{'lat': 26.6077671, 'lng': -81.6490558}"
93,6693,Gulliver Schools,"6575 SW 88th St, Miami, FL 33156, USA","{'lat': 25.6894787, 'lng': -80.29978659999999}"
94,6694,Brevard Public Schools,"2000 Hawk Haven Dr, Indialantic, FL 32903, USA","{'lat': 28.1016571, 'lng': -80.5748869}"
95,6695,Polk County Public School District,"590 S Wilson Ave, Bartow, FL 33830, USA","{'lat': 27.8939309, 'lng': -81.8411811}"
96,6696,Polk County Public School District,"1000 N Buena Vista Dr, Lake Alfred, FL 33850, USA","{'lat': 28.1083, 'lng': -81.72908199999999}"
97,6697,Indian River Co School Dist,"4350 43rd Ave, Vero Beach, FL 32967, USA","{'lat': 27.671684, 'lng': -80.42905309999999}"
98,6698,Indian River Co School Dist,"3350 Indian River Dr E, Vero Beach, FL 32963, USA","{'lat': 27.6539222, 'lng': -80.36753980000002}"
99,6699,Seminole County Public Schools,"430 Vihlen Rd, Sanford, FL 32771, USA","{'lat': 28.7924452, 'lng': -81.3100268}"
100,6700,Lee County School District,"15200 Alexandria Ct, Fort Myers, FL 33908, USA","{'lat': 26.5214667, 'lng': -81.92602939999999}"
101,6701,Polk County Public School District,"151 E Central Ave, Lake Wales, FL 33853, USA","{'lat': 27.9014431, 'lng': -81.58844619999999}"
102,6702,Duval County Public Schools (DCPS),"2056 Lane Ave S, Jacksonville, FL 32210, USA","{'lat': 30.2804141, 'lng': -81.7558851}"
103,6703,Orange County Public Schools,"800 E Robinson St, Orlando, FL 32801, USA","{'lat': 28.5452703, 'lng': -81.36692339999999}"
104,6704,"The School District of Palm Beach County, Flo...","101 Barwick Rd, Delray Beach, FL 33445, USA","{'lat': 26.4609153, 'lng': -80.1132836}"
105,6705,St Lucie County Public Schools,"1661 SW Bayshore Blvd, Port St. Lucie, FL 34984, USA","{'lat': 27.2916826, 'lng': -80.364125}"
106,6706,Marion County Public Schools,"Elementary School, 9501 NE Jacksonville Rd, Anthony, FL 32617, USA","{'lat': 29.2889698, 'lng': -82.1095556}"
107,6707,Appraisal Mgmt Network Ser Inc,"13315 Orange Grove Dr, Tampa, FL 33618, USA","{'lat': 28.067313, 'lng': -82.50009440000001}"
108,6708,Glendale Baptist Church,"790 27th Ave, Vero Beach, FL 32968, USA","{'lat': 27.6160765, 'lng': -80.41313459999999}"
109,6709,Hillsborough County Public Schools,"6720 Covington Garden Dr, Apollo Beach, FL 33572, USA","{'lat': 27.78126, 'lng': -82.3692178}"
110,6710,Canopy Oaks Elementary School,"3250 Point View Dr, Tallahassee, FL 32303, USA","{'lat': 30.5101802, 'lng': -84.3473856}"
111,6711,"Educational Symposia, LLC","5620 W Sligh Ave, Tampa, FL 33634, USA","{'lat': 28.010507, 'lng': -82.5392554}"
112,6712,Brazer Carrie Center for Autism,"7425 SW 42nd St, Miami, FL 33155, USA","{'lat': 25.7318129, 'lng': -80.31545679999999}"
113,6713,Children'S Coalition Inc,"West Palm Beach, FL 33402, USA","{'lat': 26.7100035, 'lng': -80.05993269999999}"
114,6714,District School Board of Pasco Co.,"2329 Anclote Blvd, Holiday, FL 34691, USA","{'lat': 28.1739079, 'lng': -82.7744883}"
115,6715,"The School District of Palm Beach County, Flo...","600 E Coast Ave, Lantana, FL 33462, USA","{'lat': 26.5804231, 'lng': -80.0535796}"
116,6716,Lubavitch School,"17330 NW 7th Ave, Miami, FL 33169, USA","{'lat': 25.9320946, 'lng': -80.2105627}"
117,6717,Hillsborough County Public Schools,"10907 Memorial Hwy, Tampa, FL 33615, USA","{'lat': 28.016389, 'lng': -82.60163399999999}"
118,6718,Todd Realty,"5880 Stewart St, Milton, FL 32570, USA","{'lat': 30.64847619999999, 'lng': -87.0445672}"
119,6719,Miami-Dade County Public Schools,"3060 SW 85th Ave, Miami, FL 33155, USA","{'lat': 25.7412775, 'lng': -80.3341921}"
120,6720,Hernando County School Board,"27151 Roper Rd, Brooksville, FL 34602, USA","{'lat': 28.5293328, 'lng': -82.2920599}"
121,6721,School Board of Alachua  County,"1201 SE 43rd St, Gainesville, FL 32641, USA","{'lat': 29.640158, 'lng': -82.268464}"
122,6722,Florida Department of Education,"Jasper, FL 32052, USA","{'lat': 30.5182727, 'lng': -82.94819}"
123,6723,"The Leona Group, L.L.C.","10948 N Central Ave, Tampa, FL 33612, USA","{'lat': 28.0486017, 'lng': -82.45585439999999}"
124,6724,Hillsborough County Public Schools,"10948 N Central Ave, Tampa, FL 33612, USA","{'lat': 28.0486017, 'lng': -82.45585439999999}"
125,6725,Lee County School District,"1800 Unice Ave N, Lehigh Acres, FL 33971, USA","{'lat': 26.6349744, 'lng': -81.6925761}"
126,6726,Sarasota County Public Schools,"5110 Ashton Rd, Sarasota, FL 34233, USA","{'lat': 27.278419, 'lng': -82.46755499999999}"
127,6727,Hillsborough County Public Schools,"1207 E Renfro St, Plant City, FL 33563, USA","{'lat': 28.0127578, 'lng': -82.11188399999999}"
128,6728,Broward County Public Schools,"10905 SE Lake Blvd, Hollywood, FL 33026, USA","{'lat': 26.0325687, 'lng': -80.29288679999999}"
129,6729,Seminole County Public Schools,"1300 W 20th St, Sanford, FL 32771, USA","{'lat': 28.7949221, 'lng': -81.28194959999999}"
130,6730,Marion County Public Schools,"5000 SE Maricamp Rd, Ocala, FL 34480, USA","{'lat': 29.14356849999999, 'lng': -82.0667486}"
131,6731,Duval County Public Schools (DCPS),"6900 Altama Rd, Jacksonville, FL 32216, USA","{'lat': 30.301189, 'lng': -81.584981}"
132,6732,"The School District of Palm Beach County, Flo...","6500 Le Chalet Blvd, Boynton Beach, FL 33472, USA","{'lat': 26.551578, 'lng': -80.14768099999999}"
133,6733,Polk County Public School District,"1915 S Floral Ave, Bartow, FL 33830, USA","{'lat': 27.8761024, 'lng': -81.8463422}"
134,6734,Hillsborough County Public Schools,"17410 Commerce Park Blvd, Tampa, FL 33647, USA","{'lat': 28.1346489, 'lng': -82.3837492}"
135,6735,Accotink Academy By The Sea,"171 Canal Blvd, Ponte Vedra Beach, FL 32082, USA","{'lat': 30.1763589, 'lng': -81.3965812}"
136,6736,Duval County Public Schools,"1701 Prudential Dr, Jacksonville, FL 32207, USA","{'lat': 30.31732929999999, 'lng': -81.65038249999999}"
137,6737,Todd Realty,"1500 Cox Rd, Cocoa, FL 32926, USA","{'lat': 28.3823387, 'lng': -80.7863394}"
138,6738,Polk County Public School District,"4510 Lakeland Highlands Rd, Lakeland, FL 33813, USA","{'lat': 27.983165, 'lng': -81.92175399999999}"
139,6739,Especially For Children,"455 E Eau Gallie Blvd, Indian Harbour Beach, FL 32937, USA","{'lat': 28.1382193, 'lng': -80.593204}"
140,6740,Polk County Public School District,"1 Highlander Way, Lake Wales, FL 33853, USA","{'lat': 27.9167112, 'lng': -81.57885809999999}"
141,6741,Duval County Public Schools (DCPS),"7401 Old Kings Rd S, Jacksonville, FL 32217, USA","{'lat': 30.245726, 'lng': -81.614053}"
142,6742,Duval County Public Schools (DCPS),"1700 Old Middleburg Rd N, Jacksonville, FL 32210, USA","{'lat': 30.292971, 'lng': -81.769402}"
143,6743,Hernando County School Board,"3139 Dumont Ave, Spring Hill, FL 34609, USA","{'lat': 28.4790989, 'lng': -82.5106078}"
144,6744,Brevard Public Schools,"3645 Curtis Blvd, Port St John, FL 32927, USA","{'lat': 28.4768203, 'lng': -80.7793761}"
145,6745,Guardian Angel Catholic School,"2270 Evans Rd, Clearwater, FL 33763, USA","{'lat': 28.0244272, 'lng': -82.7439857}"
146,6746,Miami-Dade County Public Schools,"6100 NW 2nd Ave, Miami, FL 33127, USA","{'lat': 25.8318479, 'lng': -80.2007352}"
147,6747,Choctawhatchee High School,"110 Racetrack Rd NW, Fort Walton Beach, FL 32547, USA","{'lat': 30.451097, 'lng': -86.61952}"
148,6748,The School District of Escambia County,"7600 Kershaw St, Pensacola, FL 32534, USA","{'lat': 30.5074194, 'lng': -87.2771429}"
149,6749,School District of Manatee County,"6120 26th St W, Bradenton, FL 34207, USA","{'lat': 27.432156, 'lng': -82.5895374}"
150,6750,"The School District of Palm Beach County, Flo...","39600 SW Ave M, Belle Glade, FL 33430, USA","{'lat': 26.6690078, 'lng': -80.6790974}"
151,6751,"The School District of Palm Beach County, Flo...","3630 Parker Ave, West Palm Beach, FL 33405, USA","{'lat': 26.6775807, 'lng': -80.06108859999999}"
152,6752,Citrus County School Board,"3810 W Educational Path, Lecanto, FL 34461, USA","{'lat': 28.8237436, 'lng': -82.4971626}"
153,6753,Polk County Public School District,"215 Frederick Ave, Dundee, FL 33838, USA","{'lat': 28.027022, 'lng': -81.6182358}"
154,6754,Broward County Public Schools,"650 SW 3rd Ave, Deerfield Beach, FL 33441, USA","{'lat': 26.3089551, 'lng': -80.1066519}"
155,6755,Florida Department of Education,"553 Chan Bridge Dr, Jasper, FL 32052, USA","{'lat': 30.52772, 'lng': -82.9589774}"
156,6756,Madison County School District,"210 NE Duval Ave, Madison, FL 32340, USA","{'lat': 30.4711572, 'lng': -83.4093666}"
157,6757,Duval County Public Schools (DCPS),"3800 Crown Point Rd, Jacksonville, FL 32257, USA","{'lat': 30.1937133, 'lng': -81.614939}"
158,6758,Duval County Public Schools,"3400 Hendricks Ave, Jacksonville, FL 32207, USA","{'lat': 30.2899036, 'lng': -81.6509817}"
159,6759,Duval County Public Schools (DCPS),"2519 Bayview Rd, Jacksonville, FL 32210, USA","{'lat': 30.2737923, 'lng': -81.7254179}"
160,6760,Collier County School District,"255 6th St S, Naples, FL 34102, USA","{'lat': 26.14482, 'lng': -81.79796999999999}"
161,6761,Clay County School District,"900 Walnut St, Green Cove Springs, FL 32043, USA","{'lat': 29.9918902, 'lng': -81.6847466}"
162,6762,Polk County Public School District,"750 Hollingsworth Rd, Lakeland, FL 33801, USA","{'lat': 28.0365526, 'lng': -81.93964539999999}"
163,6763,School Board of Alachua  County,"21403 SE 69th Ave, Hawthorne, FL 32640, USA","{'lat': 29.5890331, 'lng': -82.0938073}"
164,6764,Citrus County School Board,"2912 San Jose Ave, Hollywood, FL 33026, USA","{'lat': 26.0341956, 'lng': -80.28537589999999}"
165,6765,Greenland Pines Elementary,"5050 Greenland Rd, Jacksonville, FL 32258, USA","{'lat': 30.15954, 'lng': -81.574679}"
166,6766,Leon County School Boar...,"2757 W Pensacola St, Tallahassee, FL 32304, USA","{'lat': 30.4408414, 'lng': -84.33481309999999}"
167,6767,Miami-Dade County Public Schools,"7977 W 12th Ave, Hialeah, FL 33014, USA","{'lat': 25.8953418, 'lng': -80.3063379}"
168,6768,Florida Department of Education,"469 SW Fighting Tiger Dr, Lake City, FL 32025, USA","{'lat': 30.147593, 'lng': -82.63681299999999}"
169,6769,Lake County Schools,"201 W Burleigh Blvd, Tavares, FL 32778, USA","{'lat': 28.8113311, 'lng': -81.7292136}"
170,6770,Annunciation Catholic Academy,"593 Jamestown Blvd, Altamonte Springs, FL 32714, USA","{'lat': 28.6821153, 'lng': -81.405704}"
171,6771,Annunciation Catholic Academy,"970 Montgomery Rd, Altamonte Springs, FL 32714, USA","{'lat': 28.6822937, 'lng': -81.4042442}"
172,6772,Miami-Dade County Public Schools,"6521 SW 62nd Ave, South Miami, FL 33143, USA","{'lat': 25.7100576, 'lng': -80.2934527}"
173,6773,Broward County Public Schools,"5050 SW 116th Ave, Cooper City, FL 33330, USA","{'lat': 26.0564992, 'lng': -80.3025943}"
174,6774,Marion County Public Schools,"10351 SE Maricamp Rd, Ocala, FL 34472, USA","{'lat': 29.078562, 'lng': -81.977758}"
175,6775,Barnabas Christian Academy,"1120 SW Paar Dr, Port St. Lucie, FL 34953, USA","{'lat': 27.2224701, 'lng': -80.3833061}"
176,6776,"The School District of Palm Beach County, Flo...","133 Park Rd N, Royal Palm Beach, FL 33411, USA","{'lat': 26.6924324, 'lng': -80.2363608}"
177,6777,Lee County School District,"3650 Michigan Ave #1, Fort Myers, FL 33916, USA","{'lat': 26.647094, 'lng': -81.83649799999999}"
178,6778,Miami-Dade County Public Schools,"500 NW 67th St, Miami, FL 33150, USA","{'lat': 25.8357174, 'lng': -80.2048537}"
179,6779,Polk County Public School District,"328 E Edgewood Dr, Lakeland, FL 33803, USA","{'lat': 28.0124779, 'lng': -81.95533549999999}"
180,6780,Pinellas County Schools,"1200 37th St S, St. Petersburg, FL 33711, USA","{'lat': 27.7580312, 'lng': -82.6817581}"
181,6781,"The School District of Palm Beach County, Flo...","970 N Seacrest Blvd, Boynton Beach, FL 33435, USA","{'lat': 26.5351917, 'lng': -80.0641978}"
182,6782,Broward County Public Schools,"2700 NW 69th Ave, Hollywood, FL 33024, USA","{'lat': 26.0344448, 'lng': -80.2280081}"
183,6783,Indian River Co School Dist,"4530 28th Ct, Vero Beach, FL 32967, USA","{'lat': 27.6759764, 'lng': -80.4135258}"
184,6784,County of Leon School Board,"2757 W Pensacola St, Tallahassee, FL 32304, USA","{'lat': 30.4408414, 'lng': -84.33481309999999}"
185,6785,Broward County Public Schools,"2700 Sportsplex Dr, Coral Springs, FL 33065, USA","{'lat': 26.2635554, 'lng': -80.2955419}"
186,6786,Lee County School District,"10701 Dean St, Bonita Springs, FL 34135, USA","{'lat': 26.3362361, 'lng': -81.7754338}"
187,6787,Duval County Public Schools (DCPS),"7050 Melvin Rd, Jacksonville, FL 32210, USA","{'lat': 30.254419, 'lng': -81.760668}"
188,6788,Duval County Public Schools,"7800 Gregory Dr, Jacksonville, FL 32210, USA","{'lat': 30.2617888, 'lng': -81.77727200000001}"
189,6789,"The School District of Palm Beach County, Flo...","3777 N Jog Rd, West Palm Beach, FL 33411, USA","{'lat': 26.7344611, 'lng': -80.13797360000001}"
190,6790,Newton County School District,"2109 Newton Dr NE, Covington, GA 30014, USA","{'lat': 33.5992866, 'lng': -83.8540119}"
191,6791,Newton County School District,"13387 Brown Bridge Rd, Covington, GA 30016, USA","{'lat': 33.5718912, 'lng': -83.9738474}"
192,6792,Houston County High School,"920 SR 96, Warner Robins, GA 31088, USA","{'lat': 32.5538954, 'lng': -83.6751496}"
193,6793,Houston County High School,"300 Mary Ln, Warner Robins, GA 31088, USA","{'lat': 32.6031256, 'lng': -83.65067789999999}"
194,6794,Forsyth County Schools,"136 Elm St, Cumming, GA 30040, USA","{'lat': 34.2142713, 'lng': -84.14293649999999}"
195,6795,Marietta City Schools,"250 Howard St NE, Marietta, GA 30060, USA","{'lat': 33.9575034, 'lng': -84.52725679999999}"
196,6796,Savannah-Chatham County Public School System,"1009 Clinch St, Savannah, GA 31405, USA","{'lat': 32.0456268, 'lng': -81.1177113}"
197,6797,Newton County School District,"45 Ram Dr, Covington, GA 30014, USA","{'lat': 33.5865963, 'lng': -83.8986466}"
198,6798,Newton County School District,"14567 GA-36, Covington, GA 30014, USA","{'lat': 33.4576364, 'lng': -83.843656}"
199,6799,Colquitt County Board Education,"710 Lane St, Moultrie, GA 31768, USA","{'lat': 31.1694054, 'lng': -83.76306459999999}"
200,6800,Newnan High School,"237 Jackson St, Newnan, GA 30263, USA","{'lat': 33.3944022, 'lng': -84.7997328}"
201,6801,RABUN COUNTY SCHOOLS,"108 Wildcat Hill Dr, Tiger, GA 30576, USA","{'lat': 34.8287925, 'lng': -83.42703999999999}"
202,6802,Baldwin County Schools,"Milledgeville, GA 31061, USA","{'lat': 33.0975564, 'lng': -83.2291862}"
203,6803,BARROW COUNTY SCHOOLS,"179 W Athens St, Winder, GA 30680, USA","{'lat': 33.99753, 'lng': -83.7326144}"
204,6804,Wacona Elementary School,"3101 State St, Waycross, GA 31503, USA","{'lat': 31.2492486, 'lng': -82.3773946}"
205,6805,Cobb County Schools,"5235 Austell Powder Springs Rd SW, Austell, GA 30106, USA","{'lat': 33.8280376, 'lng': -84.64390689999999}"
206,6806,BARROW COUNTY SCHOOLS,"163 M.L.K. Jr Dr, Winder, GA 30680, USA","{'lat': 33.9907769, 'lng': -83.709037}"
207,6807,Colquitt County Board Education,"28th Ave NW, Moultrie, GA 31768, USA","{'lat': 31.2056447, 'lng': -83.79576970000001}"
208,6808,Mill Creek High School,"437 Old Peachtree Rd NW, Suwanee, GA 30024, USA","{'lat': 34.0143978, 'lng': -84.0555025}"
209,6809,Wayne County Board Education,"1058 Fifth Ave, Jonesboro, GA 30236, USA","{'lat': 33.536398, 'lng': -84.35708029999999}"
210,6810,Trinity Christian School - Statesboro,"571 E Main St, Statesboro, GA 30461, USA","{'lat': 32.4552794, 'lng': -81.74857709999999}"
211,6811,Mill Creek High School,"1330 Holly Brook Rd SW, Snellville, GA 30078, USA","{'lat': 33.8806027, 'lng': -84.04210139999999}"
212,6812,Mill Creek High School,"437 Old Peachtree Rd NW, Suwanee, GA 30024, USA","{'lat': 34.0143978, 'lng': -84.0555025}"
213,6813,Newnan High School,"32 Clark St, Newnan, GA 30263, USA","{'lat': 33.3801332, 'lng': -84.8016176}"
214,6814,Trinity Chapel Academy,"4665 Macland Rd, Powder Springs, GA 30127, USA","{'lat': 33.9008221, 'lng': -84.69068469999999}"
215,6815,Newnan High School,"240 Edgeworth Rd, Newnan, GA 30263, USA","{'lat': 33.4373954, 'lng': -84.759577}"
216,6816,Dougherty County School System,"200 Pine Ave, Albany, GA 31701, USA","{'lat': 31.578074, 'lng': -84.1516753}"
217,6817,Gwinnett Technical College,"5150 Sugarloaf Pkwy, Lawrenceville, GA 30043, USA","{'lat': 33.9633632, 'lng': -84.06757739999999}"
218,6818,Mill Creek High School,"437 Old Peachtree Rd NW, Suwanee, GA 30024, USA","{'lat': 34.0143978, 'lng': -84.0555025}"
219,6819,Candler County Schools,"210 S College St, Metter, GA 30439, USA","{'lat': 32.3951008, 'lng': -82.06514349999999}"
220,6820,White County Board Education,"113 N Brooks St, Cleveland, GA 30528, USA","{'lat': 34.5983754, 'lng': -83.7625298}"
221,6821,Georgia School Boards Association,"5120 Sugarloaf Pkwy, Lawrenceville, GA 30043, USA","{'lat': 33.9615336, 'lng': -84.062868}"
222,6822,Mill Creek High School,"3946 S Bogan Rd, Buford, GA 30519, USA","{'lat': 34.0971597, 'lng': -83.979552}"
223,6823,Banks County High School,"102 GA-51, Homer, GA 30547, USA","{'lat': 34.345154, 'lng': -83.4810069}"
224,6824,Union County High School,"165 Elementary Way, Roscoe Collins Dr, Blairsville, GA 30512, USA","{'lat': 34.8775733, 'lng': -83.9507439}"
225,6825,Polk School Dst Bd Educatn,"612 S College St, Cedartown, GA 30125, USA","{'lat': 34.0071716, 'lng': -85.2576132}"
226,6826,Glynn County School Adm,"1313 Egmont St, Brunswick, GA 31520, USA","{'lat': 31.1478101, 'lng': -81.49144050000001}"
227,6827,Effingham County High School,"601 N Laurel St, Springfield, GA 31329, USA","{'lat': 32.3723423, 'lng': -81.3140394}"
228,6828,Liberty County Board Education,"110 S Gause St, Hinesville, GA 31313, USA","{'lat': 31.8462367, 'lng': -81.6019431}"
229,6829,Hart County,"Hartwell, GA 30643, USA","{'lat': 34.3528825, 'lng': -82.932087}"
230,6830,Lanier County Board Education,"Newnan, GA 30271, USA","{'lat': 33.39, 'lng': -84.86}"
231,6831,Baker County School District,"Newton, GA, USA","{'lat': 31.3129575, 'lng': -84.3357424}"
232,6832,Effingham County High School,"601 N Laurel St, Springfield, GA 31329, USA","{'lat': 32.3723423, 'lng': -81.3140394}"
233,6833,Mill Creek High School,"52 Gwinnett Dr, Lawrenceville, GA 30046, USA","{'lat': 33.9469452, 'lng': -83.99645579999999}"
234,6834,Grady County Schools,"211 W Broad Ave, Whigham, GA 39897, USA","{'lat': 30.8811377, 'lng': -84.328469}"
235,6835,Carroll County Schools,"164 Independence Dr, Carrollton, GA 30116, USA","{'lat': 33.5693261, 'lng': -85.0451451}"
236,6836,Newnan High School,"3530 GA-34, Sharpsburg, GA 30277, USA","{'lat': 33.4085615, 'lng': -84.6682191}"
237,6837,Newnan High School,"190 Lagrange St, Newnan, GA 30263, USA","{'lat': 33.3624294, 'lng': -84.8111658}"
238,6838,Tift County Schools,"Ridge Ave N, Tifton, GA 31794, USA","{'lat': 31.4812867, 'lng': -83.5092234}"
239,6839,Gainesville City Schools,"508 Oak St, Gainesville, GA 30501, USA","{'lat': 34.3011577, 'lng': -83.8329668}"
240,6840,Lanier County Board Education,"325 W Patten Ave, Lakeland, GA 31635, USA","{'lat': 31.037616, 'lng': -83.0772401}"
241,6841,Walker County Schools,"201 S Duke St, LaFayette, GA 30728, USA","{'lat': 34.703618, 'lng': -85.2806135}"
242,6842,Colquitt County Board Education,"812 11th Ave NW, Moultrie, GA 31768, USA","{'lat': 31.1906863, 'lng': -83.7980773}"
243,6843,Gwinnett Technical College,"5150 Sugarloaf Pkwy, Lawrenceville, GA 30043, USA","{'lat': 33.9633632, 'lng': -84.06757739999999}"
244,6844,Glynn County School Adm,"Brunswick, GA 31521, USA","{'lat': 31.15, 'lng': -81.49}"
245,6845,Gainesville City Schools,"1145 McEver Rd, Gainesville, GA 30504, USA","{'lat': 34.28849, 'lng': -83.8632779}"
246,6846,Dublin City Schools,"1100 Edgewood Dr, Dublin, GA 31021, USA","{'lat': 32.5512629, 'lng': -82.922507}"
247,6847,Valdosta City Schools,"1204 Williams St #5407, Valdosta, GA 31601, USA","{'lat': 30.8457558, 'lng': -83.28387959999999}"
248,6848,Mill Creek High School,"53 Gwinnett Dr BLDG C, Lawrenceville, GA 30046, USA","{'lat': 33.9465221, 'lng': -83.99757199999999}"
249,6849,Muscogee County School District,"Columbus, GA 31902, USA","{'lat': 32.46862, 'lng': -84.99141}"
250,6850,Cherokee Christian School Inc,"3075 Trickum Rd, Woodstock, GA 30188, USA","{'lat': 34.1148365, 'lng': -84.4690078}"
251,6851,Liberty County Board Education,"200 Bradwell St, Hinesville, GA 31313, USA","{'lat': 31.8498001, 'lng': -81.5920716}"
252,6852,Brooks County Schools,"1116 E 24th Ave, Cordele, GA 31015, USA","{'lat': 31.9529398, 'lng': -83.7631313}"
253,6853,BARROW COUNTY SCHOOLS,"179 W Athens St, Winder, GA 30680, USA","{'lat': 33.99753, 'lng': -83.7326144}"
254,6854,Burke County Board of Educn,"789 Burke Veterans Parkway, Waynesboro, GA 30830, USA","{'lat': 33.0799865, 'lng': -81.98803769999999}"
255,6855,BARROW COUNTY SCHOOLS,"Winder, GA 30680, USA","{'lat': 33.9926097, 'lng': -83.7201709}"
256,6856,Liberty County Board Education,"635 Taylor Rd, Hinesville, GA 31313, USA","{'lat': 31.8593846, 'lng': -81.6014507}"
257,6857,Gwinnett County Public Schools,"3737 Brock Rd NW, Duluth, GA 30096, USA","{'lat': 34.0092045, 'lng': -84.1441732}"
258,6858,Marist High School,"3790 Ashford Dunwoody Rd NE, Atlanta, GA 30319, USA","{'lat': 33.9014447, 'lng': -84.3351418}"
259,6859,Newnan High School,"6291 GA-16, Senoia, GA 30276, USA","{'lat': 33.3034222, 'lng': -84.5998276}"
260,6860,CEFGA,"Atlanta, GA, USA","{'lat': 33.7489954, 'lng': -84.3879824}"
261,6861,Newnan High School,"1523 Lower Fayetteville Rd, Newnan, GA 30265, USA","{'lat': 33.3783428, 'lng': -84.7425744}"
262,6862,Tift County Schools,"389 Tift Ave, Tifton, GA 31794, USA","{'lat': 31.4556593, 'lng': -83.5069997}"
263,6863,Mill Creek High School,"52 Gwinnett Dr, Lawrenceville, GA 30046, USA","{'lat': 33.9469452, 'lng': -83.99645579999999}"
264,6864,Mill Creek High School,"495 Maltbie St, Lawrenceville, GA 30046, USA","{'lat': 33.9636465, 'lng': -84.004297}"
265,6865,Ringgold Primary School,"307 Cleveland St, Ringgold, GA 30736, USA","{'lat': 34.918335, 'lng': -85.1125182}"
266,6866,Georgia School Boards Association,"2180 Satellite Blvd #390, Duluth, GA 30097, USA","{'lat': 33.98351230000001, 'lng': -84.0913022}"
267,6867,Jenkins County Board Of Education,"433 Barney Ave, Millen, GA 30442, USA","{'lat': 32.8088275, 'lng': -81.94019610000001}"
268,6868,CEFGA,"1132 W Peachtree St NW, Atlanta, GA 30309, USA","{'lat': 33.7855963, 'lng': -84.3882397}"
269,6869,Hebron Educational Ministries,"2975 Old Peachtree Rd NE, Dacula, GA 30019, USA","{'lat': 34.0080264, 'lng': -83.9264544}"
270,6870,Treutlen County Board of Education,"5040 S 3rd St, Soperton, GA 30457, USA","{'lat': 32.37596850000001, 'lng': -82.5919632}"
271,6871,Grady County School District,"122 N Broad St, Cairo, GA 39828, USA","{'lat': 30.8780404, 'lng': -84.2079317}"
272,6872,Ringgold Primary School,"Ringgold, GA 30736, USA","{'lat': 34.9159099, 'lng': -85.1091173}"
273,6873,Tift County Schools,"Ridge Ave N, Tifton, GA 31794, USA","{'lat': 31.4812867, 'lng': -83.5092234}"
274,6874,Dougherty County School System,"200 Pine Ave, Albany, GA 31701, USA","{'lat': 31.578074, 'lng': -84.1516753}"
275,6875,Newnan High School,"400 Sharpsburg McCollum Rd, Sharpsburg, GA 30277, USA","{'lat': 33.3508609, 'lng': -84.65739730000001}"
276,6876,Stages Theatre,"1105 Euclid Ave NE, Atlanta, GA 30307, USA","{'lat': 33.7637864, 'lng': -84.3508294}"
277,6877,Georgia School Boards Association,"208 Bull St, Savannah, GA 31401, USA","{'lat': 32.076319, 'lng': -81.0926465}"
278,6878,CEFGA,"3585 Lawrenceville-Suwanee Rd #301, Suwanee, GA 30024, USA","{'lat': 34.0472547, 'lng': -84.05853359999999}"
279,6879,Baldwin County Schools,"110 ABC St, Milledgeville, GA 31061, USA","{'lat': 33.0868982, 'lng': -83.2626015}"
280,6880,Glynn County Schools,"Brunswick, GA 31521, USA","{'lat': 31.15, 'lng': -81.49}"
281,6881,Mill Creek High School,"610 W Crogan St, Lawrenceville, GA 30046, USA","{'lat': 33.9455286, 'lng': -84.0015042}"
282,6882,Georgia School Boards Association,"575 Washington St, Jefferson, GA 30549, USA","{'lat': 34.1226231, 'lng': -83.5822807}"
283,6883,Worth County Schools,"406 W King St, Sylvester, GA 31791, USA","{'lat': 31.5469181, 'lng': -83.84166739999999}"
284,6884,Colquitt County Board Education,"1800 Park Ave SE, Moultrie, GA 31768, USA","{'lat': 31.1706229, 'lng': -83.76406349999999}"
285,6885,Calhoun City Schools,"700 W Line St, Calhoun, GA 30701, USA","{'lat': 34.5045245, 'lng': -84.9633446}"
286,6886,Liberty County Board Education,"200 Bradwell St, Hinesville, GA 31313, USA","{'lat': 31.8498001, 'lng': -81.5920716}"
287,6887,Randolph County High School,"98 School Dr, Cuthbert, GA 39840, USA","{'lat': 31.7604796, 'lng': -84.793883}"
288,6888,Carroll County Schools,"164 Independence Dr, Carrollton, GA 30116, USA","{'lat': 33.5693261, 'lng': -85.0451451}"
289,6889,Georgia School Boards Association,"2450 Galleria Pkwy, Atlanta, GA 30339, USA","{'lat': 33.8848773, 'lng': -84.4646243}"
290,6890,Carroll County Schools,"118 Glanton St, Villa Rica, GA 30180, USA","{'lat': 33.7272147, 'lng': -84.9131249}"
291,6891,Carroll County Schools,"155 Whooping Creek Rd, Carrollton, GA 30116, USA","{'lat': 33.5387911, 'lng': -85.06558869999999}"
292,6892,Cobb County Schools,"4010 King Springs Rd SE, Smyrna, GA 30082, USA","{'lat': 33.8559621, 'lng': -84.5212358}"
293,6893,Althoff Catholic High School,"216 W Remington Ave, Thomasville, GA 31792, USA","{'lat': 30.8372648, 'lng': -83.97711579999999}"
294,6894,Union County Schools,"592 School Cir, Blairsville, GA 30512, USA","{'lat': 34.8756361, 'lng': -83.94978329999999}"
295,6895,Trinity Chapel Academy,"4665 Macland Rd, Powder Springs, GA 30127, USA","{'lat': 33.9008221, 'lng': -84.69068469999999}"
296,6896,Newnan High School,"200 Pete Rd, Sharpsburg, GA 30277, USA","{'lat': 33.4648547, 'lng': -84.648035}"
297,6897,Decatur Board of Education,"320 N McDonough St, Decatur, GA 30030, USA","{'lat': 33.7729854, 'lng': -84.29675}"
298,6898,Bremen City Schools,"101 Katelyn Cir, Warner Robins, GA 31088, USA","{'lat': 32.6120724, 'lng': -83.69911359999999}"
299,6899,Newnan High School,"55 Savannah St #280, Newnan, GA 30263, USA","{'lat': 33.3702736, 'lng': -84.7934032}"
300,6900,Newnan High School,"160 M.L.K. Jr Dr, Newnan, GA 30263, USA","{'lat': 33.3647532, 'lng': -84.7831193}"
301,6901,Glynn County School Adm,"2301 Stonewall St, Brunswick, GA 31520, USA","{'lat': 31.1624929, 'lng': -81.4912129}"
302,6902,Hart County,"284 Campbell Dr #696, Hartwell, GA 30643, USA","{'lat': 34.3496154, 'lng': -82.9247345}"
303,6903,Brantley County Middle School,"272 School St, Nahunta, GA 31553, USA","{'lat': 31.1916542, 'lng': -81.98065179999999}"
304,6904,Washington Co School District,"Sandersville, GA, USA","{'lat': 32.9815431, 'lng': -82.810138}"
305,6905,Muscogee County School District,"4601 Buena Vista Rd, Columbus, GA 31907, USA","{'lat': 32.4672598, 'lng': -84.91688119999999}"
306,6906,Carroll County Schools,"164 Independence Dr, Carrollton, GA 30116, USA","{'lat': 33.5693261, 'lng': -85.0451451}"
307,6907,BARROW COUNTY SCHOOLS,"47 McElhannon Rd SW, Bethlehem, GA 30620, USA","{'lat': 33.9224047, 'lng': -83.71916639999999}"
308,6908,Carroll County Schools,"275 Rainey Rd, Temple, GA 30179, USA","{'lat': 33.7470851, 'lng': -85.0270001}"
309,6909,Pickens County Board-Education,"91 D. B. Carrol St, Jasper, GA 30143, USA","{'lat': 34.4684704, 'lng': -84.4319958}"
310,6910,Dooly County Middle School,"11949 US-41, Pinehurst, GA 31070, USA","{'lat': 32.1847751, 'lng': -83.7668022}"
311,6911,Laurens County,"467 Firetower Rd, Dublin, GA 31021, USA","{'lat': 32.4995309, 'lng': -82.9386018}"
312,6912,Bremen City Schools,"504 Laurel St, Bremen, GA 30110, USA","{'lat': 33.7183408, 'lng': -85.1399551}"
313,6913,Gainesville City Schools,"695 Fair St, Gainesville, GA 30501, USA","{'lat': 34.3001806, 'lng': -83.81357249999999}"
314,6914,Mill Creek High School,"3250 River Dr SW, Lawrenceville, GA 30044, USA","{'lat': 33.8842651, 'lng': -84.069431}"
315,6915,Tyrone,"155 Marquis Dr, Fayetteville, GA 30214, USA","{'lat': 33.4512666, 'lng': -84.48120329999999}"
316,6916,Polk School Dst Bd Educatn,"Cedartown, GA 30125, USA","{'lat': 34.0112715, 'lng': -85.25658229999999}"
317,6917,Lee County Board of Education,"Leesburg, GA 31763, USA","{'lat': 31.7321156, 'lng': -84.1707423}"
318,6918,Fellowship Christian School,"10965 Woodstock Rd, Roswell, GA 30075, USA","{'lat': 34.0495772, 'lng': -84.3775325}"
319,6919,Prince Avenue Christian School,"2201 Ruth Jackson Rd, Bogart, GA 30622, USA","{'lat': 33.9118138, 'lng': -83.55301539999999}"
320,6920,Newnan High School,"41 Evans Dr, Newnan, GA 30263, USA","{'lat': 33.3901254, 'lng': -84.8192347}"
321,6921,Camden County Public Schools,"6300 Laurel Island Pkwy, Kingsland, GA 31548, USA","{'lat': 30.8185506, 'lng': -81.64638579999999}"
322,6922,Community Christian School,"2001 Jodeco Rd, Stockbridge, GA 30281, USA","{'lat': 33.4813074, 'lng': -84.22722089999999}"
323,6923,Eagles Landing First Ba,"2400 GA-42, McDonough, GA 30253, USA","{'lat': 33.5057371, 'lng': -84.1824158}"
324,6924,Early County School District,"12020 Columbia St, Blakely, GA 39823, USA","{'lat': 31.373881, 'lng': -84.9417268}"
325,6925,Social Circle City Schools,"240 W Hightower Trail, Social Circle, GA 30025, USA","{'lat': 33.6575436, 'lng': -83.7204577}"
326,6926,Hart County,"284 Campbell Dr, Hartwell, GA 30643, USA","{'lat': 34.3496154, 'lng': -82.9247345}"
327,6927,Dublin City Schools,"207 Shamrock Dr, Dublin, GA 31021, USA","{'lat': 32.54501930000001, 'lng': -82.94914620000002}"
328,6928,Jenkins County Board Of Education,"1152 E Winthrope Ave, Millen, GA 30442, USA","{'lat': 32.8040833, 'lng': -81.9288006}"
329,6929,Atlanta International School,"2890 N Fulton Dr NE, Atlanta, GA 30305, USA","{'lat': 33.8336325, 'lng': -84.37843579999999}"
330,6930,Marist High School,"3790 Ashford Dunwoody Rd NE, Atlanta, GA 30319, USA","{'lat': 33.9014447, 'lng': -84.3351418}"
331,6931,UNION COUNTY SCHOOL DISTRICT,"210 School St, Blairsville, GA 30512, USA","{'lat': 34.8756729, 'lng': -83.95405840000001}"
332,6932,Bibb County Schools,"484 Mulberry St #310, Macon, GA 31201, USA","{'lat': 32.8363566, 'lng': -83.6261133}"
333,6933,Schley County Board Of Education Inc,"161 Perry Dr, Ellaville, GA 31806, USA","{'lat': 32.2379961, 'lng': -84.3162718}"
334,6934,Jenkins County Elementary School,"1152 E Winthrope Ave, Millen, GA 30442, USA","{'lat': 32.8040833, 'lng': -81.9288006}"
335,6935,Gainesville City Schools,"508 Oak St Ste 2 Hall, Gainesville, GA 30501, USA","{'lat': 34.3011577, 'lng': -83.8329668}"
336,6936,Holy Innocents' Episcopal School,"805 Mount Vernon Hwy, Sandy Springs, GA 30327, USA","{'lat': 33.9099063, 'lng': -84.4134364}"
337,6937,Sophia Academy,"650 Mount Vernon Hwy, Atlanta, GA 30328, USA","{'lat': 33.9285297, 'lng': -84.3649317}"
338,6938,Newnan High School,"965 Smokey Rd, Newnan, GA 30263, USA","{'lat': 33.3621877, 'lng': -84.8453083}"
339,6939,Georgia School Boards Association,"5120 Sugarloaf Pkwy, Lawrenceville, GA 30043, USA","{'lat': 33.9615336, 'lng': -84.062868}"
340,6940,Gwinnett Technical College,"5150 Sugarloaf Pkwy, Lawrenceville, GA 30043, USA","{'lat': 33.9633632, 'lng': -84.06757739999999}"
341,6941,Cobb County Schools,"461 South Gordon Rd SW, Mableton, GA 30126, USA","{'lat': 33.7886321, 'lng': -84.5682399}"
342,6942,DOOLY RECREATION,"Vienna, GA 31092, USA","{'lat': 32.0915577, 'lng': -83.7954518}"
343,6943,Sumter County School District,"100 Learning Ln, Americus, GA 31719, USA","{'lat': 32.1110533, 'lng': -84.21293469999999}"
344,6944,Madison County Bd of Education,"900 Madison St, Danielsville, GA 30633, USA","{'lat': 34.1178853, 'lng': -83.2075972}"
345,6945,Jenkins County Elementary School,"527 Barney Ave, Millen, GA 30442, USA","{'lat': 32.8088275, 'lng': -81.94019610000001}"
346,6946,Valdosta City Schools,"Valdosta, GA 31603, USA","{'lat': 30.68814, 'lng': -83.31575}"
347,6947,Valwood School,"4380 Old U.S. 41 N, Hahira, GA 31632, USA","{'lat': 30.9206586, 'lng': -83.346094}"
348,6948,CEFGA,"3585 Lawrenceville-Suwanee Rd, Suwanee, GA 30024, USA","{'lat': 34.0472547, 'lng': -84.05853359999999}"
349,6949,Dublin City School Supt,"207 Shamrock Dr, Dublin, GA 31021, USA","{'lat': 32.54501930000001, 'lng': -82.94914620000002}"
350,6950,Neighborhood Charter School,"688 Grant St SE, Atlanta, GA 30315, USA","{'lat': 33.735702, 'lng': -84.3760953}"
351,6951,Mill Creek High School,"20 Level Creek Rd, Suwanee, GA 30024, USA","{'lat': 34.0846073, 'lng': -84.07160879999999}"
352,6952,Burke County Board of Educn,"1342 Idlewood Rd, Waynesboro, GA 30830, USA","{'lat': 33.0244175, 'lng': -81.9578073}"
353,6953,Troup County School District,"200 Mooty Bridge Rd, LaGrange, GA 30240, USA","{'lat': 33.0536974, 'lng': -85.0305321}"
354,6954,Mill Creek High School,"610 W Crogan St, Lawrenceville, GA 30046, USA","{'lat': 33.9455286, 'lng': -84.0015042}"
355,6955,Bremen City Schools,"504 Laurel St, Bremen, GA 30110, USA","{'lat': 33.7183408, 'lng': -85.1399551}"
356,6956,Muscogee County School District,"954 High Ln, Columbus, GA 31907, USA","{'lat': 32.465179, 'lng': -84.88562999999999}"
357,6957,Saint John Neumann Regional Catholic School,"791 Tom Smith Rd SW, Lilburn, GA 30047, USA","{'lat': 33.8773066, 'lng': -84.0927876}"
358,6958,Chamblee High School,"3518 Broad St, Chamblee, GA 30341, USA","{'lat': 33.8950567, 'lng': -84.2992585}"
359,6959,Glynn County School Adm,"2301 Stonewall St #102, Brunswick, GA 31520, USA","{'lat': 31.1624929, 'lng': -81.4912129}"
360,6960,BOOTH MIDDLE SCHOOL,"210 Stonewall Ave W, Fayetteville, GA 30214, USA","{'lat': 33.4472375, 'lng': -84.458368}"
361,6961,Mill Creek High School,"950 McElvaney Ln NW, Lawrenceville, GA 30044, USA","{'lat': 33.953147, 'lng': -84.061292}"
362,6962,CEFGA,"54 Cedar Ridge Airport Rd, Griffin, GA 30223, USA","{'lat': 33.2527092, 'lng': -84.3979622}"
363,6963,Newnan High School,"275 Pine Rd, Newnan, GA 30263, USA","{'lat': 33.3325307, 'lng': -84.7882568}"
364,6964,Putnam County School Dist,"158 Old Glenwood Springs Rd, Eatonton, GA 31024, USA","{'lat': 33.3101422, 'lng': -83.3957768}"
365,6965,Jasper County High School,"1125 Fred Smith St, Monticello, GA 31064, USA","{'lat': 33.295685, 'lng': -83.68790109999999}"
366,6966,Worth County Schools,"504 E Price St, Sylvester, GA 31791, USA","{'lat': 31.5341931, 'lng': -83.8292791}"
367,6967,Newnan High School,"400 GA-154, Sharpsburg, GA 30277, USA","{'lat': 33.3493574, 'lng': -84.6602951}"
368,6968,Newnan High School,"Newnan, GA 30264, USA","{'lat': 33.3763255, 'lng': -84.71352139999999}"
369,6969,Atlanta Charter Middle School,"820 Essie Ave SE, Atlanta, GA 30316, USA","{'lat': 33.7325263, 'lng': -84.35510860000001}"
370,6970,Lanier County Board Education,"247 US-221, Lakeland, GA 31635, USA","{'lat': 31.0397352, 'lng': -83.07466289999999}"
371,6971,Bolton High School,"Atlanta, GA 30384, USA","{'lat': 33.75, 'lng': -84.39}"
372,6972,Dublin City Schools,"1501 N Jefferson St, Dublin, GA 31021, USA","{'lat': 32.5686327, 'lng': -82.9218346}"
373,6973,BOOTH MIDDLE SCHOOL,"975 Robinson Rd, Peachtree City, GA 30269, USA","{'lat': 33.37004599999999, 'lng': -84.53662419999999}"
374,6974,Carroll County Schools,"600 Rocky Branch Rd, Villa Rica, GA 30180, USA","{'lat': 33.7275159, 'lng': -84.9459862}"
375,6975,Wayne County Board Education,"555 Sunset Blvd, Jesup, GA 31545, USA","{'lat': 31.6152014, 'lng': -81.9038767}"
376,6976,Mill Creek High School,"1600 Riverside Pkwy, Lawrenceville, GA 30043, USA","{'lat': 33.9776963, 'lng': -84.0264907}"
377,6977,Georgia School Boards Association,"931 E Winthrope Ave, Millen, GA 30442, USA","{'lat': 32.8042804, 'lng': -81.9344009}"
378,6978,School District of Putnam Cnty,"158 Old Glenwood Springs Rd, Eatonton, GA 31024, USA","{'lat': 33.3101422, 'lng': -83.3957768}"
379,6979,Rome City School District,"508 E 2nd St, Rome, GA 30161, USA","{'lat': 34.2544081, 'lng': -85.1678239}"
380,6980,Georgia School Boards Association,"106 S Community Dr, Sylvania, GA 30467, USA","{'lat': 32.7496205, 'lng': -81.6437061}"
381,6981,Carroll County Schools,"46 Horsley Mill Rd, Carrollton, GA 30117, USA","{'lat': 33.5764562, 'lng': -85.04753430000001}"
382,6982,Rome City School District,"508 E 2nd St, Rome, GA 30161, USA","{'lat': 34.2544081, 'lng': -85.1678239}"
383,6983,Mount Paran Church Of God,"1700 Allgood Rd NE, Marietta, GA 30062, USA","{'lat': 33.9813797, 'lng': -84.50280049999999}"
384,6984,Camden County Public Schools,"311 S East St, Kingsland, GA 31548, USA","{'lat': 30.7972436, 'lng': -81.6848467}"
385,6985,Muscogee County School District,"215 McNaughton St, Cusseta, GA 31805, USA","{'lat': 32.3080016, 'lng': -84.7641763}"
386,6986,The Walker School,"700 Cobb Pkwy N, Marietta, GA 30062, USA","{'lat': 33.9703231, 'lng': -84.5372903}"
387,6987,Colquitt County Board Education,"1800 Park Ave SE, Moultrie, GA 31768, USA","{'lat': 31.1706229, 'lng': -83.76406349999999}"
388,6988,Commerce Middle School,"270 Lakeview Dr, Commerce, GA 30529, USA","{'lat': 34.1980678, 'lng': -83.46368830000002}"
389,6989,Carroll County Schools,"115 Old Muse Rd, Carrollton, GA 30116, USA","{'lat': 33.6478662, 'lng': -85.0483919}"
390,6990,Muscogee County School District,"6400, 6400 Forrest Rd, Columbus, GA 31907, USA","{'lat': 32.4873079, 'lng': -84.8813447}"
391,6991,Carroll County Schools,"60 Old Carrollton Rd, Roopville, GA 30170, USA","{'lat': 33.4618532, 'lng': -85.12991060000002}"
392,6992,Muscogee County School District,"1112 29th St, Columbus, GA 31904, USA","{'lat': 32.488799, 'lng': -84.978201}"
393,6993,Union City MS,"10 Hughes St, Blairsville, GA 30512, USA","{'lat': 34.877545, 'lng': -83.95482489999999}"
394,6994,Grady County Schools,"958 1st St NW, Cairo, GA 39828, USA","{'lat': 30.886754, 'lng': -84.210531}"
395,6995,Board Of Education,"Talbotton, GA 31827, USA","{'lat': 32.6776372, 'lng': -84.5393664}"
396,6996,Randolph County High School,"1208 Andrew St, Cuthbert, GA 39840, USA","{'lat': 31.7700308, 'lng': -84.79543410000001}"
397,6997,Carroll County Public Schools,"164 Independence Dr, Carrollton, GA 30116, USA","{'lat': 33.5693261, 'lng': -85.0451451}"
398,6998,Early County School District,"2581, 11927 Columbia Rd, Blakely, GA 39823, USA","{'lat': 31.3763445, 'lng': -84.94313679999999}"
399,6999,BOOTH MIDDLE SCHOOL,"1533 GA-85, Fayetteville, GA 30215, USA","{'lat': 33.3873535, 'lng': -84.4747677}"
