,_id,Name,Address,Geocodes
0,16500,Monroe County Community School Corporation,"3980 S Sare Rd, Bloomington, IN 47401, USA","{'lat': 39.1236971, 'lng': -86.5109451}"
1,16501,Hamilton Southeastern Schools,"12011 Olio Rd, Fishers, IN 46037, USA","{'lat': 39.96327369999999, 'lng': -85.9151888}"
2,16502,Floyds Knobs Elementary,"1111 Pearl St, New Albany, IN 47150, USA","{'lat': 38.2951923, 'lng': -85.82756440000001}"
3,16503,Bethany Christian Schools,"2904 S Main St, Goshen, IN 46526, USA","{'lat': 41.5455389, 'lng': -85.8266256}"
4,16504,New Palestine High School,"Greenfield, IN 46140, USA","{'lat': 39.785043, 'lng': -85.7694226}"
5,16505,Community Schools of Frankfort,"1910 S Jackson St, Frankfort, IN 46041, USA","{'lat': 40.2646579, 'lng': -86.513136}"
6,16506,Kokomo-Center Township Consolidated School Corporation,"303 E Superior St, Kokomo, IN 46901, USA","{'lat': 40.4847699, 'lng': -86.12826559999999}"
7,16507,Gary Community School Corp,"2367 E 21st Ave, Gary, IN 46407, USA","{'lat': 41.57920110000001, 'lng': -87.30774819999999}"
8,16508,West Noble School Corporation,"5094 US-33, Ligonier, IN 46767, USA","{'lat': 41.4254052, 'lng': -85.5808959}"
9,16509,Indianapolis Public School,"6150 Gateway Dr, Indianapolis, IN 46254, USA","{'lat': 39.8291689, 'lng': -86.26799489999999}"
10,16510,Franklin Township Community School Corp,"6215 S Franklin Rd, Indianapolis, IN 46259, USA","{'lat': 39.6760364, 'lng': -86.01595089999999}"
11,16511,The Metropolitan School District of Warren Township,"8301 Rawles Ave, Indianapolis, IN 46219, USA","{'lat': 39.7612856, 'lng': -86.0207669}"
12,16512,Indianapolis Public School,"5435 E Washington St, Indianapolis, IN 46219, USA","{'lat': 39.7699474, 'lng': -86.0745927}"
13,16513,Howe Military School,"2690 E 700 N, Howe, IN 46746, USA","{'lat': 41.7423791, 'lng': -85.3728993}"
14,16514,Monroe County Community School Corporation,"9090 S Strain Ridge Rd, Bloomington, IN 47401, USA","{'lat': 39.0338195, 'lng': -86.52189369999999}"
15,16515,Fort Wayne Community Schools,"2825 Fairfield Ave, Fort Wayne, IN 46807, USA","{'lat': 41.0590641, 'lng': -85.14412820000001}"
16,16516,Kokomo-Center Township Consolidated School Corporation,"923 N Korby St, Kokomo, IN 46901, USA","{'lat': 40.49423170000001, 'lng': -86.1490769}"
17,16517,Bristol Elementary School,"53403 Co Rd 1, Elkhart, IN 46514, USA","{'lat': 41.7188084, 'lng': -86.0401332}"
18,16518,Greater Clark County Schools,"420 Ewing Ln #4898, Jeffersonville, IN 47130, USA","{'lat': 38.2902362, 'lng': -85.7106566}"
19,16519,Kokomo-Center Township Consolidated School Corporation,"910 S Cooper St, Kokomo, IN 46901, USA","{'lat': 40.4777803, 'lng': -86.11163789999999}"
20,16520,Floyds Knobs Elementary,"6697 Old Vincennes Rd, Floyds Knobs, IN 47119, USA","{'lat': 38.336108, 'lng': -85.93573669999999}"
21,16521,Marion Community Schools,"3528 S Washington St, Marion, IN 46953, USA","{'lat': 40.527442, 'lng': -85.6681285}"
22,16522,Duneland School Corporation,"1 Pirate Pl, Charlestown, IN 47111, USA","{'lat': 38.4543684, 'lng': -85.6672466}"
23,16523,Special Education Svc,"917 S Dexter Ave, Evansville, IN 47714, USA","{'lat': 37.9640047, 'lng': -87.5142738}"
24,16524,MSD of Wayne Township,"9035 W Morris St, Indianapolis, IN 46231, USA","{'lat': 39.7482146, 'lng': -86.3223053}"
25,16525,Fort Wayne Community Schools,"6700 Trier Rd, Fort Wayne, IN 46815, USA","{'lat': 41.1127444, 'lng': -85.0547632}"
26,16526,MSD of Wayne Township,"701 Lansdowne Rd, Indianapolis, IN 46234, USA","{'lat': 39.7749917, 'lng': -86.3150343}"
27,16527,Richmond Community School,"1751 Chester Rd, Richmond, IN 47374, USA","{'lat': 39.8875236, 'lng': -84.8772321}"
28,16528,Hamilton Southeastern Schools,"13535 Cumberland Rd, Fishers, IN 46038, USA","{'lat': 39.9856341, 'lng': -85.9962896}"
29,16529,Covenant Christian High School,"7525 W 21st St, Indianapolis, IN 46214, USA","{'lat': 39.7929437, 'lng': -86.2931356}"
30,16530,Frontier Junior-Senior High School,"Chalmers, IN 47929, USA","{'lat': 40.6630933, 'lng': -86.86945709999999}"
31,16531,Special Education Svc,"5400 N First Ave, Evansville, IN 47710, USA","{'lat': 38.029117, 'lng': -87.578447}"
32,16532,Fayette County School Corporation,"1100 Spartan Dr, Connersville, IN 47331, USA","{'lat': 39.6366808, 'lng': -85.1605745}"
33,16533,Fort Wayne Community Schools,"4325 Smith St, Fort Wayne, IN 46806, USA","{'lat': 41.0452657, 'lng': -85.12075630000001}"
34,16534,MSD of Wayne Township,"1129 N Girls School Rd, Indianapolis, IN 46214, USA","{'lat': 39.7818773, 'lng': -86.2878463}"
35,16535,Earlywood Education Center,"500 Earlywood Dr, Franklin, IN 46131, USA","{'lat': 39.52124269999999, 'lng': -86.0735797}"
36,16536,Special Education Svc,"2000 Lodge Ave, Evansville, IN 47714, USA","{'lat': 37.9500482, 'lng': -87.5385975}"
37,16537,Metropolitan School District of Washington Township,"Allisonville Rd, Indiana, USA","{'lat': 39.8831716, 'lng': -86.0898023}"
38,16538,School Town of Highland,"9135 Erie St, Highland, IN 46322, USA","{'lat': 41.5465057, 'lng': -87.45795269999999}"
39,16539,Floyds Knobs Elementary,"8800 High St, Georgetown, IN 47122, USA","{'lat': 38.2958479, 'lng': -85.97148159999999}"
40,16540,Evansville Catholic High Schools,"800 Vigo St, Vincennes, IN 47591, USA","{'lat': 38.67433949999999, 'lng': -87.5283419}"
41,16541,Special Education Svc,"2013 S Green River Rd, Evansville, IN 47714, USA","{'lat': 37.9488101, 'lng': -87.4940532}"
42,16542,Metropolian School District of Perry Township,"5740 McFarland Rd, Indianapolis, IN 46227, USA","{'lat': 39.68332849999999, 'lng': -86.115298}"
43,16543,Indianapolis Public School,"3421 N Keystone Ave, Indianapolis, IN 46218, USA","{'lat': 39.8190145, 'lng': -86.1211423}"
44,16544,Lake Ridge Middle School,"6111 W Ridge Rd, Gary, IN 46408, USA","{'lat': 41.5487396, 'lng': -87.4111451}"
45,16545,Kankakee Valley High School,"S Bierma St, Wheatfield Township, IN 46392, USA","{'lat': 41.1876664, 'lng': -87.0548814}"
46,16546,Indianapolis Public School,"1115 Broad Ripple Ave, Indianapolis, IN 46220, USA","{'lat': 39.86849369999999, 'lng': -86.137492}"
47,16547,Goshen Community School Corporation,"401 Lincolnway E, Goshen, IN 46526, USA","{'lat': 41.5804716, 'lng': -85.8233391}"
48,16548,Greenfield-Central Schools,"110 W North St, Greenfield, IN 46140, USA","{'lat': 39.78642749999999, 'lng': -85.77118999999999}"
49,16549,Huntington County Community School Corporation,"450 Macgahan St, Huntington, IN 46750, USA","{'lat': 40.8920241, 'lng': -85.51004449999999}"
50,16550,Gray Road Christian School,"5500 Gray Rd, Indianapolis, IN 46237, USA","{'lat': 39.6883817, 'lng': -86.0979498}"
51,16551,Special Education Svc,"700 N Garvin St, Evansville, IN 47711, USA","{'lat': 37.9839364, 'lng': -87.5568261}"
52,16552,Indiana Department of Education,"628 S Bennett St, Bluffton, IN 46714, USA","{'lat': 40.7337028, 'lng': -85.16922339999999}"
53,16553,The Metropolitan School District of Warren Township,"10930 E 10th St, Indianapolis, IN 46229, USA","{'lat': 39.7831865, 'lng': -85.9730072}"
54,16554,Jay County High School,"2072 IN-67, Portland, IN 47371, USA","{'lat': 40.4293504, 'lng': -85.0226964}"
55,16555,Lanesville Community School Corporation,"2725 Crestview Ave NE, Lanesville, IN 47136, USA","{'lat': 38.2394083, 'lng': -85.9888677}"
56,16556,Indianapolis Public School,"307 Lincoln St, Indianapolis, IN 46225, USA","{'lat': 39.7449741, 'lng': -86.1524417}"
57,16557,East Allen County Schools,"12009 Hoagland Rd, Hoagland, IN 46745, USA","{'lat': 40.9488178, 'lng': -84.98216029999999}"
58,16558,Battle Ground Middle School,"Fowler, IN 47944, USA","{'lat': 40.6167044, 'lng': -87.3208518}"
59,16559,Community Schools of Frankfort,"329 N Maish Rd, Frankfort, IN 46041, USA","{'lat': 40.2844214, 'lng': -86.4821217}"
60,16560,School City of East Chicago,"210 E Columbus Dr, East Chicago, IN 46312, USA","{'lat': 41.6394758, 'lng': -87.4689294}"
61,16561,Fort Wayne Community Schools,"7000 Red Haw Dr, Fort Wayne, IN 46825, USA","{'lat': 41.14661, 'lng': -85.117015}"
62,16562,Indianapolis Public School,"5801 E 16th St, Indianapolis, IN 46218, USA","{'lat': 39.788444, 'lng': -86.068314}"
63,16563,Indianapolis Public School,"4326 Patricia St, Indianapolis, IN 46222, USA","{'lat': 39.8106394, 'lng': -86.23379299999999}"
64,16564,Frankton-Lapel Community Schools,"7916 W 300 N, Anderson, IN 46011, USA","{'lat': 40.1497298, 'lng': -85.82314509999999}"
65,16565,Baptist Academy,"2565 Villa Ave, Indianapolis, IN 46203, USA","{'lat': 39.7312519, 'lng': -86.1242086}"
66,16566,Eastern Greene Schools,"Bloomfield, IN 47424, USA","{'lat': 39.0269903, 'lng': -86.9375068}"
67,16567,Carmel High School Planetarium,"520 E Main St, Carmel, IN 46032, USA","{'lat': 39.9799754, 'lng': -86.119833}"
68,16568,Monroe County Community School Corporation,"2300 S Endwright Rd, Bloomington, IN 47403, USA","{'lat': 39.144753, 'lng': -86.5998369}"
69,16569,JUD Construction,"590 Ivy Tech Dr, Madison, IN 47250, USA","{'lat': 38.7803678, 'lng': -85.3761897}"
70,16570,South Montgomery Community School Corp.,"418 E Taylor St, Ladoga, IN 47954, USA","{'lat': 39.9159262, 'lng': -86.7963753}"
71,16571,"Campagna Academy, Inc.","7403 Cline Ave, Schererville, IN 46375, USA","{'lat': 41.4834821, 'lng': -87.4311268}"
72,16572,Celestine Elementary School,"4550 N 4th St, Dubois, IN 47527, USA","{'lat': 38.445828, 'lng': -86.801115}"
73,16573,Beech Grove City Schools,"5334 Hornet Ave, Beech Grove, IN 46107, USA","{'lat': 39.7111526, 'lng': -86.07693909999999}"
74,16574,Attica Consolidated Schools,"205 E Sycamore St, Attica, IN 47918, USA","{'lat': 40.2796908, 'lng': -87.2534515}"
75,16575,Manchester Junior High School,"Laketon, IN 46943, USA","{'lat': 40.9733672, 'lng': -85.8396655}"
76,16576,"Jayco, Inc.","2108 E 200 N, Anderson, IN 46012, USA","{'lat': 40.1369199, 'lng': -85.6303184}"
77,16577,Hamilton Southeastern Schools,"10595 Lantern Rd, Fishers, IN 46037, USA","{'lat': 39.9406827, 'lng': -86.012237}"
78,16578,Fayette County School Corporation,"2440 E Everton Rd, Connersville, IN 47331, USA","{'lat': 39.5632633, 'lng': -85.0937057}"
79,16579,Kokomo-Center Township Consolidated School Corporation,"2501 S Berkley Rd, Kokomo, IN 46902, USA","{'lat': 40.4555488, 'lng': -86.1572119}"
80,16580,Tippecanoe School Corporation,"Dayton, IN 47941, USA","{'lat': 40.377537, 'lng': -86.77557089999999}"
81,16581,Evansville Day School,"3400 N Green River Rd, Evansville, IN 47715, USA","{'lat': 38.0106898, 'lng': -87.49498129999999}"
82,16582,Indianapolis Public School,"1163 N Belmont Ave, Indianapolis, IN 46222, USA","{'lat': 39.7841007, 'lng': -86.1959141}"
83,16583,Indianapolis Public School,"1002 W 25th St, Indianapolis, IN 46208, USA","{'lat': 39.80340580000001, 'lng': -86.17946359999999}"
84,16584,Indianapolis Public School,"3307 Ashway Dr, Indianapolis, IN 46224, USA","{'lat': 39.8153611, 'lng': -86.26815350000001}"
85,16585,Ripley County Economic Development Corp.,"13200 North St, Dillsboro, IN 47018, USA","{'lat': 39.0171018, 'lng': -85.0638522}"
86,16586,Duneland School Corporation,"Chesterton, IN 46304, USA","{'lat': 41.6105937, 'lng': -87.06419919999999}"
87,16587,Rochester Community Schools,"1 Zebra Ln, Rochester, IN 46975, USA","{'lat': 41.0578505, 'lng': -86.2239488}"
88,16588,Special Education Svc,"21 S Alvord Blvd, Evansville, IN 47714, USA","{'lat': 37.9761152, 'lng': -87.5257527}"
89,16589,DeKalb County Eastern Community School District,"603 E Green St, Butler, IN 46721, USA","{'lat': 41.4321074, 'lng': -84.86233109999999}"
90,16590,MSD of Wayne Township,"1150 N Girls School Rd, Indianapolis, IN 46214, USA","{'lat': 39.783317, 'lng': -86.2909844}"
91,16591,Special Education Svc,"837 Tulip Ave, Evansville, IN 47711, USA","{'lat': 38.005308, 'lng': -87.548416}"
92,16592,Colonial Hills Baptist Church,"8140 Union Chapel Rd, Indianapolis, IN 46240, USA","{'lat': 39.9048244, 'lng': -86.11923639999999}"
93,16593,Indianapolis Public School,"3650 Cold Spring Rd, Indianapolis, IN 46222, USA","{'lat': 39.8220007, 'lng': -86.2028249}"
94,16594,Indianapolis Public School,"5002 W 34th St, Indianapolis, IN 46224, USA","{'lat': 39.8171144, 'lng': -86.24525260000001}"
95,16595,Canterbury Schools,"3210 Smith Rd, Fort Wayne, IN 46804, USA","{'lat': 41.0541247, 'lng': -85.2120692}"
96,16596,Kokomo-Center Township Consolidated School Corporation,"919 N Korby St, Kokomo, IN 46901, USA","{'lat': 40.4947126, 'lng': -86.1502154}"
97,16597,Lake Ridge Middle School,"4500 Calhoun St, Griffith, IN 46319, USA","{'lat': 41.5353979, 'lng': -87.4093243}"
98,16598,Hamilton Heights School Corporation,"Arcadia, IN 46030, USA","{'lat': 40.1758704, 'lng': -86.0216521}"
99,16599,Indianapolis Public School,"8620 Montery Rd, Indianapolis, IN 46226, USA","{'lat': 39.8309287, 'lng': -86.01606369999999}"
100,16600,Indianapolis Public School,"1202 E Troy Ave, Indianapolis, IN 46203, USA","{'lat': 39.7236946, 'lng': -86.1363786}"
101,16601,Delaware Community School Corporation,"7821 IN-3, Muncie, IN 47303, USA","{'lat': 40.2603996, 'lng': -85.368645}"
102,16602,South Vermillion County  School,"205 S 8th St, Clinton, IN 47842, USA","{'lat': 39.6592585, 'lng': -87.40675170000002}"
103,16603,Tippecanoe School Corporation,"511 Main St, Battle Ground, IN 47920, USA","{'lat': 40.514992, 'lng': -86.8294664}"
104,16604,Concordia Educational Foundation,"1601 St Joe River Dr, Fort Wayne, IN 46805, USA","{'lat': 41.1104098, 'lng': -85.11800389999999}"
105,16605,Monroe County Community School Corporation,"2211 S High St, Bloomington, IN 47401, USA","{'lat': 39.1385283, 'lng': -86.5071556}"
106,16606,Indianapolis Public School,"150 W 40th St, Indianapolis, IN 46208, USA","{'lat': 39.8290626, 'lng': -86.1611073}"
107,16607,Indianapolis Public School,"5050 E 42nd St, Indianapolis, IN 46226, USA","{'lat': 39.833963, 'lng': -86.085123}"
108,16608,Fort Wayne Community Schools,"2100 Lake Ave, Fort Wayne, IN 46805, USA","{'lat': 41.0890621, 'lng': -85.1106102}"
109,16609,Fort Wayne Community Schools,"1200 S Barr St, Fort Wayne, IN 46802, USA","{'lat': 41.0746579, 'lng': -85.1357817}"
110,16610,Community Schools of Frankfort,"1900 S Jackson St, Frankfort, IN 46041, USA","{'lat': 40.26529379999999, 'lng': -86.51307779999999}"
111,16611,Franklin Community School Corp,"625 Grizzly Cub Dr, Franklin, IN 46131, USA","{'lat': 39.4867514, 'lng': -86.0623138}"
112,16612,Indianapolis Public School,"3920 Baker Dr, Indianapolis, IN 46235, USA","{'lat': 39.8285139, 'lng': -86.0018547}"
113,16613,Martinsville High School,"6275 Maple Grove Rd, Martinsville, IN 46151, USA","{'lat': 39.4649696, 'lng': -86.311676}"
114,16614,Forest Hills Special Ed Co-Op,"600 Edgewood Dr, Ellettsville, IN 47429, USA","{'lat': 39.2361338, 'lng': -86.63371099999999}"
115,16615,The Metropolitan School District of Warren Township,"2150 S Hunter Rd, Indianapolis, IN 46239, USA","{'lat': 39.740441, 'lng': -86.05072980000001}"
116,16616,Lafayette Public School System,"2500 Cason St, Lafayette, IN 47904, USA","{'lat': 40.421219, 'lng': -86.87000599999999}"
117,16617,Monroe County Community School Corporation,"300 W Clear Creek Dr, Bloomington, IN 47403, USA","{'lat': 39.1117845, 'lng': -86.5365168}"
118,16618,Concordia Educational Foundation,"1601 Wayne St, Auburn, IN 46706, USA","{'lat': 41.3559275, 'lng': -85.0578675}"
119,16619,Danville Community High School,"100 Warrior Way, Danville, IN 46122, USA","{'lat': 39.7569997, 'lng': -86.5401579}"
120,16620,Center For Phlebotomy Educatn,"1304 Old Hwy 135, Corydon, IN 47112, USA","{'lat': 38.2198116, 'lng': -86.127496}"
121,16621,Ethel R Jones Elementary School,"2374 McCool Rd, Portage, IN 46368, USA","{'lat': 41.5835458, 'lng': -87.14486099999999}"
122,16622,Geetingsville Telephone Co,"28 West St, Clinton, MA 01510, USA","{'lat': 42.4218093, 'lng': -71.6849732}"
123,16623,Huntington County Community School Corporation,"1063 E 900 S, Warren, IN 46792, USA","{'lat': 40.695733, 'lng': -85.427556}"
124,16624,Marion Community Schools,"2009 W Kem Rd, Marion, IN 46952, USA","{'lat': 40.5717799, 'lng': -85.689694}"
125,16625,Special Education Svc,"3013 N First Ave, Evansville, IN 47710, USA","{'lat': 38.0068742, 'lng': -87.5734928}"
126,16626,North Spencer County School Corporation,"Lincoln City, IN 47552, USA","{'lat': 38.1226369, 'lng': -86.9949372}"
127,16627,Ivy Tech Community College,"410 E Columbus Dr, East Chicago, IN 46312, USA","{'lat': 41.6399145, 'lng': -87.4667432}"
128,16628,Kokomo Center School Corporation,"Kokomo, IN 46904, USA","{'lat': 40.53, 'lng': -86.17999999999999}"
129,16629,Lafayette Public School System,"2300 Cason St, Lafayette, IN 47904, USA","{'lat': 40.4213867, 'lng': -86.8717444}"
130,16630,Special Education Svc,"211 Fielding Rd, Evansville, IN 47715, USA","{'lat': 37.973365, 'lng': -87.4856221}"
131,16631,Huntington County Community School Corporation,"1360 E Tipton St, Huntington, IN 46750, USA","{'lat': 40.8989392, 'lng': -85.4751823}"
132,16632,The Metropolitan School District of Warren Township,"1550 N Cumberland Rd, Indianapolis, IN 46229, USA","{'lat': 39.7891866, 'lng': -85.9583852}"
133,16633,Lake Ridge Middle School,"45th St & Calhoun St, Calumet Township, IN 46319, USA","{'lat': 41.53717870000001, 'lng': -87.40830419999999}"
134,16634,Bartholomew Consolidated School Corp.,"4625 E 50 N, Columbus, IN 47203, USA","{'lat': 39.2074206, 'lng': -85.868054}"
135,16635,Edinburgh Community School Corporation,"300 Keeley St, Edinburgh, IN 46124, USA","{'lat': 39.3516992, 'lng': -85.9708433}"
136,16636,Metropolitan School District of Decatur Township,"5125 Decatur Blvd Ste A, Indianapolis, IN 46241, USA","{'lat': 39.6882731, 'lng': -86.2865375}"
137,16637,Holy Family Parish School,"990 Church Ave, Jasper, IN 47546, USA","{'lat': 38.37531389999999, 'lng': -86.9166281}"
138,16638,MSD of Wayne Township,"4901 Rockville Rd, Indianapolis, IN 46224, USA","{'lat': 39.7634309, 'lng': -86.2429047}"
139,16639,Fodrea Elementary School,"1545 S Hart Street Rd, Vincennes, IN 47591, USA","{'lat': 38.651115, 'lng': -87.50047219999999}"
140,16640,South Bend Community School Corporation,"2701 Elwood Ave, South Bend, IN 46628, USA","{'lat': 41.69479250000001, 'lng': -86.2874265}"
141,16641,Covenant Christian High School,"611 15th St SW, De Motte, IN 46310, USA","{'lat': 41.1875401, 'lng': -87.2051731}"
142,16642,Culver Academics,"1300 Academy Rd, Culver, IN 46511, USA","{'lat': 41.2229063, 'lng': -86.4161192}"
143,16643,Kokomo Center School Corporation,"100 W Lincoln Rd, Kokomo, IN 46902, USA","{'lat': 40.4551859, 'lng': -86.1302302}"
144,16644,Ball State University,"301 S Talley Ave, Muncie, IN 47303, USA","{'lat': 40.1920536, 'lng': -85.41051759999999}"
145,16645,Needmore Elementary School,"278 Trogdon Ln, Bedford, IN 47421, USA","{'lat': 38.928269, 'lng': -86.54835}"
146,16646,Lake Central School Corporation,"Dyer, IN 46311, USA","{'lat': 41.484416, 'lng': -87.50990569999999}"
147,16647,Bartholomew Consolidated School Corp.,"1200 Central Ave, Columbus, IN 47201, USA","{'lat': 39.2110223, 'lng': -85.9046965}"
148,16648,Laporte Community School Corporation,"1921 A St, La Porte, IN 46350, USA","{'lat': 41.58896, 'lng': -86.71869099999999}"
149,16649,Liberty Elementary School,"501 Eaton St, Liberty, IN 47353, USA","{'lat': 39.6337505, 'lng': -84.9204221}"
150,16650,Monroe County Community School Corporation,"900 W Gordon Pike, Bloomington, IN 47403, USA","{'lat': 39.1242546, 'lng': -86.543381}"
151,16651,The Challenge Foundation Academy,"3980 Meadows Dr, Indianapolis, IN 46205, USA","{'lat': 39.8296903, 'lng': -86.1122584}"
152,16652,Greenfield-Central Schools,"1331 N Blue Rd, Greenfield, IN 46140, USA","{'lat': 39.8042448, 'lng': -85.7433502}"
153,16653,Gary Community School Corp,"1110 W 21st Ave, Gary, IN 46407, USA","{'lat': 41.582336, 'lng': -87.35021499999999}"
154,16654,Atwood Elementary School,"203 N Lincoln St, Warsaw, IN 46580, USA","{'lat': 41.239412, 'lng': -85.833326}"
155,16655,Michigan City Area Schools,"817 Lafayette St, Michigan City, IN 46360, USA","{'lat': 41.70932, 'lng': -86.8939956}"
156,16656,Indianapolis Public School,"3426 Roosevelt Ave, Indianapolis, IN 46218, USA","{'lat': 39.8009907, 'lng': -86.1066246}"
157,16657,Needmore Elementary School,"903 Hoosier Ave, Oolitic, IN 47451, USA","{'lat': 38.8923984, 'lng': -86.5226769}"
158,16658,Hamilton Heights School Corporation,"Arcadia, IN 46030, USA","{'lat': 40.1758704, 'lng': -86.0216521}"
159,16659,Spencer Owen Community Schools,"Gosport, IN 47433, USA","{'lat': 39.3508793, 'lng': -86.6669472}"
160,16660,Batesville High School,"121 E Ripley St, Batesville, IN 47006, USA","{'lat': 39.30172, 'lng': -85.2212565}"
161,16661,East Allen County Schools,"12616 Spencerville Rd, Harlan, IN 46743, USA","{'lat': 41.2022009, 'lng': -84.91893449999999}"
162,16662,School City of Hammond,"6940 Northcote Ave, Hammond, IN 46324, USA","{'lat': 41.5869939, 'lng': -87.4890643}"
163,16663,Indianapolis Public School,"3150 E 10th St, Indianapolis, IN 46201, USA","{'lat': 39.7822264, 'lng': -86.112339}"
164,16664,Metropolitan School District of Lawrence Township,"6333 Lee Rd, Indianapolis, IN 46236, USA","{'lat': 39.8718866, 'lng': -85.9982036}"
165,16665,the Tuition Assistance,"1000 Academy Dr, New Albany, IN 47150, USA","{'lat': 38.3245452, 'lng': -85.8278258}"
166,16666,Knightstown High School,"1 Panther Trail, Knightstown, IN 46148, USA","{'lat': 39.8050516, 'lng': -85.5205322}"
167,16667,Washington National Cathedral,"5225 E 56th St, Indianapolis, IN 46226, USA","{'lat': 39.8520967, 'lng': -86.0798184}"
168,16668,Indiana Department of Education,"2 Eagle Dr, Churubusco, IN 46723, USA","{'lat': 41.2293701, 'lng': -85.3219553}"
169,16669,Indianapolis Public School,"2020 Dawson St, Indianapolis, IN 46203, USA","{'lat': 39.7397013, 'lng': -86.1292201}"
170,16670,West Clark Community Schools,"601 Renz Ave, Sellersburg, IN 47172, USA","{'lat': 38.4086136, 'lng': -85.75399209999999}"
171,16671,Marion Community Schools,"720 N Miller Ave, Marion, IN 46952, USA","{'lat': 40.57027679999999, 'lng': -85.6917977}"
172,16672,Anderson Community School Corporation,"325 W 38th St, Anderson, IN 46013, USA","{'lat': 40.0736508, 'lng': -85.686022}"
173,16673,Bethlehem Lutheran School,"7545 N 650 E, Ossian, IN 46777, USA","{'lat': 40.8528088, 'lng': -85.1005313}"
174,16674,Edinburgh Community School Corporation,"300 Keeley St, Edinburgh, IN 46124, USA","{'lat': 39.3516992, 'lng': -85.9708433}"
175,16675,Scott County School District 1,"S U.S. Hwy 31, Indiana, USA","{'lat': 38.6282793, 'lng': -85.7753886}"
176,16676,Noblesville Community Schools,"470 Lakeview Dr, Noblesville, IN 46060, USA","{'lat': 40.0556722, 'lng': -86.0222814}"
177,16677,School City of Hobart,"32 E 7th St, Hobart, IN 46342, USA","{'lat': 41.5271754, 'lng': -87.25739229999999}"
178,16678,Daleville Community Schools,"8700 S Bronco Dr, Daleville, IN 47334, USA","{'lat': 40.1152678, 'lng': -85.5543746}"
179,16679,Forest Hills Special Ed Co-Op,"7600 W Reeves Rd, Bloomington, IN 47404, USA","{'lat': 39.23319559999999, 'lng': -86.6415066}"
180,16680,John Glenn School Corporation,"101 John Glenn Dr, Walkerton, IN 46574, USA","{'lat': 41.4569259, 'lng': -86.478804}"
181,16681,South Bend Community School Corporation,"609 N Olive St, South Bend, IN 46628, USA","{'lat': 41.683144, 'lng': -86.285444}"
182,16682,Special Education Svc,"2727 N Evans Ave, Evansville, IN 47711, USA","{'lat': 38.0056403, 'lng': -87.54978349999999}"
183,16683,Jay County High School,"2072 IN-67, Portland, IN 47371, USA","{'lat': 40.4293504, 'lng': -85.0226964}"
184,16684,MSD Pike Township,"5401 N High School Rd, Indianapolis, IN 46254, USA","{'lat': 39.8506582, 'lng': -86.2696607}"
185,16685,Greater Clark County Schools,"5878, 2315 Allison Ln, Jeffersonville, IN 47130, USA","{'lat': 38.3172383, 'lng': -85.7116327}"
186,16686,Carroll Elementary School,"2362 IN-18, Flora, IN 46929, USA","{'lat': 40.5458593, 'lng': -86.48054189999999}"
187,16687,Cloverdale Community School Corporation,"312 E Logan St, Cloverdale, IN 46120, USA","{'lat': 39.510976, 'lng': -86.7899376}"
188,16688,Tippecanoe School Corporation,"5701 N 50 W, West Lafayette, IN 47906, USA","{'lat': 40.4986657, 'lng': -86.91388769999999}"
189,16689,North Spencer County School Corporation,"Dale, IN 47523, USA","{'lat': 38.1729722, 'lng': -87.0024407}"
190,16690,School City of Hobart,"705 E 4th St, Hobart, IN 46342, USA","{'lat': 41.5314777, 'lng': -87.2517269}"
191,16691,Monroe County Community School Corporation,"700 W Parrish Rd, Bloomington, IN 47404, USA","{'lat': 39.1883335, 'lng': -86.54340069999999}"
192,16692,Floyds Knobs Elementary,"1021 Hazelwood Ave, New Albany, IN 47150, USA","{'lat': 38.3003845, 'lng': -85.8078001}"
193,16693,Greater Clark County Schools,"2112 Utica Sellersburg Rd, Jeffersonville, IN 47130, USA","{'lat': 38.3382427, 'lng': -85.68036599999999}"
194,16694,Special Education Svc,"4400 Bellemeade Ave, Evansville, IN 47714, USA","{'lat': 37.9678995, 'lng': -87.4969921}"
195,16695,Hendry Park Elementary School,"350 S John McBride Ave, Angola, IN 46703, USA","{'lat': 41.6318244, 'lng': -84.9716567}"
196,16696,Decatur County Community Schools,"1645 State Rd 46, Greensburg, IN 47240, USA","{'lat': 39.3332585, 'lng': -85.5169861}"
197,16697,Fairfield Community School Corporation,"68080 Co Rd 23, New Paris, IN 46553, USA","{'lat': 41.5048701, 'lng': -85.8277749}"
198,16698,Alexandria Community School Corporation,"800 N Central Ave, Alexandria, IN 46001, USA","{'lat': 40.2691617, 'lng': -85.6814352}"
199,16699,Eastern Hancock Middle Sch,"10370 250N, Charlottesville, IN 46117, USA","{'lat': 39.8237214, 'lng': -85.6097157}"
