,_id,Name,Address,Geocodes
0,7700,Liberty County,"3216 E Oglethorpe Hwy, Hinesville, GA 31313, USA","{'lat': 31.8485875, 'lng': -81.5452443}"
1,7701,Georgia Department of E...,"1116 E 24th Ave, Cordele, GA 31015, USA","{'lat': 31.9538099, 'lng': -83.7634349}"
2,7702,Denver Public Schools,"520 Mt Pleasant Rd, Thomson, GA 30824, USA","{'lat': 33.4545806, 'lng': -82.514201}"
3,7703,Lamar County Middle Sch...,"100 Burnette Rd, Barnesville, GA 30204, USA","{'lat': 33.0456685, 'lng': -84.1818948}"
4,7704,Habersham County,"6539 GA-115, Clarkesville, GA 30523, USA","{'lat': 34.6161105, 'lng': -83.5362214}"
5,7705,Franklin Board of Educa...,"245 Booker Ave, Fayetteville, GA 30215, USA","{'lat': 33.4477154, 'lng': -84.4439936}"
6,7706,Atlanta Public School S...,"149 Trinity Ave SW, Atlanta, GA 30303, USA","{'lat': 33.7491939, 'lng': -84.39271749999999}"
7,7707,Greenfield Hebrew Acade...,"5200 Northland Dr, Atlanta, GA 30342, USA","{'lat': 33.8958859, 'lng': -84.3664859}"
8,7708,Dawson County,"332 GA-9, Dawsonville, GA 30534, USA","{'lat': 34.4203208, 'lng': -84.1127396}"
9,7709,Brookwood School,"301 Cardinal Ridge Rd, Thomasville, GA 31792, USA","{'lat': 30.8135133, 'lng': -84.01496600000002}"
10,7710,Georgia Institute of Te...,"1616 Piedmont Ave NE G6, Atlanta, GA 30324, USA","{'lat': 33.7995964, 'lng': -84.3695865}"
11,7711,Floyd County School Dis...,"528 Burnett Ferry Rd SW, Rome, GA 30165, USA","{'lat': 34.2605167, 'lng': -85.23440099999999}"
12,7712,Tift County Public Scho...,"1464 Carpenter Rd S, Tifton, GA 31793, USA","{'lat': 31.4639059, 'lng': -83.5474777}"
13,7713,Atlanta Public School S...,"163 Trinity Ave SW, Atlanta, GA 30303, USA","{'lat': 33.7495172, 'lng': -84.3933035}"
14,7714,Cobb County School Dist...,"Smyrna, GA 30081, USA","{'lat': 33.8799756, 'lng': -84.5099751}"
15,7715,Cobb County School Dist...,"50 Veterans Memorial Hwy SE, Mableton, GA 30126, USA","{'lat': 33.8135786, 'lng': -84.5537736}"
16,7716,Houston County Schools,"Perry, GA 31069, USA","{'lat': 32.4498466, 'lng': -83.7411631}"
17,7717,City Park Intermediate ...,"Dalton, GA 30722, USA","{'lat': 34.77, 'lng': -84.97}"
18,7718,Habersham County,"132 Stanford Mill Rd, Clarkesville, GA 30523, USA","{'lat': 34.607972, 'lng': -83.5225959}"
19,7719,Troup County School Sys...,"221 Whitfield Rd, Hogansville, GA 30230, USA","{'lat': 33.0850705, 'lng': -84.98053499999999}"
20,7720,Cobb County School Dist...,"5600 Mulberry St, Austell, GA 30106, USA","{'lat': 33.8153959, 'lng': -84.6342188}"
21,7721,Dade Co Board Of Educat...,"Trenton, GA 30752, USA","{'lat': 34.8720222, 'lng': -85.50913000000001}"
22,7722,Fulton County School Di...,"91 Elder St, Fairburn, GA 30213, USA","{'lat': 33.5723206, 'lng': -84.5747471}"
23,7723,City Schools of Decatur,"320 N McDonough St, Decatur, GA 30030, USA","{'lat': 33.7729854, 'lng': -84.29675}"
24,7724,Decatur County,"100 S West St, Bainbridge, GA 39817, USA","{'lat': 30.9056381, 'lng': -84.5767114}"
25,7725,New Georgia School,"3320 E Paulding Dr, Dallas, GA 30157, USA","{'lat': 33.93917200000001, 'lng': -84.745683}"
26,7726,Gwinnett County Public ...,"1221 Old Norcross Rd, Lawrenceville, GA 30046, USA","{'lat': 33.9545976, 'lng': -84.0297949}"
27,7727,Cherokee County,"200 Mountain Brook Ct, Canton, GA 30115, USA","{'lat': 34.17880299999999, 'lng': -84.5064471}"
28,7728,GA - Dept of Education,"205 Jesse Hill Jr Dr SE #1970, Atlanta, GA 30303, USA","{'lat': 33.7498967, 'lng': -84.3860529}"
29,7729,Fulton County School Sy...,"9310 Scott Rd, Roswell, GA 30076, USA","{'lat': 34.007047, 'lng': -84.2908428}"
30,7730,Coffee County,"Douglas, GA 31534, USA","{'lat': 31.51418049999999, 'lng': -82.8493135}"
31,7731,Cobb County School Dist...,"4803 Floyd Rd SW, Mableton, GA 30126, USA","{'lat': 33.8382442, 'lng': -84.57486990000001}"
32,7732,National Science Center...,"Lincolnton, GA 30817, USA","{'lat': 33.7923477, 'lng': -82.479018}"
33,7733,Fulton County School Di...,"3595 Webb Bridge Rd, Alpharetta, GA 30005, USA","{'lat': 34.0762052, 'lng': -84.2555362}"
34,7734,Georgia Department of E...,"1340 Enota Ave NE, Gainesville, GA 30501, USA","{'lat': 34.3235663, 'lng': -83.82310470000002}"
35,7735,Atlanta Public School S...,"897 Welch St SW, Atlanta, GA 30310, USA","{'lat': 33.7302079, 'lng': -84.4056118}"
36,7736,Cobb County School Dist...,"4220 Cantrell Rd NW, Acworth, GA 30101, USA","{'lat': 34.05751010000001, 'lng': -84.6529802}"
37,7737,Cross Creek Counseling,"864 Broad St, Augusta, GA 30901, USA","{'lat': 33.475209, 'lng': -81.96737480000002}"
38,7738,Candler County,"210 S College St, Metter, GA 30439, USA","{'lat': 32.3951008, 'lng': -82.06514349999999}"
39,7739,Gwinnett County Public ...,"3150 Spain Rd, Snellville, GA 30039, USA","{'lat': 33.8033115, 'lng': -84.06852289999999}"
40,7740,Crawford County,"400 E Agency St, Roberta, GA 31078, USA","{'lat': 32.7200148, 'lng': -84.0045134}"
41,7741,Atlanta Public School S...,"197 Trinity Ave SW, Atlanta, GA 30303, USA","{'lat': 33.7503863, 'lng': -84.3942393}"
42,7742,Dougherty County School...,"200 Pine Ave, Albany, GA 31701, USA","{'lat': 31.578074, 'lng': -84.1516753}"
43,7743,Forsyth County Schools,"540 Dahlonega St, Cumming, GA 30040, USA","{'lat': 34.2204877, 'lng': -84.13535089999999}"
44,7744,Cherokee County,"110 Academy St, Canton, GA 30114, USA","{'lat': 34.2358432, 'lng': -84.4921873}"
45,7745,Griffin Christian Acade...,"2000 W McIntosh Rd, Griffin, GA 30223, USA","{'lat': 33.2704952, 'lng': -84.3049528}"
46,7746,Atlanta Public Schools,"65 Rogers St NE, Atlanta, GA 30317, USA","{'lat': 33.7547753, 'lng': -84.3278271}"
47,7747,Atlanta Public Schools,"130 Trinity Ave SW, Atlanta, GA 30303, USA","{'lat': 33.748372, 'lng': -84.392099}"
48,7748,Greenbrier High School,"6000 Columbia Rd, Grovetown, GA 30813, USA","{'lat': 33.5259193, 'lng': -82.26766549999999}"
49,7749,Habersham County,"132 Stanford Mill Rd, Clarkesville, GA 30523, USA","{'lat': 34.607972, 'lng': -83.5225959}"
50,7750,Fulton County School Di...,"2861 Lakeshore Dr, College Park, GA 30337, USA","{'lat': 33.641828, 'lng': -84.4818031}"
51,7751,Gwinnett County Public ...,"437 Peachtree Rd, Hoschton, GA 30548, USA","{'lat': 34.0846765, 'lng': -83.7627883}"
52,7752,Butts County School Dis...,"181 N Mulberry St, Jackson, GA 30233, USA","{'lat': 33.296425, 'lng': -83.96694339999999}"
53,7753,Crossroads Sucess Acame...,"289 Sorrells Dr, Eastanollee, GA 30538, USA","{'lat': 34.5488825, 'lng': -83.29165499999999}"
54,7754,Atlanta Public School S...,"191 Trinity Ave SW, Atlanta, GA 30303, USA","{'lat': 33.7503594, 'lng': -84.3941885}"
55,7755,Lee County,"190 Smithville Rd, Leesburg, GA 31763, USA","{'lat': 31.742707, 'lng': -84.17164269999999}"
56,7756,Atlanta Public School S...,"2326 Venetian Dr SW, Atlanta, GA 30311, USA","{'lat': 33.7171868, 'lng': -84.4654614}"
57,7757,Calhoun City,"101 Raymond King Dr, Calhoun, GA 30701, USA","{'lat': 34.493145, 'lng': -84.93557679999999}"
58,7758,Jenkins County,"409 Barney Ave, Millen, GA 30442, USA","{'lat': 32.8088275, 'lng': -81.94019610000001}"
59,7759,Polk County School Dist...,"167 Frank Lott Dr, Cedartown, GA 30125, USA","{'lat': 34.019752, 'lng': -85.2223866}"
60,7760,City Schools of Decatur,"220 W College Ave, Decatur, GA 30030, USA","{'lat': 33.7680235, 'lng': -84.2990118}"
61,7761,United States Army,"Deshler St SW, Atlanta, GA 30310, USA","{'lat': 33.7011009, 'lng': -84.4334748}"
62,7762,Northside Elementary Sc...,"122 N Broad St, Cairo, GA 39828, USA","{'lat': 30.8780404, 'lng': -84.2079317}"
63,7763,Gainesville City School...,"508 Oak St, Gainesville, GA 30501, USA","{'lat': 34.3011577, 'lng': -83.8329668}"
64,7764,Atlanta Public School S...,"164 Trinity Ave SW, Atlanta, GA 30303, USA","{'lat': 33.7495332, 'lng': -84.3933325}"
65,7765,Coffee County,"2033 GA-158, Douglas, GA 31535, USA","{'lat': 31.4891675, 'lng': -82.8967772}"
66,7766,Greenbrier High School,"Evans, GA, USA","{'lat': 33.5337464, 'lng': -82.1306747}"
67,7767,Jefferson City Schools,"575 Washington St, Jefferson, GA 30549, USA","{'lat': 34.1226231, 'lng': -83.5822807}"
68,7768,Rockdale County School ...,"Stockbridge, GA, USA","{'lat': 33.5442781, 'lng': -84.23380929999999}"
69,7769,New Georgia School,"3236 Atlanta Hwy, Dallas, GA 30132, USA","{'lat': 33.9092552, 'lng': -84.7882671}"
70,7770,Gainesville City School...,"715 Woodsmill Rd, Gainesville, GA 30501, USA","{'lat': 34.3017481, 'lng': -83.8429931}"
71,7771,Jones County Schools,"125 Stewart Ave, Gray, GA 31032, USA","{'lat': 33.0063617, 'lng': -83.5377097}"
72,7772,Decatur County,"Bainbridge, GA 39818, USA","{'lat': 30.9079484, 'lng': -84.57658819999999}"
73,7773,Clayton County Public S...,"1525 Norman Dr, Atlanta, GA 30349, USA","{'lat': 33.6090778, 'lng': -84.43969729999999}"
74,7774,Rockdale County School ...,"2400 Granade Rd SW, Conyers, GA 30094, USA","{'lat': 33.6269279, 'lng': -84.04713890000001}"
75,7775,Fulton County School Di...,"3440 N Fulton Ave, Hapeville, GA 30354, USA","{'lat': 33.66012000000001, 'lng': -84.40585810000002}"
76,7776,Atlanta Public School S...,"152 Trinity Ave SW, Atlanta, GA 30303, USA","{'lat': 33.7491939, 'lng': -84.39271749999999}"
77,7777,Clayton County Public S...,"2299 Old Rex Morrow Rd, Morrow, GA 30260, USA","{'lat': 33.5938501, 'lng': -84.3139762}"
78,7778,Greenville County Schoo...,"Greenville, GA 30222, USA","{'lat': 33.0287373, 'lng': -84.7129848}"
79,7779,Gordon County School Di...,"205 Warrior Path NE, Calhoun, GA 30701, USA","{'lat': 34.5149759, 'lng': -84.9221352}"
80,7780,Atlanta Public School S...,"170 Trinity Ave SW, Atlanta, GA 30303, USA","{'lat': 33.7495041, 'lng': -84.39358589999999}"
81,7781,Atlanta Public School S...,"216 Trinity Ave SW, Atlanta, GA 30303, USA","{'lat': 33.7503833, 'lng': -84.39485189999999}"
82,7782,Georgia Institute of Technology,"225 North Avenue NW, Atlanta, GA 30332, USA","{'lat': 33.7724173, 'lng': -84.39479159999999}"
83,7783,Clayton County Public Schools,"1587 McDonough Rd, Hampton, GA 30228, USA","{'lat': 33.445961, 'lng': -84.3390864}"
84,7784,North Metro Technical College,"5198 Ross Rd, Acworth, GA 30102, USA","{'lat': 34.0843585, 'lng': -84.67043830000001}"
85,7785,Gordon County School District,"333 Newtown Rd NE, Calhoun, GA 30701, USA","{'lat': 34.5178414, 'lng': -84.9245777}"
86,7786,Hearne ISD,"603 N McDonald Ave, Douglas, GA 31533, USA","{'lat': 31.5151987, 'lng': -82.8405439}"
87,7787,Georgia Department of Education,"1589 GA-119, Springfield, GA 31329, USA","{'lat': 32.3454856, 'lng': -81.3504111}"
88,7788,Floyd County School District,"528 Burnett Ferry Rd SW, Rome, GA 30165, USA","{'lat': 34.2605167, 'lng': -85.23440099999999}"
89,7789,Cobb County School District,"3295 Atlanta Rd SE, Smyrna, GA 30080, USA","{'lat': 33.8729594, 'lng': -84.49801149999999}"
90,7790,Muscogee County School District,"Columbus, GA 31902, USA","{'lat': 32.46862, 'lng': -84.99141}"
91,7791,Greenbrier High School,"550 Blue Ridge Dr, Evans, GA 30809, USA","{'lat': 33.5376979, 'lng': -82.1058446}"
92,7792,Gwinnett County Public Schools,"3200 Pleasant Hill Rd, Duluth, GA 30096, USA","{'lat': 33.98749910000001, 'lng': -84.15851699999999}"
93,7793,Gwinnett County Public Schools,"123 Broad St, Dacula, GA 30019, USA","{'lat': 33.9917809, 'lng': -83.8996399}"
94,7794,Gwinnett County Public Schools,"1555 Owens Store Rd, Canton, GA 30115, USA","{'lat': 34.2359303, 'lng': -84.33333379999999}"
95,7795,Blandy Hills Elementary School,"Milledgeville, GA 31061, USA","{'lat': 33.0975564, 'lng': -83.2291862}"
96,7796,Baldwin County Public Schools,"Milledgeville, GA 31061, USA","{'lat': 33.0975564, 'lng': -83.2291862}"
97,7797,Clayton County Public Schools,"1308 Arnold St, Jonesboro, GA 30236, USA","{'lat': 33.520308, 'lng': -84.3485359}"
98,7798,Barrow County School System,"940 Haymon Morris Rd, Winder, GA 30680, USA","{'lat': 33.948815, 'lng': -83.78645999999999}"
99,7799,Decatur County,"1201 Martin Luther King Jr Dr, Bainbridge, GA 39817, USA","{'lat': 30.9089738, 'lng': -84.5592351}"
100,7800,Lowndes County School District,"Valdosta, GA 31603, USA","{'lat': 30.68814, 'lng': -83.31575}"
101,7801,New Georgia School,"637 Williams Lake Rd, Powder Springs, GA 30127, USA","{'lat': 33.8322489, 'lng': -84.7523976}"
102,7802,Muscogee County School District,"Columbus, GA 31902, USA","{'lat': 32.46862, 'lng': -84.99141}"
103,7803,North Jackson Elementary Schl,"1660 Winder Hwy, Jefferson, GA 30549, USA","{'lat': 34.1059188, 'lng': -83.59611240000001}"
104,7804,Floyd County School District,"4203 Martha Berry Hwy, Rome, GA 30165, USA","{'lat': 34.3426895, 'lng': -85.1748294}"
105,7805,Henry County Schools,"353 N Ola Rd, McDonough, GA 30252, USA","{'lat': 33.4460073, 'lng': -84.046568}"
106,7806,Tift County Public Schools,"389 Tift Ave, Tifton, GA 31794, USA","{'lat': 31.4556593, 'lng': -83.5069997}"
107,7807,Atlanta Public School System,"2257 Bolling Brook Dr SW, Atlanta, GA 30311, USA","{'lat': 33.7319166, 'lng': -84.4640483}"
108,7808,Camden County,"1300 Middle School Rd, Kingsland, GA 31548, USA","{'lat': 30.7947903, 'lng': -81.6436633}"
109,7809,Polk County School District,"167 Frank Lott Dr, Cedartown, GA 30125, USA","{'lat': 34.019752, 'lng': -85.2223866}"
110,7810,Catoosa County,"416 Cross St, Rossville, GA 30741, USA","{'lat': 34.9713265, 'lng': -85.2572897}"
111,7811,Walton County School District,"1095 Good Hope Rd, Monroe, GA 30655, USA","{'lat': 33.7958915, 'lng': -83.67556499999999}"
112,7812,Lee County,"190 Smithville Rd, Leesburg, GA 31763, USA","{'lat': 31.742707, 'lng': -84.17164269999999}"
113,7813,Floyd County School District,"600 Riverside Pkwy NE, Rome, GA 30161, USA","{'lat': 34.2808331, 'lng': -85.1669735}"
114,7814,Camden County,"3570 Charlie Smith Sr Hwy, St Marys, GA 31558, USA","{'lat': 30.8027762, 'lng': -81.5744666}"
115,7815,Troup County School District,"80 N Kight Dr, LaGrange, GA 30240, USA","{'lat': 33.025339, 'lng': -85.060176}"
116,7816,Cobb County School District,"1725 Bill Murdock Rd, Marietta, GA 30062, USA","{'lat': 33.9910284, 'lng': -84.4449988}"
117,7817,Buford City Schools System,"2500 Sawnee Ave, Buford, GA 30518, USA","{'lat': 34.1346876, 'lng': -83.9957532}"
118,7818,Newton County School District,"2109 Newton Dr NE, Covington, GA 30014, USA","{'lat': 33.5992866, 'lng': -83.8540119}"
119,7819,Newton County School District,"11051 By Pass Rd, Covington, GA 30014, USA","{'lat': 33.5678221, 'lng': -83.8537634}"
120,7820,Fulton County School System,"5230 Taylor Rd, Johns Creek, GA 30022, USA","{'lat': 34.0497331, 'lng': -84.2087758}"
121,7821,Fulton County School District,"5230 Taylor Rd, Johns Creek, GA 30022, USA","{'lat': 34.0497331, 'lng': -84.2087758}"
122,7822,Fulton County School District,"10495 Jones Bridge Rd, Alpharetta, GA 30022, USA","{'lat': 34.0361999, 'lng': -84.23273689999999}"
123,7823,Glynn County School Adm,"201 McKenzie Dr, Brunswick, GA 31523, USA","{'lat': 31.2612211, 'lng': -81.5622992}"
124,7824,Bibb County Public Schools,"855 Anthony Rd, Macon, GA 31204, USA","{'lat': 32.8210302, 'lng': -83.65271410000001}"
125,7825,Jasper County,"1289 College St, Monticello, GA 31064, USA","{'lat': 33.3179951, 'lng': -83.68856559999999}"
126,7826,Redcliffe Elementary School,"210 Pryor St SW, Atlanta, GA 30303, USA","{'lat': 33.7489816, 'lng': -84.392774}"
127,7827,Georgia Department of Education,"1100 Ebenezer Rd, Rincon, GA 31326, USA","{'lat': 32.3467009, 'lng': -81.22770129999999}"
128,7828,Cobb County School District,"730 Boggs Rd, Mableton, GA 30126, USA","{'lat': 33.8042345, 'lng': -84.5753405}"
129,7829,Cherokee County,"6550 Putnam Ford Dr, Woodstock, GA 30189, USA","{'lat': 34.1183692, 'lng': -84.5613637}"
130,7830,Dekalb County Public Schools,"2106 Columbia Dr, Decatur, GA 30032, USA","{'lat': 33.7278816, 'lng': -84.25051619999999}"
131,7831,Bleckley County School District,"909 Dykes St, Cochran, GA 31014, USA","{'lat': 32.4301568, 'lng': -83.30710069999999}"
132,7832,Habersham County,"70 Habersham St, Clarkesville, GA 30523, USA","{'lat': 34.6006425, 'lng': -83.51706109999999}"
133,7833,Gordon County School District,"205 Warrior Path NE, Calhoun, GA 30701, USA","{'lat': 34.5149759, 'lng': -84.9221352}"
134,7834,Phoenix High School,"1380 Dawnville Rd NE, Dalton, GA 30721, USA","{'lat': 34.8202982, 'lng': -84.8780462}"
135,7835,Franklin County School Supt,"Carnesville, GA 30521, USA","{'lat': 34.3698266, 'lng': -83.23515499999999}"
136,7836,Jefferson City Schools,"100 Dragon Dr, Jefferson, GA 30549, USA","{'lat': 34.1201522, 'lng': -83.5896853}"
137,7837,Lanier County Middle School,"325 W Patten Ave, Lakeland, GA 31635, USA","{'lat': 31.037616, 'lng': -83.0772401}"
138,7838,Franklin County School Supt,"Carnesville, GA 30521, USA","{'lat': 34.3698266, 'lng': -83.23515499999999}"
139,7839,Dekalb County School System,"2300 Wildcat Rd, Decatur, GA 30034, USA","{'lat': 33.6871379, 'lng': -84.29559909999999}"
140,7840,Gwinnett County Public Schools,"3615 Sugarloaf Pkwy, Lawrenceville, GA 30044, USA","{'lat': 33.9271602, 'lng': -84.0225255}"
141,7841,Georgia College & State University,"231 W Hancock St, Milledgeville, GA 31061, USA","{'lat': 33.0828388, 'lng': -83.23167149999999}"
142,7842,New Georgia School,"3490 Ridge Rd, Douglasville, GA 30134, USA","{'lat': 33.8040588, 'lng': -84.83056189999999}"
143,7843,Rome City,"1502 Dean Ave, Rome, GA 30161, USA","{'lat': 34.2335546, 'lng': -85.1607365}"
144,7844,Bibb County Public Schools,"484 Mulberry St, Macon, GA 31201, USA","{'lat': 32.8363566, 'lng': -83.6261133}"
145,7845,State of West Virginia Department of Educatio...,"488 Hancock St, Sparta, GA 31087, USA","{'lat': 33.272862, 'lng': -82.9690665}"
146,7846,Hancock Co School District,"488 Hancock St, Sparta, GA 31087, USA","{'lat': 33.272862, 'lng': -82.9690665}"
147,7847,Colquitt County,"Moultrie, GA 31776, USA","{'lat': 31.18216839999999, 'lng': -83.7888986}"
148,7848,Lumpkin County School District,"51 Mountain View Dr, Dahlonega, GA 30533, USA","{'lat': 34.54324080000001, 'lng': -83.9893866}"
149,7849,Cherokee County,"1550 Owens Store Rd, Canton, GA 30115, USA","{'lat': 34.2325039, 'lng': -84.3339273}"
150,7850,Gwinnett County Public Schools,"555 Ozora Rd, Loganville, GA 30052, USA","{'lat': 33.890913, 'lng': -83.91288399999999}"
151,7851,Kaplan Inc.,"1400 Hembree Rd, Roswell, GA 30076, USA","{'lat': 34.0615415, 'lng': -84.3129848}"
152,7852,Girl Scouts Headquarters,"802 Anne St, Griffin, GA 30224, USA","{'lat': 33.2368775, 'lng': -84.277607}"
153,7853,Tattnall Co School District,"720 Main St, Collins, GA 30421, USA","{'lat': 32.1873083, 'lng': -82.10821659999999}"
154,7854,Bibb County Public Schools,"2155 Napier Ave, Macon, GA 31204, USA","{'lat': 32.8368544, 'lng': -83.6564033}"
155,7855,Cobb County School District,"Marietta, GA 30061, USA","{'lat': 33.9491123, 'lng': -84.5507433}"
156,7856,Jasper County,"14477 State Hwy 11, Monticello, GA 31064, USA","{'lat': 33.3364684, 'lng': -83.714434}"
157,7857,Appling County School System,"2997 Blackshear Hwy, Baxley, GA 31513, USA","{'lat': 31.7231453, 'lng': -82.33989059999999}"
158,7858,Cobb County School District,"2400 New MacLand Rd, Powder Springs, GA 30127, USA","{'lat': 33.895881, 'lng': -84.6786395}"
159,7859,Cobb County School District,"5265 Ward St SE, Smyrna, GA 30080, USA","{'lat': 33.88904700000001, 'lng': -84.52623380000001}"
160,7860,Cobb County School District,"4010 King Springs Rd SE, Smyrna, GA 30082, USA","{'lat': 33.8559621, 'lng': -84.5212358}"
161,7861,Houston County Schools,"Warner Robins, GA 31099, USA","{'lat': 32.5940123, 'lng': -83.6400144}"
162,7862,Walker County School District,"419 Roadrunner Blvd, LaFayette, GA 30728, USA","{'lat': 34.7261949, 'lng': -85.2744501}"
163,7863,Clayton County Public Schools,"1058 Fifth Ave, Jonesboro, GA 30236, USA","{'lat': 33.536398, 'lng': -84.35708029999999}"
164,7864,Dekalb County School System,"494 George Tate Dr, Jackson, GA 30233, USA","{'lat': 33.2856741, 'lng': -83.98228}"
165,7865,Cobb County School District,"2900 Scott Rd, Marietta, GA 30066, USA","{'lat': 34.0219956, 'lng': -84.53188469999999}"
166,7866,Fulton County School District,"3440 N Fulton Ave, Hapeville, GA 30354, USA","{'lat': 33.66012000000001, 'lng': -84.40585810000002}"
167,7867,Gwinnett County Public Schools,"3575 Ridge Rd, Buford, GA 30519, USA","{'lat': 34.1034304, 'lng': -83.9378718}"
168,7868,Gwinnett County Public Schools,"170 Russell Rd, Lawrenceville, GA 30043, USA","{'lat': 34.0011234, 'lng': -84.008645}"
169,7869,Troup County School System,"LaGrange, GA 30241, USA","{'lat': 32.9999801, 'lng': -84.9609464}"
170,7870,Cobb County School District,"5235 Austell Powder Springs Rd SW, Austell, GA 30106, USA","{'lat': 33.8280376, 'lng': -84.64390689999999}"
171,7871,Gwinnett County Public Schools,"405 Pleasant Hill Rd, Lilburn, GA 30047, USA","{'lat': 33.906979, 'lng': -84.11484349999999}"
172,7872,Johnson Co. School District 1,"2251 W Elm St, Wrightsville, GA 31096, USA","{'lat': 32.7294175, 'lng': -82.7300357}"
173,7873,Cobb County School District,"2891 Mars Hill Rd, Acworth, GA 30101, USA","{'lat': 34.0262489, 'lng': -84.70069409999999}"
174,7874,Hall County,"Green St NW, Georgia 30096, USA","{'lat': 33.9424246, 'lng': -84.1709649}"
175,7875,Coweta County School System,"1225 Eastside School Rd, Senoia, GA 30276, USA","{'lat': 33.2638702, 'lng': -84.5793712}"
176,7876,Houston County Schools,"503 Parkwood Dr, Warner Robins, GA 31093, USA","{'lat': 32.6249051, 'lng': -83.6292558}"
177,7877,Carroll County School System,"164 Independence Dr, Carrollton, GA 30116, USA","{'lat': 33.5693261, 'lng': -85.0451451}"
178,7878,Gwinnett County Public Schools,"564 W Crogan St, Lawrenceville, GA 30046, USA","{'lat': 33.9481514, 'lng': -84.00006189999999}"
179,7879,Gwinnett County Public Schools,"137 Dacula Rd, Dacula, GA 30019, USA","{'lat': 33.9914521, 'lng': -83.8947558}"
180,7880,Gwinnett County Public Schools,"437 Old Peachtree Rd NW #2978, Suwanee, GA 30024, USA","{'lat': 34.0162047, 'lng': -84.05718879999999}"
181,7881,Hall County,"4120 E Hall Rd, Gainesville, GA 30507, USA","{'lat': 34.3078537, 'lng': -83.741661}"
182,7882,Cherokee County,"230 Rope Mill Rd, Woodstock, GA 30188, USA","{'lat': 34.1092131, 'lng': -84.5203654}"
183,7883,Gwinnett County Public Schools,"4300 S Berkeley Lake Rd NW, Berkeley Lake, GA 30096, USA","{'lat': 33.9776031, 'lng': -84.1867757}"
184,7884,Dade Co Board Of Education,"250 Pace Dr, Trenton, GA 30752, USA","{'lat': 34.8723699, 'lng': -85.518495}"
185,7885,Coweta County School System,"237 Jackson St, Newnan, GA 30263, USA","{'lat': 33.3944022, 'lng': -84.7997328}"
186,7886,Fulton County School District,"7405 Herndon Rd, Fairburn, GA 30213, USA","{'lat': 33.5582841, 'lng': -84.6279637}"
187,7887,Troup County School System,"115 E Cannon St, LaGrange, GA 30241, USA","{'lat': 33.0291664, 'lng': -85.02695949999999}"
188,7888,Fayette County,"450 Grady Ave, Fayetteville, GA 30214, USA","{'lat': 33.4431683, 'lng': -84.4669784}"
189,7889,Cobb County School District,"4770 Lee Waters Rd, Marietta, GA 30066, USA","{'lat': 34.0638382, 'lng': -84.5128792}"
190,7890,Greenbrier High School,"4785 Hereford Farm Rd, Evans, GA 30809, USA","{'lat': 33.5319894, 'lng': -82.159635}"
191,7891,Carroll County School System,"155 Whooping Creek Rd, Carrollton, GA 30116, USA","{'lat': 33.5387911, 'lng': -85.06558869999999}"
192,7892,Cobb County School District,"1898 Kennesaw Due West Rd NW, Kennesaw, GA 30152, USA","{'lat': 33.998095, 'lng': -84.61867170000001}"
193,7893,Cherokee County,"2031 E Cherokee Dr, Woodstock, GA 30188, USA","{'lat': 34.1319959, 'lng': -84.4930684}"
194,7894,Hall County,"5544 Radford Rd, Flowery Branch, GA 30542, USA","{'lat': 34.2010456, 'lng': -83.9276955}"
195,7895,Cobb County School District,"4179 Jim Owens Rd NW, Kennesaw, GA 30152, USA","{'lat': 34.0146491, 'lng': -84.6732471}"
196,7896,Greenbrier High School,"4781 Hereford Farm Rd, Evans, GA 30809, USA","{'lat': 33.5309981, 'lng': -82.1584025}"
197,7897,Lamar County Middle School,"100 Burnette Rd, Barnesville, GA 30204, USA","{'lat': 33.0456685, 'lng': -84.1818948}"
198,7898,Berrien County School District,"305 N Ann St, Nashville, GA 31639, USA","{'lat': 31.2084748, 'lng': -83.2404799}"
199,7899,The University of Georgia,"425 E Broad St, Athens, GA 30601, USA","{'lat': 33.9580982, 'lng': -83.37352469999999}"
200,7900,Fulton County School District,"4110 Old Alabama Rd, Johns Creek, GA 30022, USA","{'lat': 34.0187513, 'lng': -84.23989859999999}"
201,7901,Hall County,"4782 Thompson Bridge Rd, Gainesville, GA 30506, USA","{'lat': 34.4004361, 'lng': -83.88995410000001}"
202,7902,Cobb County School District,"3850 Roswell Rd, Marietta, GA 30062, USA","{'lat': 33.9758302, 'lng': -84.4390925}"
203,7903,Bibb County Public Schools,"325 Pursley St, Macon, GA 31201, USA","{'lat': 32.8452857, 'lng': -83.64653600000001}"
204,7904,Coweta County School System,"6291 GA-16, Senoia, GA 30276, USA","{'lat': 33.3034222, 'lng': -84.5998276}"
205,7905,Savannah-Chatham County Public School System,"208 Bull St, Savannah, GA 31401, USA","{'lat': 32.076319, 'lng': -81.0926465}"
206,7906,Cobb County School District,"2700 Jims Rd NE, Marietta, GA 30066, USA","{'lat': 34.0598492, 'lng': -84.47025819999999}"
207,7907,Bartow County School District,"Euharlee, GA 30120, USA","{'lat': 34.1577811, 'lng': -84.87763919999999}"
208,7908,Cherokee County,"3170 Trickum Rd, Woodstock, GA 30188, USA","{'lat': 34.1055776, 'lng': -84.474001}"
209,7909,Coweta County School System,"154 Millard Farmer Industrial Blvd, Newnan, GA 30263, USA","{'lat': 33.3998635, 'lng': -84.772109}"
210,7910,Dekalb County School System,"2968 Cravenridge Dr NE, Atlanta, GA 30319, USA","{'lat': 33.8747161, 'lng': -84.3217035}"
211,7911,Walker County School District,"Chickamauga, GA 30707, USA","{'lat': 34.8711879, 'lng': -85.2907896}"
212,7912,Savannah-Chatham County Public School System,"3313 Louis St, Savannah, GA 31404, USA","{'lat': 32.0296144, 'lng': -81.05304029999999}"
213,7913,Cobb County School District,"855 Woodlawn Dr NE, Marietta, GA 30068, USA","{'lat': 33.9692795, 'lng': -84.41710239999999}"
214,7914,Hall County,"6130 Chattahoochee St, Lula, GA 30554, USA","{'lat': 34.39134, 'lng': -83.66177239999999}"
215,7915,Bartow County School District,"195 Fire Tower Rd NW, Cartersville, GA 30120, USA","{'lat': 34.2395005, 'lng': -84.8695785}"
216,7916,Georgia Academy-Family Phys,"3760 Northlake Creek Dr #100, Tucker, GA 30084, USA","{'lat': 33.8601225, 'lng': -84.2232858}"
217,7917,Muscogee County School District,"Columbus, GA 31902, USA","{'lat': 32.46862, 'lng': -84.99141}"
218,7918,Floyd County School District,"5075 Martha Berry Hwy, Rome, GA 30165, USA","{'lat': 34.3652114, 'lng': -85.17438399999999}"
219,7919,Houston County Schools,"101 Elm St, Bonaire, GA 31005, USA","{'lat': 32.5472954, 'lng': -83.6008031}"
220,7920,Houston County Schools,"206 Wellborn Rd, Warner Robins, GA 31088, USA","{'lat': 32.599694, 'lng': -83.6007939}"
221,7921,Coweta County School System,"Newnan, GA 30264, USA","{'lat': 33.3763255, 'lng': -84.71352139999999}"
222,7922,Greenbrier High School,"527 Blue Ridge Dr, Evans, GA 30809, USA","{'lat': 33.5359398, 'lng': -82.101475}"
223,7923,Houston County Schools,"1100 Main St, Perry, GA 31069, USA","{'lat': 32.45834860000001, 'lng': -83.7287546}"
224,7924,Buford City Schools System,"2750 Sawnee Ave, Buford, GA 30518, USA","{'lat': 34.1320607, 'lng': -83.9863189}"
225,7925,Chickamauga City Schools,"300 Crescent Ave, Chickamauga, GA 30707, USA","{'lat': 34.8708624, 'lng': -85.2965767}"
226,7926,Greenbrier High School,"533 Blue Ridge Dr, Evans, GA 30809, USA","{'lat': 33.537093, 'lng': -82.1010637}"
227,7927,Cobb County School District,"Marietta, GA 30061, USA","{'lat': 33.9491123, 'lng': -84.5507433}"
228,7928,Cherokee County,"Ball Ground, GA 30107, USA","{'lat': 34.3372664, 'lng': -84.3779515}"
229,7929,Coweta County School System,"400 GA-154, Sharpsburg, GA 30277, USA","{'lat': 33.3493574, 'lng': -84.6602951}"
230,7930,Cobb County School District,"325 N Booth Rd NW, Kennesaw, GA 30144, USA","{'lat': 34.045266, 'lng': -84.5616093}"
231,7931,Coweta County School System,"200 Pete Rd, Sharpsburg, GA 30277, USA","{'lat': 33.4648547, 'lng': -84.648035}"
232,7932,Cherokee County,"1335 Wyngate Pkwy, Woodstock, GA 30189, USA","{'lat': 34.1304358, 'lng': -84.57843009999999}"
233,7933,Girl Scouts Headquarters,"Griffin, GA, USA","{'lat': 33.2467807, 'lng': -84.2640904}"
234,7934,Hillcrest Baptist Church,"3045 Deans Bridge Rd, Augusta, GA 30906, USA","{'lat': 33.4292885, 'lng': -82.047027}"
235,7935,Douglas County,"Douglasville, GA 30133, USA","{'lat': 33.7493709, 'lng': -84.7460678}"
236,7936,Gwinnett County Public Schools,"1075 Rocky Rd, Lawrenceville, GA 30044, USA","{'lat': 33.9025571, 'lng': -84.0147185}"
237,7937,Gwinnett County Public Schools,"2500 Fence Rd NE, Dacula, GA 30019, USA","{'lat': 33.9997766, 'lng': -83.90344759999999}"
238,7938,Gwinnett County Public Schools,"770 Ewing Chapel Rd, Dacula, GA 30019, USA","{'lat': 33.9677858, 'lng': -83.8986466}"
239,7939,Newton County School District,"3325 Fairview Rd, Covington, GA 30016, USA","{'lat': 33.609623, 'lng': -83.937845}"
240,7940,Cobb County School District,"514 Glover St SE, Marietta, GA 30060, USA","{'lat': 33.9384827, 'lng': -84.53806209999999}"
241,7941,Hall County,"711 Green St, Gainesville, GA 30501, USA","{'lat': 34.3086211, 'lng': -83.82753869999999}"
242,7942,Fayette County,"200 Kedron Dr, Peachtree City, GA 30269, USA","{'lat': 33.4299892, 'lng': -84.59810949999999}"
243,7943,Bulloch Academy,"873 Westside Rd, Statesboro, GA 30458, USA","{'lat': 32.448328, 'lng': -81.81355479999999}"
244,7944,Hebron Christian Academy,"2975 Old Peachtree Rd NE, Dacula, GA 30019, USA","{'lat': 34.0080264, 'lng': -83.9264544}"
245,7945,Fulton County School District,"786 Cleveland Ave SW, Atlanta, GA 30315, USA","{'lat': 33.6807208, 'lng': -84.4145583}"
246,7946,Fulton County School District,"13080 Cogburn Rd, Milton, GA 30004, USA","{'lat': 34.1043758, 'lng': -84.2833445}"
247,7947,Fulton County School District,"10665 Haynes Bridge Rd, Alpharetta, GA 30022, USA","{'lat': 34.0405095, 'lng': -84.28235749999999}"
248,7948,Fulton County School District,"3250 Hammarskjold Dr, Atlanta, GA 30344, USA","{'lat': 33.6464666, 'lng': -84.4958346}"
249,7949,Clarke County School District,"350 S Milledge Ave, Athens, GA 30605, USA","{'lat': 33.9513227, 'lng': -83.3897057}"
250,7950,Hall County,"S Hall Dr, Flowery Branch, GA 30542, USA","{'lat': 34.1787572, 'lng': -83.94588510000001}"
251,7951,Savannah-Chatham County Public School System,"4037 Kessler Ave, Garden City, GA 31408, USA","{'lat': 32.0909324, 'lng': -81.1672562}"
252,7952,Girl Scouts Headquarters,"1233 Jackson Rd, Griffin, GA 30223, USA","{'lat': 33.256805, 'lng': -84.240105}"
253,7953,Dekalb County School System,"5035 Vermack Rd, Dunwoody, GA 30338, USA","{'lat': 33.9455218, 'lng': -84.3152504}"
254,7954,Gwinnett County Public Schools,"50 Taylor Rd, Suwanee, GA 30024, USA","{'lat': 34.0157305, 'lng': -84.02004699999999}"
255,7955,Fayette County,"325 Jenkins Rd, Fayetteville, GA 30214, USA","{'lat': 33.4959618, 'lng': -84.569304}"
256,7956,Gwinnett County Public Schools,"3443 Ridge Rd, Buford, GA 30519, USA","{'lat': 34.0973868, 'lng': -83.93567949999999}"
257,7957,Cherokee County,"105 Othello Dr, Woodstock, GA 30189, USA","{'lat': 34.1309175, 'lng': -84.5908481}"
258,7958,Greenbrier High School,"5120 Riverwood Pkwy, Evans, GA 30809, USA","{'lat': 33.5883299, 'lng': -82.1871678}"
259,7959,Cobb County School District,"3295 Atlanta Rd SE, Smyrna, GA 30080, USA","{'lat': 33.8729594, 'lng': -84.49801149999999}"
260,7960,Savannah-Chatham County Public School System,"4910 Pineland Dr, Savannah, GA 31405, USA","{'lat': 32.0472808, 'lng': -81.1857418}"
261,7961,Cobb County School District,"Marietta, GA 30061, USA","{'lat': 33.9491123, 'lng': -84.5507433}"
262,7962,Minneapolis Public Schools,"204 Mary M Bethune Dr, Folkston, GA 31537, USA","{'lat': 30.8201391, 'lng': -81.99503930000002}"
263,7963,Cobb County School District,"Marietta, GA 30061, USA","{'lat': 33.9491123, 'lng': -84.5507433}"
264,7964,Gwinnett County Public Schools,"3250 River Dr SW, Lawrenceville, GA 30044, USA","{'lat': 33.8842651, 'lng': -84.069431}"
265,7965,Gwinnett County Public Schools,"170 Russell Rd, Lawrenceville, GA 30043, USA","{'lat': 34.0011234, 'lng': -84.008645}"
266,7966,Gwinnett County Public Schools,"1000 Old Snellville Hwy, Lawrenceville, GA 30044, USA","{'lat': 33.907135, 'lng': -84.00889289999999}"
267,7967,Gwinnett County Public Schools,"3737 Brock Rd NW, Duluth, GA 30096, USA","{'lat': 34.0092045, 'lng': -84.1441732}"
268,7968,Savannah-Chatham County Public School System,"100 Parkersburg Rd, Savannah, GA 31406, USA","{'lat': 31.9800936, 'lng': -81.0641675}"
269,7969,Greenbrier High School,"375 W Forrest St, Harlem, GA 30814, USA","{'lat': 33.4192406, 'lng': -82.31839629999999}"
270,7970,Hall County,"711 Green St, Gainesville, GA 30501, USA","{'lat': 34.3086211, 'lng': -83.82753869999999}"
271,7971,Cobb County School District,"6800 Factory Shoals Rd SW, Austell, GA 30168, USA","{'lat': 33.7919227, 'lng': -84.57848460000001}"
272,7972,Berkmar High School,"405 Pleasant Hill Rd, Lilburn, GA 30047, USA","{'lat': 33.906979, 'lng': -84.11484349999999}"
273,7973,Dekalb County School System,"2670 Old Wesley Chapel Rd, Decatur, GA 30034, USA","{'lat': 33.7094157, 'lng': -84.2163415}"
274,7974,Forsyth County Schools,"7465 Wallace Tatum Rd, Cumming, GA 30028, USA","{'lat': 34.2876639, 'lng': -84.2052344}"
275,7975,Blandy Hills Elementary School,"375 Blandy Rd, Milledgeville, GA 31061, USA","{'lat': 33.0799486, 'lng': -83.2714293}"
276,7976,Clayton County Public Schools,"1058 Fifth Ave, Jonesboro, GA 30236, USA","{'lat': 33.536398, 'lng': -84.35708029999999}"
277,7977,Polk County School District,"425 Prospect Rd, Rockmart, GA 30153, USA","{'lat': 34.0167312, 'lng': -85.0674225}"
278,7978,Jones County Schools,"324 GA-18, Gray, GA 31032, USA","{'lat': 32.9936202, 'lng': -83.5276758}"
279,7979,Bremen City Schools,"504 Laurel St, Bremen, GA 30110, USA","{'lat': 33.7183408, 'lng': -85.1399551}"
280,7980,Cartersville City Schools,"825 Douthit Ferry Rd, Cartersville, GA 30120, USA","{'lat': 34.1340162, 'lng': -84.823554}"
281,7981,Fayette County,"490 Hood Ave, Fayetteville, GA 30214, USA","{'lat': 33.456258, 'lng': -84.4647038}"
282,7982,Muscogee County School District,"1338 Talbotton Rd, Columbus, GA 31901, USA","{'lat': 32.4871939, 'lng': -84.9729002}"
283,7983,Forsyth County Schools,"6945 Keith Bridge Rd, Gainesville, GA 30506, USA","{'lat': 34.296132, 'lng': -83.9964971}"
284,7984,Fulton County School District,"791 Mimosa Blvd, Roswell, GA 30075, USA","{'lat': 34.0198866, 'lng': -84.3628717}"
285,7985,Bryan County School District,"600 Payne Rd, Pembroke, GA 31321, USA","{'lat': 32.149446, 'lng': -81.60816419999999}"
286,7986,Jones County Schools,"273 Railroad St, Gray, GA 31032, USA","{'lat': 32.9976268, 'lng': -83.5310547}"
287,7987,Cobb County School District,"5600 Mulberry St, Austell, GA 30106, USA","{'lat': 33.8153959, 'lng': -84.6342188}"
288,7988,Walker County School District,"3420 Chattanooga Valley Rd, Flintstone, GA 30725, USA","{'lat': 34.9344787, 'lng': -85.34689259999999}"
289,7989,Hall County,"2150 Memorial Park Dr, Gainesville, GA 30504, USA","{'lat': 34.2634529, 'lng': -83.8535148}"
290,7990,Gwinnett County Public Schools,"1255 Dogwood Rd SW, Snellville, GA 30078, USA","{'lat': 33.8834551, 'lng': -84.04140679999999}"
291,7991,Walker County School District,"847 Allgood Rd, Flintstone, GA 30725, USA","{'lat': 34.9299885, 'lng': -85.35762860000001}"
292,7992,Hart County School District,"124 Ankerich Rd, Bowersville, GA 30516, USA","{'lat': 34.3755457, 'lng': -83.00210059999999}"
293,7993,Tift County Public Schools,"389 Tift Ave, Tifton, GA 31794, USA","{'lat': 31.4556593, 'lng': -83.5069997}"
294,7994,Savannah-Chatham County Public School System,"Montgomery St, Savannah, GA, USA","{'lat': 32.054341, 'lng': -81.1058159}"
295,7995,First Presbyterian Day School,"5671 Calvin Dr, Macon, GA 31210, USA","{'lat': 32.8730433, 'lng': -83.74979359999999}"
296,7996,Muscogee County School District,"Columbus, GA 31902, USA","{'lat': 32.46862, 'lng': -84.99141}"
297,7997,Cherokee Christian High School,"3075 Trickum Rd, Woodstock, GA 30188, USA","{'lat': 34.1148365, 'lng': -84.4690078}"
298,7998,Clarke County School District,"240 Mitchell Bridge Rd, Athens, GA 30606, USA","{'lat': 33.9626438, 'lng': -83.4324183}"
299,7999,Georgia Department of Education,"2171 Moultrie Hwy, Quitman, GA 31643, USA","{'lat': 30.8146735, 'lng': -83.5658043}"
