,_id,Name,Address,Geocodes
0,3500,Colonial School District,"713 E Basin Rd, New Castle, DE 19720, USA","{'lat': 39.6674898, 'lng': -75.585161}"
1,3501,Archmere Academy,"3600 Philadelphia Pike, Claymont, DE 19703, USA","{'lat': 39.8013587, 'lng': -75.4528619}"
2,3502,Saint Mark's High School,"905 N Broom St, Wilmington, DE 19806, USA","{'lat': 39.7514359, 'lng': -75.5630587}"
3,3503,Seaford School District,"1 Delaware Pl, Seaford, DE 19973, USA","{'lat': 38.6524782, 'lng': -75.6154554}"
4,3504,Seaford School District,"390 N Market St, Seaford, DE 19973, USA","{'lat': 38.6510683, 'lng': -75.6150348}"
5,3505,Sussex County Vocational Tech,"Wilmington, DE, USA","{'lat': 39.744655, 'lng': -75.5483909}"
6,3506,St. Peter The Apostle Parish,"521 Harmony St, New Castle, DE 19720, USA","{'lat': 39.6617999, 'lng': -75.56451410000001}"
7,3507,E2T2C2  Home,"16 Pleasant Pl, New Castle, DE 19720, USA","{'lat': 39.667436, 'lng': -75.625446}"
8,3508,Red Clay Consolidated School District,"5423 Killens Pond Rd, Felton, DE 19943, USA","{'lat': 38.9893338, 'lng': -75.5516031}"
9,3509,Brandywine Education Association,"1000 Pennsylvania Ave, Claymont, DE 19703, USA","{'lat': 39.8037797, 'lng': -75.4764824}"
10,3510,Townsend Elementary School,"120 Silver Lake Rd, Middletown, DE 19709, USA","{'lat': 39.4497255, 'lng': -75.69225999999999}"
11,3511,National Association of Educational Office Professionals,"219 Old North Rd, Camden, DE 19934, USA","{'lat': 39.1186011, 'lng': -75.5437159}"
12,3512,Christina Paraprofessionals Association,"83 E Main St, Newark, DE 19711, USA","{'lat': 39.6826314, 'lng': -75.7498743}"
13,3513,Charter School Of Wilmington,"100 N Dupont Rd, Wilmington, DE 19807, USA","{'lat': 39.7535725, 'lng': -75.5874716}"
14,3514,Potomac and Chesapeake Association for College Admission Counseling,"2801 Del Laws Rd, Bear, DE 19701, USA","{'lat': 39.59902690000001, 'lng': -75.7146154}"
15,3515,Delaware County Intermediate Unit,"100 Campus Dr, Dover, DE 19904, USA","{'lat': 39.1980302, 'lng': -75.5627461}"
16,3516,Padua Academy,"905 N Broom St, Wilmington, DE 19806, USA","{'lat': 39.7514359, 'lng': -75.5630587}"
17,3517,Delcastle Technical High Schl,"1417 Newport Rd, Wilmington, DE 19804, USA","{'lat': 39.7264073, 'lng': -75.6272644}"
18,3518,Delaware State Education Association,"Woodside, DE 19980, USA","{'lat': 39.0757966, 'lng': -75.56988079999999}"
19,3519,Sussex County Vocational Tech,"Georgetown, DE 19947, USA","{'lat': 38.6901134, 'lng': -75.38547280000002}"
20,3520,Christina Paraprofessionals Association,"600 N Lombard St, Wilmington, DE 19801, USA","{'lat': 39.740723, 'lng': -75.5438643}"
21,3521,Hockessin Montessori School,"1000 Old Lancaster Pike, Hockessin, DE 19707, USA","{'lat': 39.7779697, 'lng': -75.6793995}"
22,3522,Albert Einstein Academy,"Albert Einstein Academy, 101 Garden of Eden Rd, Wilmington, DE 19803, USA","{'lat': 39.8104582, 'lng': -75.55292469999999}"
23,3523,Tower Hill School,"2813 W 17th St, Wilmington, DE 19806, USA","{'lat': 39.7641619, 'lng': -75.5782487}"
24,3524,Wilmington Friends School,"101 School Rd, Wilmington, DE 19803, USA","{'lat': 39.7690867, 'lng': -75.5504077}"
25,3525,Wilmington Friends School,"101 School Rd, Wilmington, DE 19803, USA","{'lat': 39.7690867, 'lng': -75.5504077}"
26,3526,St. Elizabeth High School,"1500 Cedar St, Wilmington, DE 19805, USA","{'lat': 39.7379413, 'lng': -75.57361}"
27,3527,Wilmington Trust Corporation,"112 Middleboro Rd, Wilmington, DE 19804, USA","{'lat': 39.7209496, 'lng': -75.585252}"
28,3528,Future Farmers of Ameri...,"1101 Delaware St, New Castle, DE 19720, USA","{'lat': 39.6646446, 'lng': -75.5745196}"
29,3529,Milford School District,"Sussex, NJ 07461, USA","{'lat': 41.20981769999999, 'lng': -74.6076614}"
30,3530,Caravel Academy,"2801 Del Laws Rd, Bear, DE 19701, USA","{'lat': 39.59902690000001, 'lng': -75.7146154}"
31,3531,East Side Charter Schoo...,"3000 N Claymont St, Wilmington, DE 19802, USA","{'lat': 39.7515212, 'lng': -75.52266569999999}"
32,3532,Milton Elementary Schoo...,"Elsmere, DE 19805, USA","{'lat': 39.7472496, 'lng': -75.5917092}"
33,3533,"Goddard Systems, Inc.","614 Pulaski Hwy, Bear, DE 19701, USA","{'lat': 39.6463693, 'lng': -75.6350836}"
34,3534,Albert Einstein Academy...,"Albert Einstein Academy, 101 Garden of Eden Rd #104, Wilmington, DE 19803, USA","{'lat': 39.8104582, 'lng': -75.55292469999999}"
35,3535,The Charter School of W...,"100 N Dupont Rd, Wilmington, DE 19807, USA","{'lat': 39.7535725, 'lng': -75.5874716}"
36,3536,Milton Elementary Schoo...,"512 Federal St, Milton, DE 19968, USA","{'lat': 38.7725368, 'lng': -75.3151163}"
37,3537,Cape Henlopen School Di...,"1250 Kings Hwy, Lewes, DE 19958, USA","{'lat': 38.7571248, 'lng': -75.1508898}"
38,3538,Independence School Inc,"1300 Paper Mill Rd, Newark, DE 19711, USA","{'lat': 39.744218, 'lng': -75.7137975}"
39,3539,Delaware Technical & Co...,"100 Campus Dr, Dover, DE 19904, USA","{'lat': 39.1980302, 'lng': -75.5627461}"
40,3540,Immaculate Heart Of Mary,"4701 Weldin Rd, Wilmington, DE 19803, USA","{'lat': 39.7832954, 'lng': -75.51957209999999}"
41,3541,parochial schools holy angels auxiliary,"82 Possum Park Rd, Newark, DE 19711, USA","{'lat': 39.6993492, 'lng': -75.72422929999999}"
42,3542,Delaware Technical & Community College Centra...,"100 Campus Dr, Dover, DE 19904, USA","{'lat': 39.1980302, 'lng': -75.5627461}"
43,3543,Brandwine School District,"1000 Pennsylvania Ave, Claymont, DE 19703, USA","{'lat': 39.8037797, 'lng': -75.4764824}"
44,3544,Caesar Rodney School District,"219 Old North Rd, Camden, DE 19934, USA","{'lat': 39.1186011, 'lng': -75.5437159}"
45,3545,Centerville School,"6201 Kennett Pike, Wilmington, DE 19807, USA","{'lat': 39.8300315, 'lng': -75.6236275}"
46,3546,Christina School District,"925 Bear Corbitt Rd, Bear, DE 19701, USA","{'lat': 39.631321, 'lng': -75.65872039999999}"
47,3547,Delaware Technical & Community College Centra...,"Dover, DE 19903, USA","{'lat': 39.15821469999999, 'lng': -75.5233588}"
48,3548,Central Delaware Christian Academy Inc,"4698 S Dupont Hwy, Dover, DE 19901, USA","{'lat': 39.0940479, 'lng': -75.5469347}"
49,3549,Concord Christian Academy,"2510 Marsh Rd, Wilmington, DE 19810, USA","{'lat': 39.8246157, 'lng': -75.4873129}"
50,3550,Caravel Academy Inc,"2801 Del Laws Rd, Bear, DE 19701, USA","{'lat': 39.59902690000001, 'lng': -75.7146154}"
51,3551,University of Delaware,"Newark, DE 19716, USA","{'lat': 39.6779504, 'lng': -75.7506114}"
52,3552,University of Delaware,"Newark, DE 19716, USA","{'lat': 39.6779504, 'lng': -75.7506114}"
53,3553,University of Delaware,"Newark, DE 19716, USA","{'lat': 39.6779504, 'lng': -75.7506114}"
54,3554,University of Delaware,"Newark, DE 19716, USA","{'lat': 39.6779504, 'lng': -75.7506114}"
55,3555,University of Delaware,"Kent Way, Newark, DE, USA","{'lat': 39.679018, 'lng': -75.7550286}"
56,3556,University of Delaware,"Newark, DE 19716, USA","{'lat': 39.6779504, 'lng': -75.7506114}"
57,3557,University of Delaware,"Newark, DE 19716, USA","{'lat': 39.6779504, 'lng': -75.7506114}"
58,3558,University of Delaware,"Newark, DE 19716, USA","{'lat': 39.6779504, 'lng': -75.7506114}"
59,3559,University of Delaware,"Newark, DE 19716, USA","{'lat': 39.6779504, 'lng': -75.7506114}"
60,3560,University of Delaware,"Newark, DE 19716, USA","{'lat': 39.6779504, 'lng': -75.7506114}"
61,3561,Caravel Academy,"2801 Del Laws Rd, Bear, DE 19701, USA","{'lat': 39.59902690000001, 'lng': -75.7146154}"
62,3562,Seaford School District,"1 Swain Rd, Seaford, DE 19973, USA","{'lat': 38.6456097, 'lng': -75.6038044}"
63,3563,Sussex County Vocational Tech,"17099 County Seat Hwy, Georgetown, DE 19947, USA","{'lat': 38.6433737, 'lng': -75.44394070000001}"
64,3564,Caesar Rodney School District,"219 Old North Rd, Camden, DE 19934, USA","{'lat': 39.1186011, 'lng': -75.5437159}"
65,3565,Brandwine School District,"3401 Green St, Claymont, DE 19703, USA","{'lat': 39.803231, 'lng': -75.465378}"
66,3566,Brandwine School District,"1900 Westminster Dr, Wilmington, DE 19810, USA","{'lat': 39.8062778, 'lng': -75.5044671}"
67,3567,Caesar Rodney School District,"239 Old North Rd, Camden, DE 19934, USA","{'lat': 39.118578, 'lng': -75.541317}"
68,3568,Red Clay Consolidated School District,"1801 Milltown Rd, Wilmington, DE 19808, USA","{'lat': 39.7282686, 'lng': -75.67344609999999}"
69,3569,Delaware Technical & Community College Central Office,"400 Stanton Christiana Rd, Newark, DE 19713, USA","{'lat': 39.689929, 'lng': -75.64853889999999}"
70,3570,Laurel School District,"1133 S Central Ave, Laurel, DE 19956, USA","{'lat': 38.5459416, 'lng': -75.5661848}"
71,3571,Caesar Rodney School District,"219 Old North Rd, Camden, DE 19934, USA","{'lat': 39.1186011, 'lng': -75.5437159}"
72,3572,Back TO Basics Learning,"6 Stone Hill Rd, Wilmington, DE 19803, USA","{'lat': 39.7625689, 'lng': -75.55164239999999}"
73,3573,Milton Elementary School,"945 Forest St, Dover, DE 19904, USA","{'lat': 39.1592786, 'lng': -75.5405664}"
74,3574,Lake Forest School District,"319 E Main St, Felton, DE 19943, USA","{'lat': 39.0076529, 'lng': -75.5703355}"
75,3575,Albert Einstein Academy Inc,"Albert Einstein Academy, 101 Garden of Eden Rd, Wilmington, DE 19803, USA","{'lat': 39.8104582, 'lng': -75.55292469999999}"
76,3576,The Charter School of Wilmington,"100 N Dupont Rd, Wilmington, DE 19807, USA","{'lat': 39.7535725, 'lng': -75.5874716}"
77,3577,Milton Elementary School,"112 Middleboro Rd, Wilmington, DE 19804, USA","{'lat': 39.7209496, 'lng': -75.585252}"
78,3578,Christina School District,"908 Janice Dr, Newark, DE 19713, USA","{'lat': 39.6551853, 'lng': -75.7483237}"
79,3579,The Charter School of Wilmington,"100 N Dupont Rd, Wilmington, DE 19807, USA","{'lat': 39.7535725, 'lng': -75.5874716}"
80,3580,Delaware Technical & Community College Central Office,"100 Campus Dr, Dover, DE 19904, USA","{'lat': 39.1980302, 'lng': -75.5627461}"
81,3581,Red Clay Consolidated School District,"10 Dupont Ave, Wilmington, DE 19809, USA","{'lat': 39.7717088, 'lng': -75.49827479999999}"
82,3582,Lake Forest School District,"5424 Killens Pond Rd, Felton, DE 19943, USA","{'lat': 38.9900828, 'lng': -75.5525066}"
83,3583,University of Delaware,"Newark, DE 19716, USA","{'lat': 39.6779504, 'lng': -75.7506114}"
84,3584,Cape Henlopen School District,"1250 Kings Hwy, Lewes, DE 19958, USA","{'lat': 38.7571248, 'lng': -75.1508898}"
85,3585,Christiana Care Corporation,"501 W 14th St, Wilmington, DE 19801, USA","{'lat': 39.75097179999999, 'lng': -75.5500504}"
86,3586,Capital School District,"852 S Little Creek Rd, Dover, DE 19901, USA","{'lat': 39.1562766, 'lng': -75.5050131}"
87,3587,Appoquinimink School District,"502 S Broad St, Middletown, DE 19709, USA","{'lat': 39.4433956, 'lng': -75.717637}"
88,3588,Red Clay Consolidated School District,"50 Hillside Rd, Wilmington, DE 19807, USA","{'lat': 39.776729, 'lng': -75.600354}"
89,3589,Colonial School District,"801 Cox Neck Rd, New Castle, DE 19720, USA","{'lat': 39.56497330000001, 'lng': -75.6301285}"
90,3590,Milton Elementary School,"31 Hosier St, Selbyville, DE 19975, USA","{'lat': 38.4623522, 'lng': -75.2260843}"
91,3591,Christina School District,"83 E Main St, Newark, DE 19711, USA","{'lat': 39.6826314, 'lng': -75.7498743}"
92,3592,Christina School District,"200 S Dupont St, Wilmington, DE 19805, USA","{'lat': 39.7432777, 'lng': -75.571518}"
93,3593,Smyrna Kindergarten Ctr,"510 Main St, Clayton, DE 19938, USA","{'lat': 39.2877952, 'lng': -75.63534299999999}"
94,3594,Because We Care,"1420 McKee Rd, Dover, DE 19904, USA","{'lat': 39.181773, 'lng': -75.56080740000002}"
95,3595,Red Clay Consolidated School District,"201 Jackson Ave, Wilmington, DE 19804, USA","{'lat': 39.7228894, 'lng': -75.6012143}"
96,3596,Christina School District,"925 Bear Corbitt Rd, Bear, DE 19701, USA","{'lat': 39.631321, 'lng': -75.65872039999999}"
97,3597,Smyrna Kindergarten Ctr,"101 Locust St, Smyrna, DE 19977, USA","{'lat': 39.3012564, 'lng': -75.5995078}"
98,3598,Colonial School District,"12 Landers Ln, New Castle, DE 19720, USA","{'lat': 39.68695, 'lng': -75.55843}"
99,3599,Colonial School District,"12 Landers Ln, New Castle, DE 19720, USA","{'lat': 39.68695, 'lng': -75.55843}"
100,3600,Laurel School District,"801 S Central Ave, Laurel, DE 19956, USA","{'lat': 38.5514191, 'lng': -75.5680616}"
101,3601,Ashman Lasky and Cooper Attorney at Law,"6 Stone Hill Rd, Wilmington, DE 19803, USA","{'lat': 39.7625689, 'lng': -75.55164239999999}"
102,3602,Brandwine School District,"1400 Foulk Rd, Wilmington, DE 19803, USA","{'lat': 39.7999461, 'lng': -75.5209386}"
103,3603,Red Clay Consolidated School District,"50 Hillside Rd, Wilmington, DE 19807, USA","{'lat': 39.776729, 'lng': -75.600354}"
104,3604,Red Clay Consolidated School District,"10 N Dupont Rd, Wilmington, DE 19807, USA","{'lat': 39.7535726, 'lng': -75.5874721}"
105,3605,Albert Einstein Academy Inc,"Albert Einstein Academy, 101 Garden of Eden Rd #104, Wilmington, DE 19803, USA","{'lat': 39.8104582, 'lng': -75.55292469999999}"
106,3606,Cape Henlopen School District,"1250 Kings Hwy, Lewes, DE 19958, USA","{'lat': 38.757715, 'lng': -75.1496386}"
107,3607,Immaculate Heart Of Mary,"1000 Shipley Rd, Wilmington, DE 19803, USA","{'lat': 39.7827214, 'lng': -75.5194016}"
108,3608,Brandwine School District,"101 Whitby Dr, Wilmington, DE 19803, USA","{'lat': 39.8030153, 'lng': -75.5504598}"
109,3609,Brandwine School District,"2501 Ebright Rd, Wilmington, DE 19810, USA","{'lat': 39.8302963, 'lng': -75.5254863}"
110,3610,Red Clay Consolidated School District,"3415 Skyline Dr, Wilmington, DE 19808, USA","{'lat': 39.7338656, 'lng': -75.69289619999999}"
111,3611,Christina School District,"300 St Regis Dr, Newark, DE 19711, USA","{'lat': 39.7017216, 'lng': -75.7350593}"
112,3612,Archmere Academy,"3600 Philadelphia Pike, Claymont, DE 19703, USA","{'lat': 39.8013587, 'lng': -75.4528619}"
113,3613,Red Clay Consolidated School District,"1621 Telegraph Rd, Wilmington, DE 19804, USA","{'lat': 39.7120198, 'lng': -75.6521752}"
114,3614,State of Delaware,"1900 Westminster Dr, Wilmington, DE 19810, USA","{'lat': 39.8062778, 'lng': -75.5044671}"
115,3615,Lake Forest School District,"124 Front St, Frederica, DE 19946, USA","{'lat': 39.0070542, 'lng': -75.4733423}"
116,3616,Milton Elementary School,"301 W Market St, Georgetown, DE 19947, USA","{'lat': 38.68387269999999, 'lng': -75.3898103}"
117,3617,State of Delaware,"1801 Milltown Rd, Wilmington, DE 19808, USA","{'lat': 39.7282686, 'lng': -75.67344609999999}"
118,3618,Christina School District,"190 Salem Church Rd, Newark, DE 19713, USA","{'lat': 39.6651442, 'lng': -75.6946229}"
119,3619,Colonial School District,"314 E Basin Rd, Wilmington Manor, DE 19720, USA","{'lat': 39.6764961, 'lng': -75.5866937}"
120,3620,Delaware Bankers Association,"Dover, DE 19903, USA","{'lat': 39.15821469999999, 'lng': -75.5233588}"
121,3621,Colonial School District,"502 Moores Ln, New Castle, DE 19720, USA","{'lat': 39.6814727, 'lng': -75.5676905}"
122,3622,Red Clay Consolidated School District,"2100 Gilpin Ave, Wilmington, DE 19806, USA","{'lat': 39.7622144, 'lng': -75.5659695}"
123,3623,Appoquinimink School District,"1221 Cedar Lane Rd, Middletown, DE 19709, USA","{'lat': 39.5032047, 'lng': -75.68739769999999}"
124,3624,Colonial School District,"801 Cox Neck Rd, New Castle, DE 19720, USA","{'lat': 39.56497330000001, 'lng': -75.6301285}"
125,3625,Milford School District,"449 North St, Milford, DE 19963, USA","{'lat': 38.9204445, 'lng': -75.4312863}"
126,3626,Milton Elementary School,"512 Federal St, Milton, DE 19968, USA","{'lat': 38.7712507, 'lng': -75.3152302}"
127,3627,Delaware Academy of Medicine,"4765 Ogletown Stanton Rd Suite L10, Newark, DE 19713, USA","{'lat': 39.68797110000001, 'lng': -75.6692345}"
128,3628,Caesar Rodney School Di...,"219 Old North Rd, Camden, DE 19934, USA","{'lat': 39.1186011, 'lng': -75.5437159}"
129,3629,Independence School Inc,"1300 Paper Mill Rd, Newark, DE 19711, USA","{'lat': 39.744218, 'lng': -75.7137975}"
130,3630,Archmere Academy,"Claymont, DE 19703, USA","{'lat': 39.8006685, 'lng': -75.4596404}"
131,3631,Christina School Distri...,"600 N Lombard St, Wilmington, DE 19801, USA","{'lat': 39.740723, 'lng': -75.5438643}"
132,3632,Christina School Distri...,"1800 Prospect Rd, Wilmington, DE 19805, USA","{'lat': 39.73818410000001, 'lng': -75.5805225}"
133,3633,Caesar Rodney School Di...,"278 Sorghum Mill Rd, Camden Wyoming, DE 19934, USA","{'lat': 39.1022415, 'lng': -75.5110189}"
134,3634,Christina School Distri...,"200 S Dupont St, Wilmington, DE 19805, USA","{'lat': 39.7432777, 'lng': -75.571518}"
135,3635,Red Clay Consolidated S...,"55 S Meadowood Dr, Newark, DE 19711, USA","{'lat': 39.7046448, 'lng': -75.6830351}"
136,3636,Christina School Distri...,"140 Brennen Dr, Newark, DE 19713, USA","{'lat': 39.67197729999999, 'lng': -75.7100719}"
137,3637,Hockessin Montessori Sc...,"1000 Old Lancaster Pike, Hockessin, DE 19707, USA","{'lat': 39.7779697, 'lng': -75.6793995}"
138,3638,Caesar Rodney School Di...,"3100 Hawthorne Dr, Dover, DE 19901, USA","{'lat': 39.1175474, 'lng': -75.4878134}"
139,3639,Red Clay Consolidated S...,"1621 Telegraph Rd, Wilmington, DE 19804, USA","{'lat': 39.7120198, 'lng': -75.6521752}"
140,3640,Christina School Distri...,"1210 Lobdell St, Wilmington, DE 19801, USA","{'lat': 39.7303489, 'lng': -75.5416809}"
141,3641,Christina School Distri...,"908 Janice Dr, Newark, DE 19713, USA","{'lat': 39.6551853, 'lng': -75.7483237}"
142,3642,Red Clay School Distric...,"27 Landers Ln, New Castle, DE 19720, USA","{'lat': 39.6894053, 'lng': -75.5596053}"
143,3643,Smyrna School District,"22 S Main St, Smyrna, DE 19977, USA","{'lat': 39.3004714, 'lng': -75.6055777}"
144,3644,Red Clay Consolidated S...,"3415 Skyline Dr, Wilmington, DE 19808, USA","{'lat': 39.7338656, 'lng': -75.69289619999999}"
145,3645,Red Clay Consolidated S...,"1500 Spruce Ave, Wilmington, DE 19805, USA","{'lat': 39.7435021, 'lng': -75.5995698}"
146,3646,Red Clay School Distric...,"168 S Dupont Hwy, New Castle, DE 19720, USA","{'lat': 39.6579476, 'lng': -75.6117385}"
147,3647,Lake Forest School Dist...,"301 Dorman St, Harrington, DE 19952, USA","{'lat': 38.9306736, 'lng': -75.5830692}"
148,3648,Glasgow Reformed Presby...,"2880 Summit Bridge Rd, Bear, DE 19701, USA","{'lat': 39.5847565, 'lng': -75.7422368}"
149,3649,Caesar Rodney School Di...,"238 Sorghum Mill Rd, Camden Wyoming, DE 19934, USA","{'lat': 39.1018238, 'lng': -75.51199079999999}"
150,3650,Red Clay Consolidated S...,"2916 Duncan Rd, Wilmington, DE 19808, USA","{'lat': 39.7463338, 'lng': -75.6527639}"
151,3651,Tower Hill School,"2813 W 17th St, Wilmington, DE 19806, USA","{'lat': 39.7641619, 'lng': -75.5782487}"
152,3652,State of Delaware,"2815 Highlands Ln, Wilmington, DE 19808, USA","{'lat': 39.7227826, 'lng': -75.6850801}"
153,3653,Red Clay Consolidated S...,"100 N Dupont Rd, Wilmington, DE 19807, USA","{'lat': 39.7535725, 'lng': -75.5874716}"
154,3654,Christina School Distri...,"1015 Church Rd, Newark, DE 19702, USA","{'lat': 39.62120609999999, 'lng': -75.6801721}"
155,3655,Capital School District,"901 Forest St, Dover, DE 19904, USA","{'lat': 39.1598272, 'lng': -75.5381328}"
156,3656,Christina School Distri...,"800 Marrows Rd, Newark, DE 19713, USA","{'lat': 39.6678382, 'lng': -75.7268821}"
157,3657,Red Clay Consolidated S...,"735 Meeting House Rd, Hockessin, DE 19707, USA","{'lat': 39.8002805, 'lng': -75.6916238}"
158,3658,Laurel School District,"1160 S Central Ave, Laurel, DE 19956, USA","{'lat': 38.5422091, 'lng': -75.5699262}"
159,3659,Christina School Distri...,"700 N Lombard St, Wilmington, DE 19801, USA","{'lat': 39.74073, 'lng': -75.543921}"
160,3660,Central Delaware Christ...,"4698 S Dupont Hwy, Dover, DE 19901, USA","{'lat': 39.0940479, 'lng': -75.5469347}"
161,3661,Red Clay School Distric...,"201 Jackson Ave, Wilmington, DE 19804, USA","{'lat': 39.7228894, 'lng': -75.6012142}"
162,3662,Christina School Distri...,"107 Four Seasons Pkwy, Newark, DE 19702, USA","{'lat': 39.624935, 'lng': -75.75426499999999}"
163,3663,Christina School Distri...,"35 W Main St, Christiana, DE 19702, USA","{'lat': 39.6671929, 'lng': -75.6634019}"
164,3664,Red Clay Consolidated S...,"2100 Gilpin Ave, Wilmington, DE 19806, USA","{'lat': 39.7622144, 'lng': -75.5659695}"
165,3665,Seaford School District,"900 S Arch St, Blades, DE 19973, USA","{'lat': 38.6309981, 'lng': -75.6063506}"
166,3666,Milton Elementary Schoo...,"31 Hosier St, Selbyville, DE 19975, USA","{'lat': 38.4623522, 'lng': -75.2260843}"
167,3667,Brandwine School Distri...,"1400 Foulk Rd, Wilmington, DE 19803, USA","{'lat': 39.7999461, 'lng': -75.5209386}"
168,3668,Georgia Institute of Te...,"604 Parkridge Dr, Hockessin, DE 19707, USA","{'lat': 39.79955169999999, 'lng': -75.6975992}"
169,3669,Diocese of Wilmington,"1626 N Union St, Wilmington, DE 19806, USA","{'lat': 39.7595996, 'lng': -75.5655602}"
170,3670,Milton Elementary Schoo...,"512 Federal St, Milton, DE 19968, USA","{'lat': 38.7712507, 'lng': -75.3152302}"
171,3671,Capital School District,"945 Forest St, Dover, DE 19904, USA","{'lat': 39.1592786, 'lng': -75.5405664}"
172,3672,Centerville School,"6201 Kennett Pike, Wilmington, DE 19807, USA","{'lat': 39.8300315, 'lng': -75.6236275}"
173,3673,Milton Elementary Schoo...,"512 Federal St, Milton, DE 19968, USA","{'lat': 38.7712507, 'lng': -75.3152302}"
174,3674,Milton Elementary Schoo...,"512 Federal St, Milton, DE 19968, USA","{'lat': 38.7725368, 'lng': -75.3151163}"
175,3675,Florida School Counselor Association,"2100 Summerfield Rd, Winter Park, FL 32792, USA","{'lat': 28.5838856, 'lng': -81.3227505}"
176,3676,Poinciana Day School,"1340 Kenwood Rd, West Palm Beach, FL 33401, USA","{'lat': 26.6941616, 'lng': -80.0694262}"
177,3677,PALM BEACH MARITIME ACADEMY,"4512 N Flagler Dr, West Palm Beach, FL 33407, USA","{'lat': 26.7525333, 'lng': -80.0517241}"
178,3678,Beacon Hill Private School,"7600 Davie Road Extension, Hollywood, FL 33024, USA","{'lat': 26.0358541, 'lng': -80.2413236}"
179,3679,Charter School Associates Inc,"4300 N University Dr C201, Lauderhill, FL 33351, USA","{'lat': 26.1783232, 'lng': -80.2505584}"
180,3680,PALM BEACH MARITIME ACADEMY,"7719 S Dixie Hwy, West Palm Beach, FL 33405, USA","{'lat': 26.648233, 'lng': -80.057852}"
181,3681,Circus Sarasota,"8251 15th St E Unit B, Sarasota, FL 34243, USA","{'lat': 27.3925683, 'lng': -82.54606}"
182,3682,Florida School Counselor Association,"1221 Brick Rd, Winter Garden, FL 34787, USA","{'lat': 28.558021, 'lng': -81.6065465}"
183,3683,Monroe County School District,"241 Trumbo Rd, Key West, FL 33040, USA","{'lat': 24.564155, 'lng': -81.7980838}"
184,3684,Florida School Counselor Association,"Orlando, FL 32802, USA","{'lat': 28.55, 'lng': -81.38}"
185,3685,Miami-Dade County Public Schools-158,"1450 NE 2nd Ave, Miami, FL 33132, USA","{'lat': 25.7889362, 'lng': -80.1909618}"
186,3686,Saint Lukes Episcopal Church,"2635 Cleveland Ave, Fort Myers, FL 33901, USA","{'lat': 26.6285952, 'lng': -81.8717338}"
187,3687,St Paul's Catholic School,"1304 Sunshine Ave, Leesburg, FL 34748, USA","{'lat': 28.818379, 'lng': -81.885505}"
188,3688,PACE-Brantley Hall School,"3221 Sand Lake Rd, Longwood, FL 32779, USA","{'lat': 28.6795738, 'lng': -81.4447223}"
189,3689,Early Learning Coalition of the Big Bend Region,"Northwood Centre, 1940 N Monroe St, Tallahassee, FL 32303, USA","{'lat': 30.4660506, 'lng': -84.28745710000001}"
190,3690,Early Learning Coalition of the Big Bend Region,"325 W Gaines St 15TH FL, Tallahassee, FL 32399, USA","{'lat': 30.4349912, 'lng': -84.2849073}"
191,3691,Edward White Senior High Schl,"1700 Old Middleburg Rd N, Jacksonville, FL 32210, USA","{'lat': 30.292971, 'lng': -81.769402}"
192,3692,Florida School Counselor Association,"955 E Story Rd, Winter Garden, FL 34787, USA","{'lat': 28.559218, 'lng': -81.5715598}"
193,3693,Florida School Counselor Association,"6900 Autumnvale Dr, Orlando, FL 32822, USA","{'lat': 28.5252777, 'lng': -81.294893}"
194,3694,Florida School Counselor Association,"101 Lone Palm Rd, Orlando, FL 32828, USA","{'lat': 28.5350286, 'lng': -81.1756972}"
195,3695,Chaminade-Madonna College Preparatory,"500 E Chaminade Dr, Hollywood, FL 33021, USA","{'lat': 26.0152884, 'lng': -80.1963113}"
196,3696,St Paul's Catholic School,"1304 Sunshine Ave, Leesburg, FL 34748, USA","{'lat': 28.818379, 'lng': -81.885505}"
197,3697,Broward County Public Schools,"600 SE 3rd Ave, Fort Lauderdale, FL 33301, USA","{'lat': 26.1143076, 'lng': -80.1394565}"
198,3698,School Board of Alachua County,"620 E University Ave, Gainesville, FL 32601, USA","{'lat': 29.6526779, 'lng': -82.319042}"
199,3699,Fort Walton Beach High School,"120 Lowery Pl SE, Fort Walton Beach, FL 32548, USA","{'lat': 30.405913, 'lng': -86.6072439}"
