,_id,Name,Address,Geocodes
0,7000,Gainesville City Schools,"508 Oak St Ste 2 Hall, Gainesville, GA 30501, USA","{'lat': 34.3011577, 'lng': -83.8329668}"
1,7001,White County Board Education,"113 N Brooks St, Cleveland, GA 30528, USA","{'lat': 34.5983754, 'lng': -83.7625298}"
2,7002,Mill Creek High School,"1500 North Rd SW, Snellville, GA 30078, USA","{'lat': 33.890564, 'lng': -84.00567029999999}"
3,7003,Meriwether County Schools,"2100 Gaston St, Greenville, GA 30222, USA","{'lat': 33.0281237, 'lng': -84.70975849999999}"
4,7004,St. Georges Episcopal School - Katina Greene,"103 Birch St, Milner, GA 30257, USA","{'lat': 33.1173518, 'lng': -84.1985627}"
5,7005,Ringgold Primary School,"217 Tiger Trail, Ringgold, GA 30736, USA","{'lat': 34.9239315, 'lng': -85.1106507}"
6,7006,City Schools of Decatur,"758 Scott Blvd, Decatur, GA 30030, USA","{'lat': 33.7833315, 'lng': -84.30649439999999}"
7,7007,Muscogee County School District,"5908 Whitesville Rd, Columbus, GA 31904, USA","{'lat': 32.529914, 'lng': -84.96194899999999}"
8,7008,BARROW COUNTY SCHOOLS,"1970 Broad St, Statham, GA 30666, USA","{'lat': 33.9651308, 'lng': -83.59079799999999}"
9,7009,Newnan High School,"Newnan, GA 30264, USA","{'lat': 33.3763255, 'lng': -84.71352139999999}"
10,7010,Baconton Community Charter School,"108 S Harney St, Camilla, GA 31730, USA","{'lat': 31.2281138, 'lng': -84.2074931}"
11,7011,Social Circle City Schools,"240 W Hightower Trail, Social Circle, GA 30025, USA","{'lat': 33.6575436, 'lng': -83.7204577}"
12,7012,Social Circle City Schools,"439 Annie P Henderson Dr, Social Circle, GA 30025, USA","{'lat': 33.6602078, 'lng': -83.71040699999999}"
13,7013,Decatur Board of Education,"310 N McDonough St, Decatur, GA 30030, USA","{'lat': 33.7721086, 'lng': -84.29798389999999}"
14,7014,Putnam County School Dist,"3232 Cobb Pkwy SE #414, Atlanta, GA 30339, USA","{'lat': 33.87334010000001, 'lng': -84.45702179999999}"
15,7015,Tift County Schools,"113 2nd St E, Tifton, GA 31794, USA","{'lat': 31.4548569, 'lng': -83.5101232}"
16,7016,The Walker School,"700 Cobb Pkwy N, Marietta, GA 30062, USA","{'lat': 33.9703231, 'lng': -84.5372903}"
17,7017,Glynn County School Adm,"1313 Egmont St, Brunswick, GA 31520, USA","{'lat': 31.1478101, 'lng': -81.49144050000001}"
18,7018,Mt. Paran North Church of God,"1275 Stanley Rd NW, Kennesaw, GA 30152, USA","{'lat': 33.98611229999999, 'lng': -84.6119343}"
19,7019,Kingsley Elementary School,"2051 Brendon Dr, Dunwoody, GA 30338, USA","{'lat': 33.9482503, 'lng': -84.29724379999999}"
20,7020,Bremen City Schools,"504 Laurel St, Bremen, GA 30110, USA","{'lat': 33.7183408, 'lng': -85.1399551}"
21,7021,Colquitt County Board Education,"388 Clarence Jones Rd, Moultrie, GA 31768, USA","{'lat': 31.2396458, 'lng': -83.78394209999999}"
22,7022,Cartersville City Schools,"15 Nelson St, Cartersville, GA 30120, USA","{'lat': 34.1717729, 'lng': -84.79184459999999}"
23,7023,Madison County Bd of Education,"900 Madison St, Danielsville, GA 30633, USA","{'lat': 34.1178853, 'lng': -83.2075972}"
24,7024,Putnam County School Dist,"158 Old Glenwood Springs Rd, Eatonton, GA 31024, USA","{'lat': 33.3101422, 'lng': -83.3957768}"
25,7025,Carroll County Schools,"74 Industrial Blvd, Villa Rica, GA 30180, USA","{'lat': 33.7328834, 'lng': -84.9394974}"
26,7026,Jenkins County Elementary School,"1104 E Winthrope Ave, Millen, GA 30442, USA","{'lat': 32.8038581, 'lng': -81.9303994}"
27,7027,Ringgold Primary School,"163 Fernwood Dr, Rossville, GA 30741, USA","{'lat': 34.96466059999999, 'lng': -85.25081150000001}"
28,7028,Peach County High School,"523 Vineville St, Fort Valley, GA 31030, USA","{'lat': 32.5583603, 'lng': -83.89202379999999}"
29,7029,Muscogee County School District,"5661 Lorenzo Rd, Columbus, GA 31904, USA","{'lat': 32.528521, 'lng': -84.96092890000001}"
30,7030,Muscogee County School District,"1215 Benning Dr, Columbus, GA 31903, USA","{'lat': 32.4284476, 'lng': -84.9452544}"
31,7031,Muscogee County School District,"3100, 3100 Reese Rd, Columbus, GA 31907, USA","{'lat': 32.5012581, 'lng': -84.9101273}"
32,7032,Lanier County Board Education,"52 W Patten Ave, Lakeland, GA 31635, USA","{'lat': 31.0377175, 'lng': -83.07742309999999}"
33,7033,Holy Innocents' Episcopal School,"805 Mount Vernon Hwy, Sandy Springs, GA 30327, USA","{'lat': 33.9099063, 'lng': -84.4134364}"
34,7034,Lincoln County High School,"175 Rowland-York Dr, Lincolnton, GA 30817, USA","{'lat': 33.7965847, 'lng': -82.4916463}"
35,7035,Chickamauga City Schools,"402 Cove Rd, Chickamauga, GA 30707, USA","{'lat': 34.8687614, 'lng': -85.2937869}"
36,7036,Cook County Board Education,"1109 N Parrish Ave, Adel, GA 31620, USA","{'lat': 31.1485777, 'lng': -83.4267703}"
37,7037,Burke County Board of Educn,"789 Burke Veterans Parkway, Waynesboro, GA 30830, USA","{'lat': 33.0799865, 'lng': -81.98803769999999}"
38,7038,Mill Creek High School,"437 Old Peachtree Rd NW, Suwanee, GA 30024, USA","{'lat': 34.0143978, 'lng': -84.0555025}"
39,7039,Georgia School Boards Association,"207 Oakley Ct, Bonaire, GA 31005, USA","{'lat': 32.5362878, 'lng': -83.58897809999999}"
40,7040,Monroe County Schools,"Forsyth, GA 31029, USA","{'lat': 33.0342974, 'lng': -83.938242}"
41,7041,City Schools of Decatur,"320 N McDonough St, Decatur, GA 30030, USA","{'lat': 33.7729854, 'lng': -84.29675}"
42,7042,Bremen City Schools,"412 Georgia Ave S, Bremen, GA 30110, USA","{'lat': 33.7190169, 'lng': -85.14020149999999}"
43,7043,Mill Creek High School,"343 Gwinnett Dr, Lawrenceville, GA 30046, USA","{'lat': 33.9442068, 'lng': -83.9937355}"
44,7044,Monroe County Schools,"600 S Main St, Tompkinsville, KY 42167, USA","{'lat': 36.6942729, 'lng': -85.70013929999999}"
45,7045,Mill Creek High School,"1025 Herrington Rd, Lawrenceville, GA 30044, USA","{'lat': 33.9427284, 'lng': -84.08247209999999}"
46,7046,Meriwether County BOE,"2100 Gaston St, Greenville, GA 30222, USA","{'lat': 33.0281237, 'lng': -84.70975849999999}"
47,7047,Bremen City Schools,"515 Laurel St, Bremen, GA 30110, USA","{'lat': 33.7178035, 'lng': -85.1384381}"
48,7048,Putnam County School Dist,"162 Old Glenwood Springs Rd, Eatonton, GA 31024, USA","{'lat': 33.3115206, 'lng': -83.3983011}"
49,7049,Mill Creek High School,"3555 Sugarloaf Pkwy, Lawrenceville, GA 30045, USA","{'lat': 33.9273294, 'lng': -84.0205099}"
50,7050,Mill Creek High School,"1801 Hewatt Rd SW, Lilburn, GA 30047, USA","{'lat': 33.8540723, 'lng': -84.0648906}"
51,7051,Floyd County School District,"SE, 3 Dragon Dr SE, Lindale, GA 30147, USA","{'lat': 34.1811286, 'lng': -85.180058}"
52,7052,The Lovett School,"4075 Paces Ferry Rd NW, Atlanta, GA 30327, USA","{'lat': 33.8585729, 'lng': -84.4534491}"
53,7053,Academic Consortium,"350 Spelman Ln SW, Atlanta, GA 30314, USA","{'lat': 33.7450466, 'lng': -84.4116505}"
54,7054,Murray County Schools,"715 W Chestnut St, Chatsworth, GA 30705, USA","{'lat': 34.77582659999999, 'lng': -84.77981869999999}"
55,7055,Athens Academy,"1281 Spartan Ln, Athens, GA 30606, USA","{'lat': 33.898395, 'lng': -83.39927639999999}"
56,7056,Athens Academy,"Athens, GA 30604, USA","{'lat': 33.95, 'lng': -83.41}"
57,7057,Murray County Schools,"829 GA-286, Chatsworth, GA 30705, USA","{'lat': 34.8275675, 'lng': -84.7774603}"
58,7058,National Technical Honor Society - Cedar Shoals High School - Ga,"240 Mitchell Bridge Rd, Athens, GA 30606, USA","{'lat': 33.9626438, 'lng': -83.4324183}"
59,7059,The Lovett School,"4075 Paces Ferry Rd NW, Atlanta, GA 30327, USA","{'lat': 33.8585729, 'lng': -84.4534491}"
60,7060,Bulloch County Board Education,"150 Williams Rd, Statesboro, GA 30458, USA","{'lat': 32.4591739, 'lng': -81.79463559999999}"
61,7061,Academic Consortium,"350 Spelman Ln SW, Atlanta, GA 30314, USA","{'lat': 33.7450466, 'lng': -84.4116505}"
62,7062,Academic Consortium,"350 Spelman Ln SW, Atlanta, GA 30314, USA","{'lat': 33.7450466, 'lng': -84.4116505}"
63,7063,Trion High School,"919 Allgood St, Trion, GA 30753, USA","{'lat': 34.5401727, 'lng': -85.3250226}"
64,7064,Fort Middle School,"2900 Woodruff Farm Rd, Columbus, GA 31907, USA","{'lat': 32.4880371, 'lng': -84.8979892}"
65,7065,Fayette County Board of Education,"210 Stonewall Ave W, Fayetteville, GA 30214, USA","{'lat': 33.4472375, 'lng': -84.458368}"
66,7066,Fayette County Board of Education,"Fayetteville, GA 30214, USA","{'lat': 33.473501, 'lng': -84.5012435}"
67,7067,Thomastn-Upson Cnty Bd Education,"101 Holston Dr, Thomaston, GA 30286, USA","{'lat': 32.8869042, 'lng': -84.3131129}"
68,7068,Dade County Schools,"250 Pace Dr, Trenton, GA 30752, USA","{'lat': 34.8723699, 'lng': -85.518495}"
69,7069,Wilcox County Schools,"104 Gordon St, Rochelle, GA 31079, USA","{'lat': 31.940619, 'lng': -83.453479}"
70,7070,National Technical Honor Society - Cedar Shoals High School - Ga,"40 Boroline Rd, Allendale, NJ 07401, USA","{'lat': 41.036649, 'lng': -74.1168387}"
71,7071,National Technical Honor Society - Cedar Shoals High School - Ga,"240 Mitchell Bridge Rd, Athens, GA 30606, USA","{'lat': 33.9626438, 'lng': -83.4324183}"
72,7072,The Lovett School,"4075 Paces Ferry Rd NW, Atlanta, GA 30327, USA","{'lat': 33.8585729, 'lng': -84.4534491}"
73,7073,Murray County Schools,"Chatsworth, GA 30705, USA","{'lat': 34.7659145, 'lng': -84.7699385}"
74,7074,The Paideia School,"1509 Ponce De Leon Ave NE, Atlanta, GA 30307, USA","{'lat': 33.7731831, 'lng': -84.3379168}"
75,7075,Darlington School,"105 Shorter Ave, Rome, GA 30165, USA","{'lat': 34.2612764, 'lng': -85.1861254}"
76,7076,First Presbyterian Day School,"5671 Calvin Dr, Macon, GA 31210, USA","{'lat': 32.8730433, 'lng': -83.74979359999999}"
77,7077,PORTER ACADEMY,"200 Cox Rd, Roswell, GA 30075, USA","{'lat': 34.0946102, 'lng': -84.3676358}"
78,7078,National Technical Honor Society - Cedar Shoals High School - Ga,"240 Mitchell Bridge Rd, Athens, GA 30606, USA","{'lat': 33.9626438, 'lng': -83.4324183}"
79,7079,Fayette County Board of Education,"1 Tiger Trail, Fayetteville, GA 30214, USA","{'lat': 33.4542159, 'lng': -84.4621403}"
80,7080,The Westminster Schools,"1424 West Paces Ferry Rd NW, Atlanta, GA 30327, USA","{'lat': 33.8459284, 'lng': -84.43330259999999}"
81,7081,National Technical Honor Society - Cedar Shoals High School - Ga,"Athens, GA 30603, USA","{'lat': 33.96, 'lng': -83.38}"
82,7082,Guffey Community Charter School,"225 North Avenue NW, Atlanta, GA 30332, USA","{'lat': 33.7724173, 'lng': -84.39479159999999}"
83,7083,Loganville High School,"100 Trident Trail, Loganville, GA 30052, USA","{'lat': 33.8344865, 'lng': -83.86867289999999}"
84,7084,Covenant Academy,"4652 Ayers Rd, Macon, GA 31210, USA","{'lat': 32.8578101, 'lng': -83.7049682}"
85,7085,Coweta County Public Schools,"Newnan, GA 30264, USA","{'lat': 33.3763255, 'lng': -84.71352139999999}"
86,7086,Blessed Trinity Catholic High School,"11320 Woodstock Rd, Roswell, GA 30075, USA","{'lat': 34.055215, 'lng': -84.3908349}"
87,7087,Whitefield Academy,"5690 Old Stilesboro Rd NW, Acworth, GA 30101, USA","{'lat': 34.0212204, 'lng': -84.7176652}"
88,7088,Bulloch County Board Education,"18809 US-80, Statesboro, GA 30458, USA","{'lat': 32.4902227, 'lng': -81.8134694}"
89,7089,Bulloch County Board Education,"149 Northside Dr E, Statesboro, GA 30458, USA","{'lat': 32.4535755, 'lng': -81.7741735}"
90,7090,Landmark Christian School,"50 SW Broad St, Fairburn, GA 30213, USA","{'lat': 33.5660974, 'lng': -84.5818334}"
91,7091,Savannah Country Day School,"824 Stillwood Dr, Savannah, GA 31419, USA","{'lat': 31.9696905, 'lng': -81.14302529999999}"
92,7092,Fayette County Board of Education,"205 LaFayette Ave, Fayetteville, GA 30214, USA","{'lat': 33.4517777, 'lng': -84.458368}"
93,7093,Stephens Co School District,"1315 Rose Ln, Toccoa, GA 30577, USA","{'lat': 34.5473536, 'lng': -83.2979218}"
94,7094,Academic Consortium,"350 Spelman Ln SW, Atlanta, GA 30314, USA","{'lat': 33.7450466, 'lng': -84.4116505}"
95,7095,Lake Ridge Elementary School,"1058 Fifth Ave, Jonesboro, GA 30236, USA","{'lat': 33.536398, 'lng': -84.35708029999999}"
96,7096,National Technical Honor Society - Cedar Shoals High School - Ga,"240 Mitchell Bridge Rd, Athens, GA 30606, USA","{'lat': 33.9626438, 'lng': -83.4324183}"
97,7097,Berean Babtist Ind Church,"1405 Hewatt Rd SW, Lilburn, GA 30047, USA","{'lat': 33.8725288, 'lng': -84.0548182}"
98,7098,Bulloch County Board Education,"9124 Brooklet-Denmark Rd, Brooklet, GA 30415, USA","{'lat': 32.3618382, 'lng': -81.68080429999999}"
99,7099,Bulloch County Board Education,"150 Williams Rd Suite A, Statesboro, GA 30458, USA","{'lat': 32.4591739, 'lng': -81.79463559999999}"
100,7100,Gatewood Schools Inc,"139 Phillips Dr, Eatonton, GA 31024, USA","{'lat': 33.338749, 'lng': -83.3849485}"
101,7101,Walton County School District,"100 Trident Trail, Loganville, GA 30052, USA","{'lat': 33.8344865, 'lng': -83.86867289999999}"
102,7102,OCONEE COUNTY HIGH SCHOOL INC,"34 School St, Watkinsville, GA 30677, USA","{'lat': 33.8643226, 'lng': -83.4058153}"
103,7103,John Erdogan | Newnan High Band,"190 Lagrange St, Newnan, GA 30263, USA","{'lat': 33.3648596, 'lng': -84.8104149}"
104,7104,Irwin County,"210 N Apple St, Ocilla, GA 31774, USA","{'lat': 31.5967674, 'lng': -83.2571105}"
105,7105,Lake Ridge Elementary School,"1058 Fifth Ave, Jonesboro, GA 30236, USA","{'lat': 33.536398, 'lng': -84.35708029999999}"
106,7106,Athens Academy,"1281 Spartan Ln, Athens, GA 30606, USA","{'lat': 33.898395, 'lng': -83.39927639999999}"
107,7107,Murray County Schools,"1006 Green Rd, Chatsworth, GA 30705, USA","{'lat': 34.7755619, 'lng': -84.78797139999999}"
108,7108,Morgan County High School,"920 Pearl St, Madison, GA 30650, USA","{'lat': 33.6052136, 'lng': -83.4713568}"
109,7109,Lake Ridge Elementary School,"1058 Fifth Ave, Jonesboro, GA 30236, USA","{'lat': 33.536398, 'lng': -84.35708029999999}"
110,7110,Murray County Schools Technology Department,"500 Green Rd, Chatsworth, GA 30705, USA","{'lat': 34.7679984, 'lng': -84.7771659}"
111,7111,West Central Technical College,"176 Murphy Campus Blvd, Waco, GA 30182, USA","{'lat': 33.6909839, 'lng': -85.1835749}"
112,7112,Lake Ridge Elementary School,"1525 Norman Dr, Atlanta, GA 30349, USA","{'lat': 33.6090778, 'lng': -84.43969729999999}"
113,7113,Academic Consortium,"350 Spelman Ln SW, Atlanta, GA 30314, USA","{'lat': 33.7450466, 'lng': -84.4116505}"
114,7114,Phoenix High School,"2818 Airport Rd, Dalton, GA 30721, USA","{'lat': 34.7590148, 'lng': -84.92845980000001}"
115,7115,ROCKDALE COUNTY BOARD OF EDUCATION,"954 North Main St NW, Conyers, GA 30012, USA","{'lat': 33.6711196, 'lng': -84.0208732}"
116,7116,Pacelli Catholic High School,"2020 Kay Cir, Columbus, GA 31907, USA","{'lat': 32.4833126, 'lng': -84.93395009999999}"
117,7117,Morgan County High School,"1231 College Dr, Madison, GA 30650, USA","{'lat': 33.5983499, 'lng': -83.45062039999999}"
118,7118,North Cobb Christian School,"4500 Eagle Dr, Kennesaw, GA 30144, USA","{'lat': 34.0444004, 'lng': -84.65980479999999}"
119,7119,Landmark Christian School,"50 SE Broad St, Fairburn, GA 30213, USA","{'lat': 33.5647848, 'lng': -84.5807585}"
120,7120,The Galloway School,"215 Chastain Park Ave NW, Atlanta, GA 30342, USA","{'lat': 33.8751993, 'lng': -84.393661}"
121,7121,Atlanta North Church,"5123 Chamblee Dunwoody Rd, Atlanta, GA 30338, USA","{'lat': 33.9385911, 'lng': -84.32597779999999}"
122,7122,Coweta Co School District,"6291 GA-16, Senoia, GA 30276, USA","{'lat': 33.3034222, 'lng': -84.5998276}"
123,7123,Trion High School,"1255 Pine St, Trion, GA 30753, USA","{'lat': 34.5433318, 'lng': -85.31228589999999}"
124,7124,Fayette County Board of Education,"190 Lester road, Fayetteville, GA 30215, USA","{'lat': 33.4438767, 'lng': -84.5124695}"
125,7125,National Technical Honor Society - Cedar Shoals High School - Ga,"440 Dearing Ext, Athens, GA 30606, USA","{'lat': 33.9497051, 'lng': -83.3999699}"
126,7126,Murray County Schools Technology Department,"1001 Green Rd, Chatsworth, GA 30705, USA","{'lat': 34.7768701, 'lng': -84.78904039999999}"
127,7127,Angels Queen Catholic S,"11340 Woodstock Rd, Roswell, GA 30075, USA","{'lat': 34.0573661, 'lng': -84.3866474}"
128,7128,St. Pius X Catholic High School,"2674 Johnson Rd NE, Atlanta, GA 30345, USA","{'lat': 33.8645679, 'lng': -84.2915716}"
129,7129,Pacelli Catholic High School,"3556 Trinity Dr, Columbus, GA 31907, USA","{'lat': 32.4838623, 'lng': -84.9344709}"
130,7130,Pacelli Catholic High School,"2000 Kay Cir, Columbus, GA 31907, USA","{'lat': 32.4820208, 'lng': -84.9341299}"
131,7131,National Technical Honor Society - Cedar Shoals High School - Ga,"500 Whitehead Rd, Athens, GA 30606, USA","{'lat': 33.981278, 'lng': -83.43632099999999}"
132,7132,Manheim Township School District,"29900 Auction Way, Hayward, CA 94544, USA","{'lat': 37.61540249999999, 'lng': -122.0702509}"
133,7133,Jefferson County Pre Kndrgrtn,"1001 Peachtree St, Louisville, GA 30434, USA","{'lat': 33.006998, 'lng': -82.4051387}"
134,7134,National Technical Honor Society - Cedar Shoals High School - Ga,"1150 Oglethorpe Ave, Athens, GA 30606, USA","{'lat': 33.9632259, 'lng': -83.4224955}"
135,7135,Lake Ridge Elementary School,"5451 W Fayetteville Rd, Atlanta, GA 30349, USA","{'lat': 33.6068481, 'lng': -84.44778769999999}"
136,7136,Cobb County School District,"461 South Gordon Rd SW, Mableton, GA 30126, USA","{'lat': 33.7886321, 'lng': -84.5682399}"
137,7137,Westminster Schools of Augusta,"3067 Wheeler Rd, Augusta, GA 30909, USA","{'lat': 33.48898820000001, 'lng': -82.0426292}"
138,7138,Murray County Schools Technology Department,"110 McEntire Cir, Chatsworth, GA 30705, USA","{'lat': 34.876507, 'lng': -84.79794319999999}"
139,7139,BUCHANAN PRIMARY SCHOOL,"10 Van Wert St, Buchanan, GA 30113, USA","{'lat': 33.7989739, 'lng': -85.1891176}"
140,7140,Broadway Baptist Church,"2323 Barton Chapel Rd, Augusta, GA 30906, USA","{'lat': 33.4398074, 'lng': -82.08777839999999}"
141,7141,Lake Ridge Elementary School,"5277 Ash St, Forest Park, GA 30297, USA","{'lat': 33.6102752, 'lng': -84.3644324}"
142,7142,The Lovett School,"4075 Paces Ferry Rd NW, Atlanta, GA 30327, USA","{'lat': 33.8585729, 'lng': -84.4534491}"
143,7143,Crisp Regional Hospital,"150 Crisp Academy Dr, Cordele, GA 31015, USA","{'lat': 31.90700349999999, 'lng': -83.8557929}"
144,7144,Dade County Schools,"Trenton, GA 30752, USA","{'lat': 34.8720222, 'lng': -85.50913000000001}"
145,7145,St. Pius X Catholic High School,"2674 Johnson Rd NE, Atlanta, GA 30345, USA","{'lat': 33.8645679, 'lng': -84.2915716}"
146,7146,OCONEE COUNTY HIGH SCHOOL INC,"2500 Malcom Bridge Rd, Bogart, GA 30622, USA","{'lat': 33.9126331, 'lng': -83.5047294}"
147,7147,Mount de Sales Academy,"851 Orange St, Macon, GA 31201, USA","{'lat': 32.8343749, 'lng': -83.6397892}"
148,7148,Dade County Schools,"5491 GA-301, Trenton, GA 30752, USA","{'lat': 34.8853602, 'lng': -85.5488674}"
149,7149,Lake Ridge Elementary School,"1169 Morrow Rd, Morrow, GA 30260, USA","{'lat': 33.5861375, 'lng': -84.35309579999999}"
150,7150,Bulloch County Board Education,"900 E Jones Ave, Statesboro, GA 30458, USA","{'lat': 32.438123, 'lng': -81.7705176}"
151,7151,Dade County Schools,"52 Tradition Ln, Trenton, GA 30752, USA","{'lat': 34.8635468, 'lng': -85.5067042}"
152,7152,Murray County Schools,"1001 Green Rd, Chatsworth, GA 30705, USA","{'lat': 34.7768701, 'lng': -84.78904039999999}"
153,7153,Vidalia City,"800 North St E, Vidalia, GA 30474, USA","{'lat': 32.2214011, 'lng': -82.39861669999999}"
154,7154,Bulloch County Board Education,"150 Williams Rd STE A, Statesboro, GA 30458, USA","{'lat': 32.4591739, 'lng': -81.79463559999999}"
155,7155,Hidden Lake Academy,"854 Hidden Lake Rd, Dahlonega, GA 30533, USA","{'lat': 34.629349, 'lng': -84.070267}"
156,7156,HBMS PTA,"2500 Old Alabama Rd, Roswell, GA 30076, USA","{'lat': 34.021675, 'lng': -84.2858943}"
157,7157,GCA Church,"397 Academy Dr SW, Calhoun, GA 30701, USA","{'lat': 34.4651752, 'lng': -85.0213565}"
158,7158,Towns County Comprehensive,"1400 Hwy 76, Clayton, GA 30525, USA","{'lat': 34.8600923, 'lng': -83.3870475}"
159,7159,Blessed Trinity Catholic High School,"11320 Woodstock Rd, Roswell, GA 30075, USA","{'lat': 34.055215, 'lng': -84.3908349}"
160,7160,National Technical Honor Society - Cedar Shoals High School - Ga,"165 Paradise Blvd, Athens, GA 30607, USA","{'lat': 33.9793604, 'lng': -83.40234799999999}"
161,7161,Our Lady Of Mercy High School,"861 GA-279, Fayetteville, GA 30214, USA","{'lat': 33.5492052, 'lng': -84.46123829999999}"
162,7162,RENFROE MIDDLE SCHOOL,"758 Scott Blvd, Decatur, GA 30030, USA","{'lat': 33.7833315, 'lng': -84.30649439999999}"
163,7163,Walton County School District,"100 Trident Trail, Loganville, GA 30052, USA","{'lat': 33.8344865, 'lng': -83.86867289999999}"
164,7164,Morgan County High School,"1065 East Ave, Madison, GA 30650, USA","{'lat': 33.5956237, 'lng': -83.4538094}"
165,7165,First Presbyterian Day School,"5671 Calvin Dr, Macon, GA 31210, USA","{'lat': 32.8730433, 'lng': -83.74979359999999}"
166,7166,Lake Ridge Elementary School,"9555 Tara Blvd, Jonesboro, GA 30236, USA","{'lat': 33.49448960000001, 'lng': -84.3438935}"
167,7167,Cornelius Elementary School,"140 Foxlair Cir, Fayetteville, GA 30215, USA","{'lat': 33.434943, 'lng': -84.4987245}"
168,7168,St. Pius X Catholic High School,"2674 Johnson Rd NE, Atlanta, GA 30345, USA","{'lat': 33.8645679, 'lng': -84.2915716}"
169,7169,Mt. Zion Baptist Church,"7102 Mt Zion Blvd, Jonesboro, GA 30236, USA","{'lat': 33.5605907, 'lng': -84.3225255}"
170,7170,Academic Consortium,"350 Spelman Ln SW #1631, Atlanta, GA 30314, USA","{'lat': 33.7450466, 'lng': -84.4116505}"
171,7171,Lake Ridge Elementary School,"5745 W Lees Mill Rd, Atlanta, GA 30349, USA","{'lat': 33.5985761, 'lng': -84.41308099999999}"
172,7172,Whitefield Academy,"1 Whitefield Dr SE, Mableton, GA 30126, USA","{'lat': 33.8222833, 'lng': -84.5095826}"
173,7173,Athens Academy,"1281 Spartan Ln #6548, Athens, GA 30606, USA","{'lat': 33.898395, 'lng': -83.39927639999999}"
174,7174,Landmark Christian School,"50 SE Broad St, Fairburn, GA 30213, USA","{'lat': 33.5647848, 'lng': -84.5807585}"
175,7175,Wesleyan School,"5405 Spalding Dr, Norcross, GA 30092, USA","{'lat': 33.9684053, 'lng': -84.21324349999999}"
176,7176,Dekalb County School System,"1804 Bouldercrest Rd, Atlanta, GA 30316, USA","{'lat': 33.7039066, 'lng': -84.3251147}"
177,7177,Fulton County School System,"5230 Taylor Rd, Johns Creek, GA 30022, USA","{'lat': 34.0497331, 'lng': -84.2087758}"
178,7178,West Laurens High School,"338 W Laurens School Rd, Dublin, GA 31021, USA","{'lat': 32.4885589, 'lng': -82.94542849999999}"
179,7179,Lake Ridge Elementary School,"1915 Walker Ave, College Park, GA 30337, USA","{'lat': 33.6638479, 'lng': -84.4516421}"
180,7180,Ocean City Christian School,"703 Louisville Rd STE D, Savannah, GA 31415, USA","{'lat': 32.0772793, 'lng': -81.1050831}"
181,7181,Bulloch County Board Education,"400 Williams Ln, Statesboro, GA 30461, USA","{'lat': 32.480686, 'lng': -81.63789849999999}"
182,7182,National Technical Honor Society - Cedar Shoals High School - Ga,"1700 Cleveland Rd, Bogart, GA 30622, USA","{'lat': 33.9668398, 'lng': -83.5052709}"
183,7183,National Technical Honor Society - Cedar Shoals High School - Ga,"3220 S Barnett Shoals Rd, Athens, GA 30605, USA","{'lat': 33.902135, 'lng': -83.33806400000002}"
184,7184,Walnut Grove Elementary School,"75 Taylor Rd, Suwanee, GA 30024, USA","{'lat': 34.0181755, 'lng': -84.0230624}"
185,7185,WESTFIELD SCHOOL,"2005 US-41, Perry, GA 31069, USA","{'lat': 32.4387444, 'lng': -83.76094309999999}"
186,7186,Trion High School,"919 Allgood St, Trion, GA 30753, USA","{'lat': 34.5401727, 'lng': -85.3250226}"
187,7187,Irwin County,"210 N Apple St, Ocilla, GA 31774, USA","{'lat': 31.5967674, 'lng': -83.2571105}"
188,7188,Athens Christian School Inc,"1270 US-29, Athens, GA 30601, USA","{'lat': 34.006577, 'lng': -83.32689200000002}"
189,7189,King's Ridge Christian School,"2765 Bethany Bend, Milton, GA 30004, USA","{'lat': 34.1181169, 'lng': -84.2811644}"
190,7190,BUCHANAN PRIMARY SCHOOL,"2633 GA-120, Tallapoosa, GA 30176, USA","{'lat': 33.7684481, 'lng': -85.2181572}"
191,7191,Irwin County,"149 Chiefton Cir, Ocilla, GA 31774, USA","{'lat': 31.5779383, 'lng': -83.2393537}"
192,7192,Towns County Comprehensive,"1400 Hwy 76, Clayton, GA 30525, USA","{'lat': 34.8600923, 'lng': -83.3870475}"
193,7193,Bulloch County Board Education,"204 Debbie Dr, Statesboro, GA 30458, USA","{'lat': 32.4695005, 'lng': -81.78664789999999}"
194,7194,Angels Queen Catholic S,"11340 Woodstock Rd, Roswell, GA 30075, USA","{'lat': 34.0573661, 'lng': -84.3866474}"
195,7195,National Technical Honor Society - Cedar Shoals High School - Ga,"3015 Lexington Rd, Athens, GA 30605, USA","{'lat': 33.9442856, 'lng': -83.32730769999999}"
196,7196,Pierce County Board Education,"Blackshear, GA 31516, USA","{'lat': 31.3060513, 'lng': -82.2420661}"
197,7197,Murray County Schools Technology Department,"1001 Green Rd, Chatsworth, GA 30705, USA","{'lat': 34.7768701, 'lng': -84.78904039999999}"
198,7198,Ocean City Christian School,"300 Westlake Pkwy SW, Atlanta, GA 30336, USA","{'lat': 33.7211717, 'lng': -84.5780618}"
199,7199,CCBOE,"4781 Hereford Farm Rd, Evans, GA 30809, USA","{'lat': 33.5309981, 'lng': -82.1584025}"
200,7200,Georgia Council of Teachers of English,"1000 Chastain Rd, Kennesaw, GA 30144, USA","{'lat': 34.038296, 'lng': -84.5830609}"
201,7201,Family and Consumer Sciences Teachers Association,"1100 Main St, Perry, GA 31069, USA","{'lat': 32.45834860000001, 'lng': -83.7287546}"
202,7202,CCBOE,"6430 Pollards Pond Rd, Appling, GA 30802, USA","{'lat': 33.5480686, 'lng': -82.31638219999999}"
203,7203,Southern Crescent SHRM,"225 North Avenue NW, Atlanta, GA 30332, USA","{'lat': 33.7724173, 'lng': -84.39479159999999}"
204,7204,Georgia Association of Secondary School Principals,"2818 Airport Rd, Dalton, GA 30721, USA","{'lat': 34.7590148, 'lng': -84.92845980000001}"
205,7205,Family and Consumer Sciences Teachers Association,"300 Mary Ln, Warner Robins, GA 31088, USA","{'lat': 32.6031256, 'lng': -83.65067789999999}"
206,7206,SALEM,"1174 Bulldog Cir NE, Conyers, GA 30012, USA","{'lat': 33.6679082, 'lng': -84.00847979999999}"
207,7207,CCBOE,"6430 Pollards Pond Rd, Appling, GA 30802, USA","{'lat': 33.5480686, 'lng': -82.31638219999999}"
208,7208,CCBOE,"4431 Hardy McManus Rd, Evans, GA 30809, USA","{'lat': 33.5793271, 'lng': -82.13022079999999}"
209,7209,SALEM,"954 North Main St NW, Conyers, GA 30012, USA","{'lat': 33.6711196, 'lng': -84.0208732}"
210,7210,Spring Branch ISD Parent Center,"Atlanta, GA 30384, USA","{'lat': 33.75, 'lng': -84.39}"
211,7211,Georgia Council of Administrators of Special Education,"1065 East Ave, Madison, GA 30650, USA","{'lat': 33.5956237, 'lng': -83.4538094}"
212,7212,Warrick County School Corporation,"Atlanta, GA 30384, USA","{'lat': 33.75, 'lng': -84.39}"
213,7213,Georgia Council of Administrators of Special Education,"1065 East Ave, Madison, GA 30650, USA","{'lat': 33.5956237, 'lng': -83.4538094}"
214,7214,JOHNSON CO SCHOOL DISTRICT 1,"Wrightsville, GA 31096, USA","{'lat': 32.7293279, 'lng': -82.719859}"
215,7215,Home and School Association,"211 Kirkley Rd, Tyrone, GA 30290, USA","{'lat': 33.5161113, 'lng': -84.5830539}"
216,7216,Hardin Educ Srv Ctr,"Atlanta, GA 30384, USA","{'lat': 33.75, 'lng': -84.39}"
217,7217,CCBOE,"5114 Riverwood Pkwy, Evans, GA 30809, USA","{'lat': 33.588837, 'lng': -82.19227649999999}"
218,7218,Georgia Engineering and Technology Education Association,"2290 E 1st St, Blue Ridge, GA 30513, USA","{'lat': 34.8529428, 'lng': -84.33066269999999}"
219,7219,JOHNSON CO SCHOOL DISTRICT 1,"150 Herschel Walker Dr, Wrightsville, GA 31096, USA","{'lat': 32.7248268, 'lng': -82.72844289999999}"
220,7220,Family and Consumer Sciences Teachers Association,"164 Independence Dr, Carrollton, GA 30116, USA","{'lat': 33.5693261, 'lng': -85.0451451}"
221,7221,West Carrollton Baptist Church,"905 Maple St, Carrollton, GA 30117, USA","{'lat': 33.5743494, 'lng': -85.08587890000001}"
222,7222,SALEM,"1064 Culpepper Dr SW, Conyers, GA 30094, USA","{'lat': 33.6485286, 'lng': -84.0218646}"
223,7223,Georgia Council of Administrators of Special Education,"23 Mulberry St, Butler, GA 31006, USA","{'lat': 32.5537937, 'lng': -84.2330365}"
224,7224,Lassiter Band Booster Association Inc,"6975 Cobb International Blvd NW, Kennesaw, GA 30152, USA","{'lat': 33.9953603, 'lng': -84.6089897}"
225,7225,Mill Creek High School,"4455 Steve Reynolds Blvd, Norcross, GA 30093, USA","{'lat': 33.92279, 'lng': -84.14862509999999}"
226,7226,Lassiter Band Booster Association Inc,"514 Glover St SE, Marietta, GA 30060, USA","{'lat': 33.9384827, 'lng': -84.53806209999999}"
227,7227,Decatur County Schools,"Bainbridge, GA 39818, USA","{'lat': 30.9079484, 'lng': -84.57658819999999}"
228,7228,Westwood Schools,"255 Fuller St, Camilla, GA 31730, USA","{'lat': 31.2241866, 'lng': -84.2181123}"
229,7229,Georgia Council of Teachers of English,"1000 Chastain Rd, Kennesaw, GA 30144, USA","{'lat': 34.038296, 'lng': -84.5830609}"
230,7230,Atlanta Girls' School,"3254 Northside Pkwy NW, Atlanta, GA 30327, USA","{'lat': 33.8425744, 'lng': -84.4241598}"
231,7231,"Literacy Action, Inc.","1509 Ponce De Leon Ave NE, Atlanta, GA 30307, USA","{'lat': 33.7731831, 'lng': -84.3379168}"
232,7232,Theta Chi Fraternity Inc,"225 North Avenue NW, Atlanta, GA 30332, USA","{'lat': 33.7724173, 'lng': -84.39479159999999}"
233,7233,Dougherty County School System,"601 Flint Ave, Albany, GA 31701, USA","{'lat': 31.580378, 'lng': -84.1632151}"
234,7234,Fine Arts Association,"11770 E Fox Ct, Alpharetta, GA 30005, USA","{'lat': 34.0701047, 'lng': -84.21231709999999}"
235,7235,Georgia Science Teachers Association,"3236 Atlanta Hwy, Dallas, GA 30132, USA","{'lat': 33.9092552, 'lng': -84.7882671}"
236,7236,Georgia Science Teachers Association,"208 Bull St, Savannah, GA 31401, USA","{'lat': 32.076319, 'lng': -81.0926465}"
237,7237,Pulaski Financial Corp.,"4000 Oneda Dr, Columbus, GA 31907, USA","{'lat': 32.5049208, 'lng': -84.8709827}"
238,7238,Georgia Institute Of Technology,"225 North Avenue NW, Atlanta, GA 30332, USA","{'lat': 33.7724173, 'lng': -84.39479159999999}"
239,7239,Georgia School Counselors Association,"1592 Norman Dr #1227, Valdosta, GA 31601, USA","{'lat': 30.8319053, 'lng': -83.32219959999999}"
240,7240,The Etowah Foundation,"135 W Cherokee Ave #251, Cartersville, GA 30120, USA","{'lat': 34.1658417, 'lng': -84.79972889999999}"
241,7241,Madison County Bd of Education,"55 Mary Ellen Ct, Danielsville, GA 30633, USA","{'lat': 34.1272628, 'lng': -83.2205053}"
242,7242,Society for Health Systems,"225 North Avenue NW, Atlanta, GA 30332, USA","{'lat': 33.7724173, 'lng': -84.39479159999999}"
243,7243,Houston County High School,"North Ave, Perry, GA 31069, USA","{'lat': 32.466767, 'lng': -83.72672949999999}"
244,7244,BOOTH MIDDLE SCHOOL,"205 LaFayette Ave, Fayetteville, GA 30214, USA","{'lat': 33.4517777, 'lng': -84.458368}"
245,7245,Mill Creek High School,"610 W Crogan St, Lawrenceville, GA 30046, USA","{'lat': 33.9455286, 'lng': -84.0015042}"
246,7246,Newnan High School,"237 Jackson St, Newnan, GA 30263, USA","{'lat': 33.3944022, 'lng': -84.7997328}"
247,7247,Georgia Music Educators Association,"150 Reagan Rd, Stockbridge, GA 30281, USA","{'lat': 33.5501973, 'lng': -84.1394736}"
248,7248,Lake Ridge Elementary School,"1058 Fifth Ave, Jonesboro, GA 30236, USA","{'lat': 33.536398, 'lng': -84.35708029999999}"
249,7249,Georgia Music Educators Association,"33 N Zack Hinton Pkwy, McDonough, GA 30253, USA","{'lat': 33.4490151, 'lng': -84.133561}"
250,7250,Lakeview Academy,"796 Lakeview Dr, Gainesville, GA 30501, USA","{'lat': 34.32200470000001, 'lng': -83.8058629}"
251,7251,Brookstone School,"440 Bradley Park Dr, Columbus, GA 31904, USA","{'lat': 32.5274338, 'lng': -84.98760469999999}"
252,7252,Morris Brandon Elementary School,"Stone Mountain, GA, USA","{'lat': 33.8081608, 'lng': -84.17019599999999}"
253,7253,Trinity School,"4301 Northside Pkwy NW, Atlanta, GA 30327, USA","{'lat': 33.8644673, 'lng': -84.44960809999999}"
254,7254,Webster County Schools,"7168 Washington St, Preston, GA 31824, USA","{'lat': 32.0624477, 'lng': -84.5419062}"
255,7255,King's Ridge Christian School,"2675 Bethany Bend, Alpharetta, GA 30004, USA","{'lat': 34.1172234, 'lng': -84.28332619999999}"
256,7256,Fine Arts Association,"786 Cleveland Ave SW, Atlanta, GA 30315, USA","{'lat': 33.6807208, 'lng': -84.4145583}"
257,7257,The Etowah Foundation,"65 Gilreath Rd SE, Cartersville, GA 30121, USA","{'lat': 34.2238579, 'lng': -84.81538420000001}"
258,7258,Georgia Science Teachers Association,"3313 Louis St, Savannah, GA 31404, USA","{'lat': 32.0296144, 'lng': -81.05304029999999}"
259,7259,Georgia Association of Secondary School Principals,"1651 Tunnel Hill Varnell Rd, Tunnel Hill, GA 30755, USA","{'lat': 34.8770761, 'lng': -84.9975207}"
260,7260,Georgia Science Teachers Association,"115 Wilmington Island Rd, Savannah, GA 31410, USA","{'lat': 32.008217, 'lng': -80.985182}"
261,7261,Grady County School District,"491 3rd St SE, Cairo, GA 39828, USA","{'lat': 30.8713912, 'lng': -84.20493189999999}"
262,7262,Banks County Schools,"266 GA-51, Homer, GA 30547, USA","{'lat': 34.3312797, 'lng': -83.5095297}"
263,7263,Georgia Science Teachers Association,"Macon, GA 31213, USA","{'lat': 32.8399249, 'lng': -83.639332}"
264,7264,North Cobb High School,"3400 Old 41 Hwy NW, Kennesaw, GA 30144, USA","{'lat': 34.0400616, 'lng': -84.6488116}"
265,7265,Liberty County Board Education,"600 Edgewater Dr, Midway, GA 31320, USA","{'lat': 31.8078008, 'lng': -81.4518456}"
266,7266,Lee County Board of Education,"1 trojan Way, Leesburg, GA 31763, USA","{'lat': 31.7305121, 'lng': -84.1563158}"
267,7267,Ringgold Primary School,"1850 Battlefield Pkwy, Fort Oglethorpe, GA 30742, USA","{'lat': 34.946834, 'lng': -85.2352099}"
268,7268,Marion County,"Buena Vista, GA 31803, USA","{'lat': 32.3190398, 'lng': -84.51714109999999}"
269,7269,Georgia Engineering and Technology Education Association,"2033 GA-158, Douglas, GA 31535, USA","{'lat': 31.4891675, 'lng': -82.8967772}"
270,7270,Hidden Lake Academy,"854 Hidden Lake Rd, Dahlonega, GA 30533, USA","{'lat': 34.629349, 'lng': -84.070267}"
271,7271,Meriwether County BOE,"2600 Judson Bulloch Rd, Manchester, GA 31816, USA","{'lat': 32.8822306, 'lng': -84.6475037}"
272,7272,Meadowcreek Elementary,"5025 Georgia Belle Ct, Norcross, GA 30093, USA","{'lat': 33.9200288, 'lng': -84.1669759}"
273,7273,Monroe County Schools,"310 Montpelier Ave, Forsyth, GA 31029, USA","{'lat': 33.0230235, 'lng': -83.9349744}"
274,7274,Holland & Knight LLP,"3790 Ashford Dunwoody Rd NE, Atlanta, GA 30319, USA","{'lat': 33.9014447, 'lng': -84.3351418}"
275,7275,SALEM,"2400 Granade Rd SW, Conyers, GA 30094, USA","{'lat': 33.6269279, 'lng': -84.04713890000001}"
276,7276,Georgia Association of School Nurses,"1150 Perimeter Rd, Dawsonville, GA 30534, USA","{'lat': 34.4209719, 'lng': -84.1045037}"
277,7277,Georgia Library Media Association,"110 Academy St, Canton, GA 30114, USA","{'lat': 34.2358432, 'lng': -84.4921873}"
278,7278,Chattahoochee High School,"5230 Taylor Rd, Johns Creek, GA 30022, USA","{'lat': 34.0497331, 'lng': -84.2087758}"
279,7279,Colquitt County Board Education,"812 11th Ave NW, Moultrie, GA 31768, USA","{'lat': 31.1906863, 'lng': -83.7980773}"
280,7280,Polk School Dst Bd Educatn,"1664 Syble West Brannon Pkwy, Cedartown, GA 30125, USA","{'lat': 34.0338551, 'lng': -85.2199187}"
281,7281,Camden County Public Schools,"6300 Laurel Island Pkwy, Kingsland, GA 31548, USA","{'lat': 30.8185506, 'lng': -81.64638579999999}"
282,7282,Brookwood Elementary School,"1330 Holly Brook Rd SW, Snellville, GA 30078, USA","{'lat': 33.8806027, 'lng': -84.04210139999999}"
283,7283,Bleckley County School Dist,"Cochran, GA 31014, USA","{'lat': 32.3868278, 'lng': -83.35460979999999}"
284,7284,Polk School Dst Bd Educatn,"191 Evergreen Ln, Cedartown, GA 30125, USA","{'lat': 34.0368624, 'lng': -85.2618178}"
285,7285,School Social Workers Association of Georgia,"6463 US-301, Claxton, GA 30417, USA","{'lat': 32.1497548, 'lng': -81.9060059}"
286,7286,Georgia Association for Career and Technical Education,"8281 GA-116, Hamilton, GA 31811, USA","{'lat': 32.7609986, 'lng': -84.8890812}"
287,7287,Franklin County,"Carnesville, GA 30521, USA","{'lat': 34.3698266, 'lng': -83.23515499999999}"
288,7288,Gilmer County,"196 McCutchen St, Ellijay, GA 30540, USA","{'lat': 34.6964394, 'lng': -84.47685829999999}"
289,7289,Early County School District,"400 Martin Luther King Jr Blvd, Blakely, GA 39823, USA","{'lat': 31.3717418, 'lng': -84.95782559999999}"
290,7290,Creekside High School,"7405 Herndon Rd, Fairburn, GA 30213, USA","{'lat': 33.5582841, 'lng': -84.6279637}"
291,7291,Burke County Board of Educn,"100 Olympic Dr, Waynesboro, GA 30830, USA","{'lat': 33.0795354, 'lng': -81.99171869999999}"
292,7292,Family and Consumer Sciences Teachers Association,"926 Green St, Warner Robins, GA 31093, USA","{'lat': 32.626998, 'lng': -83.6307984}"
293,7293,Ringgold Primary School,"217 Tiger Trail, Ringgold, GA 30736, USA","{'lat': 34.9239315, 'lng': -85.1106507}"
294,7294,Ringgold Primary School,"29 Tiger Trail, Ringgold, GA 30736, USA","{'lat': 34.921584, 'lng': -85.1101613}"
295,7295,Family and Consumer Sciences Teachers Association,"1307 North Ave, Perry, GA 31069, USA","{'lat': 32.4674961, 'lng': -83.72580769999999}"
296,7296,Cobb Education Consortium,"105 Park St SE, Marietta, GA 30060, USA","{'lat': 33.9489985, 'lng': -84.5322942}"
297,7297,Georgia Association for Career and Technical Education,"13185 US-27, Hamilton, GA 31811, USA","{'lat': 32.7703984, 'lng': -84.8761557}"
298,7298,Georgia School Boards Association,"237 Old Athens Hwy, Cornelia, GA 30531, USA","{'lat': 34.5234507, 'lng': -83.57146329999999}"
299,7299,Georgia Association of Secondary School Principals,"1815 Utility Rd, Rocky Face, GA 30740, USA","{'lat': 34.7832285, 'lng': -85.0494877}"
