,_id,Name,Address,Geocodes
0,14000,Cristo Rey Jesuit High ...,"1852 W 22nd Pl, Chicago, IL 60608, USA","{'lat': 41.8516688, 'lng': -87.67275149999999}"
1,14001,Bond Co Cmty Unit Sch D...,"201 Lafayette St, Jeffersonville, IL 62842, USA","{'lat': 38.4413661, 'lng': -88.40243770000001}"
2,14002,Bronx Lighthouse Charte...,"8 W Root St, Chicago, IL 60609, USA","{'lat': 41.8197356, 'lng': -87.6267317}"
3,14003,D41 schools,"793 N Main St, Glen Ellyn, IL 60137, USA","{'lat': 41.8883016, 'lng': -88.0637734}"
4,14004,Garrett Evangelical Sem...,"2121 Sheridan Rd, Evanston, IL 60201, USA","{'lat': 42.0562209, 'lng': -87.6755804}"
5,14005,Gurnee Grade School,"940 Kilbourne Rd, Gurnee, IL 60031, USA","{'lat': 42.37355110000001, 'lng': -87.9186945}"
6,14006,Marion School Board-Edu...,"1400 W Hendrickson St, Marion, IL 62959, USA","{'lat': 37.7226134, 'lng': -88.94220949999999}"
7,14007,Chicago Public School S...,"2001 N Orchard St, Chicago, IL 60614, USA","{'lat': 41.9193918, 'lng': -87.6455484}"
8,14008,Consolidated School Dis...,"750 Academic Dr, Algonquin, IL 60102, USA","{'lat': 42.1611177, 'lng': -88.3774979}"
9,14009,Kingman Primary School,"519 NE Glendale Ave, Peoria, IL 61603, USA","{'lat': 40.7007483, 'lng': -89.5887705}"
10,14010,Matteson Elementary Sch...,"210 Illinois St, Park Forest, IL 60466, USA","{'lat': 41.5030241, 'lng': -87.6796095}"
11,14011,Lake Forest Country Day...,"145 S Green Bay Rd, Lake Forest, IL 60045, USA","{'lat': 42.2374684, 'lng': -87.83704829999999}"
12,14012,School District U-46,"1220 Dundee Ave, Elgin, IL 60120, USA","{'lat': 42.0604272, 'lng': -88.2670289}"
13,14013,Kankakee High School,"369 N 5th Ave, Kankakee, IL 60901, USA","{'lat': 41.1247226, 'lng': -87.8722369}"
14,14014,Paxton-Buckley-Loda Hig...,"341 E Center St, Paxton, IL 60957, USA","{'lat': 40.4591204, 'lng': -88.09351079999999}"
15,14015,Board of Education of T...,"2216 W Hirsch St, Chicago, IL 60622, USA","{'lat': 41.9073574, 'lng': -87.6829277}"
16,14016,DePue Unit School Distr...,"307 Chestnut St, Dalzell, IL 61320, USA","{'lat': 41.3573096, 'lng': -89.1729797}"
17,14017,Addision School Distric...,"400 S Michigan Ave, Addison, IL 60101, USA","{'lat': 41.9194281, 'lng': -87.9848859}"
18,14018,Loyola University of Ch...,"820 N Michigan Ave, Chicago, IL 60611, USA","{'lat': 41.897329, 'lng': -87.6249946}"
19,14019,School District 170,"176 E 11th St, Chicago Heights, IL 60411, USA","{'lat': 41.5112812, 'lng': -87.6325969}"
20,14020,Cary Community School D...,"2115 Crystal Lake Rd, Cary, IL 60013, USA","{'lat': 42.2292362, 'lng': -88.2392933}"
21,14021,The Catholic Diocese of...,"512 E Kansas St, Peoria, IL 61603, USA","{'lat': 40.711003, 'lng': -89.587859}"
22,14022,ARTHUR CUSD #305,"301 E Columbia St, Arthur, IL 61911, USA","{'lat': 39.70980309999999, 'lng': -88.4703615}"
23,14023,Maywood-Melrose Park-Br...,"805 S 17th Ave, Maywood, IL 60153, USA","{'lat': 41.8798853, 'lng': -87.85351759999999}"
24,14024,North Palos School Dist...,"7950 W 97th St, Hickory Hills, IL 60457, USA","{'lat': 41.7157074, 'lng': -87.8162859}"
25,14025,Anna-Jonesboro High Sch...,"608 S Main St, Anna, IL 62906, USA","{'lat': 37.4552959, 'lng': -89.2548874}"
26,14026,Naperville Community Un...,"525 S Brainard St, Naperville, IL 60540, USA","{'lat': 41.7672272, 'lng': -88.14309209999999}"
27,14027,Carlinville Middle Scho...,"450 Buchanan St, Carlinville, IL 62626, USA","{'lat': 39.2877268, 'lng': -89.8874189}"
28,14028,Brown County Elementary,"504 E Main St, Mt Sterling, IL 62353, USA","{'lat': 39.9820826, 'lng': -90.75270309999999}"
29,14029,Eureka Community School...,"308 W Robinson St, Goodfield, IL 61742, USA","{'lat': 40.6307003, 'lng': -89.281887}"
30,14030,Pepper Ridge School,"306 Glenn Ave, Normal, IL 61761, USA","{'lat': 40.5002734, 'lng': -88.9882733}"
31,14031,Dwight D Eisenhower Hig...,"12700 Sacramento Ave, Blue Island, IL 60406, USA","{'lat': 41.6617824, 'lng': -87.69576119999999}"
32,14032,Board of Education of T...,"2001 N Orchard St, Chicago, IL 60614, USA","{'lat': 41.9193918, 'lng': -87.6455484}"
33,14033,Eisenhower Jr High Scho...,"375 Arizona Blvd, Hoffman Estates, IL 60169, USA","{'lat': 42.0396115, 'lng': -88.07129549999999}"
34,14034,Board of Education of T...,"4540 N Hamlin Ave, Chicago, IL 60625, USA","{'lat': 41.9637112, 'lng': -87.7238033}"
35,14035,Kankakee High School,"1200 W Jeffery St, Kankakee, IL 60901, USA","{'lat': 41.103323, 'lng': -87.885542}"
36,14036,Immaculate Conception C...,"7263 W Talcott Ave, Chicago, IL 60631, USA","{'lat': 41.9864176, 'lng': -87.8089895}"
37,14037,Board of Education of T...,"3815 N Kedvale Ave, Chicago, IL 60641, USA","{'lat': 41.95044490000001, 'lng': -87.730344}"
38,14038,Barrington 220 Communit...,"770 Navajo Dr, Carpentersville, IL 60110, USA","{'lat': 42.1385275, 'lng': -88.2510807}"
39,14039,Alton Community School ...,"4200 Humbert Rd, Alton, IL 62002, USA","{'lat': 38.9351764, 'lng': -90.1581549}"
40,14040,Glenview Public School ...,"1401 Greenwood Rd, Glenview, IL 60026, USA","{'lat': 42.0805388, 'lng': -87.83862859999999}"
41,14041,Andrew Community School...,"13 Marian Ln, Springfield, IL 62704, USA","{'lat': 39.7628776, 'lng': -89.69233539999999}"
42,14042,Big Rock Elementary Sch...,"Big Rock, IL 60511, USA","{'lat': 41.7639181, 'lng': -88.54702189999999}"
43,14043,Donovan Elementary Scho...,"Donovan, IL 60931, USA","{'lat': 40.883368, 'lng': -87.61614279999999}"
44,14044,Alan B Shepard School,"1690 Career Center Rd, Bourbonnais, IL 60914, USA","{'lat': 41.18256299999999, 'lng': -87.892612}"
45,14045,School District 47 Crys...,"300 Commerce Dr, Crystal Lake, IL 60014, USA","{'lat': 42.249001, 'lng': -88.3298877}"
46,14046,Armstrong Twp High Sch ...,"Armstrong, IL 61812, USA","{'lat': 40.30642450000001, 'lng': -87.8778088}"
47,14047,DuPage High School Dist...,"W Highridge Rd, Oakbrook Terrace, IL 60181, USA","{'lat': 41.8668904, 'lng': -87.98539699999999}"
48,14048,Lake Villa School Disrt...,"131 McKinley Ave, Lake Villa, IL 60046, USA","{'lat': 42.411742, 'lng': -88.0786255}"
49,14049,Crete-Monee School Dist...,"435 North St, Crete, IL 60417, USA","{'lat': 41.446155, 'lng': -87.6295895}"
50,14050,Board of Education of T...,"4541 S Wood St, Chicago, IL 60609, USA","{'lat': 41.8107244, 'lng': -87.6695359}"
51,14051,District 89 School Supt,"22W600 Butterfield Rd, Glen Ellyn, IL 60137, USA","{'lat': 41.8306468, 'lng': -88.0676682}"
52,14052,St. Clair County Region...,"301 N 2nd St, Belleville, IL 62220, USA","{'lat': 38.5170153, 'lng': -89.9873211}"
53,14053,Bushnell-Prairie Cty U ...,"Bushnell, IL 61422, USA","{'lat': 40.5528183, 'lng': -90.50624}"
54,14054,Champaign Unit For Scho...,"610 W University Ave, Champaign, IL 61820, USA","{'lat': 40.1166359, 'lng': -88.2535712}"
55,14055,Rockford Public School ...,"619 E State St, Cherry Valley, IL 61016, USA","{'lat': 42.234227, 'lng': -88.948128}"
56,14056,Quincy School District ...,"2040 Cherry St, Quincy, IL 62301, USA","{'lat': 39.9437438, 'lng': -91.38227359999999}"
57,14057,Addision School Distric...,"346 Army Trail Blvd, Addison, IL 60101, USA","{'lat': 41.932336, 'lng': -87.99743690000001}"
58,14058,Berkeley School Distric...,"225 46th Ave, Bellwood, IL 60104, USA","{'lat': 41.8877359, 'lng': -87.88914799999999}"
59,14059,Board of Education of T...,"4220 N Richmond St, Chicago, IL 60618, USA","{'lat': 41.9578627, 'lng': -87.70239869999999}"
60,14060,Forest Hills School,"4335 Howard Ave, Western Springs, IL 60558, USA","{'lat': 41.8114319, 'lng': -87.8947817}"
61,14061,Kingman Primary School,"919 NE Jefferson St, Peoria, IL 61603, USA","{'lat': 40.6995376, 'lng': -89.5802801}"
62,14062,Geneva Community Unit S...,"1357 Viking Dr, Geneva, IL 60134, USA","{'lat': 41.8714176, 'lng': -88.3520125}"
63,14063,Batavia Public School D...,"1201 Main St, Batavia, IL 60510, USA","{'lat': 41.8478734, 'lng': -88.3298878}"
64,14064,Heyworth High School,"101 N Joselyn St, Heyworth, IL 61745, USA","{'lat': 40.3142431, 'lng': -88.9723707}"
65,14065,Dwight Common School Di...,"801 S Franklin St, Dwight, IL 60420, USA","{'lat': 41.0857744, 'lng': -88.4263785}"
66,14066,St. Clair County Region...,"4901 State St, East St Louis, IL 62205, USA","{'lat': 38.6081939, 'lng': -90.1031563}"
67,14067,Bond Co Cmty Unit Sch D...,"200 N Hickory St, Galatia, IL 62935, USA","{'lat': 37.8417, 'lng': -88.6141069}"
68,14068,Bond Co Cmty Unit Sch D...,"20023 Diswood Rd, Tamms, IL 62988, USA","{'lat': 37.22786139999999, 'lng': -89.32446159999999}"
69,14069,Community Consolidated ...,"6601 171st St, Tinley Park, IL 60477, USA","{'lat': 41.5799655, 'lng': -87.77925410000002}"
70,14070,Plainfield Community Co...,"2110 Clublands Pkwy, Plainfield, IL 60586, USA","{'lat': 41.5593471, 'lng': -88.26429209999999}"
71,14071,De Soto School District...,"311 Hurst Rd, De Soto, IL 62924, USA","{'lat': 37.81924360000001, 'lng': -89.2234673}"
72,14072,Albers School District ...,"951 6th St, Carlyle, IL 62231, USA","{'lat': 38.61468, 'lng': -89.3661824}"
73,14073,Board of Education of T...,"9207 S Phillips Ave, Chicago, IL 60617, USA","{'lat': 41.72762790000001, 'lng': -87.5641809}"
74,14074,Board of Education of T...,"1434 N Parkside Ave, Chicago, IL 60651, USA","{'lat': 41.90647209999999, 'lng': -87.7674863}"
75,14075,Board of Education of T...,"2100 E 87th St, Chicago, IL 60617, USA","{'lat': 41.7381992, 'lng': -87.57233459999999}"
76,14076,Board of Education of T...,"10015 S Leavitt St, Chicago, IL 60643, USA","{'lat': 41.7113421, 'lng': -87.67652819999999}"
77,14077,Board of Education of T...,"2620 W Hirsch St, Chicago, IL 60622, USA","{'lat': 41.9071048, 'lng': -87.6928841}"
78,14078,Community Unit School D...,"321 Terwilliger St, Hampshire, IL 60140, USA","{'lat': 42.0952204, 'lng': -88.53560929999999}"
79,14079,Lasalle Public School D...,"1165 St Vincents Ave, Peru, IL 61354, USA","{'lat': 41.33266829999999, 'lng': -89.11711269999999}"
80,14080,Board of Education of T...,"10414 S State St, Chicago, IL 60628, USA","{'lat': 41.7048512, 'lng': -87.62519379999999}"
81,14081,Mary Miller Junior High...,"701 W Vermilion St, Catlin, IL 61817, USA","{'lat': 40.0670106, 'lng': -87.7092564}"
82,14082,Community Consolidated ...,"3800 Central Rd, Rolling Meadows, IL 60008, USA","{'lat': 42.067912, 'lng': -88.02546699999999}"
83,14083,Liberty High School,"505 N Park St, Liberty, IL 62347, USA","{'lat': 39.8862235, 'lng': -91.10817519999999}"
84,14084,Eisenhower Jr High Scho...,"1800 Chippendale Rd, Hoffman Estates, IL 60169, USA","{'lat': 42.059772, 'lng': -88.1075518}"
85,14085,Immaculate Conception P...,"132 Arthur St, Elmhurst, IL 60126, USA","{'lat': 41.8955536, 'lng': -87.9409479}"
86,14086,School District 132  Ca...,"1440 W 125th St, Calumet Park, IL 60827, USA","{'lat': 41.6675091, 'lng': -87.6582577}"
87,14087,Board of Education of T...,"2022 W Washington Blvd, Chicago, IL 60612, USA","{'lat': 41.8834427, 'lng': -87.6772965}"
88,14088,Bond Co Cmty Unit Sch D...,"201 N Giddings Ave, Jerseyville, IL 62052, USA","{'lat': 39.1222508, 'lng': -90.32377869999999}"
89,14089,Centralia School Distri...,"311 Airport Rd, Centralia, IL 62801, USA","{'lat': 38.5224943, 'lng': -89.0967976}"
90,14090,Dieterich Junior/Senior...,"Dieterich, IL 62424, USA","{'lat': 39.0619868, 'lng': -88.3797668}"
91,14091,Robinson Community Unit...,"5251 E 1800th Ave, Montrose, IL 62445, USA","{'lat': 39.1147304, 'lng': -88.27547539999999}"
92,14092,Community Unit School D...,"2S700 Continental Dr, Warrenville, IL 60555, USA","{'lat': 41.8286716, 'lng': -88.207236}"
93,14093,Cook County School Dist...,"2140 Broadway St, Blue Island, IL 60406, USA","{'lat': 41.6509109, 'lng': -87.67452519999999}"
94,14094,Stanley School,"1860 Glen Ellyn Rd, Glendale Heights, IL 60139, USA","{'lat': 41.9277929, 'lng': -88.0637352}"
95,14095,Bond Co Cmty Unit Sch D...,"20023 Diswood Rd, Tamms, IL 62988, USA","{'lat': 37.22786139999999, 'lng': -89.32446159999999}"
96,14096,Bond Co Cmty Unit Sch D...,"200 N McKinley St, Galatia, IL 62935, USA","{'lat': 37.8425831, 'lng': -88.60460429999999}"
97,14097,Danville School Distric...,"930 Colfax Dr, Danville, IL 61832, USA","{'lat': 40.1394591, 'lng': -87.6050771}"
98,14098,Lake Forest College,"2833 Washington Ave, Great Lakes, IL 60088, USA","{'lat': 42.301897, 'lng': -87.8666028}"
99,14099,Learning Tech Center La...,"N Acorn Ln, Mundelein, IL 60060, USA","{'lat': 42.2439774, 'lng': -88.0138228}"
100,14100,United Township High Sc...,"Rock Island, IL, USA","{'lat': 41.5094771, 'lng': -90.5787476}"
101,14101,Plainfield Community Co...,"1401 Essington Rd, Bolingbrook, IL 60490, USA","{'lat': 41.649103, 'lng': -88.1658808}"
102,14102,ShawneeLink Corporation,"5175 IL-13, Junction, IL 62954, USA","{'lat': 37.7418708, 'lng': -88.2772145}"
103,14103,Eisenhower Jr High Scho...,"1520 Jones Rd, Hoffman Estates, IL 60195, USA","{'lat': 42.0550821, 'lng': -88.0999585}"
104,14104,Cook County School Dist...,"12915 Maple Ave, Blue Island, IL 60406, USA","{'lat': 41.6584283, 'lng': -87.6843851}"
105,14105,Bellwood School Distric...,"1300 34th Ave, Melrose Park, IL 60160, USA","{'lat': 41.8985896, 'lng': -87.87545820000001}"
106,14106,National-Louis Universi...,"2840 Sheridan Rd, Evanston, IL 60201, USA","{'lat': 42.06926869999999, 'lng': -87.6831799}"
107,14107,Plainfield Community Co...,"2544 Crystal Dr, Joliet, IL 60435, USA","{'lat': 41.5696565, 'lng': -88.15452599999999}"
108,14108,Lincoln Elementary Sch ...,"Logan, IA 51546, USA","{'lat': 41.6430472, 'lng': -95.7891614}"
109,14109,Elmhurst Community Unit...,"155 Victory Pkwy, Elmhurst, IL 60126, USA","{'lat': 41.9264675, 'lng': -87.9382291}"
110,14110,School District U-46,"701 W Schick Rd, Bartlett, IL 60103, USA","{'lat': 41.9502432, 'lng': -88.1921728}"
111,14111,Kankakee High School,"240 Warren Ave, Kankakee, IL 60901, USA","{'lat': 41.1170208, 'lng': -87.8469179}"
112,14112,Massac Unit District 1,"Brookport, IL 62910, USA","{'lat': 37.1236664, 'lng': -88.6303267}"
113,14113,Rock Island School Dist...,"501 S Euclid Ave, Princeton, IL 61356, USA","{'lat': 41.37012319999999, 'lng': -89.4601113}"
114,14114,Batavia Public School D...,"905 Carlisle Rd, Batavia, IL 60510, USA","{'lat': 41.8386281, 'lng': -88.3220328}"
115,14115,Springfield Public Scho...,"1101 S 15th St, Springfield, IL 62703, USA","{'lat': 39.78995390000001, 'lng': -89.6359076}"
116,14116,Community Unit School D...,"Western Suburbs, Chicagoland Township, 38W160 Bolcum Rd, St. Charles, IL 60175, USA","{'lat': 41.9565163, 'lng': -88.3623298}"
117,14117,Board of Education of T...,"3800 N New England Ave, Chicago, IL 60634, USA","{'lat': 41.9496834, 'lng': -87.7988494}"
118,14118,Friendship Junior High ...,"2123 S Arlington Heights Rd, Arlington Heights, IL 60005, USA","{'lat': 42.045739, 'lng': -87.9820901}"
119,14119,Alton Community School ...,"6800 Humbert Rd, Godfrey, IL 62035, USA","{'lat': 38.9669101, 'lng': -90.1819132}"
120,14120,Illinois Farm Bureau,"Cowden, IL 62422, USA","{'lat': 39.2483753, 'lng': -88.8622895}"
121,14121,Board of Education of T...,"3030 W Harrison St, Chicago, IL 60612, USA","{'lat': 41.87402170000001, 'lng': -87.70224809999999}"
122,14122,Board of Education of T...,"6145 S Ingleside Ave, Chicago, IL 60637, USA","{'lat': 41.7827438, 'lng': -87.6023381}"
123,14123,Board of Education of T...,"13231 S Burley Ave, Chicago, IL 60633, USA","{'lat': 41.6545892, 'lng': -87.5439894}"
124,14124,Libertyville Elementary...,"1441 Lake St, Libertyville, IL 60048, USA","{'lat': 42.2905449, 'lng': -87.9813281}"
125,14125,McClellan Grade School,"1201 E Bethel Rd, Mt Vernon, IL 62864, USA","{'lat': 38.2797981, 'lng': -88.9074783}"
126,14126,Cicero School District ...,"5110 W 24th St, Cicero, IL 60804, USA","{'lat': 41.847821, 'lng': -87.7521417}"
127,14127,Griggsville-Perry High ...,"102 W Quincy St, Griggsville, IL 62340, USA","{'lat': 39.70872079999999, 'lng': -90.7254463}"
128,14128,Edison Schools Inc.,"1101 S 15th St, Springfield, IL 62703, USA","{'lat': 39.78995390000001, 'lng': -89.6359076}"
129,14129,Palos Heights School Di...,"12800 S Austin Ave, Palos Heights, IL 60463, USA","{'lat': 41.6583782, 'lng': -87.7687229}"
130,14130,School District 132  Ca...,"1440 W Vermont St, Calumet Park, IL 60827, USA","{'lat': 41.66057319999999, 'lng': -87.6476285}"
131,14131,Astoria Comm Unit Sch D...,"402 N Jefferson St, Astoria, IL 61501, USA","{'lat': 40.229719, 'lng': -90.35224}"
132,14132,Grass Lake School Distr...,"26177 W Grass Lake Rd, Antioch, IL 60002, USA","{'lat': 42.4399848, 'lng': -88.13897519999999}"
133,14133,Maroa Forsyth Community...,"641 E Shafer St, Decatur, IL 62526, USA","{'lat': 39.93530519999999, 'lng': -88.943736}"
134,14134,Barrington 220 Communit...,"205 W County Line Rd, Barrington, IL 60010, USA","{'lat': 42.1531034, 'lng': -88.17708019999999}"
135,14135,Lake Forest College,"2100 Green Bay Rd, North Chicago, IL 60064, USA","{'lat': 42.3209818, 'lng': -87.86886179999999}"
136,14136,Board of Education of T...,"4520 S Kedzie Ave, Chicago, IL 60632, USA","{'lat': 41.81094239999999, 'lng': -87.7044449}"
137,14137,Central Community Unit ...,"Burlington, IL 60109, USA","{'lat': 42.05139150000001, 'lng': -88.5471666}"
138,14138,Lovington C U School Di...,"445 E Church St, Lovington, IL 61937, USA","{'lat': 39.71191049999999, 'lng': -88.6264978}"
139,14139,Cary Community Consolid...,"100 S Wulff St, Cary, IL 60013, USA","{'lat': 42.20610130000001, 'lng': -88.25258269999999}"
140,14140,Oswego 308 Community Un...,"520 Secretariat Ln, Oswego, IL 60543, USA","{'lat': 41.6940897, 'lng': -88.2970466}"
141,14141,Kankakee High School,"240 Warren Ave, Kankakee, IL 60901, USA","{'lat': 41.1170208, 'lng': -87.8469179}"
142,14142,Atwood Hammond High Sch...,"Atwood, IL 61913, USA","{'lat': 39.7994772, 'lng': -88.4622789}"
143,14143,Griggsville-Perry High ...,"Perry, IL 62362, USA","{'lat': 39.7847482, 'lng': -90.7473401}"
144,14144,DeKalb High School,"211 McCormick Dr, DeKalb, IL 60115, USA","{'lat': 41.948804, 'lng': -88.7513254}"
145,14145,Community Unit School D...,"4S241 River Rd, Warrenville, IL 60555, USA","{'lat': 41.80847, 'lng': -88.1766232}"
146,14146,Hannum Elem. School,"8901 S 52nd Ave, Oak Lawn, IL 60453, USA","{'lat': 41.7305478, 'lng': -87.7508835}"
147,14147,Arlington Heights Schoo...,"2211 N Burke Dr, Arlington Heights, IL 60004, USA","{'lat': 42.1156306, 'lng': -87.97176259999999}"
148,14148,Bond Co Cmty Unit Sch D...,"1200 E Laurel St, Olney, IL 62450, USA","{'lat': 38.73431890000001, 'lng': -88.0721355}"
149,14149,Indian Springs School D...,"7800 Thomas Ave, Bridgeview, IL 60455, USA","{'lat': 41.7493425, 'lng': -87.8063779}"
150,14150,Bellwood School Distric...,"3420 Jackson St, Bellwood, IL 60104, USA","{'lat': 41.8737721, 'lng': -87.8751515}"
151,14151,Board of Education of T...,"10330 S Elizabeth St, Chicago, IL 60643, USA","{'lat': 41.7061464, 'lng': -87.6542595}"
152,14152,Dakota Community Unit S...,"400 Campus Dr, Dakota, IL 61018, USA","{'lat': 42.3865786, 'lng': -89.5304479}"
153,14153,Southwestern School Dis...,"Brighton, IL 62012, USA","{'lat': 39.0397688, 'lng': -90.1406643}"
154,14154,South Holland School Di...,"16001 Minerva Ave, South Holland, IL 60473, USA","{'lat': 41.6050795, 'lng': -87.58970389999999}"
155,14155,Lexington School Distri...,"N Cherry St, Lexington, IL 61753, USA","{'lat': 40.6450538, 'lng': -88.77995229999999}"
156,14156,Naperville Community Un...,"145 N Sleight St, Naperville, IL 60540, USA","{'lat': 41.7769865, 'lng': -88.14110989999999}"
157,14157,Benjamin Franklin Elem ...,"2401 Manor Ln, Park Ridge, IL 60068, USA","{'lat': 42.0317115, 'lng': -87.85627989999999}"
158,14158,Board of Education of T...,"2410 S Leavitt St, Chicago, IL 60608, USA","{'lat': 41.8477733, 'lng': -87.6813811}"
159,14159,Freeport School Distric...,"718 E Illinois St, Freeport, IL 61032, USA","{'lat': 42.2889537, 'lng': -89.6075789}"
160,14160,Rockford Public School ...,"4015 Pepper Dr, Rockford, IL 61114, USA","{'lat': 42.3061718, 'lng': -89.0383969}"
161,14161,Community Unit School D...,"4200 W Main St, West Dundee, IL 60118, USA","{'lat': 42.1050618, 'lng': -88.34348279999999}"
162,14162,Grand Ridge C C Sch Dis...,"400 W Main St, Grand Ridge, IL 61325, USA","{'lat': 41.2378819, 'lng': -88.8355282}"
163,14163,Board of Education of T...,"4918 W 64th St, Chicago, IL 60638, USA","{'lat': 41.7769205, 'lng': -87.7454995}"
164,14164,Erikson Institute,"451 N LaSalle Dr, Chicago, IL 60654, USA","{'lat': 41.8906341, 'lng': -87.63208759999999}"
165,14165,Wauconda High School,"545 Newport Ct, Island Lake, IL 60042, USA","{'lat': 42.2781279, 'lng': -88.2075405}"
166,14166,Auburn Community Unit S...,"606 W North St, Auburn, IL 62615, USA","{'lat': 39.5959778, 'lng': -89.74820869999999}"
167,14167,Community High School D...,"2208 Three Oaks Rd, Cary, IL 60013, USA","{'lat': 42.221297, 'lng': -88.24450209999999}"
168,14168,Bremen Community High S...,"17401 Crawford Ave, Country Club Hills, IL 60478, USA","{'lat': 41.574163, 'lng': -87.7107319}"
169,14169,Community Consolidated ...,"18146 Oak Park Ave, Tinley Park, IL 60477, USA","{'lat': 41.5614441, 'lng': -87.7853257}"
170,14170,District 89 School Supt,"22W430 Ironwood Dr, Glen Ellyn, IL 60137, USA","{'lat': 41.8272894, 'lng': -88.0641934}"
171,14171,Oswego 308 Community Un...,"Lakewood Creek Park, 2301 Lakewood Creek Dr, Montgomery, IL 60538, USA","{'lat': 41.7142167, 'lng': -88.398421}"
172,14172,Taft Elementary School,"420 N Raynor Ave, Joliet, IL 60435, USA","{'lat': 41.5319536, 'lng': -88.1005318}"
173,14173,Community High School D...,"1 S Virginia Rd, Crystal Lake, IL 60014, USA","{'lat': 42.2197576, 'lng': -88.320818}"
174,14174,Butterfield School,"617 Hammerschmidt Ave, Lombard, IL 60148, USA","{'lat': 41.8734316, 'lng': -88.01253539999999}"
175,14175,Bunker Hill Community S...,"314 S Meissner St, Bunker Hill, IL 62014, USA","{'lat': 39.0400503, 'lng': -89.9605649}"
176,14176,Lisle Junior High Schoo...,"1800 Short St, Lisle, IL 60532, USA","{'lat': 41.7930979, 'lng': -88.08360069999999}"
177,14177,Board of Education of T...,"10541 S Aberdeen St, Chicago, IL 60643, USA","{'lat': 41.7018771, 'lng': -87.6489797}"
178,14178,Rock Island School Dist...,"2503 9th St, Rock Island, IL 61201, USA","{'lat': 41.4856522, 'lng': -90.5857159}"
179,14179,Sparta High School,"701 Oak St, Evansville, IL 62242, USA","{'lat': 38.0916359, 'lng': -89.9345929}"
180,14180,Community High School D...,"6301 Springside Ave, Downers Grove, IL 60516, USA","{'lat': 41.7722492, 'lng': -88.0244618}"
181,14181,Community Consolidated ...,"501 S Arlington Heights Rd, Buffalo Grove, IL 60089, USA","{'lat': 42.1449443, 'lng': -87.9839295}"
182,14182,Community Consolidated ...,"500 N Elm St, Hinsdale, IL 60521, USA","{'lat': 41.81163859999999, 'lng': -87.9232916}"
183,14183,Casey-Westfield High Sc...,"100 W Alabama Ave, Casey, IL 62420, USA","{'lat': 39.2999214, 'lng': -87.9946437}"
184,14184,St. Clair County Region...,"309 Hartman Ln, O'Fallon, IL 62269, USA","{'lat': 38.58887790000001, 'lng': -89.9479459}"
185,14185,Board of Education of T...,"245 W 51st St, Chicago, IL 60609, USA","{'lat': 41.8012253, 'lng': -87.63259029999999}"
186,14186,Community Unit School D...,"455 Thornwood Way, South Elgin, IL 60177, USA","{'lat': 41.9841327, 'lng': -88.34966039999999}"
187,14187,Board of Education of T...,"11314 S Spaulding Ave, Chicago, IL 60655, USA","{'lat': 41.6874598, 'lng': -87.7037905}"
188,14188,Illinois Institute of T...,"3101 S Dearborn St, Chicago, IL 60616, USA","{'lat': 41.837915, 'lng': -87.6279402}"
189,14189,Illinois Institute of T...,"IIT Chicago-Kent College of Law, 565 W Adams St, Chicago, IL 60661, USA","{'lat': 41.8788582, 'lng': -87.6423118}"
190,14190,Lansing School District,"18300 Greenbay Ave, Lansing, IL 60438, USA","{'lat': 41.563013, 'lng': -87.541662}"
191,14191,EASTLAND School Distric...,"601 S Chestnut St, Shannon, IL 61078, USA","{'lat': 42.14864499999999, 'lng': -89.7400188}"
192,14192,Central A&M High School,"221 E Pine St, Moweaqua, IL 62550, USA","{'lat': 39.6308803, 'lng': -89.0181875}"
193,14193,Robinson Community Unit...,"600 S Locust St, Flora, IL 62839, USA","{'lat': 38.6631804, 'lng': -88.4823665}"
194,14194,Highland Community Unit...,"Highland, IL 62249, USA","{'lat': 38.7394918, 'lng': -89.6712008}"
195,14195,Carmi Middle School,"700 N State St, Crossville, IL 62827, USA","{'lat': 38.1669996, 'lng': -88.06392939999999}"
196,14196,Lake Forest College,"300 S Waukegan Rd, Lake Forest, IL 60045, USA","{'lat': 42.2348995, 'lng': -87.8756116}"
197,14197,Elmhurst Community Unit...,"360 E Crescent Ave, Elmhurst, IL 60126, USA","{'lat': 41.8797179, 'lng': -87.929114}"
198,14198,East Aurora School Dist...,"449 E Indian Trail Rd, Aurora, IL 60505, USA","{'lat': 41.7817917, 'lng': -88.30293209999999}"
199,14199,Harvard Community Unit ...,"401 N Division St, Harvard, IL 60033, USA","{'lat': 42.4216522, 'lng': -88.61290029999999}"
200,14200,Board of Education of T...,"247 W 23rd Pl, Chicago, IL 60616, USA","{'lat': 41.8498294, 'lng': -87.63367629999999}"
201,14201,Community High School D...,"1436 Norfolk St, Downers Grove, IL 60516, USA","{'lat': 41.7708561, 'lng': -88.02025739999999}"
202,14202,Albers School District ...,"7740 Old U.S. Hwy 50, Breese, IL 62230, USA","{'lat': 38.6098241, 'lng': -89.5608438}"
203,14203,Immanuel Lutheran Churc...,"174 McHenry Ave, Crystal Lake, IL 60014, USA","{'lat': 42.2366773, 'lng': -88.32916910000002}"
204,14204,Cary Community Consolid...,"400 Haber Rd, Cary, IL 60013, USA","{'lat': 42.2026439, 'lng': -88.2609849}"
205,14205,Waterloo High School,"Gardner St, Waterloo, IL 62298, USA","{'lat': 38.3321982, 'lng': -90.1487746}"
206,14206,Board of Education of T...,"2625 N Orchard St, Chicago, IL 60614, USA","{'lat': 41.9295783, 'lng': -87.6458976}"
207,14207,Colona School District ...,"700 1st St, Colona, IL 61241, USA","{'lat': 41.47924, 'lng': -90.3571106}"
208,14208,Hollis Cons Sch Distric...,"5613 W Tuscarora Rd, Peoria, IL 61607, USA","{'lat': 40.6098904, 'lng': -89.68169429999999}"
209,14209,Mc Henry Elementary Sch...,"3711 Kane Ave, McHenry, IL 60050, USA","{'lat': 42.33725, 'lng': -88.2700696}"
210,14210,School District 132  Ca...,"1441 W 124th St, Calumet Park, IL 60827, USA","{'lat': 41.6681721, 'lng': -87.6580359}"
211,14211,Iroquois West Upper Ele...,"215 E 2nd St, Gilman, IL 60938, USA","{'lat': 40.7688085, 'lng': -87.990815}"
212,14212,Rockford Public School ...,"4145 Samuelson Rd, Rockford, IL 61109, USA","{'lat': 42.2063463, 'lng': -89.0406306}"
213,14213,La Grange Area Departme...,"1301 W Cossitt Ave, La Grange, IL 60525, USA","{'lat': 41.8119452, 'lng': -87.88676960000001}"
214,14214,Freeport School Distric...,"1401 S Blackhawk Ave, Freeport, IL 61032, USA","{'lat': 42.2856212, 'lng': -89.62406109999999}"
215,14215,Bond Co Cmty Unit Sch D...,"7087 N 600 East Rd, Sidell, IL 61876, USA","{'lat': 39.97044349999999, 'lng': -87.8230511}"
216,14216,Baxter International In...,"5 Baxter Pkwy, Deerfield, IL 60015, USA","{'lat': 42.1594477, 'lng': -87.8793297}"
217,14217,DePue Unit School Distr...,"224 Morgan Rd, Galva, IL 61434, USA","{'lat': 41.1750984, 'lng': -90.0449371}"
218,14218,Board of Education of T...,"1148 N Honore St, Chicago, IL 60622, USA","{'lat': 41.9026912, 'lng': -87.6744482}"
219,14219,Naperville Community Un...,"110 E 11th Ave, Naperville, IL 60563, USA","{'lat': 41.7888572, 'lng': -88.1449217}"
220,14220,Springfield Public Scho...,"120 S Lincoln Ave, Springfield, IL 62704, USA","{'lat': 39.8003418, 'lng': -89.6724926}"
221,14221,DeVry University,"1221 N Swift Rd, Addison, IL 60101, USA","{'lat': 41.9499105, 'lng': -88.0386012}"
222,14222,Big Rock Elementary Sch...,"600 W Lincoln Hwy, Hinckley, IL 60520, USA","{'lat': 41.7691707, 'lng': -88.6488162}"
223,14223,St. Clair County Region...,"6702 Bond Ave, East St Louis, IL 62207, USA","{'lat': 38.5667799, 'lng': -90.10527479999999}"
224,14224,Board of Education of T...,"10354 S Charles St, Chicago, IL 60643, USA","{'lat': 41.7053769, 'lng': -87.65849829999999}"
225,14225,Board of Education of T...,"3542 S Washtenaw Ave., Chicago, IL 60632, USA","{'lat': 41.8288313, 'lng': -87.69269709999999}"
226,14226,Fieldcrest West Elem Sc...,"102 W Elm St, Wenona, IL 61377, USA","{'lat': 41.057803, 'lng': -89.0517508}"
227,14227,Itasca School District,"730 N, 730 Catalpa Ave, Itasca, IL 60143, USA","{'lat': 41.9786314, 'lng': -88.0201809}"
228,14228,Hoover-Schrum Memorial ...,"1255 Superior Ave, Calumet City, IL 60409, USA","{'lat': 41.5985967, 'lng': -87.54468469999999}"
229,14229,Plano School District 8...,"800 S West St, Plano, IL 60545, USA","{'lat': 41.6549005, 'lng': -88.5366672}"
230,14230,Community Unit School D...,"119 S Woodlawn St, Wheaton, IL 60187, USA","{'lat': 41.8636728, 'lng': -88.12448660000001}"
231,14231,KIDS,"301 W Cherokee Ave, Shabbona, IL 60550, USA","{'lat': 41.7653007, 'lng': -88.8745541}"
232,14232,Dixon High School,"501 S Lincoln Ave, Dixon, IL 61021, USA","{'lat': 41.835383, 'lng': -89.49749249999999}"
233,14233,Yorkville Dist 115,"427 Bristol Bay Dr, Yorkville, IL 60560, USA","{'lat': 41.71250879999999, 'lng': -88.4326646}"
234,14234,Plainfield Community Co...,"24562 Norwood Dr, Plainfield, IL 60585, USA","{'lat': 41.6432978, 'lng': -88.2178921}"
235,14235,Central Community Unit ...,"2110 State Hwy 94, Clayton, IL 62324, USA","{'lat': 40.0651682, 'lng': -91.0286955}"
236,14236,Havana Community Unit S...,"501 S McKinley St, Havana, IL 62644, USA","{'lat': 40.2953517, 'lng': -90.05407919999999}"
237,14237,Pana Community Unit Sch...,"Pana, IL 62557, USA","{'lat': 39.3889311, 'lng': -89.0800809}"
238,14238,Country Club Hills 160 ...,"4411 185th St, Country Club Hills, IL 60478, USA","{'lat': 41.5545144, 'lng': -87.7238418}"
239,14239,Board of Education of T...,"125 S Clark St Fl 6, Chicago, IL 60603, USA","{'lat': 41.8799308, 'lng': -87.6305172}"
240,14240,East Aurora School Dist...,"18 Poplar Pl, North Aurora, IL 60542, USA","{'lat': 41.8052236, 'lng': -88.342224}"
241,14241,Danville School Distric...,"20 E Liberty Ln, Danville, IL 61832, USA","{'lat': 40.1742101, 'lng': -87.6269262}"
242,14242,East Aurora School Dist...,"1640 Reckinger Rd, Aurora, IL 60505, USA","{'lat': 41.7858218, 'lng': -88.2747029}"
243,14243,Champaign Unit For Scho...,"1801 S Prospect Ave, Champaign, IL 61820, USA","{'lat': 40.0937405, 'lng': -88.2582097}"
244,14244,Matteson Elementary Sch...,"3718 213th Pl, Matteson, IL 60443, USA","{'lat': 41.5018244, 'lng': -87.70567419999999}"
245,14245,Board of Education of T...,"2350 W 110th Pl, Chicago, IL 60643, USA","{'lat': 41.6934541, 'lng': -87.68061089999999}"
246,14246,Township High School Di...,"2121 S Goebbert Rd, Arlington Heights, IL 60005, USA","{'lat': 42.0463368, 'lng': -87.9735968}"
247,14247,Chicago Public School S...,"2815 S Komensky Ave, Chicago, IL 60623, USA","{'lat': 41.8400368, 'lng': -87.7253424}"
248,14248,Bond Co Cmty Unit Sch D...,"North End Park, 41 E Elmwood Dr, Chicago Heights, IL 60411, USA","{'lat': 41.5321353, 'lng': -87.6447786}"
249,14249,Ace Tech,"5410 S State St, Chicago, IL 60609, USA","{'lat': 41.7959341, 'lng': -87.62653829999999}"
250,14250,Oldies Cafe Inc,"4201 S Airport Rd, Bartonville, IL 61607, USA","{'lat': 40.639811, 'lng': -89.68283439999999}"
251,14251,School District U-46,"451 N McLean Blvd, Elgin, IL 60123, USA","{'lat': 42.043757, 'lng': -88.31005499999999}"
252,14252,Board of Education of T...,"2651 W Washington Blvd, Chicago, IL 60612, USA","{'lat': 41.8826702, 'lng': -87.6926948}"
253,14253,Illinois Institute of T...,"5101 Carriageway Dr APT 213, Rolling Meadows, IL 60008, USA","{'lat': 42.0588392, 'lng': -88.0154847}"
254,14254,KEWANEE High School,"1401 Lake St, Kewanee, IL 61443, USA","{'lat': 41.24865339999999, 'lng': -89.9052734}"
255,14255,Carlinville Middle Scho...,"18456 Shipman Rd, Carlinville, IL 62626, USA","{'lat': 39.2594831, 'lng': -89.9024294}"
256,14256,Legacy Charter School,"4217 W 18th St, Chicago, IL 60623, USA","{'lat': 41.8564727, 'lng': -87.7306133}"
257,14257,Unity High School,"2397 IL-96, Ursa, IL 62376, USA","{'lat': 40.10968, 'lng': -91.367272}"
258,14258,Chapps Cafe,"505 Washington Blvd, Oak Park, IL 60302, USA","{'lat': 41.8812142, 'lng': -87.7884765}"
259,14259,Fenwick High School,"505 W Washington Blvd, Chicago, IL 60661, USA","{'lat': 41.8831625, 'lng': -87.63989289999999}"
260,14260,Milledgeville High Scho...,"15 School St, Chadwick, IL 61014, USA","{'lat': 42.0033583, 'lng': -89.8835764}"
261,14261,Lake County Special Edu...,"18160 W Gages Lake Rd, Grayslake, IL 60030, USA","{'lat': 42.3537205, 'lng': -87.98631499999999}"
262,14262,St. Clair County Region...,"500 Wilshire Dr, Belleville, IL 62223, USA","{'lat': 38.55731, 'lng': -90.0586}"
263,14263,Galesburg Community Uni...,"1131 W Dayton St, Galesburg, IL 61401, USA","{'lat': 40.9664756, 'lng': -90.3884471}"
264,14264,Chicago Ridge School Di...,"6135 108th St, Chicago Ridge, IL 60415, USA","{'lat': 41.6957327, 'lng': -87.77314559999999}"
265,14265,Cafeteria Mgr,"1000 Bloomington Rd, East Peoria, IL 61611, USA","{'lat': 40.6607022, 'lng': -89.5514584}"
266,14266,Athens Senior High Scho...,"1 Braves Ln, Cantrall, IL 62625, USA","{'lat': 39.940052, 'lng': -89.6765114}"
267,14267,Board of Education of T...,"1313 N Claremont Ave, Chicago, IL 60622, USA","{'lat': 41.9060903, 'lng': -87.6854652}"
268,14268,Libertyville Elementary...,"801 7th Ave, Libertyville, IL 60048, USA","{'lat': 42.2741794, 'lng': -87.94381969999999}"
269,14269,Catalyst Charter School,"5608 W Washington Blvd, Chicago, IL 60644, USA","{'lat': 41.88243569999999, 'lng': -87.76537189999999}"
270,14270,Belleville Township Hig...,"4063 Frank Scott Pkwy W, Belleville, IL 62223, USA","{'lat': 38.5178298, 'lng': -90.04082079999999}"
271,14271,Board of Education of T...,"3535 E 114th St, Chicago, IL 60617, USA","{'lat': 41.6875577, 'lng': -87.5388128}"
272,14272,Hillsboro Junior High S...,"Coffeen, IL 62017, USA","{'lat': 39.0892128, 'lng': -89.3906379}"
273,14273,Cicero School District ...,"2324 S 49th Ave, Cicero, IL 60804, USA","{'lat': 41.848843, 'lng': -87.7470378}"
274,14274,Chicago School of Violi...,"3636 Oakton St, Skokie, IL 60076, USA","{'lat': 42.026579, 'lng': -87.7199169}"
275,14275,Mary Miller Junior High...,"216 N Webster St, Catlin, IL 61817, USA","{'lat': 40.0672388, 'lng': -87.7055691}"
276,14276,Grand Ridge C C Sch Dis...,"Grand Ridge, IL 61325, USA","{'lat': 41.2369791, 'lng': -88.8314652}"
277,14277,De Land-Weldon C U Sch ...,"304 IL-10, De Land, IL 61839, USA","{'lat': 40.12833860000001, 'lng': -88.6855035}"
278,14278,Chicago Communities in ...,"815 W Van Buren St #300, Chicago, IL 60607, USA","{'lat': 41.87647, 'lng': -87.64803599999999}"
279,14279,Belleville Township Hig...,"2555 West Blvd, Belleville, IL 62221, USA","{'lat': 38.5203334, 'lng': -89.9468259}"
280,14280,Winslow Elementary Scho...,"401 Fremont St, Lena, IL 61048, USA","{'lat': 42.37701269999999, 'lng': -89.81486579999999}"
281,14281,Edison Schools Inc.,"4141 9th St, Rock Island, IL 61201, USA","{'lat': 41.4703326, 'lng': -90.5861596}"
282,14282,Board of Education of T...,"1 Carmel Pkwy, Mundelein, IL 60060, USA","{'lat': 42.2720932, 'lng': -87.98691339999999}"
283,14283,Moline Unit School Dist...,"4205 48th St, Moline, IL 61265, USA","{'lat': 41.4696082, 'lng': -90.47124819999999}"
284,14284,Champaign Unit For Scho...,"703 S New St, Champaign, IL 61820, USA","{'lat': 40.1085272, 'lng': -88.2543697}"
285,14285,Board of Education of T...,"3937 W Wilcox St, Chicago, IL 60624, USA","{'lat': 41.8784114, 'lng': -87.72418809999999}"
286,14286,Embers Elementary Schoo...,"2000 W Sibley St, Park Ridge, IL 60068, USA","{'lat': 42.0181326, 'lng': -87.85179099999999}"
287,14287,Grass Lake School Distr...,"433 Vine Ave, Highland Park, IL 60035, USA","{'lat': 42.194539, 'lng': -87.8027303}"
288,14288,St. Clair County Region...,"St Clair Ave, Centreville, IL 62203, USA","{'lat': 38.6070723, 'lng': -90.0765871}"
289,14289,Board of Education of T...,"3600 W 5th Ave, Chicago, IL 60624, USA","{'lat': 41.8760781, 'lng': -87.7161828}"
290,14290,Community Unit School D...,"1345 Jewell Rd, Wheaton, IL 60187, USA","{'lat': 41.8793112, 'lng': -88.12575319999999}"
291,14291,East Alton-Wood Rvr C H...,"777 N Wood River Ave, Wood River, IL 62095, USA","{'lat': 38.8716365, 'lng': -90.09815859999999}"
292,14292,Illini West High School,"600 Miller St, Carthage, IL 62321, USA","{'lat': 40.4211865, 'lng': -91.13342809999999}"
293,14293,Grand Avenue School,"10143 N Bluff Springs Rd, Beardstown, IL 62618, USA","{'lat': 40.01905410000001, 'lng': -90.33586489999999}"
294,14294,Lake County Illinois,"800 Lancer Ln, Grayslake, IL 60030, USA","{'lat': 42.3561716, 'lng': -88.0152809}"
295,14295,Bensenville District #2,"250 S Church Rd, Bensenville, IL 60106, USA","{'lat': 41.9512027, 'lng': -87.9526256}"
296,14296,Berwyn North School Dis...,"6432 16th St, Berwyn, IL 60402, USA","{'lat': 41.8575834, 'lng': -87.78571}"
297,14297,Board of Education of T...,"2845 N Newcastle Ave, Chicago, IL 60634, USA","{'lat': 41.9316111, 'lng': -87.79638279999999}"
298,14298,Community Consolidated ...,"422 Sioux Ln, Carol Stream, IL 60188, USA","{'lat': 41.91266770000001, 'lng': -88.13333279999999}"
299,14299,Banner Elementary Schoo...,"12610 N Allen Rd, Dunlap, IL 61525, USA","{'lat': 40.841371, 'lng': -89.629136}"
