,_id,Name,Address,Geocodes
0,500,Kyrene School District,"8700 S Kyrene Rd, Tempe, AZ 85284, USA","{'lat': 33.3351315, 'lng': -111.9465628}"
1,501,Paradise Valley Unified School District,"3950 E Bell Rd, Phoenix, AZ 85032, USA","{'lat': 33.6409314, 'lng': -111.9969266}"
2,502,Roosevelt School District,"6000 S 7th St, Phoenix, AZ 85042, USA","{'lat': 33.3915064, 'lng': -112.0663602}"
3,503,Mesa Public Schools,"1025 N Country Club Dr, Mesa, AZ 85201, USA","{'lat': 33.43375, 'lng': -111.8392521}"
4,504,Tucson Unified School District,"7400 S Settler Ave, Tucson, AZ 85746, USA","{'lat': 32.1181177, 'lng': -111.0558209}"
5,505,Cartwright Elementary School District,"3401 N 67th Ave, Phoenix, AZ 85033, USA","{'lat': 33.4878998, 'lng': -112.2028675}"
6,506,Union Elementary School District,"3834 S 91st Ave, Tolleson, AZ 85353, USA","{'lat': 33.4107487, 'lng': -112.2565178}"
7,507,Mohave Educational Services Cooperative Inc,"16100 E Palisades Blvd, Fountain Hills, AZ 85268, USA","{'lat': 33.6164164, 'lng': -111.735382}"
8,508,Prescott High School,"146 S Granite St, Prescott, AZ 86303, USA","{'lat': 34.540356, 'lng': -112.4720326}"
9,509,Creighton School District,"2181 E McDowell Rd, Phoenix, AZ 85006, USA","{'lat': 33.4640043, 'lng': -112.0353411}"
10,510,Peoria Unified School District,"6625 W Cholla St, Glendale, AZ 85304, USA","{'lat': 33.5886901, 'lng': -112.2017731}"
11,511,Queen Creek Unified School District,"22350 S Ellsworth Rd, Queen Creek, AZ 85142, USA","{'lat': 33.2446832, 'lng': -111.6349111}"
12,512,Queen Creek Unified School District,"22350 S Ellsworth Rd, Queen Creek, AZ 85142, USA","{'lat': 33.2446832, 'lng': -111.6349111}"
13,513,Osborn School District,"8150 W Durango St, Phoenix, AZ 85043, USA","{'lat': 33.431625, 'lng': -112.2356773}"
14,514,Toltec School District 22,"3315 N Toltec Rd, Eloy, AZ 85131, USA","{'lat': 32.7833641, 'lng': -111.6221019}"
15,515,Tanque Verde Unified School District #13,"11150 E Tanque Verde Rd, Tucson, AZ 85749, USA","{'lat': 32.2504422, 'lng': -110.754339}"
16,516,Green Fields Country Day School,"6000 N Camino De La Tierra, Tucson, AZ 85741, USA","{'lat': 32.316835, 'lng': -111.036866}"
17,517,Isaac School District,"3348 W McDowell Rd, Phoenix, AZ 85009, USA","{'lat': 33.4665585, 'lng': -112.1316109}"
18,518,The Tesseract School,"4800 E Doubletree Ranch Rd, Paradise Valley, AZ 85253, USA","{'lat': 33.568717, 'lng': -111.9767484}"
19,519,Isaac School District,"3348 W McDowell Rd, Phoenix, AZ 85009, USA","{'lat': 33.4665585, 'lng': -112.1316109}"
20,520,Osborn School District,"1226 W Osborn Rd, Phoenix, AZ 85013, USA","{'lat': 33.4881869, 'lng': -112.0884833}"
21,521,Noah Webster Basic School,"8350 E Baseline Rd, Mesa, AZ 85209, USA","{'lat': 33.379501, 'lng': -111.650585}"
22,522,Casa Grande Union High School,"1362 N Casa Grande Ave, Casa Grande, AZ 85122, USA","{'lat': 32.8862226, 'lng': -111.7478289}"
23,523,City High School,"48 E Pennington St, Tucson, AZ 85701, USA","{'lat': 32.2232391, 'lng': -110.9705741}"
24,524,Yuma Elementary School District 1,"811 W 16th St, Yuma, AZ 85364, USA","{'lat': 32.6980016, 'lng': -114.6298211}"
25,525,Xavier College Preparatory,"4710 N 5th St, Phoenix, AZ 85012, USA","{'lat': 33.50465130000001, 'lng': -112.0673849}"
26,526,Mammoth-San Manuel Unified School District,"San Manuel, AZ, USA","{'lat': 32.5997933, 'lng': -110.6309289}"
27,527,"Yuma Catholic High School -yuma, Arizona","2100 W 28th St, Yuma, AZ 85364, USA","{'lat': 32.676736, 'lng': -114.6446199}"
28,528,Litchfield Elementary School District,"553 E Plaza Cir, Litchfield Park, AZ 85340, USA","{'lat': 33.4875428, 'lng': -112.3502721}"
29,529,Isaac School District,"3348 W McDowell Rd, Phoenix, AZ 85009, USA","{'lat': 33.4665585, 'lng': -112.1316109}"
30,530,Phoenix Christian Unified Schools,"1751 W Indian School Rd, Phoenix, AZ 85015, USA","{'lat': 33.4938984, 'lng': -112.0964475}"
31,531,Xavier College Preparatory,"4710 N 5th St, Phoenix, AZ 85012, USA","{'lat': 33.50465130000001, 'lng': -112.0673849}"
32,532,Yuma Elementary School District 1,"2250 S 8th Ave, Yuma, AZ 85364, USA","{'lat': 32.686824, 'lng': -114.6307953}"
33,533,Yuma Elementary School District 1,"2250 S 8th Ave, Yuma, AZ 85364, USA","{'lat': 32.686824, 'lng': -114.6307953}"
34,534,Pinon Unified School District,"Pinon, AZ 86510, USA","{'lat': 36.1008342, 'lng': -110.2259609}"
35,535,Queen Creek Unified School District,"20435 S Old Ellsworth Rd, Queen Creek, AZ 85142, USA","{'lat': 33.2622598, 'lng': -111.6336535}"
36,536,Roosevelt School District,"6000 S 7th St, Phoenix, AZ 85042, USA","{'lat': 33.3915064, 'lng': -112.0663602}"
37,537,QUARTZSITE SCHOOL DISTRICT,"Ehrenberg, AZ, USA","{'lat': 33.6041914, 'lng': -114.5252322}"
38,538,Tempe Elementary Schools,"1974 E Meadow Dr, Tempe, AZ 85282, USA","{'lat': 33.4036596, 'lng': -111.9007604}"
39,539,Tolleson District: Welcome Center,"9401 W Garfield St, Tolleson, AZ 85353, USA","{'lat': 33.4551571, 'lng': -112.2610817}"
40,540,Yuma School District,"450 W 6th St, Yuma, AZ 85364, USA","{'lat': 32.7163339, 'lng': -114.6255066}"
41,541,Littleton Elementary School District,"1252 S Avondale Blvd, Avondale, AZ 85323, USA","{'lat': 33.4337851, 'lng': -112.3076634}"
42,542,Maricopa County Regional School District,"364 N 6th Ave, Phoenix, AZ 85003, USA","{'lat': 33.4535945, 'lng': -112.0818523}"
43,543,"Yuma Catholic High School -yuma, Arizona","2100 W 28th St, Yuma, AZ 85364, USA","{'lat': 32.676736, 'lng': -114.6446199}"
44,544,Osborn School District,"1226 W Osborn Rd, Phoenix, AZ 85013, USA","{'lat': 33.4881869, 'lng': -112.0884833}"
45,545,Queen Creek Unified School District,"20217 E Chandler Heights Rd, Queen Creek, AZ 85142, USA","{'lat': 33.2335004, 'lng': -111.6469751}"
46,546,Gilbert Unified School District 41,"10045 E Madero Ave, Mesa, AZ 85209, USA","{'lat': 33.3709729, 'lng': -111.6173042}"
47,547,Heritage Academy Inc,"32 S Center St, Mesa, AZ 85210, USA","{'lat': 33.4141923, 'lng': -111.8320324}"
48,548,Queen Creek Unified School District,"22350 S Ellsworth Rd, Queen Creek, AZ 85142, USA","{'lat': 33.2446832, 'lng': -111.6349111}"
49,549,Tanque Verde Unified School District #13,"11150 E Tanque Verde Rd, Tucson, AZ 85749, USA","{'lat': 32.2504422, 'lng': -110.754339}"
50,550,Mammoth-San Manuel Unified School District,"711 S McNab Pkwy, San Manuel, AZ 85631, USA","{'lat': 32.5977527, 'lng': -110.6303474}"
51,551,Salpointe Catholic High School,"1545 E Copper St, Tucson, AZ 85719, USA","{'lat': 32.2545777, 'lng': -110.9486197}"
52,552,Salpointe Catholic High School,"1545 E Copper St, Tucson, AZ 85719, USA","{'lat': 32.2545777, 'lng': -110.9486197}"
53,553,St. Gregory Catholic School,"3440 N 18th Ave, Phoenix, AZ 85015, USA","{'lat': 33.4888201, 'lng': -112.0986831}"
54,554,St. Gregory Catholic School,"3440 N 18th Ave, Phoenix, AZ 85015, USA","{'lat': 33.4888201, 'lng': -112.0986831}"
55,555,Harvest Preparatory Academy,"350 E 18th St, Yuma, AZ 85364, USA","{'lat': 32.69557150000001, 'lng': -114.6174342}"
56,556,Yuma Elementary School District 1,"2353 Otondo Dr, Yuma, AZ 85365, USA","{'lat': 32.6858883, 'lng': -114.4908069}"
57,557,Queen Creek Unified School District,"22035 S Ellsworth Rd, Queen Creek, AZ 85142, USA","{'lat': 33.2474273, 'lng': -111.6341891}"
58,558,Queen Creek Unified School District,"22350 S Ellsworth Rd, Queen Creek, AZ 85142, USA","{'lat': 33.2446832, 'lng': -111.6349111}"
59,559,Roosevelt School District,"6000 S 7th St, Phoenix, AZ 85042, USA","{'lat': 33.3915064, 'lng': -112.0663602}"
60,560,Sunnyside Education Association,"2238 E Ginter Rd, Tucson, AZ 85706, USA","{'lat': 32.1373955, 'lng': -110.9386546}"
61,561,Casa Grande Union High School,"2730 N Trekell Rd, Casa Grande, AZ 85122, USA","{'lat': 32.934417, 'lng': -111.7368725}"
62,562,Liberty Elem School District,"19871 W Fremont Rd, Buckeye, AZ 85326, USA","{'lat': 33.3806031, 'lng': -112.4862812}"
63,563,Pinon Unified School District,"1 Navajo Service Rte 41, Pinon, AZ 86510, USA","{'lat': 36.1138392, 'lng': -110.2162807}"
64,564,City High School,"48 E Pennington St, Tucson, AZ 85701, USA","{'lat': 32.2232391, 'lng': -110.9705741}"
65,565,St. Gregory College Preparatory School,"3231 N Craycroft Rd, Tucson, AZ 85712, USA","{'lat': 32.266009, 'lng': -110.8777617}"
66,566,Precision High School,"3906 E Broadway Rd, Phoenix, AZ 85040, USA","{'lat': 33.408895, 'lng': -111.9970557}"
67,567,St. Gregory Catholic School,"3440 N 18th Ave, Phoenix, AZ 85015, USA","{'lat': 33.4888201, 'lng': -112.0986831}"
68,568,Litchfield Elementary School District,"3300 N Santa Fe Trail, Avondale, AZ 85392, USA","{'lat': 33.4869238, 'lng': -112.3340413}"
69,569,Sunnyslope High School,"35 W Dunlap Ave, Phoenix, AZ 85021, USA","{'lat': 33.5658804, 'lng': -112.0762108}"
70,570,Indian Oasis Baboqui,"State Route 86 Mile Post 112, 7, Sells, AZ 85634, USA","{'lat': 31.9241591, 'lng': -111.8989106}"
71,571,Phoenix Christian Unified Schools,"1751 W Indian School Rd, Phoenix, AZ 85015, USA","{'lat': 33.4938984, 'lng': -112.0964475}"
72,572,Harvest Preparatory Academy,"350 E 18th St, Yuma, AZ 85364, USA","{'lat': 32.69557150000001, 'lng': -114.6174342}"
73,573,Jess Schwartz Jewish Community High School,"12753 N Scottsdale Rd, Scottsdale, AZ 85254, USA","{'lat': 33.6019757, 'lng': -111.9235577}"
74,574,Blue Ridge,"1200 W White Mountain Blvd, Lakeside, AZ 85929, USA","{'lat': 34.1495658, 'lng': -109.9683874}"
75,575,Balsz School District,"4309 E Belleview St, Phoenix, AZ 85008, USA","{'lat': 33.46127, 'lng': -111.9891378}"
76,576,Sunnyside Unified School District,"4871 E Grant Rd, Tucson, AZ 85712, USA","{'lat': 32.2514869, 'lng': -110.8886806}"
77,577,Bicentennial Union High School District #76,"Salome, AZ, USA","{'lat': 33.7811416, 'lng': -113.6146517}"
78,578,Alhambra School District,"4510 N 37th Ave, Phoenix, AZ 85019, USA","{'lat': 33.5026575, 'lng': -112.1394819}"
79,579,Laveen Elementary School District #59,"3851 W Roeser Rd, Phoenix, AZ 85041, USA","{'lat': 33.4008694, 'lng': -112.1413914}"
80,580,Glendale Elementary School District,"7301 N 58th Ave, Glendale, AZ 85301, USA","{'lat': 33.5443753, 'lng': -112.183266}"
81,581,Consortium for the Advancement of Adult Higher Education,"4640 E Elwood St, Phoenix, AZ 85040, USA","{'lat': 33.4134679, 'lng': -111.9811732}"
82,582,Arizona School Personnel Administrators Association,"3205 S Rural Rd, Tempe, AZ 85282, USA","{'lat': 33.3946808, 'lng': -111.9253276}"
83,583,Flowing Wells Alumni Association,"4605 N La Cholla Blvd, Tucson, AZ 85705, USA","{'lat': 32.2911243, 'lng': -111.0124625}"
84,584,PVschools Governing Board Agendas,"15002 N 32nd St, Phoenix, AZ 85032, USA","{'lat': 33.6235935, 'lng': -112.014382}"
85,585,Arizona School Personnel Administrators Association,"3811 N 44th St, Phoenix, AZ 85018, USA","{'lat': 33.4922202, 'lng': -111.9839212}"
86,586,Arizona Centers for Comprehensive Education and LifeSkills,"10251 N 35th Ave, Phoenix, AZ 85051, USA","{'lat': 33.5799604, 'lng': -112.1330547}"
87,587,Consortium for the Advancement of Adult Higher Education,"4025 S Riverpoint Pkwy, Phoenix, AZ 85040, USA","{'lat': 33.4125787, 'lng': -112.0140094}"
88,588,Hearn Academy,"17606 N 7th Ave, Phoenix, AZ 85023, USA","{'lat': 33.6450328, 'lng': -112.0831738}"
89,589,Consortium for the Advancement of Adult Higher Education,"4615 E Elwood St, Phoenix, AZ 85040, USA","{'lat': 33.4120999, 'lng': -111.9813595}"
90,590,Espiritu Community Development Corporation,"4848 S 2nd St, Phoenix, AZ 85040, USA","{'lat': 33.4018968, 'lng': -112.0718561}"
91,591,Flagstaff Unified School District,"3285 Sparrow Ave, Flagstaff, AZ 86004, USA","{'lat': 35.1985997, 'lng': -111.6069637}"
92,592,Round Valley High School,"Springerville, AZ 85938, USA","{'lat': 34.124782, 'lng': -109.2753469}"
93,593,Foundation for Blind Children,"1235 E Harmont Dr, Phoenix, AZ 85020, USA","{'lat': 33.5544745, 'lng': -112.0549959}"
94,594,International Academy of Flint,"1903 E Roeser Rd, Phoenix, AZ 85040, USA","{'lat': 33.3988555, 'lng': -112.0417103}"
95,595,OdysseyWare Inc,"300 N McKemy Ave, Chandler, AZ 85226, USA","{'lat': 33.3095758, 'lng': -111.9534601}"
96,596,Arizona Cultural Academy,"7810 S 42nd Pl, Phoenix, AZ 85042, USA","{'lat': 33.3756163, 'lng': -111.9929104}"
97,597,Consortium for the Advancement of Adult Higher Education,"4025 S Riverpoint Pkwy, Phoenix, AZ 85040, USA","{'lat': 33.4125787, 'lng': -112.0140094}"
98,598,Paradise Education Center,"15533 W Paradise Ln, Surprise, AZ 85374, USA","{'lat': 33.6314168, 'lng': -112.3944966}"
99,599,Consortium for the Advancement of Adult Higher Education,"4635 E Elwood St, Phoenix, AZ 85040, USA","{'lat': 33.4123073, 'lng': -111.9802417}"
100,600,Arizona Private School Association,"5099 E Grant Rd STE 100, Tucson, AZ 85712, USA","{'lat': 32.251534, 'lng': -110.884763}"
101,601,Mesa Public Schools,"549 N Stapley Dr, Mesa, AZ 85203, USA","{'lat': 33.4255398, 'lng': -111.8046387}"
102,602,Arizona Private School Association,"2233 W Dunlap Ave #3, Phoenix, AZ 85021, USA","{'lat': 33.5667817, 'lng': -112.1075442}"
103,603,Glendale Elementary School District,"8520 N 47th Ave, Glendale, AZ 85302, USA","{'lat': 33.5607737, 'lng': -112.1614412}"
104,604,Mesa Public Schools,"549 N Stapley Dr, Mesa, AZ 85203, USA","{'lat': 33.4255398, 'lng': -111.8046387}"
105,605,Consortium for the Advancement of Adult Higher Education,"4025 S Riverpoint Pkwy, Phoenix, AZ 85040, USA","{'lat': 33.4125787, 'lng': -112.0140094}"
106,606,Healdsburg Education Foundation,"2935 S Recker Rd, Gilbert, AZ 85295, USA","{'lat': 33.2973616, 'lng': -111.7020033}"
107,607,Apollo Group Inc.,"4025 S Riverpoint Pkwy, Phoenix, AZ 85040, USA","{'lat': 33.4125787, 'lng': -112.0140094}"
108,608,Arizona School Personnel Administrators Association,"3205 S Rural Rd, Tempe, AZ 85282, USA","{'lat': 33.3946808, 'lng': -111.9253276}"
109,609,Florence Crittenton,"1202 N 54th Ave #111, Phoenix, AZ 85043, USA","{'lat': 33.4618791, 'lng': -112.1772538}"
110,610,Florence Unified School District,"Florence, AZ, USA","{'lat': 33.0314508, 'lng': -111.3873431}"
111,611,Imagine Schools,"2061 S Gilbert Rd, Gilbert, AZ 85295, USA","{'lat': 33.3128093, 'lng': -111.788668}"
112,612,Maricopa County Regional School District,"358 N 5th Ave, Phoenix, AZ 85003, USA","{'lat': 33.4535788, 'lng': -112.0803138}"
113,613,Willow Canyon High School,"17901 W Lundberg St, Surprise, AZ 85388, USA","{'lat': 33.6350016, 'lng': -112.4434885}"
114,614,Rock Point Community School,"Rock Point, AZ 86545, USA","{'lat': 36.7180568, 'lng': -109.6259429}"
115,615,Rough Rock Community School,"5050 HC 61 Box, Chinle, AZ 86503, USA","{'lat': 36.1544483, 'lng': -109.5526072}"
116,616,Many Farms Inn,"Many Farms, AZ, USA","{'lat': 36.3527792, 'lng': -109.6178867}"
117,617,Sahuaro High School,"545 N Camino Seco, Tucson, AZ 85710, USA","{'lat': 32.2259403, 'lng': -110.8083535}"
118,618,Access Tucson,"5000 N Bowes Rd, Tucson, AZ 85749, USA","{'lat': 32.2987888, 'lng': -110.7883772}"
119,619,Amphitheater District 10,"2330 W Glover Rd, Oro Valley, AZ 85742, USA","{'lat': 32.4184517, 'lng': -111.0181908}"
120,620,Kayenta Community School,"Kayenta, AZ 86033, USA","{'lat': 36.72777689999999, 'lng': -110.2545767}"
121,621,Greasewood Springs Cmnty Schl,"Ganado, AZ 86505, USA","{'lat': 35.71140219999999, 'lng': -109.5420492}"
122,622,Arizona Association of Teachers of Mathematics,"375 S Columbus Dr, Gilbert, AZ 85296, USA","{'lat': 33.3446525, 'lng': -111.7433935}"
123,623,Chinle Unified Sch District 24,"Chinle, AZ 86503, USA","{'lat': 36.1544483, 'lng': -109.5526072}"
124,624,Amphitheater District 10,"25 W Calle Concordia, Oro Valley, AZ 85704, USA","{'lat': 32.3747007, 'lng': -110.9705821}"
125,625,Wilson School District,"3025 E Fillmore St, Phoenix, AZ 85008, USA","{'lat': 33.4545157, 'lng': -112.0162916}"
126,626,Isaac School District,"3348 W McDowell Rd, Phoenix, AZ 85009, USA","{'lat': 33.4665585, 'lng': -112.1316109}"
127,627,Flagstaff Unified School District,"2801 N Izabel St, Flagstaff, AZ 86004, USA","{'lat': 35.2144802, 'lng': -111.6241746}"
128,628,Xavier College Preparatory,"4710 N 5th St, Phoenix, AZ 85012, USA","{'lat': 33.50465130000001, 'lng': -112.0673849}"
129,629,Thunderbird Adventist Academy,"7410 E Sutton Dr, Scottsdale, AZ 85260, USA","{'lat': 33.6089208, 'lng': -111.9202041}"
130,630,City High School,"48 E Pennington St, Tucson, AZ 85701, USA","{'lat': 32.2232391, 'lng': -110.9705741}"
131,631,Osborn School District,"1526 W Missouri Ave, Phoenix, AZ 85015, USA","{'lat': 33.5182216, 'lng': -112.0923803}"
132,632,Prescott Unified School District,"146 S Granite St, Prescott, AZ 86303, USA","{'lat': 34.540356, 'lng': -112.4720326}"
133,633,Arizona Centers for Comprehensive Education and LifeSkills,"10251 N 35th Ave, Phoenix, AZ 85051, USA","{'lat': 33.5799604, 'lng': -112.1330547}"
134,634,The MENTOR Network,"2700 N 3rd St Suite #4000, Phoenix, AZ 85004, USA","{'lat': 33.4781235, 'lng': -112.0698691}"
135,635,Dysart Unified School District,"15802 N Parkview Pl, Surprise, AZ 85374, USA","{'lat': 33.6278828, 'lng': -112.3845493}"
136,636,Deer Valley Unified School District,"20402 N 15th Ave, Phoenix, AZ 85027, USA","{'lat': 33.6712083, 'lng': -112.0922558}"
137,637,University of Phoenix,"4615 E Elwood St, Phoenix, AZ 85040, USA","{'lat': 33.4120999, 'lng': -111.9813595}"
138,638,University of Phoenix,"4615 E Elwood St, Phoenix, AZ 85040, USA","{'lat': 33.4120999, 'lng': -111.9813595}"
139,639,Omicron Delta,"4615 E Elwood St, Phoenix, AZ 85040, USA","{'lat': 33.4120999, 'lng': -111.9813595}"
140,640,Satori Charter School,"3801 N 1st Ave, Tucson, AZ 85719, USA","{'lat': 32.2759997, 'lng': -110.9615143}"
141,641,San Miguel High School,"6601 S San Fernando Rd, Tucson, AZ 85756, USA","{'lat': 32.1312642, 'lng': -110.9722605}"
142,642,Tolleson Union High School District,"9801 W Van Buren St, Tolleson, AZ 85353, USA","{'lat': 33.4498525, 'lng': -112.2693713}"
143,643,Western Maricopa Tech Prep Consortium,"902 E Eason Ave, Buckeye, AZ 85326, USA","{'lat': 33.3736032, 'lng': -112.5775425}"
144,644,Salome High School,"67488 Salome Rd #519, Salome, AZ 85348, USA","{'lat': 33.77501640000001, 'lng': -113.6029784}"
145,645,St. Gregory College Preparatory School,"3231 N Craycroft Rd, Tucson, AZ 85712, USA","{'lat': 32.266009, 'lng': -110.8777617}"
146,646,Summit School of Ahwatukee,"4515 E Muirwood Dr, Phoenix, AZ 85048, USA","{'lat': 33.3018999, 'lng': -111.986809}"
147,647,St. Michael,"602 N Wilmot Rd, Tucson, AZ 85710, USA","{'lat': 32.2285435, 'lng': -110.857108}"
148,648,Scottsdale Christian Academy,"14400 N Tatum Blvd, Phoenix, AZ 85032, USA","{'lat': 33.6184826, 'lng': -111.9784252}"
149,649,Yuma Educational Consortium,"450 W 6th St, Yuma, AZ 85364, USA","{'lat': 32.7163339, 'lng': -114.6255066}"
150,650,Apollo Group Inc.,"4615 E Elwood St, Phoenix, AZ 85040, USA","{'lat': 33.4120999, 'lng': -111.9813595}"
151,651,Apollo Group Inc.,"9215 N Black Canyon Hwy, Phoenix, AZ 85021, USA","{'lat': 33.5705137, 'lng': -112.1162416}"
152,652,Apollo Group Inc.,"4325 S 30th St, Phoenix, AZ 85040, USA","{'lat': 33.4080975, 'lng': -112.0161519}"
153,653,National Indian Education Association,"2801 N Izabel St, Flagstaff, AZ 86004, USA","{'lat': 35.2144802, 'lng': -111.6241746}"
154,654,Apollo Group Inc.,"4615 E Elwood St, Phoenix, AZ 85040, USA","{'lat': 33.4120999, 'lng': -111.9813595}"
155,655,Apollo Group Inc.,"4615 E Elwood St, Phoenix, AZ 85040, USA","{'lat': 33.4120999, 'lng': -111.9813595}"
156,656,Consortium for the Advancement of Adult Higher Education,"4615 E Elwood St, Phoenix, AZ 85040, USA","{'lat': 33.4120999, 'lng': -111.9813595}"
157,657,Arizona School Personnel Administrators Association,"7301 N 58th Ave, Glendale, AZ 85301, USA","{'lat': 33.5443753, 'lng': -112.183266}"
158,658,Washington Elementary School District,"13425 N 19th Ave, Phoenix, AZ 85029, USA","{'lat': 33.6082969, 'lng': -112.0974954}"
159,659,Helix High School,"7323 University Ave, La Mesa, CA 91942, USA","{'lat': 32.7540843, 'lng': -117.0365691}"
160,660,GreatSchools Inc,"160 Spear St #1020, San Francisco, CA 94105, USA","{'lat': 37.7913196, 'lng': -122.393572}"
161,661,AVID Center,"5120 Shoreham Pl #120, San Diego, CA 92122, USA","{'lat': 32.8531825, 'lng': -117.1857994}"
162,662,Franklin Mc Kinley School Dst,"645 Wool Creek Dr, San Jose, CA 95112, USA","{'lat': 37.3144177, 'lng': -121.8501355}"
163,663,Colton Middle School,"10750 Laurel Ave, Bloomington, CA 92316, USA","{'lat': 34.0577941, 'lng': -117.4143223}"
164,664,Granada Hills Charter High School,"10535 Zelzah Ave, Granada Hills, CA 91344, USA","{'lat': 34.2612514, 'lng': -118.5250769}"
165,665,Cathedral Catholic High School,"5555 Del Mar Heights Rd, San Diego, CA 92130, USA","{'lat': 32.9592405, 'lng': -117.2007311}"
166,666,The Woodside High School Foundation,"480 James Ave, Redwood City, CA 94062, USA","{'lat': 37.4820155, 'lng': -122.2367877}"
167,667,The Charter School of San Diego,"2245 San Diego Ave #125, San Diego, CA 92110, USA","{'lat': 32.7476103, 'lng': -117.1919143}"
168,668,Aromas San Juan Unified School District,"2300 San Juan Hwy, San Juan Bautista, CA 95045, USA","{'lat': 36.882457, 'lng': -121.5557407}"
169,669,La Jolla Country Day School,"9490 Genesee Ave, La Jolla, CA 92037, USA","{'lat': 32.878605, 'lng': -117.2165956}"
170,670,The Charter School of San Diego,"10170 Huennekens St, San Diego, CA 92121, USA","{'lat': 32.9028129, 'lng': -117.1841693}"
171,671,Verbum Dei High School,"11100 S Central Ave, Los Angeles, CA 90059, USA","{'lat': 33.9349649, 'lng': -118.2531191}"
172,672,Lodi Unified School District,"1305 E Vine St, Lodi, CA 95240, USA","{'lat': 38.1237898, 'lng': -121.2485991}"
173,673,Julian Charter School,"Julian, CA 92036, USA","{'lat': 33.0786552, 'lng': -116.6019637}"
174,674,The Woodside High School Foundation,"199 Churchill Ave, Woodside, CA 94062, USA","{'lat': 37.4433888, 'lng': -122.2321403}"
175,675,Vacaville Unified School District,"751 School St, Vacaville, CA 95688, USA","{'lat': 38.3574051, 'lng': -121.9845007}"
176,676,Wah Mei Pre-school,"1400 Judah St, San Francisco, CA 94122, USA","{'lat': 37.7618643, 'lng': -122.4774461}"
177,677,Lodi Unified School District,"5001 E Eastview Dr, Stockton, CA 95212, USA","{'lat': 38.04645379999999, 'lng': -121.2499835}"
178,678,Alma Heights Christian Academy,"1295 Seville Dr, Pacifica, CA 94044, USA","{'lat': 37.5881888, 'lng': -122.4931141}"
179,679,St Joseph High School,"5825 Woodruff Ave, Lakewood, CA 90713, USA","{'lat': 33.8616241, 'lng': -118.1177541}"
180,680,Saugus Union School District,"29171 Bernardo Way, Valencia, CA 91354, USA","{'lat': 34.4694739, 'lng': -118.5578434}"
181,681,Victor Elementary School District,"13962 Hook Blvd, Victorville, CA 92394, USA","{'lat': 34.5217185, 'lng': -117.3589391}"
182,682,St. Anne School,"32451 Bear Brand Rd, Laguna Niguel, CA 92677, USA","{'lat': 33.4911311, 'lng': -117.7046224}"
183,683,Colton Middle School,"670 W Laurel St, Colton, CA 92324, USA","{'lat': 34.0802012, 'lng': -117.3311642}"
184,684,Mendocino C.O.E.,"2240 Old River Rd, Ukiah, CA 95482, USA","{'lat': 39.1293566, 'lng': -123.1652429}"
185,685,Colton Middle School,"1212 N Valencia Dr, Colton, CA 92324, USA","{'lat': 34.0798628, 'lng': -117.3334139}"
186,686,Muirlands Middle School,"3950 Berino Ct, San Diego, CA 92122, USA","{'lat': 32.8629839, 'lng': -117.2210364}"
187,687,Orchard School,"2408 Trout Gulch Rd, Aptos, CA 95003, USA","{'lat': 36.9962499, 'lng': -121.8845444}"
188,688,Newton County School District,"333 S Beaudry Ave, Los Angeles, CA 90017, USA","{'lat': 34.0561431, 'lng': -118.2573219}"
189,689,Vacaville Unified School District,"129 Elm St, Vacaville, CA 95688, USA","{'lat': 38.3524112, 'lng': -121.9904534}"
190,690,Shalhevet High School,"910 S Fairfax Ave, Los Angeles, CA 90036, USA","{'lat': 34.0595203, 'lng': -118.3628995}"
191,691,Helix High School,"7323 University Ave, La Mesa, CA 91942, USA","{'lat': 32.7540843, 'lng': -117.0365691}"
192,692,Lodi Unified School District,"1300 17th St, Bakersfield, CA 93301, USA","{'lat': 35.37456239999999, 'lng': -119.0167872}"
193,693,Archbishop Mitty High School,"5000 Mitty Way, San Jose, CA 95129, USA","{'lat': 37.31532929999999, 'lng': -121.993252}"
194,694,Chadwick School,"26800 S Academy Dr, Palos Verdes Peninsula, CA 90274, USA","{'lat': 33.777783, 'lng': -118.3597089}"
195,695,Archway School,"1940 Virginia St, Berkeley, CA 94709, USA","{'lat': 37.8760807, 'lng': -122.2715475}"
196,696,Lodi Unified School District,"1600 W Tokay St, Lodi, CA 95242, USA","{'lat': 38.125619, 'lng': -121.2944198}"
197,697,GreatSchools Inc,"160 Spear St #1020, San Francisco, CA 94105, USA","{'lat': 37.7913196, 'lng': -122.393572}"
198,698,GreatSchools Inc,"160 Spear St #1020, San Francisco, CA 94105, USA","{'lat': 37.7913196, 'lng': -122.393572}"
199,699,GreatSchools Inc,"301 Howard St #1440, San Francisco, CA 94105, USA","{'lat': 37.7895269, 'lng': -122.3942764}"
