,_id,Name,Address,Geocodes
0,3300,The Rectory School,"Pomfret, CT 06258, USA","{'lat': 41.8963243, 'lng': -71.9642149}"
1,3301,Trumbull High School,"5866 Main St, Trumbull, CT 06611, USA","{'lat': 41.2568791, 'lng': -73.21870919999999}"
2,3302,Ocean City Christian School,"400 Long Beach Blvd, Stratford, CT 06615, USA","{'lat': 41.1644422, 'lng': -73.1535715}"
3,3303,Notre Dame High School of W Hven,"24 Ricardo St, West Haven, CT 06516, USA","{'lat': 41.2878582, 'lng': -72.9612442}"
4,3304,Woodstock Academy,"57 Academy Rd, Woodstock, CT 06281, USA","{'lat': 41.951017, 'lng': -71.975534}"
5,3305,Marianapolis Preparatory School,"26 Chase Rd, Thompson, CT 06277, USA","{'lat': 41.9584585, 'lng': -71.8640673}"
6,3306,Greenwich Academy,"200 N Maple Ave, Greenwich, CT 06830, USA","{'lat': 41.0416647, 'lng': -73.6274972}"
7,3307,The Hotchkiss School,"339 Main St, Lakeville, CT 06039, USA","{'lat': 41.96565409999999, 'lng': -73.4405141}"
8,3308,Taft School,"110 Woodbury Rd, Watertown, CT 06795, USA","{'lat': 41.6038165, 'lng': -73.12472799999999}"
9,3309,Lauralton Hall,"200 High St, Milford, CT 06460, USA","{'lat': 41.2243679, 'lng': -73.06233809999999}"
10,3310,Kent Center School,"9 Judd Ave, Kent, CT 06757, USA","{'lat': 41.724077, 'lng': -73.48203}"
11,3311,The Gilbert School,"200 Williams Ave, Winsted, CT 06098, USA","{'lat': 41.9307252, 'lng': -73.0725322}"
12,3312,Regional School District 10,"24 Lyon Rd, Burlington, CT 06013, USA","{'lat': 41.7813672, 'lng': -72.9887629}"
13,3313,Canterbury School,"101 Aspetuck Ave, New Milford, CT 06776, USA","{'lat': 41.58887319999999, 'lng': -73.41355709999999}"
14,3314,Wooster School,"91 Miry Brook Rd, Danbury, CT 06817, USA","{'lat': 41.3703666, 'lng': -73.49505719999999}"
15,3315,The Forman School,"Litchfield, CT, USA","{'lat': 41.7472642, 'lng': -73.1887165}"
16,3316,Loomis Chaffee School,"4 Batchelder Rd, Windsor, CT 06095, USA","{'lat': 41.8424295, 'lng': -72.6402952}"
17,3317,Salisbury School,"251 Canaan Rd, Salisbury, CT 06068, USA","{'lat': 41.9964026, 'lng': -73.3936155}"
18,3318,Manchester High School,"41 Center St, Manchester, CT 06040, USA","{'lat': 41.77581869999999, 'lng': -72.5227549}"
19,3319,Fields Memorial School,"Bozrah, CT 06334, USA","{'lat': 41.5490833, 'lng': -72.1771541}"
20,3320,Manchester High School,"weiss center, 479 Main St, Manchester, CT 06040, USA","{'lat': 41.7764507, 'lng': -72.5209589}"
21,3321,Manchester High School,"41 Center St, Manchester, CT 06040, USA","{'lat': 41.77581869999999, 'lng': -72.5227549}"
22,3322,Manchester High School,"586 Main St, Manchester, CT 06040, USA","{'lat': 41.7745886, 'lng': -72.52210029999999}"
23,3323,Manchester High School,"41 Center St #1, Manchester, CT 06040, USA","{'lat': 41.77581869999999, 'lng': -72.5227549}"
24,3324,Manchester High School,"57 Hollister St, Manchester, CT 06042, USA","{'lat': 41.7864323, 'lng': -72.52102169999999}"
25,3325,Regional School District 1 Of,"Kent, CT 06757, USA","{'lat': 41.745084, 'lng': -73.45337789999999}"
26,3326,Town Of North Branford,"1388 Middletown Ave, Northford, CT 06472, USA","{'lat': 41.3923022, 'lng': -72.794763}"
27,3327,Shelton Intermediate School,"124 Meadow St, Shelton, CT 06484, USA","{'lat': 41.3210807, 'lng': -73.1170174}"
28,3328,EAST HAVEN SCHOOL DISTRICT,"35 Wheelbarrow Ln, East Haven, CT 06513, USA","{'lat': 41.3286689, 'lng': -72.8323039}"
29,3329,Marianapolis Preparatory School,"26 Chase Rd #304, Thompson, CT 06277, USA","{'lat': 41.9584585, 'lng': -71.8640673}"
30,3330,King & Low Heywood Thomas School,"1450 Newfield Ave, Stamford, CT 06905, USA","{'lat': 41.1092739, 'lng': -73.53205439999999}"
31,3331,International Boys' Schools Coalition,"500 Old Farms Rd, Avon, CT 06001, USA","{'lat': 41.7764586, 'lng': -72.837991}"
32,3332,SSATB,"4 Batchelder Rd, Windsor, CT 06095, USA","{'lat': 41.8424295, 'lng': -72.6402952}"
33,3333,John E. Rogers African American Cultural Center Inc,"5 Huckleberry Ln, Bloomfield, CT 06002, USA","{'lat': 41.8279168, 'lng': -72.7266391}"
34,3334,Minority Student Achievement Network,"601 Matianuck Ave, Windsor, CT 06095, USA","{'lat': 41.8239181, 'lng': -72.6734355}"
35,3335,LymeOld Lyme Public Schools,"4 Davis Rd W, Old Lyme, CT 06371, USA","{'lat': 41.3248131, 'lng': -72.3362181}"
36,3336,Connecticut Association of Alternative Schools And Programs,"720 Pleasant St, Southington, CT 06489, USA","{'lat': 41.61678149999999, 'lng': -72.8618692}"
37,3337,Farmington River Anglers Association,"34 Simsbury Rd, Avon, CT 06001, USA","{'lat': 41.8119295, 'lng': -72.8297345}"
38,3338,National Council of Japanese Language Teachers,"The Chase Building, 236 Grand St, Waterbury, CT 06702, USA","{'lat': 41.5546511, 'lng': -73.0431868}"
39,3339,Bethlehem Elementary School,"5 Minortown Rd, Woodbury, CT 06798, USA","{'lat': 41.5583302, 'lng': -73.1897652}"
40,3340,Connecticut Association for Supervision and Curriculum Development,"38 Main St, Broad Brook, CT 06016, USA","{'lat': 41.921805, 'lng': -72.5464551}"
41,3341,Classical Association of Connecticut Incorporated,"55 Park St, New Haven, CT 06511, USA","{'lat': 41.3057931, 'lng': -72.9355928}"
42,3342,John E. Rogers African American Cultural Center Inc,"185 School St, Bloomfield, CT 06002, USA","{'lat': 41.82571919999999, 'lng': -72.7101638}"
43,3343,West Hartford Town of (inc),"50 S Main St, West Hartford, CT 06107, USA","{'lat': 41.7586346, 'lng': -72.7417139}"
44,3344,John E. Rogers African American Cultural Center Inc,"1 Filley St, Bloomfield, CT 06002, USA","{'lat': 41.8378001, 'lng': -72.7231065}"
45,3345,STANLEY ASSOCIATES INC,"90 Town St, Norwich, CT 06360, USA","{'lat': 41.5485124, 'lng': -72.0951857}"
46,3346,Ridgefield Basketball Association,"700 N Salem Rd, Ridgefield, CT 06877, USA","{'lat': 41.3275463, 'lng': -73.5327135}"
47,3347,Greens Farms Academy,"35 Beachside Ave, Westport, CT 06880, USA","{'lat': 41.1202468, 'lng': -73.3148295}"
48,3348,East Granby High School,"33 Turkey Hills Rd, East Granby, CT 06026, USA","{'lat': 41.9436668, 'lng': -72.73159489999999}"
49,3349,Ridgefield Basketball Association,"700 N Salem Rd, Ridgefield, CT 06877, USA","{'lat': 41.3261065, 'lng': -73.5304709}"
50,3350,Farmington River Anglers Association,"60 W Main St, Avon, CT 06001, USA","{'lat': 41.8110784, 'lng': -72.83622369999999}"
51,3351,Woodstock Elementary School,"147 CT-169, Woodstock, CT 06281, USA","{'lat': 41.92729749999999, 'lng': -71.9556016}"
52,3352,Borough Of Naugatuck,"543 Rubber Ave, Naugatuck, CT 06770, USA","{'lat': 41.4916261, 'lng': -73.07179529999999}"
53,3353,Shelton Intermediate School,"382 Long Hill Ave, Shelton, CT 06484, USA","{'lat': 41.3001851, 'lng': -73.09932719999999}"
54,3354,Bridgeport Education Foundation,"45 Lyon Terrace, Bridgeport, CT 06604, USA","{'lat': 41.1803579, 'lng': -73.1929473}"
55,3355,Canterbury School,"101 Aspetuck Ave, New Milford, CT 06776, USA","{'lat': 41.58887319999999, 'lng': -73.41355709999999}"
56,3356,University of New Haven,"Subway Building, 300 Boston Post Rd, West Haven, CT 06516, USA","{'lat': 41.2922972, 'lng': -72.9627347}"
57,3357,Manchester High School,"134 Middle Turnpike E, Manchester, CT 06040, USA","{'lat': 41.7810362, 'lng': -72.5167854}"
58,3358,Kolbe Cathedral High School,"33 Calhoun Pl, Bridgeport, CT 06604, USA","{'lat': 41.1793953, 'lng': -73.1959526}"
59,3359,The Gunnery,"99 Green Hill Rd, Washington, CT 06793, USA","{'lat': 41.6277643, 'lng': -73.31139329999999}"
60,3360,Suffield High School,"350 Mountain Rd, Suffield, CT 06078, USA","{'lat': 41.9851245, 'lng': -72.6632523}"
61,3361,Southern Connecticut Hebrew Academy,"261 Derby Ave, Orange, CT 06477, USA","{'lat': 41.2996361, 'lng': -73.0080236}"
62,3362,King & Low Heywood Thomas School,"1450 Newfield Ave, Stamford, CT 06905, USA","{'lat': 41.1092739, 'lng': -73.53205439999999}"
63,3363,Ridgefield Basketball Association,"70 Prospect St, Ridgefield, CT 06877, USA","{'lat': 41.2837741, 'lng': -73.4927503}"
64,3364,FraserWoods School Montessori,"173 S Main St, Newtown, CT 06470, USA","{'lat': 41.38086939999999, 'lng': -73.2808668}"
65,3365,Glastonbury,"376 Buttonball Ln, Glastonbury, CT 06033, USA","{'lat': 41.6893342, 'lng': -72.59728319999999}"
66,3366,Connecticut Educational Media Association,"44 Squadron Line Rd, Simsbury, CT 06070, USA","{'lat': 41.9006361, 'lng': -72.80537989999999}"
67,3367,Connecticut Educational Media Association,"34 Farms Village Rd, Simsbury, CT 06070, USA","{'lat': 41.8706007, 'lng': -72.8210886}"
68,3368,ConnCASE,"689 Unquowa Rd, Fairfield, CT 06824, USA","{'lat': 41.1475355, 'lng': -73.26188499999999}"
69,3369,Windham Middle School,"123 Quarry St, Willimantic, CT 06226, USA","{'lat': 41.72305900000001, 'lng': -72.22764339999999}"
70,3370,Kathleen E Goodwin School,"80 Old Boston Post Rd, Old Saybrook, CT 06475, USA","{'lat': 41.2861566, 'lng': -72.38151979999999}"
71,3371,Elmer Thienes Mary Hall Elem,"25 School Dr, Marlborough, CT 06447, USA","{'lat': 41.6268992, 'lng': -72.459514}"
72,3372,Town Of Wilton,"240 School Rd, Wilton, CT 06897, USA","{'lat': 41.2044567, 'lng': -73.4332555}"
73,3373,Bridgeport Education Foundation,"1 Lincoln Blvd, Bridgeport, CT 06606, USA","{'lat': 41.1894072, 'lng': -73.2054518}"
74,3374,EASTCONN,"322 Main St #1, Willimantic, CT 06226, USA","{'lat': 41.71077289999999, 'lng': -72.2047322}"
75,3375,Valley Regional Adult Education,"415 Howe Ave, Shelton, CT 06484, USA","{'lat': 41.3163696, 'lng': -73.0921972}"
76,3376,Manchester High School,"45 N School St, Manchester, CT 06042, USA","{'lat': 41.7970328, 'lng': -72.5245498}"
77,3377,Ledyard Public Schools,"4 Blonders Blvd, Ledyard, CT 06339, USA","{'lat': 41.43534500000001, 'lng': -72.0039525}"
78,3378,Hamden Hall Country Day School,"1108 Whitney Ave, Hamden, CT 06517, USA","{'lat': 41.3420826, 'lng': -72.91361959999999}"
79,3379,Whitby School,"969 Lake Ave, Greenwich, CT 06831, USA","{'lat': 41.1142232, 'lng': -73.65352899999999}"
80,3380,Middlebury Elementary School,"286 Whittemore Rd, Middlebury, CT 06762, USA","{'lat': 41.5274685, 'lng': -73.0912994}"
81,3381,Long Meadow Elementary School,"286 Whittemore Rd, Middlebury, CT 06762, USA","{'lat': 41.5274685, 'lng': -73.0912994}"
82,3382,Salisbury School,"251 Canaan Rd, Salisbury, CT 06068, USA","{'lat': 41.9964026, 'lng': -73.3936155}"
83,3383,Rumsey Hall School,"201 Romford Rd, Washington Depot, CT 06794, USA","{'lat': 41.678232, 'lng': -73.295523}"
84,3384,Brunswick School,"100 Maher Ave, Greenwich, CT 06830, USA","{'lat': 41.0380116, 'lng': -73.62611729999999}"
85,3385,Brunswick School,"100 Maher Ave, Greenwich, CT 06830, USA","{'lat': 41.0380116, 'lng': -73.62611729999999}"
86,3386,Achievement First,"403 James St, New Haven, CT 06513, USA","{'lat': 41.3137172, 'lng': -72.903336}"
87,3387,Gainfield Elementary School,"307 Old Field Rd, Southbury, CT 06488, USA","{'lat': 41.47947, 'lng': -73.2226263}"
88,3388,New Fairfield High School,"3 Brush Hill Rd, New Fairfield, CT 06812, USA","{'lat': 41.465274, 'lng': -73.4862203}"
89,3389,Chase Collegiate School,"565 Chase Pkwy, Waterbury, CT 06708, USA","{'lat': 41.545407, 'lng': -73.0653602}"
90,3390,Pomperaug Elementary School,"607 Main St N, Southbury, CT 06488, USA","{'lat': 41.4966724, 'lng': -73.214029}"
91,3391,ASSIST Inc,"235 Mountain Rd, Suffield, CT 06078, USA","{'lat': 41.9829744, 'lng': -72.65938229999999}"
92,3392,McKinney ISD,"509 Middle Rd, Farmington, CT 06032, USA","{'lat': 41.7277821, 'lng': -72.79495419999999}"
93,3393,West Hartford Public Schools,"71 Wolcott Rd, West Hartford, CT 06110, USA","{'lat': 41.7248251, 'lng': -72.74954439999999}"
94,3394,West Hartford Public Schools,"212 King Philip Dr, West Hartford, CT 06117, USA","{'lat': 41.80087839999999, 'lng': -72.7448296}"
95,3395,West Hartford Public Schools,"50 S Main St, West Hartford, CT 06107, USA","{'lat': 41.7586346, 'lng': -72.7417139}"
96,3396,West Hartford Public Schools,"50 S Main St, West Hartford, CT 06107, USA","{'lat': 41.7586346, 'lng': -72.7417139}"
97,3397,American Catholic,"200 High St, Milford, CT 06460, USA","{'lat': 41.2243679, 'lng': -73.06233809999999}"
98,3398,West Hartford Public Schools,"110 Berkshire Rd, West Hartford, CT 06107, USA","{'lat': 41.7344324, 'lng': -72.7507017}"
99,3399,Connecticut Technical High School System,"25 Industrial Park Rd, Middletown, CT 06457, USA","{'lat': 41.584747, 'lng': -72.7172088}"
100,3400,Connecticut Technical High School System,"2800 Berlin Turnpike, Newington, CT 06111, USA","{'lat': 41.6732832, 'lng': -72.71462249999999}"
101,3401,A. Ward Spaulding Elementary School,"945 Mountain Rd, Suffield, CT 06078, USA","{'lat': 41.9852409, 'lng': -72.6872705}"
102,3402,TheDay,"47 Eugene O'Neill Dr, New London, CT 06320, USA","{'lat': 41.3551557, 'lng': -72.0948204}"
103,3403,Waterside School,"535 Fairfield Ave, Stamford, CT 06902, USA","{'lat': 41.03432859999999, 'lng': -73.5531323}"
104,3404,Weston High School,"115 School Rd, Weston, CT 06883, USA","{'lat': 41.2113418, 'lng': -73.37944689999999}"
105,3405,Weston High School,"115 School Rd, Weston, CT 06883, USA","{'lat': 41.2113418, 'lng': -73.37944689999999}"
106,3406,Waterford Public Schools,"15 Rope Ferry Rd, Waterford, CT 06385, USA","{'lat': 41.3429588, 'lng': -72.1310149}"
107,3407,Waterford Public Schools,"15 Rope Ferry Rd, Waterford, CT 06385, USA","{'lat': 41.3429588, 'lng': -72.1310149}"
108,3408,The Williams School,"182 Mohegan Ave Pkwy, New London, CT 06320, USA","{'lat': 41.3763541, 'lng': -72.1037537}"
109,3409,Fairfield College Preparatory School,"1073 N Benson Rd, Fairfield, CT 06824, USA","{'lat': 41.1566258, 'lng': -73.25898269999999}"
110,3410,LymeOld Lyme Public Schools,"4 Davis Rd W, Old Lyme, CT 06371, USA","{'lat': 41.3248131, 'lng': -72.3362181}"
111,3411,Staples High School,"70 North Ave, Westport, CT 06880, USA","{'lat': 41.1526176, 'lng': -73.3304754}"
112,3412,Notre Dame Catholic High School,"220 Jefferson St, Fairfield, CT 06825, USA","{'lat': 41.2239793, 'lng': -73.2463574}"
113,3413,Connecticut Association of Independent Schools,"377 N Wilton Rd, New Canaan, CT 06840, USA","{'lat': 41.1921388, 'lng': -73.49682299999999}"
114,3414,Bridgeport Education Foundation,"700 Palisade Ave, Bridgeport, CT 06610, USA","{'lat': 41.1998883, 'lng': -73.16498969999999}"
115,3415,Northeast Elementary School,"82 Scofieldtown Rd, Stamford, CT 06903, USA","{'lat': 41.12241, 'lng': -73.5468056}"
116,3416,Convent Of The Sacred Heart,"1177 King St, Greenwich, CT 06831, USA","{'lat': 41.0666004, 'lng': -73.69503030000001}"
117,3417,The Edmund Burke School,"2955 Upton St NW, Washington, DC 20008, USA","{'lat': 38.9424029, 'lng': -77.0615282}"
118,3418,KIPP DC,"2600 Douglass Rd SE, Washington, DC 20020, USA","{'lat': 38.8563328, 'lng': -76.98864259999999}"
119,3419,Duke Ellington School of the Arts,"3500 R St NW, Washington, DC 20007, USA","{'lat': 38.9131787, 'lng': -77.0702973}"
120,3420,KIPP DC,"910 17th St NW, Washington, DC 20006, USA","{'lat': 38.901901, 'lng': -77.03968499999999}"
121,3421,Us Senate,"Hart Senate Office Building, Washington, DC 20002, USA","{'lat': 38.8928388, 'lng': -77.0043561}"
122,3422,Georgetown Day School,"4530 MacArthur Blvd NW, Washington, DC 20007, USA","{'lat': 38.90766, 'lng': -77.086215}"
123,3423,Brunswick Central School District,"120 Constitution Ave NE, Washington, DC 20002, USA","{'lat': 38.89221020000001, 'lng': -77.0044246}"
124,3424,Sidwell Friends School,"3825 Wisconsin Ave NW, Washington, DC 20016, USA","{'lat': 38.9394131, 'lng': -77.0740208}"
125,3425,Fillmore Arts Center,"825 North Capitol St NE 9th Floor, Washington, DC 20002, USA","{'lat': 38.900974, 'lng': -77.00841199999999}"
126,3426,Fillmore Arts Center,"825 North Capitol St NE Fl 8, Washington, DC 20002, USA","{'lat': 38.900974, 'lng': -77.00841199999999}"
127,3427,E.L. Haynes Public Charter School,"3600 Georgia Ave NW, Washington, DC 20010, USA","{'lat': 38.934409, 'lng': -77.0243314}"
128,3428,Islamic Saudi Academy,"601 New Hampshire Ave NW, Washington, DC 20037, USA","{'lat': 38.8978318, 'lng': -77.0540628}"
129,3429,E.L. Haynes Public Charter School,"3600 Georgia Ave NW, Washington, DC 20010, USA","{'lat': 38.934409, 'lng': -77.0243314}"
130,3430,Carlinville Middle School,"Illinois Ave NW, Washington, DC, USA","{'lat': 38.9478105, 'lng': -77.02219869999999}"
131,3431,District of Columbia Public Schools,"2500 Benning Rd NE, Washington, DC 20002, USA","{'lat': 38.8995118, 'lng': -76.971057}"
132,3432,Fillmore Arts Center,"3500 R St NW, Washington, DC 20007, USA","{'lat': 38.9131787, 'lng': -77.0702973}"
133,3433,Friendship Public Charter School,"120 Q St NE #200, Washington, DC 20002, USA","{'lat': 38.9112903, 'lng': -77.00567649999999}"
134,3434,E.L. Haynes Public Charter School,"3600 Georgia Ave NW, Washington, DC 20010, USA","{'lat': 38.934409, 'lng': -77.0243314}"
135,3435,St. Albans School,"Mt St Alban, Washington, DC 20016, USA","{'lat': 38.9306667, 'lng': -77.0705332}"
136,3436,Green Bay Diocese,"700 19th St NW, Washington, DC 20431, USA","{'lat': 38.8989423, 'lng': -77.044303}"
137,3437,Archbishop Carroll High School,"4300 Harewood Rd NE, Washington, DC 20017, USA","{'lat': 38.9407112, 'lng': -77.0062927}"
138,3438,U.S. Air Force,"Washington, DC 22202, USA","{'lat': 38.8718568, 'lng': -77.0562669}"
139,3439,Thurgood Marshall Academy,"2427 Martin Luther King Jr Ave SE, Washington, DC 20020, USA","{'lat': 38.8623825, 'lng': -76.9937824}"
140,3440,Maret School Inc,"3000 Cathedral Ave NW, Washington, DC 20008, USA","{'lat': 38.9282274, 'lng': -77.0606738}"
141,3441,Parkmont School,"4842 16th St NW, Washington, DC 20011, USA","{'lat': 38.9499688, 'lng': -77.0367914}"
142,3442,U.S. Air Force,"Washington, DC 22202, USA","{'lat': 38.8718568, 'lng': -77.0562669}"
143,3443,St. Anselm's Abbey School,"4501 South Dakota Ave NE, Washington, DC 20017, USA","{'lat': 38.9473381, 'lng': -76.984325}"
144,3444,Archbishop Carroll High School,"4300 Harewood Rd NE, Washington, DC 20017, USA","{'lat': 38.9407112, 'lng': -77.0062927}"
145,3445,The River School,"4880 MacArthur Blvd NW, Washington, DC 20007, USA","{'lat': 38.917715, 'lng': -77.097966}"
146,3446,Community Academy Public Charter School,"1300 Allison St NW, Washington, DC 20011, USA","{'lat': 38.94439790000001, 'lng': -77.0307639}"
147,3447,McKinley Technology High School,"1200 First St NE, Washington, DC 20002, USA","{'lat': 38.9060638, 'lng': -77.0063357}"
148,3448,Sandy Spring Friends School,"16923 Norwood Rd, Sandy Spring, MD 20860, USA","{'lat': 39.134192, 'lng': -77.0263555}"
149,3449,Wausaukee Sch Dist,"1400 Independence Ave SW, Washington, DC 20228, USA","{'lat': 38.8867695, 'lng': -77.0299739}"
150,3450,St. Anselm's Abbey School,"4501 South Dakota Ave NE, Washington, DC 20017, USA","{'lat': 38.9473381, 'lng': -76.984325}"
151,3451,Archbishop Carroll High School,"4300 Harewood Rd NE, Washington, DC 20017, USA","{'lat': 38.9407112, 'lng': -77.0062927}"
152,3452,Maret School Inc,"3000 Cathedral Ave NW, Washington, DC 20008, USA","{'lat': 38.9282274, 'lng': -77.0606738}"
153,3453,Episcopal High School,"3100 Macomb St NW, Washington, DC 20008, USA","{'lat': 38.9333422, 'lng': -77.06187249999999}"
154,3454,D.C. Preparatory Academy,"707 Edgewood St NE, Washington, DC 20017, USA","{'lat': 38.9241025, 'lng': -76.9955372}"
155,3455,CHDS school,"210 South Carolina Ave SE, Washington, DC 20003, USA","{'lat': 38.8823065, 'lng': -77.00314130000001}"
156,3456,Oregon Reading Association,"Rice Hall, 2121 I St NW, Washington, DC 20052, USA","{'lat': 38.9009637, 'lng': -77.0476606}"
157,3457,Paul Public Charter School,"5800 8th St NW, Washington, DC 20011, USA","{'lat': 38.9614175, 'lng': -77.02487099999999}"
158,3458,Victorian Lyric Opera Company,"4530 MacArthur Blvd NW, Washington, DC 20007, USA","{'lat': 38.90766, 'lng': -77.086215}"
159,3459,Fillmore Arts Center,"825 North Capitol St NE, Washington, DC 20002, USA","{'lat': 38.900974, 'lng': -77.00841199999999}"
160,3460,St. Coletta School,"1901 Independence Ave SE, Washington, DC 20003, USA","{'lat': 38.8869101, 'lng': -76.9767275}"
161,3461,Joseph P Kennedy Institute,"801 Buchanan St NE, Washington, DC 20017, USA","{'lat': 38.9457123, 'lng': -76.99405229999999}"
162,3462,IDEA Public Charter High School,"1027 45th St NE, Washington, DC 20019, USA","{'lat': 38.904173, 'lng': -76.93708699999999}"
163,3463,IDEA Public Charter High School,"1027 45th St NE, Washington, DC 20019, USA","{'lat': 38.904173, 'lng': -76.93708699999999}"
164,3464,Council for Christian Colleges & Universities,"321 8th St NE, Washington, DC 20002, USA","{'lat': 38.8941327, 'lng': -76.9946598}"
165,3465,Derby Unified School district,"120 E Washington St, Syracuse, NY 13202, USA","{'lat': 43.0492853, 'lng': -76.1511556}"
166,3466,American Institute of Certified Public Accountants Inc,"1202 Shepherd St NW, Washington, DC 20011, USA","{'lat': 38.93957, 'lng': -77.02797}"
167,3467,The Lab School of Washington,"1550 Foxhall Rd NW, Washington, DC 20007, USA","{'lat': 38.9100797, 'lng': -77.0841227}"
168,3468,Capital City Public Charter School,"3047 15th St NW, Washington, DC 20009, USA","{'lat': 38.9285225, 'lng': -77.0357768}"
169,3469,Hyde DC,"101 T St NE, Washington, DC 20002, USA","{'lat': 38.915162, 'lng': -77.00594199999999}"
170,3470,Hyde DC,"101 T St NE, Washington, DC 20002, USA","{'lat': 38.915162, 'lng': -77.00594199999999}"
171,3471,KIPP DC,"910 17th St NW #1050, Washington, DC 20006, USA","{'lat': 38.901982, 'lng': -77.039883}"
172,3472,Chavez schools,"3701 Hayes St NE, Washington, DC 20019, USA","{'lat': 38.901359, 'lng': -76.9490926}"
173,3473,Council for Christian Colleges & Universities,"321 8th St NE, Washington, DC 20002, USA","{'lat': 38.8941327, 'lng': -76.9946598}"
174,3474,St. John's Community Services,"2201 Wisconsin Ave NW C150, Washington, DC 20007, USA","{'lat': 38.9193681, 'lng': -77.0703873}"
175,3475,Gonzaga University,"19 I St NW, Washington, DC 20001, USA","{'lat': 38.9005147, 'lng': -77.0106275}"
176,3476,St. John's Community Services,"2201 Wisconsin Ave NW, Washington, DC 20007, USA","{'lat': 38.9193681, 'lng': -77.0703873}"
177,3477,Gonzaga University,"Washington, DC 20001, USA","{'lat': 38.912068, 'lng': -77.0190228}"
178,3478,Fort Dupont Ice Arena Inc,"19 I St NW, Washington, DC 20001, USA","{'lat': 38.9005147, 'lng': -77.0106275}"
179,3479,American Payroll Association - First State Chapter,"800 Delaware Ave, Wilmington, DE 19801, USA","{'lat': 39.74968500000001, 'lng': -75.554143}"
180,3480,American Payroll Association - First State Chapter,"1 Brandywine Falls Rd, Wilmington, DE 19806, USA","{'lat': 39.7682933, 'lng': -75.5658582}"
181,3481,GRUVER INDEPENDENT SCHOOL DISTRICT,"724 Yorklyn Rd, Hockessin, DE 19707, USA","{'lat': 39.7897606, 'lng': -75.69083789999999}"
182,3482,American Payroll Association - First State Chapter,"800 Delaware Ave, Wilmington, DE 19801, USA","{'lat': 39.7494831, 'lng': -75.5536664}"
183,3483,Tower Hill School,"2813 W 17th St, Wilmington, DE 19806, USA","{'lat': 39.7641619, 'lng': -75.5782487}"
184,3484,Centreville School,"6201 Kennett Pike, Wilmington, DE 19807, USA","{'lat': 39.8300315, 'lng': -75.6236275}"
185,3485,Red Clay Education Association,"55 S Meadowood Dr, Newark, DE 19711, USA","{'lat': 39.7046448, 'lng': -75.6830351}"
186,3486,American Payroll Association - First State Chapter,"3503 Silverside Rd #103, Wilmington, DE 19810, USA","{'lat': 39.8089701, 'lng': -75.54436749999999}"
187,3487,Holy Cross School,"631 S State St, Dover, DE 19901, USA","{'lat': 39.1508639, 'lng': -75.520755}"
188,3488,Glen Ridge High School,"1521 Concord Pike # 301, Wilmington, DE 19803, USA","{'lat': 39.7804534, 'lng': -75.5436314}"
189,3489,The Charter School of Wilmington,"100 N Dupont Rd, Wilmington, DE 19807, USA","{'lat': 39.7535725, 'lng': -75.5874716}"
190,3490,Red Clay Education Association,"2916 Duncan Rd, Wilmington, DE 19808, USA","{'lat': 39.7463338, 'lng': -75.6527639}"
191,3491,Red Clay Education Association,"1801 Milltown Rd, Wilmington, DE 19808, USA","{'lat': 39.7282686, 'lng': -75.67344609999999}"
192,3492,Elwyn Inc,"321 E 11th St, Wilmington, DE 19801, USA","{'lat': 39.7454769, 'lng': -75.5434094}"
193,3493,DIOCESE OF WILMINGTON SCHOOL INC,"2501 Pike Creek Rd, Wilmington, DE 19808, USA","{'lat': 39.7128046, 'lng': -75.6838799}"
194,3494,Christ The Teacher Catholic School,"2451 Frazer Rd, Newark, DE 19702, USA","{'lat': 39.6034803, 'lng': -75.7718512}"
195,3495,Woodbridge School District,"16359 Sussex Hwy, Bridgeville, DE 19933, USA","{'lat': 38.7496099, 'lng': -75.59248219999999}"
196,3496,William Penn High School,"713 E Basin Rd, New Castle, DE 19720, USA","{'lat': 39.6674898, 'lng': -75.585161}"
197,3497,Wilmington Christian School,"825 Loveville Rd, Hockessin, DE 19707, USA","{'lat': 39.7782752, 'lng': -75.66644699999999}"
198,3498,Colonial School District,"318 E Basin Rd, New Castle, DE 19720, USA","{'lat': 39.6765718, 'lng': -75.586652}"
199,3499,Wilmington Christian School,"25 Germay Dr, Wilmington, DE 19804, USA","{'lat': 39.728249, 'lng': -75.57838509999999}"
