,_id,Name,Address,Geocodes
0,2500,Hills School,"975 N San Carlos Dr, Walnut Creek, CA 94598, USA","{'lat': 37.9221837, 'lng': -122.0489708}"
1,2501,Hills School,"975 N San Carlos Dr, Walnut Creek, CA 94598, USA","{'lat': 37.9221837, 'lng': -122.0489708}"
2,2502,Campbell Hall,"4533 Laurel Canyon Blvd, Studio City, CA 91607, USA","{'lat': 34.153546, 'lng': -118.3982535}"
3,2503,Horizon Prep,"162 S Rancho Santa Fe Rd Suite B-30, Encinitas, CA 92024, USA","{'lat': 33.0355186, 'lng': -117.2389678}"
4,2504,Vincent High School,"SPSV Admin Building, 1500 Benicia Rd, Vallejo, CA 94591, USA","{'lat': 38.0865408, 'lng': -122.2026728}"
5,2505,Vincent High School,"SPSV Admin Building, 1500 Benicia Rd, Vallejo, CA 94591, USA","{'lat': 38.0865408, 'lng': -122.2026728}"
6,2506,Valencia High School,"21515 Centre Pointe Pkwy, Santa Clarita, CA 91350, USA","{'lat': 34.4123479, 'lng': -118.5132047}"
7,2507,St. Matthew's Episcopal Day School,"16 Baldwin Ave, San Mateo, CA 94401, USA","{'lat': 37.56566840000001, 'lng': -122.3270935}"
8,2508,Valley Christian Schools,"17408 Grand Ave, Bellflower, CA 90706, USA","{'lat': 33.8747974, 'lng': -118.1114678}"
9,2509,Valley Christian Schools,"1450 Leigh Ave, San Jose, CA 95125, USA","{'lat': 37.2967731, 'lng': -121.9221109}"
10,2510,Valley Christian Schools,"100 Skyway Dr, San Jose, CA 95111, USA","{'lat': 37.2755122, 'lng': -121.8241126}"
11,2511,Valley Christian Schools,"100 Skyway Dr #120, San Jose, CA 95111, USA","{'lat': 37.2755122, 'lng': -121.8241126}"
12,2512,Valley Christian Schools,"10818 Artesia Blvd, Cerritos, CA 90703, USA","{'lat': 33.8721453, 'lng': -118.1031224}"
13,2513,Valley Christian Schools,"100 Skyway Dr, San Jose, CA 95111, USA","{'lat': 37.2755122, 'lng': -121.8241126}"
14,2514,Orange Crescent School,"Al-Rahman Plaza, 1 Al-Rahman Plaza, Garden Grove, CA 92844, USA","{'lat': 33.7555828, 'lng': -117.9585366}"
15,2515,Morro Bay High School,"235 Atascadero Rd, Morro Bay, CA 93442, USA","{'lat': 35.3833969, 'lng': -120.8576889}"
16,2516,San Bernardino City Unified School District,"956 W 9th St, San Bernardino, CA 92411, USA","{'lat': 34.1160067, 'lng': -117.3053898}"
17,2517,Orland Unified School District schools,"1320 6th St, Orland, CA 95963, USA","{'lat': 39.737769, 'lng': -122.1974412}"
18,2518,San Ramon Valley Unified School District,"699 Old Orchard Dr, Danville, CA 94526, USA","{'lat': 37.8125243, 'lng': -121.9776147}"
19,2519,SMMUSD,"2525 5th St, Santa Monica, CA 90405, USA","{'lat': 34.0052218, 'lng': -118.4811722}"
20,2520,Apple Valley Unified School District,"22974 Bear Valley Rd, Apple Valley, CA 92308, USA","{'lat': 34.473631, 'lng': -117.160051}"
21,2521,Apple Valley Unified School District,"21950 Nisqually Rd, Apple Valley, CA 92308, USA","{'lat': 34.4863315, 'lng': -117.1852081}"
22,2522,School Engine,"5340 Skylane Blvd, Santa Rosa, CA 95403, USA","{'lat': 38.5121964, 'lng': -122.7981348}"
23,2523,KIPP Foundation,"345 Spear St #510, San Francisco, CA 94105, USA","{'lat': 37.7899545, 'lng': -122.389913}"
24,2524,JustinSiena High School,"4026 Maher St, Napa, CA 94558, USA","{'lat': 38.3308505, 'lng': -122.3218236}"
25,2525,Beverly Hills Unified School District,"624 N Rexford Dr, Beverly Hills, CA 90210, USA","{'lat': 34.0792718, 'lng': -118.4042156}"
26,2526,Axiom Inc,"2440 Gold River Rd, Rancho Cordova, CA 95670, USA","{'lat': 38.61432629999999, 'lng': -121.2607589}"
27,2527,International School of the Peninsula,"151 Laura Ln, Palo Alto, CA 94303, USA","{'lat': 37.4525648, 'lng': -122.1255019}"
28,2528,International School of the Peninsula,"151 Laura Ln, Palo Alto, CA 94303, USA","{'lat': 37.4525648, 'lng': -122.1255019}"
29,2529,Fresno Unified School District,"1833 E St, Fresno, CA 93706, USA","{'lat': 36.7376343, 'lng': -119.8053415}"
30,2530,Novato Unified School District,"1015 7th St, Novato, CA 94945, USA","{'lat': 38.1096606, 'lng': -122.5785942}"
31,2531,Bakersfield City School District,"1300 Baker St, Bakersfield, CA 93305, USA","{'lat': 35.3826075, 'lng': -118.9912504}"
32,2532,Redwood City School District,"750 Bradford St, Redwood City, CA 94063, USA","{'lat': 37.488432, 'lng': -122.2273868}"
33,2533,San Jose Unified School District,"855 Lenzen Ave, San Jose, CA 95126, USA","{'lat': 37.3361154, 'lng': -121.9112646}"
34,2534,St. John Bosco High School,"13640 Bellflower Blvd, Bellflower, CA 90706, USA","{'lat': 33.9063457, 'lng': -118.1231003}"
35,2535,CCCOE,"1111 Camino Pablo, Moraga, CA 94556, USA","{'lat': 37.8214632, 'lng': -122.1206436}"
36,2536,Association of Christian Schools International,"1117 Davis St, Vacaville, CA 95687, USA","{'lat': 38.3387715, 'lng': -121.9861}"
37,2537,BayNet,"1111 8th St, San Francisco, CA 94107, USA","{'lat': 37.7673765, 'lng': -122.399486}"
38,2538,Holy Spirit Parish School,"3920 W Land Park Dr, Sacramento, CA 95822, USA","{'lat': 38.5405936, 'lng': -121.505196}"
39,2539,Golden Valley High School,"21515 Centre Pointe Pkwy, Santa Clarita, CA 91350, USA","{'lat': 34.4123479, 'lng': -118.5132047}"
40,2540,La Ca��ada High School,"4490 Cornishon Ave, La Cañada Flintridge, CA 91011, USA","{'lat': 34.2045813, 'lng': -118.2025867}"
41,2541,Moreau Catholic High School,"27170 Mission Blvd, Hayward, CA 94544, USA","{'lat': 37.6439003, 'lng': -122.0598632}"
42,2542,Santa Monica High School,"601 Pico Blvd, Santa Monica, CA 90405, USA","{'lat': 34.011345, 'lng': -118.4851902}"
43,2543,Oakland Diocese,"425 W 4th St, Pittsburg, CA 94565, USA","{'lat': 38.0335562, 'lng': -121.8907693}"
44,2544,Wasco Union School District,"3501 7th St, Wasco, CA 93280, USA","{'lat': 35.5924982, 'lng': -119.3649362}"
45,2545,St. Isidore School,"435 La Gonda Way, Danville, CA 94526, USA","{'lat': 37.8264239, 'lng': -122.0032019}"
46,2546,St. Matthias High School,"7851 Gardendale St, Downey, CA 90242, USA","{'lat': 33.9193469, 'lng': -118.1594443}"
47,2547,Servite High School,"1952 W La Palma Ave, Anaheim, CA 92801, USA","{'lat': 33.8466147, 'lng': -117.9495671}"
48,2548,Delphi Academy,"7527 Cuvier St, La Jolla, CA 92037, USA","{'lat': 32.8398753, 'lng': -117.2773357}"
49,2549,Bright Star Schools,"2636 S Mansfield Ave, Los Angeles, CA 90016, USA","{'lat': 34.0315603, 'lng': -118.3523587}"
50,2550,Sonoma Academy,"2500 Farmers Ln, Santa Rosa, CA 95404, USA","{'lat': 38.4182737, 'lng': -122.6887351}"
51,2551,Francis Parker School,"6501 Linda Vista Rd, San Diego, CA 92111, USA","{'lat': 32.7712998, 'lng': -117.177575}"
52,2552,Katherine Delmar Burke School,"7070 California St, San Francisco, CA 94121, USA","{'lat': 37.7843459, 'lng': -122.4932468}"
53,2553,Cardiff School District,"1888 Montgomery Ave, Cardiff, CA 92007, USA","{'lat': 33.0252537, 'lng': -117.2841446}"
54,2554,Los Alamitos Elementary School,"6130 Silberman Dr, San Jose, CA 95120, USA","{'lat': 37.2278855, 'lng': -121.8789194}"
55,2555,Marymount High School,"10643 Sunset Blvd, Los Angeles, CA 90077, USA","{'lat': 34.0754245, 'lng': -118.4451513}"
56,2556,Hawthorne School District,"14120 Hawthorne Blvd, Hawthorne, CA 90250, USA","{'lat': 33.9037043, 'lng': -118.3521302}"
57,2557,ACCCA,"321 E Chapman Ave, Fullerton, CA 92832, USA","{'lat': 33.875251, 'lng': -117.9175771}"
58,2558,Cate School,"1960 Cate Mesa Rd, Carpinteria, CA 93013, USA","{'lat': 34.405005, 'lng': -119.4773809}"
59,2559,Cate School,"1960 Cate Mesa Rd, Carpinteria, CA 93013, USA","{'lat': 34.405005, 'lng': -119.4773809}"
60,2560,Immaculate Heart High School,"5515 Franklin Ave, Los Angeles, CA 90028, USA","{'lat': 34.106195, 'lng': -118.3106706}"
61,2561,Immaculate Heart High School,"5515 Franklin Ave, Los Angeles, CA 90028, USA","{'lat': 34.106195, 'lng': -118.3106706}"
62,2562,Immaculate Heart High School,"5515 Franklin Ave, Los Angeles, CA 90028, USA","{'lat': 34.106195, 'lng': -118.3106706}"
63,2563,Eastside College Preparatory School,"1041 Myrtle St, East Palo Alto, CA 94303, USA","{'lat': 37.4635839, 'lng': -122.1321567}"
64,2564,Innovative Education Management Inc,"1166 Broadway Ste Q, Placerville, CA 95667, USA","{'lat': 38.7307435, 'lng': -120.789406}"
65,2565,Christian Schools of the Desert,"40700 Yucca Ln, Bermuda Dunes, CA 92203, USA","{'lat': 33.7535079, 'lng': -116.2980054}"
66,2566,Laurence School,"13639 Victory Blvd, Van Nuys, CA 91401, USA","{'lat': 34.1868802, 'lng': -118.4304348}"
67,2567,Dos Pueblos High School,"7266 Alameda Ave, Goleta, CA 93117, USA","{'lat': 34.4386476, 'lng': -119.8769214}"
68,2568,Dos Pueblos High School,"7266 Alameda Ave, Goleta, CA 93117, USA","{'lat': 34.4386476, 'lng': -119.8769214}"
69,2569,Providence High School,"511 S Buena Vista St, Burbank, CA 91505, USA","{'lat': 34.1544585, 'lng': -118.3268806}"
70,2570,The Girls' Middle School,"180 N Rengstorff Ave, Mountain View, CA 94043, USA","{'lat': 37.405124, 'lng': -122.0968814}"
71,2571,Lanai Road Elementary School,"6621 Balboa Blvd, Lake Balboa, CA 91406, USA","{'lat': 34.1898142, 'lng': -118.501354}"
72,2572,San Luis Coastal Unified School District,"1500 Lizzie St, San Luis Obispo, CA 93401, USA","{'lat': 35.2810658, 'lng': -120.649727}"
73,2573,Davis Joint Unified School District,"526 B St, Davis, CA 95616, USA","{'lat': 38.5473055, 'lng': -121.7452373}"
74,2574,Davis Joint Unified School District,"526 B St, Davis, CA 95616, USA","{'lat': 38.5473055, 'lng': -121.7452373}"
75,2575,Downtown College Prep,"1460 The Alameda, San Jose, CA 95126, USA","{'lat': 37.3341579, 'lng': -121.9141541}"
76,2576,Pacific Collegiate School,"255 Swift St, Santa Cruz, CA 95060, USA","{'lat': 36.9542434, 'lng': -122.0492969}"
77,2577,Children's Day School,"333 Dolores St, San Francisco, CA 94110, USA","{'lat': 37.7642712, 'lng': -122.4248769}"
78,2578,Almaden Country School,"6835 Trinidad Dr, San Jose, CA 95120, USA","{'lat': 37.2188685, 'lng': -121.8508793}"
79,2579,The Archer School for Girls,"11725 Sunset Blvd, Los Angeles, CA 90049, USA","{'lat': 34.06522270000001, 'lng': -118.4715694}"
80,2580,Alma Heights Christian Academy,"1295 Seville Dr, Pacifica, CA 94044, USA","{'lat': 37.5881888, 'lng': -122.4931141}"
81,2581,KIPP Foundation,"135 Main St #1700, San Francisco, CA 94105, USA","{'lat': 37.7915544, 'lng': -122.3940953}"
82,2582,Oakland Hebrew Day School,"5500 Redwood Rd, Oakland, CA 94619, USA","{'lat': 37.7976305, 'lng': -122.1698598}"
83,2583,Rancho Buena Vista High School,"305 E Bobier Dr, Vista, CA 92084, USA","{'lat': 33.2207148, 'lng': -117.2414286}"
84,2584,Crespi Carmelite High School,"5031 Alonzo Ave, Encino, CA 91316, USA","{'lat': 34.16181460000001, 'lng': -118.5209265}"
85,2585,Rialto Unified School District,"182 E Walnut Ave, Rialto, CA 92376, USA","{'lat': 34.1291054, 'lng': -117.3687997}"
86,2586,Alliance for CollegeReady Public Schools,"2023 S Union Ave, Los Angeles, CA 90007, USA","{'lat': 34.0365645, 'lng': -118.2830667}"
87,2587,PeaceBuilders,"12824 Lakeshore Dr, Lakeside, CA 92040, USA","{'lat': 32.8592554, 'lng': -116.9146903}"
88,2588,PeaceBuilders,"741 Atlantic Ave, Long Beach, CA 90813, USA","{'lat': 33.776229, 'lng': -118.1852671}"
89,2589,Monrovia High School,"845 W Colorado Blvd, Monrovia, CA 91016, USA","{'lat': 34.1481089, 'lng': -118.0175109}"
90,2590,Salida Union School District,"4801 Sisk Rd #201, Salida, CA 95368, USA","{'lat': 37.70754549999999, 'lng': -121.0779865}"
91,2591,Ventura Unified School District,"800 S Victoria Ave, Ventura, CA 93003, USA","{'lat': 34.2683029, 'lng': -119.2099784}"
92,2592,Mary E. Silveira School,"Mary E. Silveira Elementary School, 375 Blackstone Dr, San Rafael, CA 94903, USA","{'lat': 38.0375787, 'lng': -122.5444776}"
93,2593,Westlake High School,"100 Lakeview Canyon Rd, Thousand Oaks, CA 91362, USA","{'lat': 34.1603212, 'lng': -118.8167096}"
94,2594,Westerly School,"2950 E 29th St, Long Beach, CA 90806, USA","{'lat': 33.8073059, 'lng': -118.1559934}"
95,2595,Shasta Union High School District,"2200 Eureka Way Ste B, Redding, CA 96001, USA","{'lat': 40.5872236, 'lng': -122.4050546}"
96,2596,Roseville Joint Union High School District,"1750 Cirby Way, Roseville, CA 95661, USA","{'lat': 38.7280674, 'lng': -121.2587022}"
97,2597,St. Francis High School,"200 Foothill Blvd, La Cañada Flintridge, CA 91011, USA","{'lat': 34.1951536, 'lng': -118.1813825}"
98,2598,St. Francis High School,"200 Foothill Blvd, La Cañada Flintridge, CA 91011, USA","{'lat': 34.1951536, 'lng': -118.1813825}"
99,2599,Los Altos School District,"201 Covington Rd, Los Altos, CA 94024, USA","{'lat': 37.3715414, 'lng': -122.1070739}"
100,2600,St. Brendan School,"940 Laguna Honda Blvd, San Francisco, CA 94127, USA","{'lat': 37.74315, 'lng': -122.455823}"
101,2601,St. Ignatius College Prep,"2001 37th Ave, San Francisco, CA 94116, USA","{'lat': 37.74744, 'lng': -122.4966069}"
102,2602,St. Ignatius College Prep,"2001 37th Ave, San Francisco, CA 94116, USA","{'lat': 37.74744, 'lng': -122.4966069}"
103,2603,Lompoc Unified School District,"Lompoc, CA 93438, USA","{'lat': 34.64, 'lng': -120.46}"
104,2604,Lompoc Unified School District,"Lompoc, CA 93438, USA","{'lat': 34.64, 'lng': -120.46}"
105,2605,All Souls Catholic School,"479 Miller Ave, South San Francisco, CA 94080, USA","{'lat': 37.6572008, 'lng': -122.4152472}"
106,2606,Santa Rosa Christian School,"950 S Wright Rd, Santa Rosa, CA 95407, USA","{'lat': 38.4238382, 'lng': -122.7677024}"
107,2607,San Francisco University High School,"3065 Jackson St, San Francisco, CA 94115, USA","{'lat': 37.7909556, 'lng': -122.4453526}"
108,2608,Western Christian Schools,"1115 E Puente St, Covina, CA 91724, USA","{'lat': 34.0831588, 'lng': -117.8679557}"
109,2609,Mission Valley ROP,"5019 Stevenson Blvd, Fremont, CA 94538, USA","{'lat': 37.5282594, 'lng': -121.9839676}"
110,2610,School of the Madeleine,"1225 Milvia St, Berkeley, CA 94709, USA","{'lat': 37.8848278, 'lng': -122.271902}"
111,2611,Madonna Del Sasso School,"20 Santa Teresa Way, Salinas, CA 93906, USA","{'lat': 36.6962743, 'lng': -121.6456256}"
112,2612,St. Lucy School,"76 Kennedy Ave, Campbell, CA 95008, USA","{'lat': 37.2813464, 'lng': -121.9484477}"
113,2613,Gateway High School,"1430 Scott St, San Francisco, CA 94115, USA","{'lat': 37.7834716, 'lng': -122.4369036}"
114,2614,Westridge School,"324 Madeline Dr, Pasadena, CA 91105, USA","{'lat': 34.1264614, 'lng': -118.156519}"
115,2615,Stuart Hall School for Boys,"2222 Broadway, San Francisco, CA 94123, USA","{'lat': 37.7946572, 'lng': -122.4342936}"
116,2616,St. Vincent De Paul High School,"849 Keokuk St, Petaluma, CA 94952, USA","{'lat': 38.24356100000001, 'lng': -122.6507041}"
117,2617,The Urban School,"1563 Page St, San Francisco, CA 94117, USA","{'lat': 37.7708036, 'lng': -122.4465027}"
118,2618,Patrick Henry High School,"6702 Wandermere Dr, San Diego, CA 92120, USA","{'lat': 32.7990657, 'lng': -117.0514571}"
119,2619,Sierra Sands Unified School District,"113 W Felspar Ave, Ridgecrest, CA 93555, USA","{'lat': 35.6331882, 'lng': -117.6713289}"
120,2620,Woodside Priory School,"302 Portola Rd, Portola Valley, CA 94028, USA","{'lat': 37.3758677, 'lng': -122.2134901}"
121,2621,Prospect Sierra School,"960 Avis Dr, El Cerrito, CA 94530, USA","{'lat': 37.9148255, 'lng': -122.2984382}"
122,2622,The Pajaro Valley Unified School District schools,"294 Green Valley Rd, Watsonville, CA 95076, USA","{'lat': 36.939318, 'lng': -121.7688838}"
123,2623,St. Francis High School,"5900 Elvas Ave, Sacramento, CA 95819, USA","{'lat': 38.5601469, 'lng': -121.4309757}"
124,2624,Saint Elizabeth High School,"1530 34th Ave, Oakland, CA 94601, USA","{'lat': 37.77879009999999, 'lng': -122.2225263}"
125,2625,San Francisco State University,"1600 Holloway Ave, San Francisco, CA 94132, USA","{'lat': 37.7227669, 'lng': -122.4767213}"
126,2626,North Hills Prep School,"9433 Sepulveda Blvd, North Hills, CA 91343, USA","{'lat': 34.241839, 'lng': -118.4681932}"
127,2627,Menlo School,"50 Valparaiso Ave, Atherton, CA 94027, USA","{'lat': 37.4538207, 'lng': -122.1909677}"
128,2628,Sacred Heart Preparatory,"150 Valparaiso Ave, Atherton, CA 94027, USA","{'lat': 37.4491878, 'lng': -122.1964641}"
129,2629,Marin County Bicycle Coalition,"121 San Anselmo Ave, San Anselmo, CA 94960, USA","{'lat': 37.9710083, 'lng': -122.5618656}"
130,2630,Ascension Lutheran Church,"1600 E Hillcrest Dr, Thousand Oaks, CA 91362, USA","{'lat': 34.1818606, 'lng': -118.8499706}"
131,2631,MCOE,"632 W 13th St, Merced, CA 95341, USA","{'lat': 37.29712, 'lng': -120.4884864}"
132,2632,MCOE,"6738 Sultana Dr, Livingston, CA 95334, USA","{'lat': 37.3854773, 'lng': -120.6856345}"
133,2633,Eastside Christian Church,"1830 W Olympic Blvd, Los Angeles, CA 90006, USA","{'lat': 34.0504719, 'lng': -118.2776489}"
134,2634,California Association of Educational Office Professionals,"848 Evergreen St, Hemet, CA 92543, USA","{'lat': 33.7375562, 'lng': -116.9796583}"
135,2635,St. Bonaventure School,"16377 Bradbury Ln, Huntington Beach, CA 92647, USA","{'lat': 33.7241913, 'lng': -118.022107}"
136,2636,Monrovia USD,"325 E Huntington Dr, Monrovia, CA 91016, USA","{'lat': 34.140821, 'lng': -117.9956592}"
137,2637,The CIBACS Foundation,"21400 Magnolia St, Huntington Beach, CA 92646, USA","{'lat': 33.652585, 'lng': -117.9697105}"
138,2638,Nevada City Sch District,"700 Hoover Ln, Nevada City, CA 95959, USA","{'lat': 39.254828, 'lng': -121.030036}"
139,2639,Hebrew Day School,"3630 Afton Rd, San Diego, CA 92123, USA","{'lat': 32.8085378, 'lng': -117.1449498}"
140,2640,Garces Memorial High School,"2800 Loma Linda Dr, Bakersfield, CA 93305, USA","{'lat': 35.3996785, 'lng': -119.0011903}"
141,2641,Westside Union Elementary School District,"161 W Williams St, Banning, CA 92220, USA","{'lat': 33.9275115, 'lng': -116.878335}"
142,2642,HMC Architects,"1010 2nd Ave #810, San Diego, CA 92101, USA","{'lat': 32.7162522, 'lng': -117.1633619}"
143,2643,Palm Springs Teachers Association,"980 E Tahquitz Canyon Way, Palm Springs, CA 92262, USA","{'lat': 33.8240262, 'lng': -116.5374324}"
144,2644,Coronado Schools Foundation,"650 D Ave, Coronado, CA 92118, USA","{'lat': 32.691899, 'lng': -117.1783561}"
145,2645,Monte Vista Christian School,"2 School Way, Watsonville, CA 95076, USA","{'lat': 36.9829805, 'lng': -121.7679763}"
146,2646,Telluride Association Inc,"3152 Forest Lake Rd, Pebble Beach, CA 93953, USA","{'lat': 36.5825383, 'lng': -121.9500178}"
147,2647,California Agricultural Teachers' Association Incorporated,"1220 Monterey St, Hollister, CA 95023, USA","{'lat': 36.8419098, 'lng': -121.4049072}"
148,2648,Frameline,"50 Valparaiso Ave, Atherton, CA 94027, USA","{'lat': 37.4538207, 'lng': -122.1909677}"
149,2649,Lucerne Valley Unified School District,"33233 Rabbit Springs Rd, Lucerne Valley, CA 92356, USA","{'lat': 34.4578546, 'lng': -116.9390864}"
150,2650,Jacob's Heart,"9500 Stearns Ave, Oakland, CA 94605, USA","{'lat': 37.7530897, 'lng': -122.1550906}"
151,2651,Clovis Unified School Dist,"1450 Herndon Ave, Clovis, CA 93611, USA","{'lat': 36.8369109, 'lng': -119.6892979}"
152,2652,Hesperia Unified School District,"11107 Santa Fe Ave E, Hesperia, CA 92345, USA","{'lat': 34.4525539, 'lng': -117.2905729}"
153,2653,Guffey Community Charter School,"505 Concord Dr, Menlo Park, CA 94025, USA","{'lat': 37.4578468, 'lng': -122.1592156}"
154,2654,Red Rocks Community College,"13300 W 6th Ave, Golden, CO 80401, USA","{'lat': 39.7252202, 'lng': -105.1856582}"
155,2655,Colorado Tobacco Education and Prevention Alliance,"1900 Grant St # 630, Denver, CO 80203, USA","{'lat': 39.7465077, 'lng': -104.9831529}"
156,2656,WESTGATE COMMUNITY SCHOOL,"11700 Irma Dr, Northglenn, CO 80233, USA","{'lat': 39.9085602, 'lng': -104.9682665}"
157,2657,Red Rocks Community College,"5420 Miller St, Arvada, CO 80002, USA","{'lat': 39.7955012, 'lng': -105.112648}"
158,2658,FRONT RANGE CLIMBING COMPANY,"15368 Flowergate Way, Parker, CO 80134, USA","{'lat': 39.5254119, 'lng': -104.8111035}"
159,2659,Poudre School District,"222 W Laurel St, Fort Collins, CO 80521, USA","{'lat': 40.5784433, 'lng': -105.0801504}"
160,2660,Arrupe Jesuit High School,"4343 Utica St, Denver, CO 80212, USA","{'lat': 39.7756117, 'lng': -105.0454218}"
161,2661,University Schools,"1009 37th Ave Ct UNIT 102, Greeley, CO 80634, USA","{'lat': 40.421623, 'lng': -104.740407}"
162,2662,Colorado Springs Christian School,"4855 Mallow Rd, Colorado Springs, CO 80907, USA","{'lat': 38.8974742, 'lng': -104.8124622}"
163,2663,The Odyssey School,"6550 E 21st Ave, Denver, CO 80207, USA","{'lat': 39.74806030000001, 'lng': -104.9118878}"
164,2664,Mullen High School,"3601 S Lowell Blvd, Denver, CO 80236, USA","{'lat': 39.65129, 'lng': -105.0363376}"
165,2665,Monte Vista School District C-8,"345 E Prospect Ave, Monte Vista, CO 81144, USA","{'lat': 37.5826146, 'lng': -106.1546793}"
166,2666,"Provost Systems, Inc.","7730 E Belleview Ave, Greenwood Village, CO 80111, USA","{'lat': 39.6231967, 'lng': -104.8982056}"
167,2667,"Provost Systems, Inc.","7730 E Belleview Ave, Greenwood Village, CO 80111, USA","{'lat': 39.6231967, 'lng': -104.8982056}"
168,2668,Cresson Elementary School,"Cripple Creek, CO, USA","{'lat': 38.7466555, 'lng': -105.1783149}"
169,2669,Summit School District,"35 W Main St, Frisco, CO 80443, USA","{'lat': 39.5758951, 'lng': -106.1038461}"
170,2670,Red Rocks Community College,"13300 W 6th Ave, Golden, CO 80401, USA","{'lat': 39.7252202, 'lng': -105.1856582}"
171,2671,Red Rocks Community College,"13300 W 6th Ave Frontage Rd, Lakewood, CO 80228, USA","{'lat': 39.7202523, 'lng': -105.149974}"
172,2672,Canon City School Dist Re-1,"101 N 14th St, Cañon City, CO 81212, USA","{'lat': 38.4461966, 'lng': -105.229857}"
173,2673,St Pius Tenth Elementary Schl,"13680 E 14th Pl, Aurora, CO 80011, USA","{'lat': 39.7376644, 'lng': -104.8297967}"
174,2674,Summit School District,"348 Lake Dillon Drive, Dillon, CO 80435, USA","{'lat': 39.6294491, 'lng': -106.0469577}"
175,2675,University Schools,"6525 W 18th St, Greeley, CO 80634, USA","{'lat': 40.4115777, 'lng': -104.7880121}"
176,2676,Manitou Springs School Dist,"405 El Monte Pl, Manitou Springs, CO 80829, USA","{'lat': 38.8552894, 'lng': -104.9034802}"
177,2677,Eagle County Schools,"Wolcott, CO 81632, USA","{'lat': 39.7024819, 'lng': -106.6786192}"
178,2678,Pueblo School District No. 70,"28881 Gale Rd, Pueblo, CO 81006, USA","{'lat': 38.24966999999999, 'lng': -104.516282}"
179,2679,"Littleton ,","5776 S Crocker St, Littleton, CO 80120, USA","{'lat': 39.6114529, 'lng': -105.0078019}"
180,2680,Denver Public Schools,"2925 W 40th Ave, Denver, CO 80211, USA","{'lat': 39.7726517, 'lng': -105.0235147}"
181,2681,Denver Public Schools,"451 S Tejon St, Denver, CO 80223, USA","{'lat': 39.708932, 'lng': -105.011435}"
182,2682,Colorado Academy,"3800 S Pierce St, Denver, CO 80235, USA","{'lat': 39.6472725, 'lng': -105.0694647}"
183,2683,Steamboat Springs School District Re 2,"325 7th St, Steamboat Springs, CO 80487, USA","{'lat': 40.4879911, 'lng': -106.8317575}"
184,2684,Manitou Springs School Dist,"405 El Monte Pl, Manitou Springs, CO 80829, USA","{'lat': 38.8552894, 'lng': -104.9034802}"
185,2685,Douglas County Schools,"620 Wilcox St, Castle Rock, CO 80104, USA","{'lat': 39.3759109, 'lng': -104.8594172}"
186,2686,Stanley British Primary School,"350 Quebec St, Denver, CO 80230, USA","{'lat': 39.7220097, 'lng': -104.9028408}"
187,2687,COUNTY OF LAS ANIMAS,"20200 CO-12, Weston, CO 81091, USA","{'lat': 37.1273813, 'lng': -104.7925709}"
188,2688,Denver Public Schools,"780 Grant St, Denver, CO 80203, USA","{'lat': 39.7288197, 'lng': -104.9831985}"
189,2689,Canon City School District,"101 N 14th St, Cañon City, CO 81212, USA","{'lat': 38.4461966, 'lng': -105.229857}"
190,2690,Stargate School,"Eastlake, Thornton, CO 80241, USA","{'lat': 39.9237915, 'lng': -104.9607913}"
191,2691,Adams County School District 50,"2341 Sherrelwood Dr, Denver, CO 80221, USA","{'lat': 39.8449079, 'lng': -105.014111}"
192,2692,West Grand School District One-Jt,"Kremmling, CO 80459, USA","{'lat': 40.0588744, 'lng': -106.3889199}"
193,2693,Denver Public Schools,"900 Grant St, Denver, CO 80203, USA","{'lat': 39.7307769, 'lng': -104.9832898}"
194,2694,Rangely High School,"234 S Jones Ave RM 103, Rangely, CO 81648, USA","{'lat': 40.0844557, 'lng': -108.8015859}"
195,2695,Denver Public Schools,"98 Spruce St, Denver, CO 80230, USA","{'lat': 39.7221098, 'lng': -104.8940827}"
196,2696,Denver Public Schools,"900 Grant St, Denver, CO 80203, USA","{'lat': 39.7307769, 'lng': -104.9832898}"
197,2697,Beulah Heights Elementary School,"1902 Montezuma Rd, Pueblo, CO 81003, USA","{'lat': 38.2844078, 'lng': -104.6193422}"
198,2698,Denver Public Schools,"1350 E 33rd Ave, Denver, CO 80205, USA","{'lat': 39.7624516, 'lng': -104.9717882}"
