,_id,Name,Address,Geocodes
0,15200,Dixon Unified School Di...,"105 W A St, Belleville, IL 62220, USA","{'lat': 38.5148083, 'lng': -89.9857488}"
1,15201,Community Unit School D...,"540 Longwood Dr, Algonquin, IL 60102, USA","{'lat': 42.15779999999999, 'lng': -88.284404}"
2,15202,Canton Valley Restauran...,"620 Greenwood Ave, Glencoe, IL 60022, USA","{'lat': 42.1310859, 'lng': -87.7602654}"
3,15203,Canton Village Inc,"620 Greenwood Ave, Glencoe, IL 60022, USA","{'lat': 42.1310859, 'lng': -87.7602654}"
4,15204,Sam's Cafa(C),"18700 S Halsted St, Homewood, IL 60430, USA","{'lat': 41.5496496, 'lng': -87.63610059999999}"
5,15205,Capri Cuccina,"9401 Waukegan Rd, Morton Grove, IL 60053, USA","{'lat': 42.05258140000001, 'lng': -87.79869579999999}"
6,15206,Holy Trinity,"705 N Roosevelt Ave, Bloomington, IL 61701, USA","{'lat': 40.4847995, 'lng': -88.99638139999999}"
7,15207,Eisenhower Jr High Scho...,"345 N Salem Dr, Schaumburg, IL 60194, USA","{'lat': 42.0335982, 'lng': -88.1003029}"
8,15208,Kingman Primary School,"807 W Columbia Terrace, Peoria, IL 61606, USA","{'lat': 40.70354, 'lng': -89.60551819999999}"
9,15209,Santa Cruz County Offic...,"319 Harwood St, Joliet, IL 60432, USA","{'lat': 41.5313783, 'lng': -88.045058}"
10,15210,"CKE Restaurants, Inc.","Hardin, Elizabethtown, IL 62931, USA","{'lat': 37.4532846, 'lng': -88.3009427}"
11,15211,Community Consolidated ...,"310 Scott St, Wheeling, IL 60090, USA","{'lat': 42.1323968, 'lng': -87.950788}"
12,15212,Rantoul City Schools,"650 N Maplewood Dr, Rantoul, IL 61866, USA","{'lat': 40.317656, 'lng': -88.135567}"
13,15213,Berwyn South School Dis...,"3401 Gunderson Ave, Berwyn, IL 60402, USA","{'lat': 41.8302524, 'lng': -87.7847877}"
14,15214,School District 100 Ber...,"3401 Gunderson Ave #1, Berwyn, IL 60402, USA","{'lat': 41.8302524, 'lng': -87.7847877}"
15,15215,Associated Talmud Torah...,"2828 W Pratt Blvd, Chicago, IL 60645, USA","{'lat': 42.0055925, 'lng': -87.70109579999999}"
16,15216,Christ Church Episcopal,"701 S Mulberry St, Clinton, IL 61727, USA","{'lat': 40.1467138, 'lng': -88.966033}"
17,15217,Ombudsman Educational S...,"1585 N Milwaukee Ave #2A, Libertyville, IL 60048, USA","{'lat': 42.3018242, 'lng': -87.9586932}"
18,15218,Bond Co Cmty Unit Sch D...,"15501 E Ave L, Lewistown, IL 61542, USA","{'lat': 40.3851567, 'lng': -90.1518023}"
19,15219,Portland Public Schools,"602 W Jackson St, Bloomington, IL 61701, USA","{'lat': 40.4747737, 'lng': -89.0003789}"
20,15220,Lake Park High School,"600 Medinah Rd, Roselle, IL 60172, USA","{'lat': 41.9727729, 'lng': -88.0547641}"
21,15221,Fellowship of Christian...,"705 E Lincoln St, Normal, IL 61761, USA","{'lat': 40.520639, 'lng': -88.97212689999999}"
22,15222,Moultrie Telecommunicat...,"445 E Church St, Lovington, IL 61937, USA","{'lat': 39.71191049999999, 'lng': -88.6264978}"
23,15223,Board of Education of T...,"4436 S Union Ave, Chicago, IL 60609, USA","{'lat': 41.8130967, 'lng': -87.64385349999999}"
24,15224,Special Services Unit,"920 W Custer Ave Suite B, Pontiac, IL 61764, USA","{'lat': 40.8853401, 'lng': -88.64049870000001}"
25,15225,"DeVry, Inc.","Financial Plaza, 1201 S Alma School Rd, Mesa, AZ 85210, USA","{'lat': 33.392566, 'lng': -111.8563928}"
26,15226,Blessed Sacrament Churc...,"620 Taylor St, Morton, IL 61550, USA","{'lat': 40.6170088, 'lng': -89.4481603}"
27,15227,Learning Tech Center La...,"616 W Main St, Barrington, IL 60010, USA","{'lat': 42.155948, 'lng': -88.1474374}"
28,15228,School District U-46,"323 Waverly Dr, Elgin, IL 60120, USA","{'lat': 42.043954, 'lng': -88.25186599999999}"
29,15229,Oak Park Elementary Sch...,"230 S Cuyler Ave, Oak Park, IL 60302, USA","{'lat': 41.8840659, 'lng': -87.7825398}"
30,15230,Sonoma Valley Unified S...,"9400 S Sawyer Ave, Evergreen Park, IL 60805, USA","{'lat': 41.7224134, 'lng': -87.7036352}"
31,15231,Joppa Junior,"110 S Main St, Mackinaw, IL 61755, USA","{'lat': 40.53630150000001, 'lng': -89.3594516}"
32,15232,Mary Miller Junior High...,"315 S Henderson St, Mt Zion, IL 62549, USA","{'lat': 39.7673989, 'lng': -88.8759405}"
33,15233,Board of Education of T...,"4409 W Wilcox St, Chicago, IL 60624, USA","{'lat': 41.8784137, 'lng': -87.7361145}"
34,15234,Bibb County Public Scho...,"972 N Hill Ave, Decatur, IL 62522, USA","{'lat': 39.8507573, 'lng': -88.9738203}"
35,15235,Illiana Christian Hight...,"2261 Indiana Ave, Lansing, IL 60438, USA","{'lat': 41.565896, 'lng': -87.56136939999999}"
36,15236,Alton Community School ...,"6008 Godfrey Rd, Godfrey, IL 62035, USA","{'lat': 38.9540733, 'lng': -90.1916684}"
37,15237,Central Community Unit ...,"Burlington, IL 60109, USA","{'lat': 42.05139150000001, 'lng': -88.5471666}"
38,15238,Cary-Grove Community Hi...,"1 S Virginia St, Crystal Lake, IL 60014, USA","{'lat': 42.2406528, 'lng': -88.3403647}"
39,15239,Harlem Special Educatio...,"1 Huskie Cir, Machesney Park, IL 61115, USA","{'lat': 42.3557634, 'lng': -89.0254272}"
40,15240,Lyons Township High Sch...,"100 S Brainard Ave, La Grange, IL 60525, USA","{'lat': 41.81124390000001, 'lng': -87.8802899}"
41,15241,Community Unit School D...,"35W071 Villa Maria Rd, St. Charles, IL 60174, USA","{'lat': 41.9625531, 'lng': -88.30319960000001}"
42,15242,Princeville C U Sch Dis...,"780 Shoreline Dr, Aurora, IL 60504, USA","{'lat': 41.7442283, 'lng': -88.22452229999999}"
43,15243,Community Unit School D...,"300 Church St, Lake Zurich, IL 60047, USA","{'lat': 42.2042957, 'lng': -88.08356930000001}"
44,15244,Frankfort C U School Di...,"601 E Main St, West Frankfort, IL 62896, USA","{'lat': 37.8983946, 'lng': -88.9207706}"
45,15245,Alan B Shepard School,"200 W John Casey Rd, Bourbonnais, IL 60914, USA","{'lat': 41.166711, 'lng': -87.8778358}"
46,15246,Oak Park Elementary Sch...,"1125 S Cuyler Ave, Oak Park, IL 60304, USA","{'lat': 41.8681396, 'lng': -87.7832498}"
47,15247,Taft Elementary School,"1220 California Ave, Joliet, IL 60432, USA","{'lat': 41.54805150000001, 'lng': -88.05502779999999}"
48,15248,Springfield Public Scho...,"2501 S 1st St, Springfield, IL 62704, USA","{'lat': 39.77257729999999, 'lng': -89.6546309}"
49,15249,Community High School D...,"708 W Park Ave, Libertyville, IL 60048, USA","{'lat': 42.2837648, 'lng': -87.9661467}"
50,15250,Grand Avenue School,"101 E 15th St, Beardstown, IL 62618, USA","{'lat': 40.0064412, 'lng': -90.4262437}"
51,15251,Lewis & Clark Elementar...,"501 E Lorena Ave, Wood River, IL 62095, USA","{'lat': 38.8624988, 'lng': -90.0882441}"
52,15252,Urbana high School,"1108 Fairview Ave, Urbana, IL 61801, USA","{'lat': 40.1204182, 'lng': -88.22337139999999}"
53,15253,Pinewood Elementary Sch...,"2000 Harrison St, Glenview, IL 60025, USA","{'lat': 42.0637495, 'lng': -87.80883589999999}"
54,15254,Curie Metropolitan High...,"Curie Metropolitan High School, 4959 S Archer Ave, Chicago, IL 60632, USA","{'lat': 41.8018544, 'lng': -87.72187939999999}"
55,15255,Pepper Ridge School,"1101 Airport Rd, Bloomington, IL 61704, USA","{'lat': 40.5262061, 'lng': -88.92620339999999}"
56,15256,Muffley Elementary Scho...,"101 W Cerro Gordo St, Decatur, IL 62523, USA","{'lat': 39.8466861, 'lng': -88.9564604}"
57,15257,Springfield Public Scho...,"1201 Bunn St, Springfield, IL 62703, USA","{'lat': 39.7388525, 'lng': -89.6390656}"
58,15258,Baby Fold,"108 E Willow St, Normal, IL 61761, USA","{'lat': 40.5143461, 'lng': -88.9840504}"
59,15259,Cafe Enterprises,"100 E Martin St, Edinburg, IL 62531, USA","{'lat': 39.6601291, 'lng': -89.38809499999999}"
60,15260,Waukegan Public Schools,"1919 North Ave, Waukegan, IL 60087, USA","{'lat': 42.3871433, 'lng': -87.83517429999999}"
61,15261,Benton Community Consol...,"1000 Forest St, Benton, IL 62812, USA","{'lat': 37.9899749, 'lng': -88.9053649}"
62,15262,Aurora Christian Pre-Sc...,"14 Blackhawk St, Aurora, IL 60506, USA","{'lat': 41.76162069999999, 'lng': -88.3250697}"
63,15263,Kingman Primary School,"4603 Knoxville Ave, Peoria, IL 61614, USA","{'lat': 40.7439025, 'lng': -89.5966851}"
64,15264,School District U-46,"240 S Clifton Ave, Elgin, IL 60123, USA","{'lat': 42.0279705, 'lng': -88.3098833}"
65,15265,Lexington School Distri...,"Lexington, IL 61753, USA","{'lat': 40.6414237, 'lng': -88.7834001}"
66,15266,First 5 Kern,"29067 W Grass Lake Rd, Fox Lake, IL 60020, USA","{'lat': 42.42907049999999, 'lng': -88.18307910000001}"
67,15267,Rock Island School Dist...,"4101 22nd Ave, Rock Island, IL 61201, USA","{'lat': 41.49038729999999, 'lng': -90.544174}"
68,15268,First 5 Kern,"Germantown, IL 62245, USA","{'lat': 38.55366009999999, 'lng': -89.53842089999999}"
69,15269,Kingman Primary School,"5221 W Timberedge Dr, Peoria, IL 61615, USA","{'lat': 40.7567335, 'lng': -89.67412739999999}"
70,15270,Edwardsville High Schoo...,"59 IL-157, Edwardsville, IL 62025, USA","{'lat': 38.8073025, 'lng': -89.968076}"
71,15271,Solano County Office of...,"309 Hartman Ln, O'Fallon, IL 62269, USA","{'lat': 38.58887790000001, 'lng': -89.9479459}"
72,15272,Community Unit School D...,"334 Wakeman Ave, Wheaton, IL 60187, USA","{'lat': 41.8785034, 'lng': -88.1017528}"
73,15273,Champaign Community Uni...,"610 W University Ave, Champaign, IL 61820, USA","{'lat': 40.1166359, 'lng': -88.2535712}"
74,15274,Board of Education of T...,"3500 N Hoyne Ave, Chicago, IL 60618, USA","{'lat': 41.9453833, 'lng': -87.6811506}"
75,15275,East Dubuque Unit Sd 11...,"421 Greenwood Ave, East Dubuque, IL 61025, USA","{'lat': 42.4976896, 'lng': -90.6444951}"
76,15276,DISTRICT132 K12 IL,"1440 W Vermont St, Calumet Park, IL 60827, USA","{'lat': 41.66057319999999, 'lng': -87.6476285}"
77,15277,Alternative Schools Net...,"1807 W Sunnyside Ave, Chicago, IL 60640, USA","{'lat': 41.9630819, 'lng': -87.67487469999999}"
78,15278,St. Clair County Region...,"105 W A St, Belleville, IL 62220, USA","{'lat': 38.5148083, 'lng': -89.9857488}"
79,15279,Board of Education of T...,"2233 S Kedzie Ave, Chicago, IL 60623, USA","{'lat': 41.8504934, 'lng': -87.7048684}"
80,15280,"Red Oak Marketing, LLC","13975 W Polo Trail Dr, Lake Forest, IL 60045, USA","{'lat': 42.2674727, 'lng': -87.9049002}"
81,15281,Ford Heights Sch Distri...,"910 Woodlawn Ave, Chicago Heights, IL 60411, USA","{'lat': 41.5145857, 'lng': -87.58748059999999}"
82,15282,Amboy Central School,"140 S Appleton Ave, Amboy, IL 61310, USA","{'lat': 41.71301039999999, 'lng': -89.33764149999999}"
83,15283,Oswego 308 Community Un...,"4175 IL-71, Oswego, IL 60543, USA","{'lat': 41.6853065, 'lng': -88.3426016}"
84,15284,Lawrence Hall Youth Ser...,"4833 N Francisco Ave, Chicago, IL 60625, USA","{'lat': 41.9694335, 'lng': -87.7000949}"
85,15285,Holy Cross Parish,"720 Elder Ln, Deerfield, IL 60015, USA","{'lat': 42.1714761, 'lng': -87.8456128}"
86,15286,Board of Education of T...,"2009 W Schiller St, Chicago, IL 60622, USA","{'lat': 41.9064984, 'lng': -87.6787622}"
87,15287,Consolidated School Dis...,"725 Academic Dr, Algonquin, IL 60102, USA","{'lat': 42.163338, 'lng': -88.3760125}"
88,15288,Flatiron Construction C...,"325 N Wells St, Chicago, IL 60654, USA","{'lat': 41.8881406, 'lng': -87.6336764}"
89,15289,Basalt Middle School,"925 S Giant City Rd, Carbondale, IL 62902, USA","{'lat': 37.7170553, 'lng': -89.1845111}"
90,15290,BUREAU VALLEY CUSD #340,"Manlius, IL 61338, USA","{'lat': 41.4539074, 'lng': -89.6669265}"
91,15291,Chester Cmnty Unit Sch ...,"1940 Swanwick St, Chester, IL 62233, USA","{'lat': 37.9195701, 'lng': -89.81204729999999}"
92,15292,Elmhurst Community Unit...,"Victory Pkwy & Wilson St, Addison Township, IL 60126, USA","{'lat': 41.9256964, 'lng': -87.9335632}"
93,15293,Havana Community Unit S...,"801 E Laurel Ave, Havana, IL 62644, USA","{'lat': 40.2959282, 'lng': -90.0497197}"
94,15294,Hillsboro Community Sch...,"1311 Vandalia Rd, Hillsboro, IL 62049, USA","{'lat': 39.147697, 'lng': -89.4900483}"
95,15295,Consolidated School Dis...,"800 Academic Dr, Algonquin, IL 60102, USA","{'lat': 42.1583101, 'lng': -88.3753747}"
96,15296,Edwardsville High Schoo...,"400 W State St, Hamel, IL 62046, USA","{'lat': 38.8887327, 'lng': -89.8475212}"
97,15297,Lewis,"Bartelso, IL 62218, USA","{'lat': 38.5364382, 'lng': -89.4664739}"
98,15298,Board of Education of T...,"4046 N Leavitt St, Chicago, IL 60618, USA","{'lat': 41.9554822, 'lng': -87.6839294}"
99,15299,A C Thompson Elementary...,"4664 N Rockton Ave, Rockford, IL 61103, USA","{'lat': 42.3277501, 'lng': -89.1016424}"
100,15300,East Coloma School Dist...,"1602 Dixon Rd, Rock Falls, IL 61071, USA","{'lat': 41.7743131, 'lng': -89.664022}"
101,15301,St. Cloud Public School...,"80 N Airlite St, Elgin, IL 60123, USA","{'lat': 42.0356047, 'lng': -88.32954869999999}"
102,15302,Stockton Unified School...,"995 Long Grove Dr, Aurora, IL 60504, USA","{'lat': 41.7370435, 'lng': -88.2408701}"
103,15303,Stillwater Area Public ...,"715 Highland Ave, Oak Park, IL 60304, USA","{'lat': 41.8757498, 'lng': -87.78255899999999}"
104,15304,School District U-46,"1235 Braeburn Dr, Elgin, IL 60123, USA","{'lat': 42.06338969999999, 'lng': -88.310339}"
105,15305,Betsy Ross Elementary S...,"925 Beloit Ave, Forest Park, IL 60130, USA","{'lat': 41.86979940000001, 'lng': -87.8120618}"
106,15306,Palos Heights School Di...,"6610 W Highland Dr, Palos Heights, IL 60463, USA","{'lat': 41.6582631, 'lng': -87.7829433}"
107,15307,Pocahontas Elementary S...,"1000 IL-140, Greenville, IL 62246, USA","{'lat': 38.9012372, 'lng': -89.3991942}"
108,15308,Community Unit School D...,"630 Dawes Ave, Wheaton, IL 60189, USA","{'lat': 41.8525008, 'lng': -88.09610560000002}"
109,15309,Immaculate Conception S...,"505 E North St, Morris, IL 60450, USA","{'lat': 41.360859, 'lng': -88.41865229999999}"
110,15310,Board of Education of T...,"3535 E 114th St, Chicago, IL 60617, USA","{'lat': 41.6875577, 'lng': -87.5388128}"
111,15311,Cumberland School,"1496 IL-121, Hazel Dell, IL 62428, USA","{'lat': 39.2567919, 'lng': -88.1951114}"
112,15312,Lancaster School Distri...,"15W201 60th St, Burr Ridge, IL 60527, USA","{'lat': 41.7797709, 'lng': -87.922152}"
113,15313,Lancaster School Distri...,"7839 Lincoln Ave, Skokie, IL 60077, USA","{'lat': 42.0244305, 'lng': -87.75393480000001}"
114,15314,Board of Education of T...,"1301 W 14th St, Chicago, IL 60608, USA","{'lat': 41.8630879, 'lng': -87.659893}"
115,15315,School District U-46,"264 Oak St, Elgin, IL 60123, USA","{'lat': 42.0266718, 'lng': -88.28481409999999}"
116,15316,The School District of ...,"1520 Center Ave, Chicago Heights, IL 60411, USA","{'lat': 41.5037202, 'lng': -87.6293582}"
117,15317,Learning Tech Center La...,"24226 W Beach Grove Rd, Antioch, IL 60002, USA","{'lat': 42.4597028, 'lng': -88.1060258}"
118,15318,Township High School Di...,"1900 E Thomas St, Arlington Heights, IL 60004, USA","{'lat': 42.1038234, 'lng': -87.9590565}"
119,15319,Washington Office of Su...,"108 S Main St, Rochelle, IL 61068, USA","{'lat': 41.9188791, 'lng': -89.0651805}"
120,15320,A C Thompson Elementary...,"222 S Central Ave, Rockford, IL 61102, USA","{'lat': 42.2746618, 'lng': -89.11378909999999}"
121,15321,Indian Prairie School D...,"1322 N Eola Rd, Aurora, IL 60502, USA","{'lat': 41.7849486, 'lng': -88.2425435}"
122,15322,School District 157,"601 Willow St, Frankfort, IL 60423, USA","{'lat': 41.5108364, 'lng': -87.85750759999999}"
123,15323,St. Clair County Region...,"100 Andora Dr, Belleville, IL 62221, USA","{'lat': 38.524721, 'lng': -89.94617099999999}"
124,15324,Springfield Public Scho...,"1200 Outer Park Dr, Springfield, IL 62704, USA","{'lat': 39.7738589, 'lng': -89.67152639999999}"
125,15325,Indian Prairie School D...,"995 Long Grove Dr, Aurora, IL 60504, USA","{'lat': 41.7370435, 'lng': -88.2408701}"
126,15326,School District U-46,"420 May St, Elgin, IL 60120, USA","{'lat': 42.024836, 'lng': -88.2700629}"
127,15327,Des Plaines School Dist...,"700 E Golf Rd, Des Plaines, IL 60016, USA","{'lat': 42.0548055, 'lng': -87.9062569}"
128,15328,Des Plaines School Dist...,"700 E Golf Rd, Des Plaines, IL 60016, USA","{'lat': 42.0548055, 'lng': -87.9062569}"
129,15329,Naperville Community Un...,"2929 Green Trails Dr, Lisle, IL 60532, USA","{'lat': 41.7639455, 'lng': -88.10854359999999}"
130,15330,Centralia School Distri...,"200 S Pine St, Centralia, IL 62801, USA","{'lat': 38.52436549999999, 'lng': -89.12719849999999}"
131,15331,Bethalto West Elementar...,"111 W Roosevelt Dr, Moro, IL 62067, USA","{'lat': 38.9066523, 'lng': -90.0122052}"
132,15332,Palmdale USD,"425 Franklin Ave, West Frankfort, IL 62896, USA","{'lat': 37.9175421, 'lng': -88.97149}"
133,15333,Springfield Public Scho...,"101 E Laurel St, Springfield, IL 62704, USA","{'lat': 39.7832124, 'lng': -89.6543217}"
134,15334,Norridge School Distric...,"4251 N Oriole Ave, Norridge, IL 60706, USA","{'lat': 41.957293, 'lng': -87.8162091}"
135,15335,Springfield Public Scho...,"2501 S 11th St, Springfield, IL 62703, USA","{'lat': 39.770637, 'lng': -89.64145630000002}"
136,15336,Woodland Elementary Sch...,"770 Navajo Dr, Carpentersville, IL 60110, USA","{'lat': 42.1385275, 'lng': -88.2510807}"
137,15337,Oakland Unified School ...,"410 McCarthy Rd, Lemont, IL 60439, USA","{'lat': 41.6725277, 'lng': -87.9966285}"
138,15338,Regional Off of Ed Iroq...,"189 E Court St, Kankakee, IL 60901, USA","{'lat': 41.1205801, 'lng': -87.8642218}"
139,15339,Andrew High School,"1300 S Wolf Rd, Des Plaines, IL 60018, USA","{'lat': 42.0289466, 'lng': -87.9120278}"
140,15340,Lincoln Cnty School Dis...,"Dallas City, IL 62330, USA","{'lat': 40.6361526, 'lng': -91.16736809999999}"
141,15341,Baker Demonstration Sch...,"201 Sheridan Rd, Wilmette, IL 60091, USA","{'lat': 42.0704298, 'lng': -87.68422919999999}"
142,15342,Lincoln Cnty School Dis...,"2002 Eagle Ridge Dr, Silvis, IL 61282, USA","{'lat': 41.4985541, 'lng': -90.4002967}"
143,15343,East Moline School Dist...,"3555 19th St, East Moline, IL 61244, USA","{'lat': 41.4956113, 'lng': -90.42581129999999}"
144,15344,Round Lake Area Schools...,"1920 N Lotus Dr, Round Lake Heights, IL 60073, USA","{'lat': 42.3841843, 'lng': -88.1022277}"
145,15345,Evanston/Skokie School ...,"1551 Wesley Ave, Evanston, IL 60201, USA","{'lat': 42.0456116, 'lng': -87.69137979999999}"
146,15346,Atwood Hammond High Sch...,"222 W Magnolia St, Atwood, IL 61913, USA","{'lat': 39.8073218, 'lng': -88.46636649999999}"
147,15347,Ball-Chatham School Dis...,"525 S College St, Chatham, IL 62629, USA","{'lat': 39.6702404, 'lng': -89.7091578}"
148,15348,Grayslake Community Par...,"151 Hawley St, Grayslake, IL 60030, USA","{'lat': 42.3451581, 'lng': -88.040762}"
149,15349,Blessing Hospital,"S 14th St, Quincy, IL 62301, USA","{'lat': 39.9227867, 'lng': -91.39354449999999}"
150,15350,McClellan Grade School,"907 6th St, Bluford, IL 62814, USA","{'lat': 38.3225567, 'lng': -88.74182549999999}"
151,15351,Lincoln Cnty School Dis...,"623 S 34th St, Mt Vernon, IL 62864, USA","{'lat': 38.3098638, 'lng': -88.9350262}"
152,15352,Springfield Public Scho...,"524 W Elliott Ave, Springfield, IL 62702, USA","{'lat': 39.8137717, 'lng': -89.6612246}"
153,15353,DuPage County Regional ...,"1629 President St, Glendale Heights, IL 60139, USA","{'lat': 41.9181576, 'lng': -88.08999980000002}"
154,15354,Community Consolidated ...,"655 Golfview Terrace, Buffalo Grove, IL 60089, USA","{'lat': 42.14204840000001, 'lng': -87.96390509999999}"
155,15355,Darien Public Schools D...,"7414 S Cass Ave, Darien, IL 60561, USA","{'lat': 41.7528951, 'lng': -87.9750534}"
156,15356,Berkeley School Distric...,"1200 N Wolf Rd, Berkeley, IL 60163, USA","{'lat': 41.8923237, 'lng': -87.9037122}"
157,15357,Board of Education of T...,"936 E 54th St, Chicago, IL 60615, USA","{'lat': 41.7985756, 'lng': -87.6023599}"
158,15358,Plainfield Community Co...,"1900 Oxford Way, Joliet, IL 60431, USA","{'lat': 41.5562325, 'lng': -88.2855739}"
159,15359,Bridgeport Catholic Aca...,"3700 S Lowe Ave, Chicago, IL 60609, USA","{'lat': 41.8267333, 'lng': -87.64262}"
160,15360,Naperville Community Un...,"2403 Kingsley Dr, Naperville, IL 60565, USA","{'lat': 41.7207635, 'lng': -88.137453}"
161,15361,Board of Education of T...,"1136 W 122nd St, Chicago, IL 60643, USA","{'lat': 41.6727619, 'lng': -87.65025159999999}"
162,15362,School District U-46,"Countryside Park, 6 S Bartlett Rd, Streamwood, IL 60107, USA","{'lat': 42.0303341, 'lng': -88.1807366}"
163,15363,First 5 Tehama,"500 S School Dr, Lanark, IL 61046, USA","{'lat': 42.0970831, 'lng': -89.8305087}"
164,15364,DeKalb High School,"1515 S 4th St, DeKalb, IL 60115, USA","{'lat': 41.9115234, 'lng': -88.75466109999999}"
165,15365,Lincoln School,"211 S 6th Ave, St. Charles, IL 60174, USA","{'lat': 41.9128273, 'lng': -88.30673139999999}"
166,15366,Berwyn South School Dis...,"6850 31st St, Berwyn, IL 60402, USA","{'lat': 41.835493, 'lng': -87.795699}"
167,15367,School District 100 Ber...,"3105 Clinton Ave, Berwyn, IL 60402, USA","{'lat': 41.8355476, 'lng': -87.796072}"
168,15368,School District 100 Ber...,"6850 31st St, Berwyn, IL 60402, USA","{'lat': 41.835493, 'lng': -87.795699}"
169,15369,ADL-Co Labs,"10 W 35th St, Chicago, IL 60616, USA","{'lat': 41.8313852, 'lng': -87.62722149999999}"
170,15370,Blythe Park Elementary ...,"86 Southcote Rd, Riverside, IL 60546, USA","{'lat': 41.8403008, 'lng': -87.8192809}"
171,15371,Indian Prairie School D...,"780 Shoreline Dr, Aurora, IL 60504, USA","{'lat': 41.7442283, 'lng': -88.22452229999999}"
172,15372,A C Thompson Elementary...,"520 N Pierpont Ave, Rockford, IL 61101, USA","{'lat': 42.2826708, 'lng': -89.13836719999999}"
173,15373,Cook Elementary School,"8015 W 111th St, Palos Hills, IL 60465, USA","{'lat': 41.6878991, 'lng': -87.8185898}"
174,15374,Cook Elementary School,"1525 Hyde Park Ave, Waukegan, IL 60085, USA","{'lat': 42.3656483, 'lng': -87.84935449999999}"
175,15375,Community Consolidated ...,"51 St Armand Ln, Wheeling, IL 60090, USA","{'lat': 42.1408226, 'lng': -87.9443349}"
176,15376,Board of Education of T...,"9351 S Lowe Ave, Chicago, IL 60620, USA","{'lat': 41.7237047, 'lng': -87.6390588}"
177,15377,Carbondale Elem Sch Dis...,"W Jackson St, Carbondale, IL 62902, USA","{'lat': 37.7280523, 'lng': -89.2187192}"
178,15378,Puyallup School Distric...,"250 Illini Dr, Belleville, IL 62223, USA","{'lat': 38.542358, 'lng': -90.0678885}"
179,15379,Board of Education of T...,"2128 S St Louis Ave, Chicago, IL 60623, USA","{'lat': 41.8526667, 'lng': -87.7127204}"
180,15380,Alton Community School ...,"Alton, IL, USA","{'lat': 38.8906038, 'lng': -90.1842764}"
181,15381,Board of Education of T...,"2819 W 21st Pl, Chicago, IL 60623, USA","{'lat': 41.8525346, 'lng': -87.6963492}"
182,15382,New Lenox School Distri...,"731 E Joliet Hwy, New Lenox, IL 60451, USA","{'lat': 41.5058212, 'lng': -87.94781569999999}"
183,15383,Abingdon Community Unit...,"401 W Latimer St, Abingdon, IL 61410, USA","{'lat': 40.8056267, 'lng': -90.4028732}"
184,15384,Kansas High School,"Kansas, IL 61933, USA","{'lat': 39.5528129, 'lng': -87.9394779}"
185,15385,Aladdin Knowledge Syste...,"2920 N Arlington Heights Rd, Arlington Heights, IL 60004, USA","{'lat': 42.1303533, 'lng': -87.9807572}"
186,15386,A C Thompson Elementary...,"4145 Samuelson Rd, Rockford, IL 61109, USA","{'lat': 42.2063463, 'lng': -89.0406306}"
187,15387,Niles Township District...,"8701 Menard Ave, Morton Grove, IL 60053, USA","{'lat': 42.0392137, 'lng': -87.7708755}"
188,15388,Harvey School District ...,"14741 Wallace St, Harvey, IL 60426, USA","{'lat': 41.621275, 'lng': -87.6305149}"
189,15389,Turner Acceptance Corpo...,"4410 N Ravenswood Ave, Chicago, IL 60640, USA","{'lat': 41.961998, 'lng': -87.67487469999999}"
190,15390,Allendale Association,"600 E Grand Ave, Lake Villa, IL 60046, USA","{'lat': 42.4154491, 'lng': -88.0678779}"
191,15391,Brimfield High School,"216 E Clinton St, Brimfield, IL 61517, USA","{'lat': 40.84074, 'lng': -89.8821576}"
192,15392,Patoka Community Unit S...,"1300 Hawthorn Rd, Salem, IL 62881, USA","{'lat': 38.6379455, 'lng': -88.9587286}"
193,15393,Board of Education of T...,"11710 S Morgan St, Chicago, IL 60643, USA","{'lat': 41.6808757, 'lng': -87.64739949999999}"
194,15394,Treynor Elementary Scho...,"800 S Elmwood Ave, Waukegan, IL 60085, USA","{'lat': 42.3440971, 'lng': -87.8548988}"
195,15395,Raymore-Peculiar R-II,"3718 213th Pl, Matteson, IL 60443, USA","{'lat': 41.5018244, 'lng': -87.70567419999999}"
196,15396,School District U-46,"1650 Maureen Dr, Hoffman Estates, IL 60192, USA","{'lat': 42.0557273, 'lng': -88.2425435}"
197,15397,Banning Unified School ...,"615 E Orange St, Hoopeston, IL 60942, USA","{'lat': 40.45814370000001, 'lng': -87.6619662}"
198,15398,Ramsey Community Unit S...,"300 S 7th St, Vandalia, IL 62471, USA","{'lat': 38.9594679, 'lng': -89.09869830000001}"
199,15399,Brown County Elementary,"501 NW Cross St, Mt Sterling, IL 62353, USA","{'lat': 39.9899056, 'lng': -90.7657509}"
200,15400,Redwood City School Dis...,"16100 W 127th St, Lemont, IL 60439, USA","{'lat': 41.6546709, 'lng': -88.0133185}"
201,15401,Lyons School District 1...,"4632 Clyde Ave, Lyons, IL 60534, USA","{'lat': 41.8066196, 'lng': -87.8284655}"
202,15402,Madera High School,"24226 W Beach Grove Rd, Antioch, IL 60002, USA","{'lat': 42.4597028, 'lng': -88.1060258}"
203,15403,La Grange School Distri...,"9311 Shields Ave, Brookfield, IL 60513, USA","{'lat': 41.8122351, 'lng': -87.8541314}"
204,15404,Telsar Computer and Lan...,"525 N 3rd St, Girard, IL 62640, USA","{'lat': 39.4515258, 'lng': -89.7833295}"
205,15405,Jersey Community Unit S...,"28968 Delhi Rd, Jerseyville, IL 62052, USA","{'lat': 39.0431053, 'lng': -90.2590061}"
206,15406,Jasper County Community...,"609 S Lafayette St, Newton, IL 62448, USA","{'lat': 38.9839219, 'lng': -88.1640901}"
207,15407,Board of Education of T...,"6140 S Melvina Ave, Chicago, IL 60638, USA","{'lat': 41.7799456, 'lng': -87.7772557}"
208,15408,calvaryrose.org,"1017 N School St, Normal, IL 61761, USA","{'lat': 40.5230851, 'lng': -88.9904966}"
209,15409,Evanston/Skokie School ...,"1400 Oakton St, Evanston, IL 60202, USA","{'lat': 42.0262311, 'lng': -87.6926936}"
210,15410,Pocahontas Elementary S...,"1008 N Hena St, Greenville, IL 62246, USA","{'lat': 38.8995424, 'lng': -89.3989167}"
211,15411,Minneapolis Public Scho...,"1000 Primm Rd, Lincoln, IL 62656, USA","{'lat': 40.1376618, 'lng': -89.3579305}"
212,15412,Gibson City Elementary ...,"316 E 19th St, Gibson City, IL 60936, USA","{'lat': 40.4800905, 'lng': -88.3723978}"
213,15413,Board of Education of T...,"2642 W 15th Pl, Chicago, IL 60608, USA","{'lat': 41.86037719999999, 'lng': -87.69266329999999}"
214,15414,School District U-46,"111 E North Ave, Bartlett, IL 60103, USA","{'lat': 41.9941636, 'lng': -88.1830216}"
215,15415,Spring Hill Board Of Ed...,"777 W Elk Grove Blvd, Elk Grove Village, IL 60007, USA","{'lat': 42.0072939, 'lng': -87.9905855}"
216,15416,Bushnell-Prairie City H...,"Bushnell, IL 61422, USA","{'lat': 40.5528183, 'lng': -90.50624}"
217,15417,Lk Villa Community Cons...,"1381 Lake St, Libertyville, IL 60048, USA","{'lat': 42.2909707, 'lng': -87.9797826}"
218,15418,Aspira Inc Of Illinois,"2415 N Milwaukee Ave, Chicago, IL 60647, USA","{'lat': 41.925285, 'lng': -87.70076859999999}"
219,15419,LW District 210,"201 Colorado Ave, Frankfort, IL 60423, USA","{'lat': 41.5131981, 'lng': -87.85436159999999}"
220,15420,Edinburg Community Unit...,"100 E Martin St, Edinburg, IL 62531, USA","{'lat': 39.6601291, 'lng': -89.38809499999999}"
221,15421,Auburn Community Unit S...,"601 N 7th St, Auburn, IL 62615, USA","{'lat': 39.5957473, 'lng': -89.748599}"
222,15422,East Richland Cmty Sch ...,"1100 E Laurel St, Olney, IL 62450, USA","{'lat': 38.7343297, 'lng': -88.0730849}"
223,15423,River Forest School Dis...,"511 Park Ave, River Forest, IL 60305, USA","{'lat': 41.88891599999999, 'lng': -87.8191545}"
224,15424,Gillespie High School,"218 W Main St, Carlinville, IL 62626, USA","{'lat': 39.279895, 'lng': -89.88365569999999}"
225,15425,A C Thompson Elementary...,"315 Summit St, Rockford, IL 61107, USA","{'lat': 42.2697209, 'lng': -89.0730871}"
226,15426,SILVIS SCHOOL DISTRICT ...,"1305 5th Ave, Silvis, IL 61282, USA","{'lat': 41.50687240000001, 'lng': -90.4117081}"
227,15427,Immaculate Conception S...,"321 S Metter Ave, Columbia, IL 62236, USA","{'lat': 38.442375, 'lng': -90.1964337}"
228,15428,Malden R-I,"520 5th Ave, Erie, IL 61250, USA","{'lat': 41.6506286, 'lng': -90.078637}"
229,15429,Board of Education of T...,"300 W King St, Fairfield, IL 62837, USA","{'lat': 38.3744911, 'lng': -88.36354349999999}"
230,15430,Basehor Elementary East,"300 S Walnut St, Normal, IL 61761, USA","{'lat': 40.5080642, 'lng': -88.9792291}"
231,15431,Board of Education of T...,"7414 N Wolcott Ave, Chicago, IL 60626, USA","{'lat': 42.0171179, 'lng': -87.6780632}"
232,15432,Madera High School,"311 Mulberry St, Greenfield, IL 62044, USA","{'lat': 39.3426611, 'lng': -90.20803079999999}"
233,15433,Springfield Public Scho...,"850 W Lake Shore Dr, Springfield, IL 62712, USA","{'lat': 39.7436082, 'lng': -89.6153794}"
234,15434,Lawrence Unified School...,"515 Maple St, Rockford, IL 61103, USA","{'lat': 42.2809812, 'lng': -89.0947104}"
235,15435,Calvary Academy,"16300 State St, South Holland, IL 60473, USA","{'lat': 41.5989608, 'lng': -87.61778939999999}"
236,15436,Knoxville School Distri...,"600 E Main St, Knoxville, IL 61448, USA","{'lat': 40.9071649, 'lng': -90.27604579999999}"
237,15437,Regional Off of Ed Adam...,"107 E Mill St, Waterloo, IL 62298, USA","{'lat': 38.336359, 'lng': -90.1501205}"
238,15438,Lansing Christian Schoo...,"3660 Randolph St, Lansing, IL 60438, USA","{'lat': 41.5667253, 'lng': -87.5270666}"
239,15439,Naperville Community Un...,"2403 Kingsley Dr, Naperville, IL 60565, USA","{'lat': 41.7208662, 'lng': -88.1376829}"
240,15440,Forest Ridge School Dis...,"15000 Laramie Ave, Oak Forest, IL 60452, USA","{'lat': 41.6194456, 'lng': -87.7472301}"
241,15441,East Aurora School Dist...,"700 S Farnsworth Ave, Aurora, IL 60505, USA","{'lat': 41.741681, 'lng': -88.2802545}"
242,15442,Lake Co Special Educ Co...,"18160 W Gages Lake Rd, Grayslake, IL 60030, USA","{'lat': 42.3537205, 'lng': -87.98631499999999}"
243,15443,Bellaire High School,"3730 N Oakley Ave, Chicago, IL 60618, USA","{'lat': 41.9493403, 'lng': -87.6866953}"
244,15444,Board of Education of T...,"2524 S Central Park Ave, Chicago, IL 60623, USA","{'lat': 41.84557969999999, 'lng': -87.7151751}"
245,15445,Grant Park C U School D...,"Grant Park, IL 60940, USA","{'lat': 41.24114489999999, 'lng': -87.6461491}"
246,15446,Board of Education of T...,"1548 W 48th St, Chicago, IL 60609, USA","{'lat': 41.8071414, 'lng': -87.6640467}"
247,15447,Evanston/Skokie School ...,"2300 Green Bay Rd, Evanston, IL 60201, USA","{'lat': 42.0600054, 'lng': -87.69593499999999}"
248,15448,Country Meadows Montess...,"6151 Washington St, Grayslake, IL 60030, USA","{'lat': 42.3570189, 'lng': -88.0436598}"
249,15449,DePue Unit School Distr...,"DePue, IL 61322, USA","{'lat': 41.3163502, 'lng': -89.2965947}"
250,15450,BUREAU VALLEY CUSD #340,"Manlius, IL 61338, USA","{'lat': 41.4539074, 'lng': -89.6669265}"
251,15451,Patoka Community Unit S...,"Iuka, IL 62849, USA","{'lat': 38.6161588, 'lng': -88.79033400000002}"
252,15452,Lincoln School,"910 Forest Ave, Evanston, IL 60202, USA","{'lat': 42.0345484, 'lng': -87.6757619}"
253,15453,Northfield Twp High Sch...,"2300 Shermer Rd, Northbrook, IL 60062, USA","{'lat': 42.1110073, 'lng': -87.836556}"
254,15454,Community High School D...,"1625 Deep Lake Rd Ste A, Lake Villa, IL 60046, USA","{'lat': 42.4458993, 'lng': -88.0603746}"
255,15455,Board of Education of T...,"3303 N Lawndale Ave, Chicago, IL 60618, USA","{'lat': 41.9410732, 'lng': -87.7195648}"
256,15456,Summithill School Distr...,"20027 S 88th Ave, Frankfort, IL 60423, USA","{'lat': 41.5062972, 'lng': -87.8279744}"
257,15457,Board of Education of T...,"2040 W Adams St, Chicago, IL 60612, USA","{'lat': 41.8790889, 'lng': -87.67841709999999}"
258,15458,Jersey Community Unit S...,"Fieldon, IL 62031, USA","{'lat': 39.1086589, 'lng': -90.4984513}"
259,15459,Board of Education of T...,"6650 S Ellis Ave, Chicago, IL 60637, USA","{'lat': 41.774602, 'lng': -87.60127299999999}"
260,15460,Learning Tech Center La...,"10271 W Beach Rd, Beach Park, IL 60087, USA","{'lat': 42.4196255, 'lng': -87.8311823}"
261,15461,Board of Education of T...,"10354 S Charles St, Chicago, IL 60643, USA","{'lat': 41.7053769, 'lng': -87.65849829999999}"
262,15462,Community Consolidated ...,"1105 W Illinois Ave, Palatine, IL 60067, USA","{'lat': 42.0954696, 'lng': -88.0703028}"
263,15463,Board of Education of T...,"7350 W Pratt Ave, Chicago, IL 60631, USA","{'lat': 42.0046525, 'lng': -87.8108201}"
264,15464,Glenview Public School ...,"2000 Harrison St, Glenview, IL 60025, USA","{'lat': 42.0637495, 'lng': -87.80883589999999}"
265,15465,Mahomet-Seymour CUSD#3,"102 E State St, Mahomet, IL 61853, USA","{'lat': 40.1988585, 'lng': -88.40622669999999}"
266,15466,DuPage County Regional ...,"5211 Center Ave, Lisle, IL 60532, USA","{'lat': 41.7905466, 'lng': -88.0713004}"
267,15467,Washington Office of Su...,"2544 Crystal Dr, Joliet, IL 60435, USA","{'lat': 41.5696565, 'lng': -88.15452599999999}"
268,15468,Daniel Wright Middle Sc...,"1370 Riverwoods Rd, Lake Forest, IL 60045, USA","{'lat': 42.2208529, 'lng': -87.9058778}"
269,15469,Homer School District A...,"16025 S Cedar Rd, Lockport, IL 60491, USA","{'lat': 41.59697269999999, 'lng': -87.9771353}"
270,15470,Dongola School Unit Dis...,"Dongola, IL 62926, USA","{'lat': 37.3611615, 'lng': -89.1659117}"
271,15471,East Lake Academy,"13911 W Laurel Dr, Lake Forest, IL 60045, USA","{'lat': 42.2694912, 'lng': -87.9037122}"
272,15472,Mt. Diablo Unified Scho...,"8940 W 24th St, North Riverside, IL 60546, USA","{'lat': 41.8463342, 'lng': -87.8471481}"
273,15473,Board of Education of T...,"10810 S Avenue H, Chicago, IL 60617, USA","{'lat': 41.6978741, 'lng': -87.5337129}"
274,15474,Kaneland CUSD 302,"85 S Main St, Sugar Grove, IL 60554, USA","{'lat': 41.7622124, 'lng': -88.4450068}"
275,15475,Edwardsville High Schoo...,"59 IL-157, Edwardsville, IL 62025, USA","{'lat': 38.8073025, 'lng': -89.968076}"
276,15476,Board of Education of T...,"3419 S Bell Ave, Chicago, IL 60608, USA","{'lat': 41.8317132, 'lng': -87.6811453}"
277,15477,Board of Education of T...,"4251 N Clarendon Ave, Chicago, IL 60613, USA","{'lat': 41.9600422, 'lng': -87.6492392}"
278,15478,Champaign Comm Unit Sch...,"2001 Garden Hills Dr, Champaign, IL 61821, USA","{'lat': 40.1362075, 'lng': -88.2732621}"
279,15479,Community Consolidated ...,"500 N Jonathan Dr, Palatine, IL 60074, USA","{'lat': 42.1189648, 'lng': -88.0081033}"
280,15480,Chicago Academy For The...,"1010 W Chicago Ave, Chicago, IL 60642, USA","{'lat': 41.89648740000001, 'lng': -87.65321999999999}"
281,15481,School District U-46,"235 Jacaranda Dr, Bartlett, IL 60103, USA","{'lat': 41.947095, 'lng': -88.173576}"
282,15482,Herscher Community Unit...,"522 E Smith St, Bonfield, IL 60913, USA","{'lat': 41.147103, 'lng': -88.0500803}"
283,15483,Indian Prairie School D...,"2620 Leverenz Rd, Naperville, IL 60564, USA","{'lat': 41.7180719, 'lng': -88.1978371}"
284,15484,Community Unit School D...,"407 S 5th St, West Dundee, IL 60118, USA","{'lat': 42.0938757, 'lng': -88.28177439999999}"
285,15485,Community Unit School D...,"124 Golfview Ln, Carpentersville, IL 60110, USA","{'lat': 42.110977, 'lng': -88.2480197}"
286,15486,Buridge Middle School,"510 W Elm St, Gillespie, IL 62033, USA","{'lat': 39.128342, 'lng': -89.82515}"
287,15487,Milton-Freewater Unifie...,"1500 Charles St, Rockford, IL 61104, USA","{'lat': 42.2642342, 'lng': -89.07077489999999}"
288,15488,Washington Office of Su...,"1520 Center Ave, Chicago Heights, IL 60411, USA","{'lat': 41.5037202, 'lng': -87.6293582}"
289,15489,Learning Tech Center La...,"201 E Jefferson St, Joliet, IL 60432, USA","{'lat': 41.5259259, 'lng': -88.07446329999999}"
290,15490,Schaumburg CCSD #54,"320 W Wise Rd, Schaumburg, IL 60193, USA","{'lat': 42.0057221, 'lng': -88.0891602}"
291,15491,The Chicago Academy for...,"1010 W Chicago Ave, Chicago, IL 60642, USA","{'lat': 41.89648740000001, 'lng': -87.65321999999999}"
292,15492,Board of Education of T...,"838 W Marquette Rd, Chicago, IL 60621, USA","{'lat': 41.77270800000001, 'lng': -87.646416}"
293,15493,Brickton Montessori Sch...,"8622 W Catalpa Ave, Chicago, IL 60656, USA","{'lat': 41.9794454, 'lng': -87.8435026}"
294,15494,School District U-46,"225 S Liberty St, Elgin, IL 60120, USA","{'lat': 42.0329335, 'lng': -88.2676213}"
295,15495,Eisenhower Jr High Scho...,"116 W Beech Dr, Schaumburg, IL 60193, USA","{'lat': 42.0220969, 'lng': -88.0829771}"
296,15496,Board of Education of T...,"412 S Keeler Ave, Chicago, IL 60624, USA","{'lat': 41.8747407, 'lng': -87.7307287}"
297,15497,Jacksonville School DST...,"352 Franklin St, Jacksonville, IL 62650, USA","{'lat': 39.7280964, 'lng': -90.225394}"
298,15498,Aurora Christian Pre-Sc...,"801 W Illinois Ave, Aurora, IL 60506, USA","{'lat': 41.7711559, 'lng': -88.3341031}"
299,15499,Drought School,"793 N Main St, Glen Ellyn, IL 60137, USA","{'lat': 41.8883016, 'lng': -88.0637734}"
300,15500,Immanuel Lutheran Schoo...,"148 E 3rd St, Elmhurst, IL 60126, USA","{'lat': 41.9037529, 'lng': -87.9375541}"
301,15501,Martin Luther King High...,"4445 S Drexel Blvd, Chicago, IL 60653, USA","{'lat': 41.8138791, 'lng': -87.6027457}"
302,15502,Board of Education of T...,"2040 W 62nd St, Chicago, IL 60636, USA","{'lat': 41.7816454, 'lng': -87.6756705}"
303,15503,Board of Education of T...,"231 N Pine Ave, Chicago, IL 60644, USA","{'lat': 41.885368, 'lng': -87.762958}"
304,15504,Welcome to Illini Centr...,"Northwest Ave, Mason City, IL 62664, USA","{'lat': 40.2049916, 'lng': -89.7068024}"
305,15505,Beacon Therapeutic Diag...,"1912 W 103rd St, Chicago, IL 60643, USA","{'lat': 41.7068875, 'lng': -87.66971}"
306,15506,Pembroke Comm Consol Di...,"4120 S Wheeler Rd, St Anne, IL 60964, USA","{'lat': 41.065892, 'lng': -87.60266999999999}"
307,15507,Learning Tech Center La...,"28855 N Fremont Center Rd, Mundelein, IL 60060, USA","{'lat': 42.28219139999999, 'lng': -88.0700006}"
308,15508,All Saints Catholic Sch...,"1236 N 10th St, Quincy, IL 62301, USA","{'lat': 39.9465837, 'lng': -91.3997706}"
309,15509,Harvey School District ...,"16001 Lincoln Ave, Harvey, IL 60426, USA","{'lat': 41.59863180000001, 'lng': -87.66265969999999}"
310,15510,Belvidere Community Uni...,"919 E 6th St, Belvidere, IL 61008, USA","{'lat': 42.24639390000001, 'lng': -88.8292266}"
311,15511,Hartsburg Emden Communi...,"400 W Front St, Hartsburg, IL 62643, USA","{'lat': 40.2489156, 'lng': -89.4443361}"
312,15512,Four Winds Waldors Scho...,"29W160 Calumet Ave E #30, Warrenville, IL 60555, USA","{'lat': 41.8251505, 'lng': -88.189324}"
313,15513,Dolton Riverdale School...,"14151 Lincoln Ave #114W, Dolton, IL 60419, USA","{'lat': 41.6382673, 'lng': -87.60467469999999}"
314,15514,Central Islip Union Fre...,"609 S Lafayette St, Newton, IL 62448, USA","{'lat': 38.9839219, 'lng': -88.1640901}"
315,15515,Robinson Community Unit...,"609 S Lafayette St, Newton, IL 62448, USA","{'lat': 38.9839219, 'lng': -88.1640901}"
316,15516,Burbank District 111,"7600 Central Ave, Burbank, IL 60459, USA","{'lat': 41.7542374, 'lng': -87.7618033}"
317,15517,Bethalto West Elementar...,"200 School St, Bethalto, IL 62010, USA","{'lat': 38.9092065, 'lng': -90.0628529}"
318,15518,Arrowhead Ranch Inc,"12200 104th St, Coal Valley, IL 61240, USA","{'lat': 41.3976967, 'lng': -90.469884}"
319,15519,Dry Creek Joint Element...,"424 Des Plaines Ave, Forest Park, IL 60130, USA","{'lat': 41.8786343, 'lng': -87.8137899}"
320,15520,Marysville Joint Unifie...,"601 Taylor St, East Peoria, IL 61611, USA","{'lat': 40.6641053, 'lng': -89.57076339999999}"
321,15521,DuPage Montessori Schoo...,"24W500 Maple Ave, Naperville, IL 60540, USA","{'lat': 41.7813379, 'lng': -88.10297369999999}"
322,15522,Cornerstone Christian A...,"Bloomington, IL 61702, USA","{'lat': 40.5095467, 'lng': -88.985868}"
323,15523,Muffley Elementary Scho...,"3900 N Neely Ave, Decatur, IL 62526, USA","{'lat': 39.8936758, 'lng': -88.94461020000001}"
324,15524,Bismarck Jr High School,"17302 E 2750 North Rd, Bismarck, IL 61814, USA","{'lat': 40.2635772, 'lng': -87.6196452}"
325,15525,Niles Township Communit...,"6901 W Oakton St, Niles, IL 60714, USA","{'lat': 42.025863, 'lng': -87.79950699999999}"
326,15526,Springfield Public Scho...,"1825 Lee St, Springfield, IL 62703, USA","{'lat': 39.7527409, 'lng': -89.6260473}"
327,15527,De Land-Weldon C U Sch ...,"304 IL-10, De Land, IL 61839, USA","{'lat': 40.12833860000001, 'lng': -88.6855035}"
328,15528,Cary-Grove Community Hi...,"45 E Franklin Ave, Crystal Lake, IL 60014, USA","{'lat': 42.2374521, 'lng': -88.3190609}"
329,15529,Board of Education of T...,"5329 S Oak Park Ave, Chicago, IL 60638, USA","{'lat': 41.79511919999999, 'lng': -87.79078179999999}"
330,15530,Jersey Community Unit S...,"1200 Grafton Hills Dr, Grafton, IL 62037, USA","{'lat': 38.9866743, 'lng': -90.42069230000001}"
331,15531,Jersey Community Unit S...,"1200 Grafton Hills Dr, Grafton, IL 62037, USA","{'lat': 38.9866743, 'lng': -90.42069230000001}"
332,15532,St. Clair County Region...,"905 Bluffview Elementary Ln, Dupo, IL 62239, USA","{'lat': 38.51446, 'lng': -90.2030008}"
333,15533,Board of Education of T...,"6741 S Michigan Ave, Chicago, IL 60637, USA","{'lat': 41.7715893, 'lng': -87.62140649999999}"
334,15534,Board of Education of T...,"9652 S Michigan Ave, Chicago, IL 60628, USA","{'lat': 41.71761, 'lng': -87.6215689}"
335,15535,DuPage High School Dist...,"W Highridge Rd, Oakbrook Terrace, IL 60181, USA","{'lat': 41.8668904, 'lng': -87.98539699999999}"
336,15536,Regional Office of Educ...,"2700 1/2 Washington Ave #800, Cairo, IL 62914, USA","{'lat': 37.0091503, 'lng': -89.1828077}"
337,15537,Calvin Christian School,"528 E 161st Pl, South Holland, IL 60473, USA","{'lat': 41.6020991, 'lng': -87.60374879999999}"
338,15538,McHenry County Schools,"3201 Hercules Rd, Woodstock, IL 60098, USA","{'lat': 42.2785026, 'lng': -88.44393749999999}"
339,15539,Western Cusd School Dis...,"401 McDonough St, Barry, IL 62312, USA","{'lat': 39.6971968, 'lng': -91.044325}"
340,15540,Franklin Jefferson Spcl...,"1027 N Franklin Dr, Benton, IL 62812, USA","{'lat': 38.0114009, 'lng': -88.9169107}"
341,15541,Taft Elementary School,"Joliet, IL 60435, USA","{'lat': 41.5359304, 'lng': -88.1193763}"
342,15542,Hempstead High School,"516 Jordan St, Jacksonville, IL 62650, USA","{'lat': 39.7359517, 'lng': -90.2358264}"
343,15543,Board of Education of T...,"501 S Snider St, Christopher, IL 62822, USA","{'lat': 37.9685712, 'lng': -89.0585371}"
344,15544,Modesto City Schools,"708 N State St, Lockport, IL 60441, USA","{'lat': 41.6048611, 'lng': -88.0479995}"
345,15545,Epiphany Catholic Grade...,"1002 E College Ave, Normal, IL 61761, USA","{'lat': 40.511244, 'lng': -88.97181479999999}"
346,15546,Hempstead High School,"Dongola, IL 62926, USA","{'lat': 37.3611615, 'lng': -89.1659117}"
347,15547,Immaculate Conception S...,"505 E North St, Morris, IL 60450, USA","{'lat': 41.360859, 'lng': -88.41865229999999}"
348,15548,Ackman Marek & Boyd Ltd...,"189 E Court St, Kankakee, IL 60901, USA","{'lat': 41.1205801, 'lng': -87.8642218}"
349,15549,Board of Education of T...,"1326 S Avers Ave, Chicago, IL 60623, USA","{'lat': 41.8636018, 'lng': -87.72180999999999}"
350,15550,Board of Education of T...,"4445 S Drexel Blvd, Chicago, IL 60653, USA","{'lat': 41.8138791, 'lng': -87.6027457}"
351,15551,Woodridge School Distri...,"2806 83rd St, Woodridge, IL 60517, USA","{'lat': 41.736909, 'lng': -88.050781}"
352,15552,Board of Education of T...,"2300 W 64th St, Chicago, IL 60636, USA","{'lat': 41.7778253, 'lng': -87.6814582}"
353,15553,Board of Education of T...,"10041 S Union Ave, Chicago, IL 60628, USA","{'lat': 41.71107, 'lng': -87.640153}"
354,15554,emmons-school,"24226 W Beach Grove Rd, Antioch, IL 60002, USA","{'lat': 42.4597028, 'lng': -88.1060258}"
355,15555,Heyworth High School,"522 E Main St, Heyworth, IL 61745, USA","{'lat': 40.3144456, 'lng': -88.9709034}"
356,15556,Fox River Country Day S...,"1600 Dundee Ave, Elgin, IL 60120, USA","{'lat': 42.0677339, 'lng': -88.26267589999999}"
357,15557,La Salle County Regiona...,"119 W Madison St # 201, Ottawa, IL 61350, USA","{'lat': 41.346278, 'lng': -88.8423444}"
358,15558,Morton Community Unit S...,"2550 N Morton Ave, Morton, IL 61550, USA","{'lat': 40.6452936, 'lng': -89.4631749}"
359,15559,Duluth Public School Di...,"Educational Partnership Foundation, 2222 W Church St, Johnsburg, IL 60050, USA","{'lat': 42.383166, 'lng': -88.2407183}"
360,15560,Burbank District 111,"8235 Linder Ave, Burbank, IL 60459, USA","{'lat': 41.7431893, 'lng': -87.7572665}"
361,15561,All Saints Academy,"295 N Clinton St, Breese, IL 62230, USA","{'lat': 38.6101722, 'lng': -89.5292434}"
362,15562,Clinton Unit School Dis...,"220 N Monroe St, Clinton, IL 61727, USA","{'lat': 40.15431270000001, 'lng': -88.95877840000001}"
363,15563,bighollow school distri...,"33335 N Fish Lake Rd, Ingleside, IL 60041, USA","{'lat': 42.3486869, 'lng': -88.14355189999999}"
364,15564,St Joseph Central Catho...,"1501 N Oakley Blvd, Chicago, IL 60622, USA","{'lat': 41.90909, 'lng': -87.6843081}"
365,15565,Joliet Twp. High School...,"201 E Jefferson St, Joliet, IL 60432, USA","{'lat': 41.5259259, 'lng': -88.07446329999999}"
366,15566,Board of Education of T...,"9101 S Jeffery Blvd, Chicago, IL 60617, USA","{'lat': 41.7294908, 'lng': -87.5752509}"
367,15567,Aurora Christian Pre-Sc...,"2255 Sullivan Rd, Aurora, IL 60506, USA","{'lat': 41.7898049, 'lng': -88.3667291}"
368,15568,Holy Family Parish Scho...,"502 E Main St, Danville, IL 61832, USA","{'lat': 40.1242286, 'lng': -87.62210879999999}"
369,15569,Community Unit School D...,"130 W Park Ave, Wheaton, IL 60189, USA","{'lat': 41.857304, 'lng': -88.1074373}"
370,15570,Quincy University,"1800 College Ave, Quincy, IL 62301, USA","{'lat': 39.9405616, 'lng': -91.3855142}"
371,15571,A C Thompson Elementary...,"515 Maple St, Rockford, IL 61103, USA","{'lat': 42.2809812, 'lng': -89.0947104}"
372,15572,Adams Telephone Coopera...,"Quincy, IL 62306, USA","{'lat': 39.95, 'lng': -91.36}"
373,15573,Community Unit School D...,"4N195 Fox Mill Blvd, St. Charles, IL 60175, USA","{'lat': 41.9285771, 'lng': -88.3915767}"
374,15574,Lake County Special Edu...,"18042 W Gages Lake Rd, Grayslake, IL 60030, USA","{'lat': 42.35502940000001, 'lng': -87.9837572}"
375,15575,Galesburg Community Uni...,"1018 S Farnham St, Galesburg, IL 61401, USA","{'lat': 40.9348258, 'lng': -90.34632420000001}"
376,15576,Community Consolidated ...,"21899 Torrence Ave, Sauk Village, IL 60411, USA","{'lat': 41.4873809, 'lng': -87.557276}"
377,15577,Alachua County Public W...,"516 Jordan St, Jacksonville, IL 62650, USA","{'lat': 39.7359517, 'lng': -90.2358264}"
378,15578,Harvard Community Unit ...,"1103 N Jefferson St, Harvard, IL 60033, USA","{'lat': 42.4282907, 'lng': -88.6095067}"
379,15579,Board of Education of T...,"1431 N Leamington Ave, Chicago, IL 60651, USA","{'lat': 41.9071425, 'lng': -87.7542673}"
380,15580,A C Thompson Elementary...,"333 15th Ave, Rockford, IL 61104, USA","{'lat': 42.2500113, 'lng': -89.09351769999999}"
381,15581,Lk Villa Community Cons...,"149 Madison St, Highland, IL 62249, USA","{'lat': 38.7403145, 'lng': -89.6907763}"
382,15582,District 105 Curriculum,"9901 W 58th St, Countryside, IL 60525, USA","{'lat': 41.7845544, 'lng': -87.86608}"
383,15583,Woodland Elementary Sch...,"61 W Penny Rd, South Barrington, IL 60010, USA","{'lat': 42.0951872, 'lng': -88.1778167}"
384,15584,Board of Education of T...,"12450 S State St, Chicago, IL 60628, USA","{'lat': 41.667382, 'lng': -87.6228165}"
385,15585,D41 schools,"380 Greenfield Ave, Glen Ellyn, IL 60137, USA","{'lat': 41.8670285, 'lng': -88.073968}"
386,15586,Jersey City Board Educa...,"100 Lincoln Ave, Jerseyville, IL 62052, USA","{'lat': 39.1163937, 'lng': -90.33858529999999}"
387,15587,Computer Problem Solvin...,"6700 N Greenview Ave, Chicago, IL 60626, USA","{'lat': 42.0041643, 'lng': -87.66842179999999}"
388,15588,Arlington Heights Sch D...,"2330 N Verde Dr, Arlington Heights, IL 60004, USA","{'lat': 42.1194125, 'lng': -87.9981583}"
389,15589,Arrowhead Ranch Inc,"Coal Valley, IL 61240, USA","{'lat': 41.4286456, 'lng': -90.4609648}"
390,15590,Holy Rosary Catholic Ch...,"2727 N 43rd St, Fairmont City, IL 62201, USA","{'lat': 38.64613689999999, 'lng': -90.10542090000001}"
391,15591,DeKalb High School,"3225 Sangamon Rd, DeKalb, IL 60115, USA","{'lat': 41.9670208, 'lng': -88.7526601}"
392,15592,Albers School District ...,"Albers, IL, USA","{'lat': 38.5433823, 'lng': -89.61231289999999}"
393,15593,Abingdon Chamber of Com...,"201 W Lower St, Abingdon, IL 61410, USA","{'lat': 40.7987936, 'lng': -90.4004071}"
394,15594,Paris Comm Unit School ...,"160 E Edgar St, Paris, IL 61944, USA","{'lat': 39.6182705, 'lng': -87.6941071}"
395,15595,Fisher Grade School,"801 S 5th St, Fisher, IL 61843, USA","{'lat': 40.3089269, 'lng': -88.3543645}"
396,15596,Bethany United Methodis...,"607 Walnut St SE, Clay City, IL 62824, USA","{'lat': 38.6838586, 'lng': -88.35141039999999}"
397,15597,East Maine School Distr...,"8955 N Greenwood Ave, Niles, IL 60714, USA","{'lat': 42.0426997, 'lng': -87.83931779999999}"
398,15598,Lewis & Clark Elementar...,"501 E Lorena Ave, Wood River, IL 62095, USA","{'lat': 38.8624988, 'lng': -90.0882441}"
399,15599,Hempstead High School,"200 Parklane Dr, East Dubuque, IL 61025, USA","{'lat': 42.4969867, 'lng': -90.62589439999999}"
400,15600,DuPage County Regional ...,"W Highridge Rd, Oakbrook Terrace, IL 60181, USA","{'lat': 41.8668904, 'lng': -87.98539699999999}"
401,15601,Heritage Christian Scho...,"1100 Jefferson St, Oregon, IL 61061, USA","{'lat': 42.0139162, 'lng': -89.34238959999999}"
402,15602,Hardin County C U Schoo...,"Hardin, Elizabethtown, IL 62931, USA","{'lat': 37.4532846, 'lng': -88.3009427}"
403,15603,Peter J Palombi Inter S...,"304 E Grand Ave, Lake Villa, IL 60046, USA","{'lat': 42.4158482, 'lng': -88.0744945}"
404,15604,D41 schools,"240 Geneva Rd, Glen Ellyn, IL 60137, USA","{'lat': 41.8890593, 'lng': -88.0805958}"
405,15605,Locust Elementary Schoo...,"539 Locust St, Marengo, IL 60152, USA","{'lat': 42.24112119999999, 'lng': -88.5986453}"
406,15606,Board of Education of T...,"8045 S Kenwood Ave, Chicago, IL 60619, USA","{'lat': 41.7488548, 'lng': -87.5911703}"
407,15607,Loyola University of Ch...,"7054 S Jeffery Blvd, Chicago, IL 60649, USA","{'lat': 41.7663877, 'lng': -87.5767741}"
408,15608,Galena High School,"Galena Middle School, 1230 Franklin St, Galena, IL 61036, USA","{'lat': 42.4279355, 'lng': -90.44235119999999}"
409,15609,Fredrick Douglass Acade...,"543 N Waller Ave, Chicago, IL 60644, USA","{'lat': 41.8903432, 'lng': -87.76733910000002}"
410,15610,Bond Co Cmty Unit Sch D...,"777 Falconridge Way, Bolingbrook, IL 60440, USA","{'lat': 41.7115362, 'lng': -88.04318599999999}"
411,15611,Plainfield Community Co...,"15732 S Howard St, Plainfield, IL 60544, USA","{'lat': 41.5968655, 'lng': -88.1936075}"
412,15612,Lansing Christian Schoo...,"3660 Randolph St, Lansing, IL 60438, USA","{'lat': 41.5667253, 'lng': -87.5270666}"
413,15613,Learning Tech Center La...,"29067 W Grass Lake Rd, Fox Lake, IL 60020, USA","{'lat': 42.42907049999999, 'lng': -88.18307910000001}"
414,15614,East Central School Dis...,"7401 Westchester Dr, Belleville, IL 62223, USA","{'lat': 38.5495461, 'lng': -90.05587369999999}"
415,15615,Galena High School,"Galena Primary School, 219 Kelly Ln, Galena, IL 61036, USA","{'lat': 42.4256365, 'lng': -90.4411722}"
416,15616,Friendship Junior High ...,"1401 Pennsylvania Ave, Des Plaines, IL 60018, USA","{'lat': 42.0276005, 'lng': -87.9255709}"
417,15617,The Catholic Diocese of...,"705 N Roosevelt Ave, Bloomington, IL 61701, USA","{'lat': 40.4847995, 'lng': -88.99638139999999}"
418,15618,Adams Telephone Coopera...,"505 N Park St, Liberty, IL 62347, USA","{'lat': 39.8862235, 'lng': -91.10817519999999}"
419,15619,Nicolet High School,"201 S Ferne Clyffe Rd, Goreville, IL 62939, USA","{'lat': 37.5543577, 'lng': -88.9786676}"
420,15620,Leroy Community Unit Sc...,"505 E Center St, Le Roy, IL 61752, USA","{'lat': 40.3466872, 'lng': -88.755563}"
421,15621,School District U-46,"190 N Melrose Ave, Elgin, IL 60123, USA","{'lat': 42.03878659999999, 'lng': -88.3091238}"
422,15622,Schaumburg CCSD #54,"Northwest Suburbs, 310 Springinsguth Rd, Schaumburg, IL 60193, USA","{'lat': 42.0196167, 'lng': -88.12021539999999}"
423,15623,Northbrook Elem School ...,"1250 Sanders Rd, Northbrook, IL 60062, USA","{'lat': 42.1289679, 'lng': -87.88072179999999}"
424,15624,Yorkville Dist 115,"3142 Grande Trail, Yorkville, IL 60560, USA","{'lat': 41.6883534, 'lng': -88.401983}"
425,15625,Moline Unit School Dist...,"1004 1st St, Rock Island, IL 61201, USA","{'lat': 41.5027211, 'lng': -90.53742520000002}"
426,15626,School District U-46,"1515 Raymond St, South Elgin, IL 60177, USA","{'lat': 42.0049651, 'lng': -88.28177439999999}"
427,15627,Arrowhead Ranch,"12200 104th St, Coal Valley, IL 61240, USA","{'lat': 41.3976967, 'lng': -90.469884}"
428,15628,Chicago Public School S...,"9000 S Exchange Ave, Chicago, IL 60617, USA","{'lat': 41.7310257, 'lng': -87.55295060000002}"
429,15629,Moline Unit School Dist...,"3428 Avenue of the Cities, Moline, IL 61265, USA","{'lat': 41.4913907, 'lng': -90.48752759999999}"
430,15630,School District 147,"14600 Seeley Ave, Dixmoor, IL 60426, USA","{'lat': 41.62430130000001, 'lng': -87.6671867}"
431,15631,Carthage High School,"600 Miller St, Carthage, IL 62321, USA","{'lat': 40.4211865, 'lng': -91.13342809999999}"
432,15632,Community Unit School D...,"520 5th Ave, Erie, IL 61250, USA","{'lat': 41.6506286, 'lng': -90.078637}"
433,15633,Cafe Enterprises,"1309 W 95th St, Chicago, IL 60643, USA","{'lat': 41.72025379999999, 'lng': -87.6557239}"
434,15634,Learning Tech Center La...,"1133 Main St, Antioch, IL 60002, USA","{'lat': 42.4727517, 'lng': -88.0926712}"
435,15635,Eastern Illinois Specia...,"1201 S 6th St, Mattoon, IL 61938, USA","{'lat': 39.4709499, 'lng': -88.3604076}"
436,15636,The Chicago Mathematics...,"1705 W Lunt Ave, Chicago, IL 60626, USA","{'lat': 42.00878240000001, 'lng': -87.67230649999999}"
437,15637,The Avery Coonley Schoo...,"1400 Maple Ave, Downers Grove, IL 60515, USA","{'lat': 41.7894261, 'lng': -88.0203338}"
438,15638,Waukegan Public Schools,"1324 N Sheridan Rd, Waukegan, IL 60085, USA","{'lat': 42.3781863, 'lng': -87.83271769999999}"
439,15639,Carterville Junior High...,"306 Virginia Ave, Carterville, IL 62918, USA","{'lat': 37.7582696, 'lng': -89.11143750000001}"
440,15640,North Suburban Library ...,"1100 Laramie Ave, Wilmette, IL 60091, USA","{'lat': 42.0836741, 'lng': -87.7598101}"
441,15641,Springfield Public Scho...,"1701 S MacArthur Blvd, Springfield, IL 62704, USA","{'lat': 39.7817279, 'lng': -89.6690699}"
442,15642,Inner City Teaching Cor...,"3141 W Jackson Blvd, Chicago, IL 60612, USA","{'lat': 41.8770686, 'lng': -87.70506189999999}"
443,15643,BEECHER CITY C U SCHOOL...,"Beecher City, IL 62414, USA","{'lat': 39.1880983, 'lng': -88.7867278}"
444,15644,Westminster School Dist...,"905 Lily Cache Ln, Bolingbrook, IL 60440, USA","{'lat': 41.688024, 'lng': -88.1076281}"
445,15645,Aladdin Knowledge Syste...,"601 W Campus Dr, Arlington Heights, IL 60004, USA","{'lat': 42.1340406, 'lng': -87.99150350000001}"
446,15646,Itasca School District,"301 E North St, Itasca, IL 60143, USA","{'lat': 41.976263, 'lng': -88.01082199999999}"
447,15647,DePue Unit School Distr...,"Manlius, IL 61338, USA","{'lat': 41.4539074, 'lng': -89.6669265}"
448,15648,Oak Creek-Franklin Sch ...,"9620 Normandy Ave, Oak Lawn, IL 60453, USA","{'lat': 41.7177336, 'lng': -87.78793859999999}"
449,15649,Buridge Middle School,"1825 215th Pl, Sauk Village, IL 60411, USA","{'lat': 41.497029, 'lng': -87.570177}"
450,15650,El Paso-Gridley High Sc...,"250 W 3rd St, El Paso, IL 61738, USA","{'lat': 40.7413527, 'lng': -89.0202374}"
451,15651,Woodridge School Distri...,"7900 Woodridge Dr, Woodridge, IL 60517, USA","{'lat': 41.7421892, 'lng': -88.0484579}"
452,15652,Coal City 1 Cmty Sch Di...,"300 N Broadway St, Coal City, IL 60416, USA","{'lat': 41.2909937, 'lng': -88.2858251}"
453,15653,Pleasant Valley Element...,"301 W Butternut St, Elmwood, IL 61529, USA","{'lat': 40.7818797, 'lng': -89.9704093}"
454,15654,School District 140,"16835 Odell Ave, Tinley Park, IL 60477, USA","{'lat': 41.5841175, 'lng': -87.7965445}"
455,15655,Taft Elementary School,"319 Harwood St, Joliet, IL 60432, USA","{'lat': 41.5313783, 'lng': -88.045058}"
456,15656,St. Clair County Region...,"1901 Mascoutah Ave, Belleville, IL 62220, USA","{'lat': 38.5039527, 'lng': -89.9531253}"
457,15657,Board of Education of T...,"8914 S Buffalo Ave, Chicago, IL 60617, USA","{'lat': 41.7331839, 'lng': -87.54476199999999}"
458,15658,Board of Education of T...,"6110 N Fairfield Ave, Chicago, IL 60659, USA","{'lat': 41.9924651, 'lng': -87.69870689999999}"
459,15659,Downers Grove Grade Sch...,"2220 Haddow Ave, Downers Grove, IL 60515, USA","{'lat': 41.79859709999999, 'lng': -88.0388305}"
460,15660,Illinois Transit Assemb...,"1980 3rd St, Madison, IL 62060, USA","{'lat': 38.6792705, 'lng': -90.1440209}"
461,15661,Mary Miller Junior High...,"313 S Ohio St, Ashmore, IL 61912, USA","{'lat': 39.5313835, 'lng': -88.02078790000002}"
462,15662,Benton Consolidated Hig...,"511 E Main St, Benton, IL 62812, USA","{'lat': 37.99719930000001, 'lng': -88.91271979999999}"
463,15663,Board of Education of T...,"6110 N Fairfield Ave, Chicago, IL 60659, USA","{'lat': 41.9924651, 'lng': -87.69870689999999}"
464,15664,Board Of Education Dist...,"14123 Lydia Ave, Robbins, IL 60472, USA","{'lat': 41.6360044, 'lng': -87.7040215}"
465,15665,Delia M Turner Elementa...,"3847 W 135th St, Robbins, IL 60472, USA","{'lat': 41.6470545, 'lng': -87.7153374}"
466,15666,Plainfield Community Co...,"14050 S Budler Rd, Plainfield, IL 60544, USA","{'lat': 41.6290968, 'lng': -88.15696489999999}"
467,15667,Black Cow Cafe,"501 W South St, Annawan, IL 61234, USA","{'lat': 41.39372729999999, 'lng': -89.9121085}"
468,15668,School District U-46,"234 E Stearns Rd, Bartlett, IL 60103, USA","{'lat': 41.9719617, 'lng': -88.1738501}"
469,15669,Lisle Junior High Schoo...,"5207 Center Ave, Lisle, IL 60532, USA","{'lat': 41.7904416, 'lng': -88.07106639999999}"
470,15670,Edgar County C U School...,"23231 IL-1, Chrisman, IL 61924, USA","{'lat': 39.810072, 'lng': -87.67435189999999}"
471,15671,Brehm Preparatory Schoo...,"1245 E Grand Ave, Carbondale, IL 62901, USA","{'lat': 37.7165782, 'lng': -89.19248019999999}"
472,15672,Anoka-Hennepin School D...,"6025 109th Ave N, Champlin, MN 55316, USA","{'lat': 45.15011399999999, 'lng': -93.35508899999999}"
473,15673,Lincoln School,"501 E Erie St, Spring Valley, IL 61362, USA","{'lat': 41.3253083, 'lng': -89.1923946}"
474,15674,Hamilton High School,"McLeansboro, IL 62859, USA","{'lat': 38.0933811, 'lng': -88.53560759999999}"
475,15675,KIDS,"422 Wells St, Sandwich, IL 60548, USA","{'lat': 41.6414792, 'lng': -88.6193852}"
476,15676,Champaign Comm Unit Sch...,"913 Crescent Dr, Champaign, IL 61821, USA","{'lat': 40.1061851, 'lng': -88.2824583}"
477,15677,A C Thompson Elementary...,"512 Fairview Ave, Rockford, IL 61108, USA","{'lat': 42.2612968, 'lng': -89.04130239999999}"
478,15678,Board of Education of T...,"Amandla Charter School, 6800 S Stewart Ave, Chicago, IL 60621, USA","{'lat': 41.7708441, 'lng': -87.63258569999999}"
479,15679,Cary-Grove Community Hi...,"1 S Virginia Rd, Crystal Lake, IL 60014, USA","{'lat': 42.2197576, 'lng': -88.320818}"
480,15680,Naperville Community Un...,"1320 Olympus Dr, Naperville, IL 60565, USA","{'lat': 41.7470154, 'lng': -88.1381365}"
481,15681,A C Thompson Elementary...,"5620 Spring Creek Rd, Rockford, IL 61114, USA","{'lat': 42.2987633, 'lng': -89.0066226}"
482,15682,Board of Education of T...,"2957 N Hoyne Ave, Chicago, IL 60618, USA","{'lat': 41.9355734, 'lng': -87.6802278}"
483,15683,Kingman Primary School,"2702 West Krause Avenue, Peoria, IL 61605, USA","{'lat': 40.6663917, 'lng': -89.63656530000002}"
484,15684,Board of Education of T...,"1234 N Monticello Ave, Chicago, IL 60651, USA","{'lat': 41.9040722, 'lng': -87.7182183}"
485,15685,Board Of Education Dist...,"3847 W 135th St, Robbins, IL 60472, USA","{'lat': 41.6470545, 'lng': -87.7153374}"
486,15686,Board of Education of T...,"4652 S Bishop St, Chicago, IL 60609, USA","{'lat': 41.8088242, 'lng': -87.66170029999999}"
487,15687,Illinois Association of...,"222 W Magnolia St, Atwood, IL 61913, USA","{'lat': 39.8073218, 'lng': -88.46636649999999}"
488,15688,Centralia School Distri...,"1101 S Locust St, Centralia, IL 62801, USA","{'lat': 38.5159892, 'lng': -89.13716319999999}"
489,15689,Board of Education of T...,"6656 S Normal Blvd, Chicago, IL 60621, USA","{'lat': 41.772998, 'lng': -87.6373493}"
490,15690,Brown County Elementary,"500 E Main St, Mt Sterling, IL 62353, USA","{'lat': 39.9815712, 'lng': -90.75268469999999}"
491,15691,Board of Education of T...,"5200 N Ashland Ave, Chicago, IL 60640, USA","{'lat': 41.9767251, 'lng': -87.67005680000001}"
492,15692,Community Unit School D...,"37W888 IL-72, Elgin, IL 60124, USA","{'lat': 42.1033079, 'lng': -88.3442644}"
493,15693,Board of Education of T...,"3611 E 114th St, Chicago, IL 60617, USA","{'lat': 41.6878095, 'lng': -87.5360311}"
494,15694,Horace Mann School,"8050 S Chappel Ave, Chicago, IL 60617, USA","{'lat': 41.7485181, 'lng': -87.5751142}"
495,15695,Champaign Comm Unit Sch...,"306 W Green St, Champaign, IL 61820, USA","{'lat': 40.1107839, 'lng': -88.2474873}"
496,15696,Oswego Cmnty Unit Schl ...,"570 Colchester Dr, Oswego, IL 60543, USA","{'lat': 41.6706774, 'lng': -88.3308315}"
497,15697,Oswego Cmnty Unit Schl ...,"Herscher, IL 60941, USA","{'lat': 41.0491989, 'lng': -88.0978262}"
498,15698,Anna-Jonesboro High Sch...,"608 S Main St, Anna, IL 62906, USA","{'lat': 37.4552959, 'lng': -89.2548874}"
