,_id,Name,Address,Geocodes
0,3000,Colorado Springs School District 11,"2727 N Cascade Ave, Colorado Springs, CO 80907, USA","{'lat': 38.8715229, 'lng': -104.8220235}"
1,3001,Adams 12 Five Star Schools,"2800 W 135th Ave, Broomfield, CO 80020, USA","{'lat': 39.9413499, 'lng': -105.0193974}"
2,3002,The Indiana Dairy Goat Association INC,"2135 S Pearl St, Denver, CO 80210, USA","{'lat': 39.6779951, 'lng': -104.9810184}"
3,3003,cmsd.k12.co,"1775 La Clede St, Colorado Springs, CO 80905, USA","{'lat': 38.8052074, 'lng': -104.8388496}"
4,3004,Bollman Technical Education Center,"455 Eppinger Blvd, Thornton, CO 80229, USA","{'lat': 39.8644594, 'lng': -104.9824226}"
5,3005,Bollman Technical Education Center,"601 W 100th Pl, Northglenn, CO 80260, USA","{'lat': 39.8799987, 'lng': -104.9951118}"
6,3006,cmsd.k12.co,"440 W Cheyenne Mountain Blvd, Colorado Springs, CO 80906, USA","{'lat': 38.7896586, 'lng': -104.8360223}"
7,3007,Bollman Technical Education Center,"9451 Washington St, Denver, CO 80229, USA","{'lat': 39.8673151, 'lng': -104.9786105}"
8,3008,Video Vault,"855 W Oak Ct, Louisville, CO 80027, USA","{'lat': 39.9845466, 'lng': -105.1583565}"
9,3009,Regis Jesuit High School,"6400 S Lewiston Way, Aurora, CO 80016, USA","{'lat': 39.6000567, 'lng': -104.7990445}"
10,3010,Fairview HS,"6500 Arapahoe Rd, Boulder, CO 80303, USA","{'lat': 40.0128181, 'lng': -105.2009241}"
11,3011,Boulder Valley School District,"6500 Arapahoe Rd, Boulder, CO 80303, USA","{'lat': 40.0128181, 'lng': -105.2009241}"
12,3012,St. Vrain Valley School District,"395 S Pratt Pkwy, Longmont, CO 80501, USA","{'lat': 40.1554221, 'lng': -105.1071666}"
13,3013,Douglas County Schools,"620 Wilcox St, Castle Rock, CO 80104, USA","{'lat': 39.3759109, 'lng': -104.8594172}"
14,3014,Colorado Society Of School Pyschologists,"2115 Grand Ave, Grand Junction, CO 81501, USA","{'lat': 39.0698499, 'lng': -108.540148}"
15,3015,National Association of Scholars,"5540 Tech Center Dr, Colorado Springs, CO 80919, USA","{'lat': 38.9118356, 'lng': -104.8286352}"
16,3016,Colorado Springs Education Association,"1115 N El Paso St, Colorado Springs, CO 80903, USA","{'lat': 38.8494982, 'lng': -104.8121089}"
17,3017,Moffat County School District,"900 Finley Ln, Craig, CO 81625, USA","{'lat': 40.52147739999999, 'lng': -107.5628082}"
18,3018,Colorado Lutheran High School Association,"10461 S Parker Rd, Parker, CO 80134, USA","{'lat': 39.5274022, 'lng': -104.7670975}"
19,3019,Colorado Springs Education Association,"1115 N El Paso St, Colorado Springs, CO 80903, USA","{'lat': 38.8494982, 'lng': -104.8121089}"
20,3020,Aspen Education Foundation,"235 High School Rd, Aspen, CO 81611, USA","{'lat': 39.1906471, 'lng': -106.8480752}"
21,3021,Kent Credit Union,"4000 E Quincy Ave, Cherry Hills Village, CO 80113, USA","{'lat': 39.6343824, 'lng': -104.9404454}"
22,3022,Arickaree R2,"12155 Co Rd NN, Anton, CO 80801, USA","{'lat': 39.745111, 'lng': -103.0287735}"
23,3023,Cedaredge Elementary School,"1765 US-50, Delta, CO 81416, USA","{'lat': 38.7032764, 'lng': -108.0296031}"
24,3024,Cedaredge Elementary School,"438 Bulldog St, Hotchkiss, CO 81419, USA","{'lat': 38.7896884, 'lng': -107.6990022}"
25,3025,Jefferson County Education Association,"13300 W 2nd Pl, Denver, CO 80228, USA","{'lat': 39.7148543, 'lng': -105.1481117}"
26,3026,Bollman Technical Education Center,"1500 E 128th Ave, Thornton, CO 80241, USA","{'lat': 39.9268679, 'lng': -104.967171}"
27,3027,Academy Charter School,"1551 Prairie Hawk Dr, Castle Rock, CO 80109, USA","{'lat': 39.3837824, 'lng': -104.872003}"
28,3028,Carbon Valley Academy,"4040 Coriolis Way, Longmont, CO 80504, USA","{'lat': 40.1132441, 'lng': -104.9778584}"
29,3029,Horizon High School,"5321 E 136th Ave, Thornton, CO 80602, USA","{'lat': 39.94423430000001, 'lng': -104.9259269}"
30,3030,Peak High School,"800 Merlin Dr, Lafayette, CO 80026, USA","{'lat': 39.9911294, 'lng': -105.0760744}"
31,3031,Rangeview High School,"17599 E Iliff Ave, Aurora, CO 80013, USA","{'lat': 39.67503809999999, 'lng': -104.7814478}"
32,3032,Frontier Academy,"488 Yoder St, Calhan, CO 80808, USA","{'lat': 39.036298, 'lng': -104.29282}"
33,3033,Highline Academy,"7808 Cherry Creek S Dr #304, Denver, CO 80231, USA","{'lat': 39.6790294, 'lng': -104.8984349}"
34,3034,Evergreen Country Day School,"1037 El Rancho Rd, Evergreen, CO 80439, USA","{'lat': 39.69760780000001, 'lng': -105.3266517}"
35,3035,Hope CoOp,"2001 E Easter Ave Ste 202, Centennial, CO 80122, USA","{'lat': 39.58930429999999, 'lng': -104.9652096}"
36,3036,Fountain Valley School,"Hawley Library, 6155 Fountain Valley School Rd, Colorado Springs, CO 80911, USA","{'lat': 38.7431704, 'lng': -104.7110352}"
37,3037,Center School District 26 Jt,"550 S Sylvester Ave, Center, CO 81125, USA","{'lat': 37.7504822, 'lng': -106.1145872}"
38,3038,Dakota Valley Elementary Schl,"3950 S Kirk Way, Aurora, CO 80013, USA","{'lat': 39.6465645, 'lng': -104.7452349}"
39,3039,Fountain Valley School,"Hawley Library, 6155 Fountain Valley School Rd, Colorado Springs, CO 80911, USA","{'lat': 38.7431704, 'lng': -104.7110352}"
40,3040,Jefferson County Education Association,"13175 W Green Mountain Dr, Lakewood, CO 80228, USA","{'lat': 39.693185, 'lng': -105.1450835}"
41,3041,Middle School,"201 S McKinley Ave, Fort Lupton, CO 80621, USA","{'lat': 40.0774589, 'lng': -104.8134516}"
42,3042,Council for Exceptional Children,"17599 E Iliff Ave, Aurora, CO 80013, USA","{'lat': 39.67503809999999, 'lng': -104.7814478}"
43,3043,Cherry Creek School Dst 5,"4700 S Yosemite St, Greenwood Village, CO 80111, USA","{'lat': 39.63108099999999, 'lng': -104.8845945}"
44,3044,OpenWorld Learning,"360 Acoma St # 102, Denver, CO 80223, USA","{'lat': 39.7222015, 'lng': -104.9888356}"
45,3045,Bollman Technical Education Center,"12500 Huron St, Denver, CO 80234, USA","{'lat': 39.92537069999999, 'lng': -104.9947071}"
46,3046,Bollman Technical Education Center,"9451 Washington St, Thornton, CO 80229, USA","{'lat': 39.8668262, 'lng': -104.9814365}"
47,3047,WRAY RD2,"30222 County Rd 35, Wray, CO 80758, USA","{'lat': 40.0740117, 'lng': -102.2421855}"
48,3048,Meridian Elementary School,"10900 Huron St, Northglenn, CO 80234, USA","{'lat': 39.89397810000001, 'lng': -104.9957508}"
49,3049,Littleton Public Schools incorporated,"5776 S Crocker St, Littleton, CO 80120, USA","{'lat': 39.6114529, 'lng': -105.0078019}"
50,3050,Pueblo School District No. 70,"24951 US-50 #70, Pueblo, CO 81001, USA","{'lat': 38.2740419, 'lng': -104.5383424}"
51,3051,Harrison School District 2,"1060 Harrison Rd, Colorado Springs, CO 80905, USA","{'lat': 38.7975018, 'lng': -104.8115366}"
52,3052,Harrison School District 2,"1060 Harrison Rd, Colorado Springs, CO 80905, USA","{'lat': 38.7975018, 'lng': -104.8115366}"
53,3053,St. Mary's Academy,"4545 S University Blvd, Englewood, CO 80113, USA","{'lat': 39.6340615, 'lng': -104.9610087}"
54,3054,North Star Elementary School,"8740 N Star Dr, Thornton, CO 80260, USA","{'lat': 39.8552764, 'lng': -104.9924643}"
55,3055,Northridge High School,"100 71st Ave, Greeley, CO 80634, USA","{'lat': 40.4335005, 'lng': -104.7860063}"
56,3056,Greeley West High School,"2401 35th Ave, Greeley, CO 80634, USA","{'lat': 40.400937, 'lng': -104.7367811}"
57,3057,Adams County School District 50,"2401 W 80th Ave, Denver, CO 80221, USA","{'lat': 39.8436826, 'lng': -105.0171929}"
58,3058,Eagle County Schools,"Eagle, CO 81631, USA","{'lat': 39.6552634, 'lng': -106.8286507}"
59,3059,Denver Lutheran High School,"3201 W Arizona Ave, Denver, CO 80219, USA","{'lat': 39.6959175, 'lng': -105.0286311}"
60,3060,Valor Christian High School,"9473 S University Blvd, Highlands Ranch, CO 80126, USA","{'lat': 39.5439364, 'lng': -104.9469393}"
61,3061,MiamiYoder School District 60,"420 S Rush Rd, Rush, CO 80833, USA","{'lat': 38.8257064, 'lng': -104.0920237}"
62,3062,Bollman Technical Education Center,"10900 Huron St, Northglenn, CO 80234, USA","{'lat': 39.89397810000001, 'lng': -104.9957508}"
63,3063,American Federation of Teachers,"2575 Meadows Pkwy, Castle Rock, CO 80109, USA","{'lat': 39.3935192, 'lng': -104.8971122}"
64,3064,The Colorado Springs School,"21 Broadmoor Ave, Colorado Springs, CO 80906, USA","{'lat': 38.79018, 'lng': -104.840807}"
65,3065,Englewood Schools,"4101 S Bannock St, Englewood, CO 80110, USA","{'lat': 39.6413843, 'lng': -104.9905016}"
66,3066,High Mountain Institute,"Leadville, CO 80461, USA","{'lat': 39.2508229, 'lng': -106.2925238}"
67,3067,Colorado Academy,"3800 S Pierce St, Denver, CO 80235, USA","{'lat': 39.6472725, 'lng': -105.0694647}"
68,3068,Colorado Academy,"3800 S Pierce St, Denver, CO 80235, USA","{'lat': 39.6472725, 'lng': -105.0694647}"
69,3069,The Denver School of Science and Technology,"2000 Valentia St, Denver, CO 80238, USA","{'lat': 39.747918, 'lng': -104.8905923}"
70,3070,Platte River Academy,"4085 Lark Sparrow St, Littleton, CO 80126, USA","{'lat': 39.5519578, 'lng': -104.9413494}"
71,3071,Centennial BOCES,"2020 Clubhouse Dr, Greeley, CO 80634, USA","{'lat': 40.4056025, 'lng': -104.7681069}"
72,3072,Littleton Public Schools incorporated,"5776 S Crocker St, Littleton, CO 80120, USA","{'lat': 39.6114529, 'lng': -105.0078019}"
73,3073,Lincoln Academy,"6980 Pierce St, Arvada, CO 80003, USA","{'lat': 39.8231793, 'lng': -105.0711764}"
74,3074,Regis Jesuit High School,"6400 S Lewiston Way, Aurora, CO 80016, USA","{'lat': 39.6000567, 'lng': -104.7990445}"
75,3075,"Littleton ,","199 E Littleton Blvd, Littleton, CO 80121, USA","{'lat': 39.61384090000001, 'lng': -104.9845592}"
76,3076,"Littleton ,","199 E Littleton Blvd, Littleton, CO 80121, USA","{'lat': 39.61384090000001, 'lng': -104.9845592}"
77,3077,Stukey Elementary,"11080 Grant Dr, Northglenn, CO 80233, USA","{'lat': 39.89772689999999, 'lng': -104.9804143}"
78,3078,St. Mary's Academy,"4545 S University Blvd, Englewood, CO 80113, USA","{'lat': 39.6340615, 'lng': -104.9610087}"
79,3079,C4K Foundation,"1405 Grand Ave, Glenwood Springs, CO 81601, USA","{'lat': 39.5389895, 'lng': -107.3253157}"
80,3080,Town Of Wilton,"395 Danbury Rd, Wilton, CT 06897, USA","{'lat': 41.2120429, 'lng': -73.4334904}"
81,3081,Kathleen E Goodwin School,"1111 Boston Post Rd, Old Saybrook, CT 06475, USA","{'lat': 41.289361, 'lng': -72.396}"
82,3082,Brunswick County Schools,"100 Maher Ave, Greenwich, CT 06830, USA","{'lat': 41.0380116, 'lng': -73.62611729999999}"
83,3083,Darien High School,"Fairfield Ave, Darien, CT 06820, USA","{'lat': 41.0734891, 'lng': -73.4885572}"
84,3084,Hamden Education Foundation Inc.,"60 Putnam Ave, Hamden, CT 06517, USA","{'lat': 41.3451886, 'lng': -72.91417520000002}"
85,3085,Darien High School,"80 High School Ln, Darien, CT 06820, USA","{'lat': 41.0846477, 'lng': -73.49038569999999}"
86,3086,Ohio School Boards Association,"180 Post Rd E, Westport, CT 06880, USA","{'lat': 41.1411256, 'lng': -73.3588039}"
87,3087,Kathleen E Goodwin School,"50 Sheffield St, Old Saybrook, CT 06475, USA","{'lat': 41.2900227, 'lng': -72.37250279999999}"
88,3088,Town Of Wilton,"240 School Rd, Wilton, CT 06897, USA","{'lat': 41.2044567, 'lng': -73.4332555}"
89,3089,Farmington Public Schools,"1 Monteith Dr, Farmington, CT 06032, USA","{'lat': 41.7483549, 'lng': -72.8669486}"
90,3090,East Lyme School District,"29 Society Rd, Niantic, CT 06357, USA","{'lat': 41.3481473, 'lng': -72.2147263}"
91,3091,Brunswick County Schools,"100 Maher Ave, Greenwich, CT 06830, USA","{'lat': 41.0380116, 'lng': -73.62611729999999}"
92,3092,Darien High School,"2 Renshaw Rd, Darien, CT 06820, USA","{'lat': 41.0664903, 'lng': -73.4843581}"
93,3093,Town Of Wilton,"238 Danbury Rd, Wilton, CT 06897, USA","{'lat': 41.1904883, 'lng': -73.424844}"
94,3094,Center Elementary School,"12 Old Farms Rd, Willington, CT 06279, USA","{'lat': 41.8730491, 'lng': -72.26293369999999}"
95,3095,Westport School District,"110 Myrtle Ave, Westport, CT 06880, USA","{'lat': 41.1450971, 'lng': -73.36004729999999}"
96,3096,Town Of Wilton,"395 Danbury Rd, Wilton, CT 06897, USA","{'lat': 41.2120429, 'lng': -73.4334904}"
97,3097,Newington High School,"131 Cedar St, Newington, CT 06111, USA","{'lat': 41.69677799999999, 'lng': -72.72994059999999}"
98,3098,Somers Public Schools,"1 Vision Blvd, Somers, CT 06071, USA","{'lat': 41.9762786, 'lng': -72.4598398}"
99,3099,Daisy Ingraham Elementary Sch,"105 Goodspeed Dr, Westbrook, CT 06498, USA","{'lat': 41.2868079, 'lng': -72.44181069999999}"
100,3100,Darien High School,"2 Renshaw Rd, Darien, CT 06820, USA","{'lat': 41.0664903, 'lng': -73.4843581}"
101,3101,Darien High School,"2 Renshaw Rd, Darien, CT 06820, USA","{'lat': 41.0664903, 'lng': -73.4843581}"
102,3102,Darien High School,"133 Mansfield Ave, Darien, CT 06820, USA","{'lat': 41.08701, 'lng': -73.4745275}"
103,3103,Daisy Ingraham Elementary Sch,"105 Goodspeed Dr, Westbrook, CT 06498, USA","{'lat': 41.2868079, 'lng': -72.44181069999999}"
104,3104,Brunswick School,"100 Maher Ave, Greenwich, CT 06830, USA","{'lat': 41.0380116, 'lng': -73.62611729999999}"
105,3105,Berkeley Elementary School,"1133 Blue Hills Ave, Bloomfield, CT 06002, USA","{'lat': 41.8291931, 'lng': -72.6984607}"
106,3106,CONNECTICUT JUNIOR REPUBLIC,"Litchfield, CT 06759, USA","{'lat': 41.75668020000001, 'lng': -73.2057595}"
107,3107,Stratford High School,"1000 E Broadway, Stratford, CT 06615, USA","{'lat': 41.1932133, 'lng': -73.1296589}"
108,3108,Ledyard Public Schools,"4 Blonders Blvd, Ledyard, CT 06339, USA","{'lat': 41.43534500000001, 'lng': -72.0039525}"
109,3109,Ashford Public School District,"440 Westford Rd, Ashford, CT 06278, USA","{'lat': 41.8925347, 'lng': -72.1691022}"
110,3110,Bloomfield BOE,"1133 Blue Hills Ave, Bloomfield, CT 06002, USA","{'lat': 41.8291931, 'lng': -72.6984607}"
111,3111,New Hartford School System,"315 Litchfield Turnpike, New Hartford, CT 06057, USA","{'lat': 41.82004010000001, 'lng': -72.9682437}"
112,3112,Lebanon Public School Board of Education,"891 Exeter Rd, Lebanon, CT 06249, USA","{'lat': 41.6251443, 'lng': -72.23716550000002}"
113,3113,Notre Dame Catholic High School,"220 Jefferson St, Fairfield, CT 06825, USA","{'lat': 41.2239793, 'lng': -73.2463574}"
114,3114,Griswold School District,"303 Slater Ave, Griswold, CT 06351, USA","{'lat': 41.5953508, 'lng': -71.9789404}"
115,3115,Bethel School District,"600 Whittlesey Dr, Bethel, CT 06801, USA","{'lat': 41.3810449, 'lng': -73.3923701}"
116,3116,Milford School District,"20 Lansdale Ave, Milford, CT 06460, USA","{'lat': 41.2045123, 'lng': -73.0893059}"
117,3117,Bethel School District,"400 Whittlesey Dr, Bethel, CT 06801, USA","{'lat': 41.3820044, 'lng': -73.39370989999999}"
118,3118,Regional School District 6,"21 Sackett Hill Rd, Warren, CT 06754, USA","{'lat': 41.7414788, 'lng': -73.3477506}"
119,3119,New Hartford School System,"220 Main St, Hartford, CT 06106, USA","{'lat': 41.7585009, 'lng': -72.6751165}"
120,3120,Lebanon Public School Board of Education,"917 Exeter Rd, Lebanon, CT 06249, USA","{'lat': 41.623832, 'lng': -72.2400802}"
121,3121,Putnam School District,"152 Woodstock Ave, Putnam, CT 06260, USA","{'lat': 41.9232295, 'lng': -71.91572289999999}"
122,3122,Rocky Hill High School,"Rocky Hill, CT 06067, USA","{'lat': 41.6623145, 'lng': -72.6505957}"
123,3123,Wethersfield Board Of Educn,"127 Hartford Ave, Wethersfield, CT 06109, USA","{'lat': 41.7164325, 'lng': -72.65812509999999}"
124,3124,Ledyard Public Schools,"24 Gallup Hill Rd, Ledyard, CT 06339, USA","{'lat': 41.4383805, 'lng': -71.9955636}"
125,3125,Ledyard Public Schools,"Blonders Blvd, Ledyard, CT 06339, USA","{'lat': 41.4372829, 'lng': -72.0051613}"
126,3126,Bolton School District,"108 Notch Rd, Bolton, CT 06043, USA","{'lat': 41.7754994, 'lng': -72.4408589}"
127,3127,Windham Public School District,"322 Prospect St, Willimantic, CT 06226, USA","{'lat': 41.7163095, 'lng': -72.2172248}"
128,3128,Columbia Town Schools,"3 Schoolhouse Rd #166, Columbia, CT 06237, USA","{'lat': 41.7045494, 'lng': -72.3008646}"
129,3129,Notre Dame Catholic High School,"220 Jefferson St, Fairfield, CT 06825, USA","{'lat': 41.2239793, 'lng': -73.2463574}"
130,3130,Northwest Catholic High School,"29 Wampanoag Dr, West Hartford, CT 06117, USA","{'lat': 41.7992591, 'lng': -72.7530314}"
131,3131,East Granby High School,"33 Turkey Hills Rd, East Granby, CT 06026, USA","{'lat': 41.9436668, 'lng': -72.73159489999999}"
132,3132,Pomperaug Regional School Dist,"234 Judd Rd, Southbury, CT 06488, USA","{'lat': 41.500939, 'lng': -73.16086829999999}"
133,3133,The Stanwich School,"200 Strawberry Hill Ave, Stamford, CT 06902, USA","{'lat': 41.0670007, 'lng': -73.5344276}"
134,3134,West Hartford Public Schools,"50 S Main St, West Hartford, CT 06107, USA","{'lat': 41.7586346, 'lng': -72.7417139}"
135,3135,Regional School District 13 Bd,"135 Pickett Ln, Durham, CT 06422, USA","{'lat': 41.4768822, 'lng': -72.6692571}"
136,3136,Ledyard Public Schools,"740 Colonel Ledyard Hwy, Ledyard, CT 06339, USA","{'lat': 41.44210200000001, 'lng': -72.0163065}"
137,3137,North Stonington School Dist,"297 Norwich-Westerly Rd, North Stonington, CT 06359, USA","{'lat': 41.4394953, 'lng': -71.8889095}"
138,3138,South Windsor High School,"1540 Sullivan Ave, South Windsor, CT 06074, USA","{'lat': 41.8293922, 'lng': -72.5528785}"
139,3139,Chaplin Elementary School,"304 Parish Hill Rd, Chaplin, CT 06235, USA","{'lat': 41.7514273, 'lng': -72.1048646}"
140,3140,Norwalk Education Foundation,"125 East Ave, Norwalk, CT 06851, USA","{'lat': 41.1131515, 'lng': -73.4066946}"
141,3141,Ledyard Public Schools,"4 Blonders Blvd, Ledyard, CT 06339, USA","{'lat': 41.43534500000001, 'lng': -72.0039525}"
142,3142,Monroe Public Schools,"375 Monroe Turnpike, Monroe, CT 06468, USA","{'lat': 41.3092437, 'lng': -73.222488}"
143,3143,Enfield Public Schools,"27 Shaker Rd, Enfield, CT 06082, USA","{'lat': 42.004159, 'lng': -72.56346049999999}"
144,3144,Bolton School District,"222 Bolton Center Rd, Bolton, CT 06043, USA","{'lat': 41.7700673, 'lng': -72.4330499}"
145,3145,Voluntown Elementary School,"195 Main St, Voluntown, CT 06384, USA","{'lat': 41.5744092, 'lng': -71.86649030000001}"
146,3146,Town Of Plainfield,"651 Norwich Rd, Plainfield, CT 06374, USA","{'lat': 41.6760587, 'lng': -71.91637539999999}"
147,3147,Enfield Public Schools,"27 Shaker Rd, Enfield, CT 06082, USA","{'lat': 42.004159, 'lng': -72.56346049999999}"
148,3148,Brunswick School,"100 Maher Ave, Greenwich, CT 06830, USA","{'lat': 41.0380116, 'lng': -73.62611729999999}"
149,3149,West Hartford Public Schools,"975 N Main St, West Hartford, CT 06117, USA","{'lat': 41.7954436, 'lng': -72.7510459}"
150,3150,Woodstock Elementary School,"147b CT-169, Woodstock, CT 06281, USA","{'lat': 41.9271737, 'lng': -71.95564999999999}"
151,3151,Enfield Public Schools,"68 N Maple St, Enfield, CT 06082, USA","{'lat': 41.9930111, 'lng': -72.53924599999999}"
152,3152,Canterbury Public Schools,"67 Kitt Rd, Canterbury, CT 06331, USA","{'lat': 41.7028227, 'lng': -71.9841746}"
153,3153,Chaplin Elementary School,"304 Parish Hill Rd, Chaplin, CT 06235, USA","{'lat': 41.7514273, 'lng': -72.1048646}"
154,3154,Griswold School District,"36 Old Bethel Rd, Griswold, CT 06351, USA","{'lat': 41.5821088, 'lng': -71.9357113}"
155,3155,Colebrook School District,"Colebrook, CT 06021, USA","{'lat': 41.9916193, 'lng': -73.0976824}"
156,3156,Woodstock Elementary School,"147b CT-169, Woodstock, CT 06281, USA","{'lat': 41.9271737, 'lng': -71.95564999999999}"
157,3157,Clover Creek Elementary School,"211 Greenwood Ave # 2, Bethel, CT 06801, USA","{'lat': 41.3720177, 'lng': -73.4155905}"
158,3158,City Schools of Decatur,"622 Clinton Ave, Bridgeport, CT 06605, USA","{'lat': 41.1759906, 'lng': -73.2108772}"
159,3159,Chaplin Elementary School,"240 Palmer Rd, Chaplin, CT 06235, USA","{'lat': 41.790042, 'lng': -72.148811}"
160,3160,Waterford School District,"15 Rope Ferry Rd, Waterford, CT 06385, USA","{'lat': 41.3429588, 'lng': -72.1310149}"
161,3161,Ledyard High School,"4 Blonders Blvd, Ledyard, CT 06339, USA","{'lat': 41.43534500000001, 'lng': -72.0039525}"
162,3162,Joel Barlow High School,"654 Morehouse Rd, Easton, CT 06612, USA","{'lat': 41.2517279, 'lng': -73.29529169999999}"
163,3163,Ledyard Public Schools,"24 Gallup Hill Rd, Ledyard, CT 06339, USA","{'lat': 41.4383805, 'lng': -71.9955636}"
164,3164,Canyons School District,"409 Prospect St, New Haven, CT 06511, USA","{'lat': 41.323159, 'lng': -72.9220179}"
165,3165,The Learning Clinic Inc,"324 Windham Rd, Brooklyn, CT 06234, USA","{'lat': 41.763573, 'lng': -72.00030339999999}"
166,3166,Stratford High School,"1000 E Broadway, Stratford, CT 06615, USA","{'lat': 41.1932133, 'lng': -73.1296589}"
167,3167,Oxford School District,"30 Great Oak Rd, Oxford, CT 06478, USA","{'lat': 41.4254919, 'lng': -73.142613}"
168,3168,East Catholic High School,"115 New State Rd, Manchester, CT 06042, USA","{'lat': 41.7837588, 'lng': -72.55930169999999}"
169,3169,Lebanon Public School Board of Education,"891 Exeter Rd, Lebanon, CT 06249, USA","{'lat': 41.6251443, 'lng': -72.23716550000002}"
170,3170,Cloonan Middle School,"11 W North St, Stamford, CT 06902, USA","{'lat': 41.059781, 'lng': -73.5471737}"
171,3171,Notre Dame Catholic High School,"220 Jefferson St, Fairfield, CT 06825, USA","{'lat': 41.2239793, 'lng': -73.2463574}"
172,3172,Regional School DIstrict 17,"57 Little City Rd, Higganum, CT 06441, USA","{'lat': 41.464484, 'lng': -72.56153019999999}"
173,3173,Bethel School District,"211 Greenwood Ave # 2, Bethel, CT 06801, USA","{'lat': 41.3720177, 'lng': -73.4155905}"
174,3174,Griswold Board Of Education,"28 E Main St, Jewett City, CT 06351, USA","{'lat': 41.6070749, 'lng': -71.9812647}"
175,3175,Canterbury Public Schools,"67 Kitt Rd, Canterbury, CT 06331, USA","{'lat': 41.7028227, 'lng': -71.9841746}"
176,3176,Canton Public Schools,"4 Market St #100, Collinsville, CT 06019, USA","{'lat': 41.81082199999999, 'lng': -72.9225714}"
177,3177,Ledyard Public Schools,"4 Blonder Park Rd, Ledyard, CT 06339, USA","{'lat': 41.4320064, 'lng': -72.005274}"
178,3178,Sayles School,"25 Scotland Rd, Baltic, CT 06330, USA","{'lat': 41.62282829999999, 'lng': -72.0857942}"
179,3179,Regional School District 13 Bd,"124 Hubbard St, Middlefield, CT 06455, USA","{'lat': 41.5229633, 'lng': -72.6925357}"
180,3180,Griswold School District,"267 Slater Ave, Griswold, CT 06351, USA","{'lat': 41.5976729, 'lng': -71.9790781}"
181,3181,Windham Public School District,"322 Prospect St, Willimantic, CT 06226, USA","{'lat': 41.7163095, 'lng': -72.2172248}"
182,3182,Wolcott High School,"154 Center St, Wolcott, CT 06716, USA","{'lat': 41.6016117, 'lng': -72.9760103}"
183,3183,Windham Public School District,"322 Prospect St, Willimantic, CT 06226, USA","{'lat': 41.7163095, 'lng': -72.2172248}"
184,3184,Norwalk Public Schools,"Norwalk, CT 06852, USA","{'lat': 41.1242913, 'lng': -73.397746}"
185,3185,Winchester Public Schools,"30 Elm St, Winsted, CT 06098, USA","{'lat': 41.9215233, 'lng': -73.0708611}"
186,3186,All Saints Catholic School,"139 W Rocks Rd, Norwalk, CT 06851, USA","{'lat': 41.1371792, 'lng': -73.4170082}"
187,3187,"Botelle Elementary School (for 7-12, see Region 07)","128 Greenwoods Rd E, Norfolk Historic District, CT 06058, USA","{'lat': 41.9875118, 'lng': -73.1883384}"
188,3188,Voluntown Elementary School,"195 Main St, Voluntown, CT 06384, USA","{'lat': 41.5744092, 'lng': -71.86649030000001}"
189,3189,Regional School District No 8,"580 Gilead St, Hebron, CT 06248, USA","{'lat': 41.6767002, 'lng': -72.4094476}"
190,3190,Simsbury High School,"933 Hopmeadow St, Simsbury, CT 06070, USA","{'lat': 41.8802275, 'lng': -72.80083549999999}"
191,3191,Milford School District,"260 Orange Ave, Milford, CT 06461, USA","{'lat': 41.2385188, 'lng': -73.05058149999999}"
192,3192,Wethersfield Board Of Educn,"1321 Silas Deane Hwy, Wethersfield, CT 06109, USA","{'lat': 41.6844758, 'lng': -72.6555932}"
193,3193,Griswold School District,"267 Slater Ave, Griswold, CT 06351, USA","{'lat': 41.5976729, 'lng': -71.9790781}"
194,3194,Milford School District,"70 W River St, Milford, CT 06460, USA","{'lat': 41.226155, 'lng': -73.0593872}"
195,3195,Putnam School District,"33 Wicker St, Putnam, CT 06260, USA","{'lat': 41.9219493, 'lng': -71.91945199999999}"
196,3196,Sterling Memorial School Dist,"1183 Plainfield Pike #159, Sterling, CT 06377, USA","{'lat': 41.692332, 'lng': -71.806061}"
197,3197,West Haven Public Schools,"West Haven, CT 06516, USA","{'lat': 41.2705484, 'lng': -72.9469711}"
198,3198,Ledyard Public Schools,"Gales Ferry, CT 06339, USA","{'lat': 41.4449632, 'lng': -72.01125979999999}"
199,3199,Bethel School District,"1 School St, Fairfield, CT 06824, USA","{'lat': 41.1669726, 'lng': -73.23642079999999}"
200,3200,Canterbury Public Schools,"45 Westminster Rd, Canterbury, CT 06331, USA","{'lat': 41.6983522, 'lng': -71.97653249999999}"
201,3201,Ledyard Public Schools,"1858 CT-12, Gales Ferry, CT 06335, USA","{'lat': 41.4522631, 'lng': -72.06988919999999}"
202,3202,Bethel School District,"Bethel, CT 06801, USA","{'lat': 41.3686146, 'lng': -73.4062342}"
203,3203,Hawley Elementary School,"31 Pecks Ln, Newtown, CT 06470, USA","{'lat': 41.383903, 'lng': -73.2782355}"
204,3204,Stratford High School,"145 Orcuttville Rd, Stafford Springs, CT 06076, USA","{'lat': 41.9750348, 'lng': -72.3073486}"
205,3205,Chaplin Elementary School,"304 Parish Hill Rd, Chaplin, CT 06235, USA","{'lat': 41.7514273, 'lng': -72.1048646}"
206,3206,Lebanon School Dist,"891 Exeter Rd, Lebanon, CT 06249, USA","{'lat': 41.6251443, 'lng': -72.23716550000002}"
207,3207,Watertown School District,"10 Deforest St, Watertown, CT 06795, USA","{'lat': 41.6063398, 'lng': -73.1192398}"
208,3208,Sayles School,"25 Scotland Rd, Baltic, CT 06330, USA","{'lat': 41.62282829999999, 'lng': -72.0857942}"
209,3209,Windham Public School District,"123 Quarry St, Willimantic, CT 06226, USA","{'lat': 41.72305900000001, 'lng': -72.22764339999999}"
210,3210,Ashford Public School District,"440 Westford Rd, Ashford, CT 06278, USA","{'lat': 41.8925347, 'lng': -72.1691022}"
211,3211,Griswold Board Of Education,"883 Voluntown Rd, Griswold, CT 06351, USA","{'lat': 41.5844741, 'lng': -71.93503969999999}"
212,3212,Woodstock Elementary School,"24 Frog Pond Rd, Woodstock, CT 06281, USA","{'lat': 41.945622, 'lng': -71.964354}"
213,3213,Ledyard Public Schools,"1860 CT-12, Gales Ferry, CT 06335, USA","{'lat': 41.4505654, 'lng': -72.07310199999999}"
214,3214,Town Of Plainfield,"Central Village, CT 06332, USA","{'lat': 41.7230082, 'lng': -71.9086408}"
215,3215,Putnam School District,"33 Wicker St, Putnam, CT 06260, USA","{'lat': 41.9219493, 'lng': -71.91945199999999}"
216,3216,Eastern Middle School,"290 Greenwich Ave, Greenwich, CT 06830, USA","{'lat': 41.024836, 'lng': -73.6265313}"
217,3217,Lebanon Public School Board of Education,"479 Exeter Rd, Lebanon, CT 06249, USA","{'lat': 41.6396911, 'lng': -72.20491729999999}"
218,3218,North Stonington School Dist,"311 Norwich-Westerly Rd, North Stonington, CT 06359, USA","{'lat': 41.4380375, 'lng': -71.8879461}"
219,3219,Voluntown Elementary School,"Glasgo, CT 06384, USA","{'lat': 41.5807331, 'lng': -71.8334145}"
220,3220,Merchantville Elementary School,"22 Liberty St, Meriden, CT 06450, USA","{'lat': 41.5368849, 'lng': -72.7973051}"
221,3221,East Haddam Public Schools,"34 Falls Rd, Moodus, CT 06469, USA","{'lat': 41.5052813, 'lng': -72.4461195}"
222,3222,South Windsor High School,"150 Nevers Rd, South Windsor, CT 06074, USA","{'lat': 41.8418411, 'lng': -72.550799}"
223,3223,Lebanon Public School Board of Education,"479 Exeter Rd, Lebanon, CT 06249, USA","{'lat': 41.6396911, 'lng': -72.20491729999999}"
224,3224,Eastern Middle School,"51 Hendrie Ave, Riverside, CT 06878, USA","{'lat': 41.0344, 'lng': -73.5834289}"
225,3225,Wolcott High School,"457 Bound Line Rd, Wolcott, CT 06716, USA","{'lat': 41.6072278, 'lng': -72.97908269999999}"
226,3226,Windham Public School District,"355 High St, Willimantic, CT 06226, USA","{'lat': 41.7233185, 'lng': -72.2148188}"
227,3227,Oxford School District,"50 Great Oak Rd, Oxford, CT 06478, USA","{'lat': 41.4214662, 'lng': -73.14113789999999}"
228,3228,Windham Public School District,"14 CT-66, Columbia, CT 06237, USA","{'lat': 41.7188246, 'lng': -72.2814372}"
229,3229,Putnam School District,"152 Woodstock Ave, Putnam, CT 06260, USA","{'lat': 41.9232295, 'lng': -71.91572289999999}"
230,3230,Ledyard High School,"11 Lorenz Industrial Pkwy, Ledyard, CT 06339, USA","{'lat': 41.4054632, 'lng': -72.0240848}"
231,3231,Windham Public School District,"355 High St, Willimantic, CT 06226, USA","{'lat': 41.7233185, 'lng': -72.2148188}"
232,3232,Windham Public School District,"322 Prospect St, Willimantic, CT 06226, USA","{'lat': 41.7163095, 'lng': -72.2172248}"
233,3233,Oxford School District,"1 Great Hill Rd, Oxford, CT 06478, USA","{'lat': 41.403994, 'lng': -73.09240729999999}"
234,3234,Voluntown Elementary School,"195 Main St, Voluntown, CT 06384, USA","{'lat': 41.5744689, 'lng': -71.8663487}"
235,3235,Griswold School District,"303 Slater Ave, Griswold, CT 06351, USA","{'lat': 41.5953508, 'lng': -71.9789404}"
236,3236,Rocky Hill High School,"761 Old Main St, Rocky Hill, CT 06067, USA","{'lat': 41.6667976, 'lng': -72.6385124}"
237,3237,Orange Elem School District,"637 Orange Center Rd, Orange, CT 06477, USA","{'lat': 41.2798795, 'lng': -73.0254473}"
238,3238,Milford School District,"260 Orange Ave, Milford, CT 06461, USA","{'lat': 41.2385188, 'lng': -73.05058149999999}"
239,3239,Waterford Public Schools,"15 Rope Ferry Rd, Waterford, CT 06385, USA","{'lat': 41.3429588, 'lng': -72.1310149}"
240,3240,Northern Burlington County Sch,"622 Clinton Ave, Bridgeport, CT 06605, USA","{'lat': 41.1759906, 'lng': -73.2108772}"
241,3241,Gilead Hill School,"580 Gilead St, Hebron, CT 06248, USA","{'lat': 41.6767002, 'lng': -72.4094476}"
242,3242,Bordentown Regional School Dist,"39 Old Ridgebury Rd, Ridgefield, CT 06877, USA","{'lat': 41.38856759999999, 'lng': -73.5162914}"
243,3243,Griswold Board Of Education,"28 E Main St, Jewett City, CT 06351, USA","{'lat': 41.6070749, 'lng': -71.9812647}"
244,3244,School District of Putnam Cnty,"126 Church St, Putnam, CT 06260, USA","{'lat': 41.9188569, 'lng': -71.91257759999999}"
245,3245,Milford School District,"167 Cherry St, Milford, CT 06460, USA","{'lat': 41.2276971, 'lng': -73.0490366}"
246,3246,Eastern Middle School,"101 Field Point Rd, Greenwich, CT 06830, USA","{'lat': 41.0248058, 'lng': -73.6293522}"
247,3247,Trumbull High School,"33 Quality St, Trumbull, CT 06611, USA","{'lat': 41.2567037, 'lng': -73.2172806}"
248,3248,Rumsey Hall School,"201 Romford Rd, Washington Depot, CT 06794, USA","{'lat': 41.678232, 'lng': -73.295523}"
249,3249,Saint Paul Catholic Hig,"1001 Stafford Ave, Bristol, CT 06010, USA","{'lat': 41.7024508, 'lng': -72.914081}"
250,3250,Windham Middle School,"123 Quarry St, Willimantic, CT 06226, USA","{'lat': 41.72305900000001, 'lng': -72.22764339999999}"
251,3251,Marianapolis Preparatory School,"26 Chase Rd, Thompson, CT 06277, USA","{'lat': 41.9584585, 'lng': -71.8640673}"
252,3252,Manchester High School,"45 N School St, Manchester, CT 06042, USA","{'lat': 41.7970328, 'lng': -72.5245498}"
253,3253,Branford High School,"185 Damascus Rd, Branford, CT 06405, USA","{'lat': 41.2848996, 'lng': -72.7826031}"
254,3254,Manchester High School,"Manchester, CT 06045, USA","{'lat': 41.78, 'lng': -72.52}"
255,3255,EAST HAVEN SCHOOL DISTRICT,"35 Wheelbarrow Ln, East Haven, CT 06513, USA","{'lat': 41.3286689, 'lng': -72.8323039}"
256,3256,Branford High School,"177 Dodge Ave, East Haven, CT 06512, USA","{'lat': 41.270957, 'lng': -72.8796783}"
257,3257,Manchester High School,"134 Middle Turnpike E, Manchester, CT 06040, USA","{'lat': 41.7810362, 'lng': -72.5167854}"
258,3258,New London Public Works,"MVNICIPAL BVILDING, 181 State St, New London, CT 06320, USA","{'lat': 41.3548766, 'lng': -72.09639419999999}"
259,3259,Manchester High School,"41 Center St, Manchester, CT 06040, USA","{'lat': 41.77581869999999, 'lng': -72.5227549}"
260,3260,The Rectory School,"528 Pomfret St, Pomfret Center, CT 06259, USA","{'lat': 41.893041, 'lng': -71.9644866}"
261,3261,The Rectory School,"528 Pomfret St, Pomfret Center, CT 06259, USA","{'lat': 41.893041, 'lng': -71.9644866}"
262,3262,Pomfret School,"398 Pomfret St, Pomfret Center, CT 06259, USA","{'lat': 41.8875548, 'lng': -71.96205309999999}"
263,3263,Town Of New Fairfield,"56 Gillotti Rd, New Fairfield, CT 06812, USA","{'lat': 41.4613672, 'lng': -73.5063393}"
264,3264,The Williams School,"182 Mohegan Ave Pkwy, New London, CT 06320, USA","{'lat': 41.3763541, 'lng': -72.1037537}"
265,3265,Westminster School,"995 Hopmeadow St, Simsbury, CT 06070, USA","{'lat': 41.8895622, 'lng': -72.7958776}"
266,3266,Taft School,"110 Woodbury Rd, Watertown, CT 06795, USA","{'lat': 41.6038165, 'lng': -73.12472799999999}"
267,3267,Redondo Beach Unified School District,"80 S Vine St, Meriden, CT 06451, USA","{'lat': 41.5379953, 'lng': -72.8197015}"
268,3268,Taft School,"110 Woodbury Rd, Watertown, CT 06795, USA","{'lat': 41.6038165, 'lng': -73.12472799999999}"
269,3269,Woodstock Academy,"57 Academy Rd, Woodstock, CT 06281, USA","{'lat': 41.951017, 'lng': -71.975534}"
270,3270,Pine Point School,"89 Barnes Rd, Stonington, CT 06378, USA","{'lat': 41.3663046, 'lng': -71.8938656}"
271,3271,Town Of New Fairfield,"12 Gillotti Rd, New Fairfield, CT 06812, USA","{'lat': 41.4638451, 'lng': -73.4946946}"
272,3272,Renbrook School,"2865 Albany Ave, West Hartford, CT 06117, USA","{'lat': 41.790502, 'lng': -72.7783568}"
273,3273,Greens Farms Academy,"35 Beachside Ave, Westport, CT 06880, USA","{'lat': 41.1202468, 'lng': -73.3148295}"
274,3274,St. Joseph High School,"2320 Huntington Turnpike, Trumbull, CT 06611, USA","{'lat': 41.2612235, 'lng': -73.1649762}"
275,3275,"IDCS, INC","68 Thermos Ave, Norwich, CT 06360, USA","{'lat': 41.5110165, 'lng': -72.07783239999999}"
276,3276,Pomfret Community School,"20 Pomfret St, Pomfret Center, CT 06259, USA","{'lat': 41.8592035, 'lng': -71.96004719999999}"
277,3277,Pomfret School,"398 Pomfret St, Pomfret Center, CT 06259, USA","{'lat': 41.88417889999999, 'lng': -71.9619834}"
278,3278,Tolland Public Schools,"51 Tolland Green, Tolland, CT 06084, USA","{'lat': 41.8715076, 'lng': -72.3694276}"
279,3279,Rumsey Hall School,"201 Romford Rd, Washington Depot, CT 06794, USA","{'lat': 41.678232, 'lng': -73.295523}"
280,3280,Hyde School,"Woodstock, CT 06281, USA","{'lat': 41.9968151, 'lng': -72.0231125}"
281,3281,H E L E N K E L L E R M I D D L E S C H O O L,"360 Sport Hill Rd, Easton, CT 06612, USA","{'lat': 41.24381899999999, 'lng': -73.27371649999999}"
282,3282,H E L E N K E L L E R M I D D L E S C H O O L,"360 Sport Hill Rd, Easton, CT 06612, USA","{'lat': 41.24381899999999, 'lng': -73.27371649999999}"
283,3283,Branford High School,"1111 Main St, Branford, CT 06405, USA","{'lat': 41.28291369999999, 'lng': -72.8100798}"
284,3284,Housatonic Valley Reg. H.S.,"246 Warren Turnpike Rd, Falls Village, CT 06031, USA","{'lat': 41.9370764, 'lng': -73.3623039}"
285,3285,Cold Spring School,"263 Chapel St, New Haven, CT 06513, USA","{'lat': 41.3039443, 'lng': -72.9027471}"
286,3286,New London Public Schools,"134 Williams St, New London, CT 06320, USA","{'lat': 41.3577384, 'lng': -72.10630259999999}"
287,3287,Trumbull Public Schools,"220 Middlebrooks Ave, Trumbull, CT 06611, USA","{'lat': 41.2496879, 'lng': -73.2111975}"
288,3288,Shelton Intermediate School,"382 Long Hill Ave, Shelton, CT 06484, USA","{'lat': 41.3001851, 'lng': -73.09932719999999}"
289,3289,The Hotchkiss School,"Lakeville, Salisbury, CT, USA","{'lat': 41.9644861, 'lng': -73.4408034}"
290,3290,Sacred Heart Academy,"265 Benham St, Hamden, CT 06514, USA","{'lat': 41.3694231, 'lng': -72.9324481}"
291,3291,Pomfret School,"398 Pomfret St, Pomfret Center, CT 06259, USA","{'lat': 41.88417889999999, 'lng': -71.9619834}"
292,3292,Meriden School District,"220 Coe Ave, Meriden, CT 06451, USA","{'lat': 41.5339089, 'lng': -72.8266225}"
293,3293,Oxford Academy,"1393 Boston Post Rd, Westbrook, CT 06498, USA","{'lat': 41.2825365, 'lng': -72.44319759999999}"
294,3294,Manchester High School,"41 Center St, Manchester, CT 06040, USA","{'lat': 41.77581869999999, 'lng': -72.5227549}"
295,3295,Rectory School Inc,"528 Pomfret St, Pomfret Center, CT 06259, USA","{'lat': 41.893041, 'lng': -71.9644866}"
296,3296,The Rectory School,"528 Pomfret St, Pomfret Center, CT 06259, USA","{'lat': 41.893041, 'lng': -71.9644866}"
297,3297,Eastford Elementary School,"Eastford, CT 06242, USA","{'lat': 41.9467243, 'lng': -72.12976530000002}"
298,3298,"IDCS, INC","68 Thermos Ave, Norwich, CT 06360, USA","{'lat': 41.5110165, 'lng': -72.07783239999999}"
299,3299,Manchester High School,"41 Center St, Manchester, CT 06040, USA","{'lat': 41.77581869999999, 'lng': -72.5227549}"
