,_id,Name,Address,Geocodes
0,8400,Savannah-Chatham County Public School System,"9116 Whitefield Ave, Savannah, GA 31406, USA","{'lat': 31.97757989999999, 'lng': -81.1047814}"
1,8401,Coweta County School System,"41 Evans Dr, Newnan, GA 30263, USA","{'lat': 33.3901254, 'lng': -84.8192347}"
2,8402,Cherokee County,"Woodstock, GA 30188, USA","{'lat': 34.1280759, 'lng': -84.44877199999999}"
3,8403,Pickens County School District,"339 W Church St, Jasper, GA 30143, USA","{'lat': 34.4646493, 'lng': -84.4360263}"
4,8404,Floyd County School District,"Cave Spring, GA 30124, USA","{'lat': 34.1075975, 'lng': -85.33634339999999}"
5,8405,Greene County Board of Education,"101 3rd St, Greensboro, GA 30642, USA","{'lat': 33.5666953, 'lng': -83.18244279999999}"
6,8406,Dekalb County School System,"157 Heaton Park Dr, Atlanta, GA 30307, USA","{'lat': 33.7780841, 'lng': -84.3158053}"
7,8407,Appling County School System,"249 Blackshear Hwy SE, Baxley, GA 31513, USA","{'lat': 31.7615597, 'lng': -82.3528991}"
8,8408,Georgia Department of Education,"200 N Pinetree Blvd, Thomasville, GA 31792, USA","{'lat': 30.8591615, 'lng': -83.9516029}"
9,8409,Hart County School District,"284 Campbell Dr, Hartwell, GA 30643, USA","{'lat': 34.3496154, 'lng': -82.9247345}"
10,8410,Barrow County School System,"622 Freeman Brock Rd, Auburn, GA 30011, USA","{'lat': 34.0380012, 'lng': -83.8092619}"
11,8411,Fort Valley State University,"1005 State University Dr, Fort Valley, GA 31030, USA","{'lat': 32.53709070000001, 'lng': -83.89823270000001}"
12,8412,Greenbrier Middle School,"5120 Riverwood Pkwy, Evans, GA 30809, USA","{'lat': 33.5883299, 'lng': -82.1871678}"
13,8413,Muscogee County School District,"7601 Schomburg Rd, Columbus, GA 31909, USA","{'lat': 32.557632, 'lng': -84.90904900000001}"
14,8414,Clayton County Public Schools,"5452 Phillips Dr, Forest Park, GA 30297, USA","{'lat': 33.6061738, 'lng': -84.3537942}"
15,8415,Kingsley Elementary School,"2051 Brendon Dr, Dunwoody, GA 30338, USA","{'lat': 33.9482503, 'lng': -84.29724379999999}"
16,8416,Baldwin County Public Schools,"220 N ABC N, Milledgeville, GA 31061, USA","{'lat': 33.090509, 'lng': -83.264271}"
17,8417,Cobb County School District,"Powder Springs, GA, USA","{'lat': 33.8595491, 'lng': -84.683824}"
18,8418,Coffee County,"105 Little Ave, Broxton, GA 31519, USA","{'lat': 31.62301039999999, 'lng': -82.88549119999999}"
19,8419,Cobb County School District,"4500 Due W Rd NW, Kennesaw, GA 30152, USA","{'lat': 33.9670868, 'lng': -84.68309310000001}"
20,8420,Douglas County,"4899 Chapel Hill Rd, Douglasville, GA 30135, USA","{'lat': 33.673555, 'lng': -84.7217605}"
21,8421,Cobb County School District,"514 Glover St SE, Marietta, GA 30060, USA","{'lat': 33.9384827, 'lng': -84.53806209999999}"
22,8422,Imagine Schools,"368 Wright St SW, Marietta, GA 30064, USA","{'lat': 33.9461868, 'lng': -84.5547113}"
23,8423,Cleveland Municipal Schools,"4215 Bakers Ferry Rd SW, Atlanta, GA 30331, USA","{'lat': 33.7553353, 'lng': -84.5255775}"
24,8424,Berrien County School District,"500 Smith Ave, Nashville, GA 31639, USA","{'lat': 31.2189355, 'lng': -83.2444467}"
25,8425,Lamar County Middle School,"154 Burnette Rd, Barnesville, GA 30204, USA","{'lat': 33.0456942, 'lng': -84.18183909999999}"
26,8426,Macon County School System,"488 Macon St, Oglethorpe, GA 31068, USA","{'lat': 32.2989957, 'lng': -84.06383369999999}"
27,8427,Faith Academy,"4518 N Henry Blvd #114, Stockbridge, GA 30281, USA","{'lat': 33.5451872, 'lng': -84.2275593}"
28,8428,Berrien County School District,"802 Middle School Cir, Nashville, GA 31639, USA","{'lat': 31.211627, 'lng': -83.2630789}"
29,8429,Bibb County Public Schools,"5700 Fulton Mill Rd, Lizella, GA 31052, USA","{'lat': 32.751035, 'lng': -83.7575669}"
30,8430,Meriwether County,"17656 Roosevelt Hwy, Greenville, GA 30222, USA","{'lat': 33.0492093, 'lng': -84.7082989}"
31,8431,Colquitt County,"2902 Sardis Church Rd, Moultrie, GA 31788, USA","{'lat': 31.1163018, 'lng': -83.6652701}"
32,8432,Henry County Schools,"295 Tunis Rd, McDonough, GA 30253, USA","{'lat': 33.489935, 'lng': -84.21005300000002}"
33,8433,Flight Safety Foundation,"Savannah, GA 31402, USA","{'lat': 32.08000000000001, 'lng': -81.1}"
34,8434,Girl Scouts Headquarters,"216 S 6th St, Griffin, GA 30223, USA","{'lat': 33.2460151, 'lng': -84.2618312}"
35,8435,Georgia Institute of Technology,"225 North Avenue NW, Atlanta, GA 30332, USA","{'lat': 33.7724173, 'lng': -84.39479159999999}"
36,8436,Gwinnett County Public Schools,"588 Old Snellville Hwy, Lawrenceville, GA 30046, USA","{'lat': 33.9263333, 'lng': -83.9990977}"
37,8437,Gwinnett County Public Schools,"437 Old Peachtree Rd NW #2978, Suwanee, GA 30024, USA","{'lat': 34.0162047, 'lng': -84.05718879999999}"
38,8438,Heard County School District,"4647 Pea Ridge Rd, Franklin, GA 30217, USA","{'lat': 33.3041731, 'lng': -85.0625539}"
39,8439,Self Test Software,"500 Northridge Rd #240, Atlanta, GA 30350, USA","{'lat': 33.9835547, 'lng': -84.3436483}"
40,8440,Thomasville Utilities,"4687 US-84, Thomasville, GA 31792, USA","{'lat': 30.8769234, 'lng': -83.97061509999999}"
41,8441,Muscogee County School District,"Columbus, GA 31902, USA","{'lat': 32.46862, 'lng': -84.99141}"
42,8442,West Central Technical College,"160 M.L.K. Jr Dr, Newnan, GA 30263, USA","{'lat': 33.3647532, 'lng': -84.7831193}"
43,8443,High Meadows School,"1055 Willeo Rd, Roswell, GA 30075, USA","{'lat': 34.0141727, 'lng': -84.3942934}"
44,8444,Clayton County Public Schools,"5500 Reynolds Rd, Forest Park, GA 30297, USA","{'lat': 33.6039986, 'lng': -84.3538763}"
45,8445,Coffee County,"1311 N Peterson Ave, Douglas, GA 31533, USA","{'lat': 31.5237724, 'lng': -82.8507611}"
46,8446,Online Service Co,"4300 S Berkeley Lake Rd NW, Berkeley Lake, GA 30096, USA","{'lat': 33.9776031, 'lng': -84.1867757}"
47,8447,Gwinnett County Public Schools,"437 Peachtree Rd, Hoschton, GA 30548, USA","{'lat': 34.0846765, 'lng': -83.7627883}"
48,8448,Fulton County School District,"9000 Highpoint Rd, Fairburn, GA 30213, USA","{'lat': 33.5977273, 'lng': -84.578471}"
49,8449,Lee County,"1 trojan Way, Leesburg, GA 31763, USA","{'lat': 31.7305121, 'lng': -84.1563158}"
50,8450,Cobb County School District,"5265 Ward St SE, Smyrna, GA 30080, USA","{'lat': 33.88904700000001, 'lng': -84.52623380000001}"
51,8451,Fulton County School District,"9250 Scott Rd, Roswell, GA 30076, USA","{'lat': 34.0108453, 'lng': -84.29559909999999}"
52,8452,Linsday Elementary School,"1334 6th Ave, Auburn, GA 30011, USA","{'lat': 34.00978980000001, 'lng': -83.8241821}"
53,8453,Jefferson County Arkansas,"939 Jefferson St, Wadley, GA 30477, USA","{'lat': 32.8642245, 'lng': -82.41392189999999}"
54,8454,Johnson Co. School District 1,"Wrightsville, GA 31096, USA","{'lat': 32.7293279, 'lng': -82.719859}"
55,8455,Cobb County School District,"1410 Kincaid Rd, Marietta, GA 30066, USA","{'lat': 34.000883, 'lng': -84.5099295}"
56,8456,"Cook County, Illinois","712 Thompson St, Homer, GA 30547, USA","{'lat': 34.3149712, 'lng': -83.4803759}"
57,8457,Forsyth County Schools,"520 Tribble Gap Rd, Cumming, GA 30040, USA","{'lat': 34.2165156, 'lng': -84.14134159999999}"
58,8458,Monroe County Public Schools,"25 Brooklyn Ave, Forsyth, GA 31029, USA","{'lat': 33.03246110000001, 'lng': -83.9331562}"
59,8459,Utilities Analyses Inc.,"1970 Cliff Valley Way NE, Atlanta, GA 30329, USA","{'lat': 33.8341232, 'lng': -84.3235941}"
60,8460,Heard County School District,"Franklin, GA 30217, USA","{'lat': 33.2776182, 'lng': -85.0979973}"
61,8461,Colquitt County,"241 W Broad Ave, Doerun, GA 31744, USA","{'lat': 31.3194308, 'lng': -83.9194375}"
62,8462,Elbert County,"373 Campbell St, Elberton, GA 30635, USA","{'lat': 34.1146517, 'lng': -82.853377}"
63,8463,Spalding County,"216 S 6th St, Griffin, GA 30223, USA","{'lat': 33.2460151, 'lng': -84.2618312}"
64,8464,"Cook County, Illinois","Axson, GA 31624, USA","{'lat': 31.2763162, 'lng': -82.7343089}"
65,8465,Greenbrier High School,"4431 Hardy McManus Rd, Evans, GA 30809, USA","{'lat': 33.5793271, 'lng': -82.13022079999999}"
66,8466,Cobb County School District,"2420 Spring Rd SE, Smyrna, GA 30080, USA","{'lat': 33.8824854, 'lng': -84.48341669999999}"
67,8467,Fayette County,"Fayetteville, GA 30214, USA","{'lat': 33.473501, 'lng': -84.5012435}"
68,8468,Bacon County School District,"601 N Pierce St, Alma, GA 31510, USA","{'lat': 31.5452207, 'lng': -82.46109609999999}"
69,8469,Gwinnett County Public Schools,"4387 Cedar Wood Dr SW, Lilburn, GA 30047, USA","{'lat': 33.8699399, 'lng': -84.1063393}"
70,8470,Douglas County,"Douglasville, GA 30133, USA","{'lat': 33.7493709, 'lng': -84.7460678}"
71,8471,RE/MAX International,"2280 Satellite Blvd, Duluth, GA 30097, USA","{'lat': 33.9787455, 'lng': -84.0923337}"
72,8472,Coffee County,"1006 N Madison Ave, Douglas, GA 31533, USA","{'lat': 31.5189369, 'lng': -82.8490645}"
73,8473,Madison County School District,"255 Colbert School Rd, Colbert, GA 30628, USA","{'lat': 34.0401623, 'lng': -83.22723049999999}"
74,8474,Charlton County,"500 Indian Trail, Folkston, GA 31537, USA","{'lat': 30.8401657, 'lng': -81.9945415}"
75,8475,Northside Elementary School,"1201 20th St NE, Cairo, GA 39828, USA","{'lat': 30.8865461, 'lng': -84.1850588}"
76,8476,Northside Elementary School,"958 1st St NW, Cairo, GA 39828, USA","{'lat': 30.886754, 'lng': -84.210531}"
77,8477,North Jackson Elementary Schl,"1880 Old Gainesville Hwy, Pendergrass, GA 30567, USA","{'lat': 34.1780735, 'lng': -83.6965331}"
78,8478,Greenbrier High School,"6430 Pollards Pond Rd, Appling, GA 30802, USA","{'lat': 33.5480686, 'lng': -82.31638219999999}"
79,8479,Georgia Department of Education,"1500 Hale Bowen Dr, Dalton, GA 30721, USA","{'lat': 34.7917688, 'lng': -84.9491575}"
80,8480,Cobb County School District,"2570 Lower Roswell Rd, Marietta, GA 30067, USA","{'lat': 33.9420952, 'lng': -84.4777601}"
81,8481,Gwinnett County Public Schools,"970 McElvaney Ln NW, Lawrenceville, GA 30044, USA","{'lat': 33.9530201, 'lng': -84.0601837}"
82,8482,Cobb County School District,"Smyrna, GA 30081, USA","{'lat': 33.8799756, 'lng': -84.5099751}"
83,8483,Dekalb County School System,"2360 River Rd, Ellenwood, GA 30294, USA","{'lat': 33.676461, 'lng': -84.29444769999999}"
84,8484,Hidden Lake Academy,"830 Hidden Lake Rd, Dahlonega, GA 30533, USA","{'lat': 34.63055930000001, 'lng': -84.06955479999999}"
85,8485,Barrow County School System,"334 Rockwell Church Rd NW, Winder, GA 30680, USA","{'lat': 34.0262758, 'lng': -83.7385903}"
86,8486,Dekalb County School System,"3226 Flat Shoals Rd, Decatur, GA 30034, USA","{'lat': 33.706787, 'lng': -84.2846194}"
87,8487,Crossroads Baptist Church,"3001 Country Club Dr, Valdosta, GA 31602, USA","{'lat': 30.8697921, 'lng': -83.3048582}"
88,8488,Cobb County School District,"Austell, GA 30168, USA","{'lat': 33.7779488, 'lng': -84.5746243}"
89,8489,Gwinnett County Public Schools,"170 Russell Rd, Lawrenceville, GA 30043, USA","{'lat': 34.0011234, 'lng': -84.008645}"
90,8490,Glynn County School Adm,"328 Fawn Cir, Brunswick, GA 31525, USA","{'lat': 31.2453334, 'lng': -81.4587322}"
91,8491,Muscogee County School District,"7611 Whitesville Rd, Columbus, GA 31904, USA","{'lat': 32.558667, 'lng': -84.97439899999999}"
92,8492,Kingsley Elementary School,"2051 Brendon Dr, Dunwoody, GA 30338, USA","{'lat': 33.9482503, 'lng': -84.29724379999999}"
93,8493,Gordon County School District,"590 Belwood Rd SE, Calhoun, GA 30701, USA","{'lat': 34.4489889, 'lng': -84.91400829999999}"
94,8494,Hall County,"4216 Martin Rd, Flowery Branch, GA 30542, USA","{'lat': 34.1927354, 'lng': -83.88755309999999}"
95,8495,Cobb County School District,"2320 Murdock Rd, Marietta, GA 30062, USA","{'lat': 34.0067406, 'lng': -84.46238629999999}"
96,8496,Fulton County School District,"2301 Connally Dr, East Point, GA 30344, USA","{'lat': 33.6943529, 'lng': -84.4664402}"
97,8497,Bibb County Public Schools,"1301 Shurling Dr, Macon, GA 31211, USA","{'lat': 32.8595435, 'lng': -83.60016209999999}"
98,8498,Clayton County Public Schools,"7900 Lake Ridge Cir, Riverdale, GA 30296, USA","{'lat': 33.5394481, 'lng': -84.432283}"
99,8499,Clinch County,"575 Wood Lake Dr, Homerville, GA 31634, USA","{'lat': 31.0433689, 'lng': -82.7716907}"
100,8500,Fulton County School System,"11770 E Fox Ct, Alpharetta, GA 30005, USA","{'lat': 34.0701047, 'lng': -84.21231709999999}"
101,8501,Butts County School District,"323 S Harkness St, Jackson, GA 30233, USA","{'lat': 33.2914165, 'lng': -83.97717019999999}"
102,8502,Madison County School District,"Ila, GA 30647, USA","{'lat': 34.172844, 'lng': -83.2920061}"
103,8503,Bacon County School District,"523 E 16th St, Alma, GA 31510, USA","{'lat': 31.536761, 'lng': -82.45420399999999}"
104,8504,Kings Ridge Christian School,"2765 Bethany Bend, Milton, GA 30004, USA","{'lat': 34.1181169, 'lng': -84.2811644}"
105,8505,Chapel Hill-Carrboro City School District,"Douglasville, GA 30133, USA","{'lat': 33.7493709, 'lng': -84.7460678}"
106,8506,Fulton County School District,"11290 Elkins Rd, Roswell, GA 30076, USA","{'lat': 34.058314, 'lng': -84.3372785}"
107,8507,Barrow County School System,"47 McElhannon Rd SW, Bethlehem, GA 30620, USA","{'lat': 33.9224047, 'lng': -83.71916639999999}"
108,8508,Clayton County Public Schools,"4475 Hendrix Dr, Forest Park, GA 30297, USA","{'lat': 33.6323116, 'lng': -84.3711368}"
109,8509,Troup County School System,"221 Whitfield Rd, Hogansville, GA 30230, USA","{'lat': 33.0850705, 'lng': -84.98053499999999}"
110,8510,Greene County Board of Education,"1002 S Main St, Greensboro, GA 30642, USA","{'lat': 33.5635474, 'lng': -83.182987}"
111,8511,John Milledge Academy,"197 Log Cabin Rd NE, Milledgeville, GA 31061, USA","{'lat': 33.1482925, 'lng': -83.25770969999999}"
112,8512,Cobb County School District,"1345 Mars Hill Rd, Acworth, GA 30101, USA","{'lat': 33.9867931, 'lng': -84.7199645}"
113,8513,Dekalb County School System,"5931 Shadow Rock Dr, Lithonia, GA 30058, USA","{'lat': 33.7629927, 'lng': -84.1531591}"
114,8514,East Side Elementary Foundation Inc,"425 Prospect Rd, Rockmart, GA 30153, USA","{'lat': 34.0167312, 'lng': -85.0674225}"
115,8515,Holcomb Bridge Middle School Pta,"2700 Holcomb Bridge Rd, Alpharetta, GA 30022, USA","{'lat': 33.9933856, 'lng': -84.2840025}"
116,8516,Glynn County School Adm,"101 E Commons Dr, St Simons Island, GA 31522, USA","{'lat': 31.2184852, 'lng': -81.3876892}"
117,8517,Frederica Academy,"200 Hamilton Rd, St Simons Island, GA 31522, USA","{'lat': 31.16761099999999, 'lng': -81.402348}"
118,8518,Horizon Christian Academy,"2160 Freedom Pkwy, Cumming, GA 30041, USA","{'lat': 34.2436799, 'lng': -84.0929113}"
119,8519,Glynn County School Adm,"3920 Habersham St, Brunswick, GA 31520, USA","{'lat': 31.185811, 'lng': -81.49284999999999}"
120,8520,Fannin County School System,"2290 E 1st St, Blue Ridge, GA 30513, USA","{'lat': 34.8529428, 'lng': -84.33066269999999}"
121,8521,Coffee County,"206 N Coffee Ave, Douglas, GA 31533, USA","{'lat': 31.5108151, 'lng': -82.8466662}"
122,8522,Dekalb County School System,"1192 Clarendon Ave, Avondale Estates, GA 30002, USA","{'lat': 33.7591784, 'lng': -84.2667269}"
123,8523,Gwinnett County Public Schools,"1025 Herrington Rd, Lawrenceville, GA 30044, USA","{'lat': 33.9427284, 'lng': -84.08247209999999}"
124,8524,Clayton County Public Schools,"1400 Lake Jodeco Rd, Jonesboro, GA 30236, USA","{'lat': 33.5150776, 'lng': -84.34561699999999}"
125,8525,Greenbrier High School,"4785 Hereford Farm Rd, Evans, GA 30809, USA","{'lat': 33.5319894, 'lng': -82.159635}"
126,8526,Atlanta Girls School,"3254 Northside Pkwy NW, Atlanta, GA 30327, USA","{'lat': 33.8425744, 'lng': -84.4241598}"
127,8527,Cobb County School District,"1041 Reed Rd, Smyrna, GA 30082, USA","{'lat': 33.8549372, 'lng': -84.5236115}"
128,8528,Cobb County School District,"865 Corner Rd, Powder Springs, GA 30127, USA","{'lat': 33.9300834, 'lng': -84.7020008}"
129,8529,Cobb County School District,"2901 Bay Berry Dr SW, Marietta, GA 30008, USA","{'lat': 33.8820755, 'lng': -84.610871}"
130,8530,Dekalb County School System,"1101 Hambrick Rd, Stone Mountain, GA 30083, USA","{'lat': 33.8090145, 'lng': -84.2042049}"
131,8531,Coweta County School System,"46 Elm St, Newnan, GA 30263, USA","{'lat': 33.3833566, 'lng': -84.8078237}"
132,8532,Cobb County School District,"4222 Cantrell Rd NW, Acworth, GA 30101, USA","{'lat': 34.059911, 'lng': -84.6523263}"
133,8533,Houston County Community Education,"460 Arena Rd, Perry, GA 31069, USA","{'lat': 32.4553573, 'lng': -83.6531712}"
134,8534,Fulton County School System,"4345 Welcome All Rd, College Park, GA 30349, USA","{'lat': 33.637691, 'lng': -84.5278711}"
135,8535,Hart County School District,"147 College Ave, Hartwell, GA 30643, USA","{'lat': 34.349659, 'lng': -82.92804799999999}"
136,8536,Chattooga County School District,"989 GA-114, Summerville, GA 30747, USA","{'lat': 34.4656542, 'lng': -85.3581936}"
137,8537,Chattahoochee High School,"5230 Taylor Rd, Johns Creek, GA 30022, USA","{'lat': 34.0497331, 'lng': -84.2087758}"
138,8538,Jeff Davis County Schools,"44 Charles Rogers Blvd, Hazlehurst, GA 31539, USA","{'lat': 31.864457, 'lng': -82.60879340000001}"
139,8539,Brenau University,"500 Washington St SE, Gainesville, GA 30501, USA","{'lat': 34.3018881, 'lng': -83.8220415}"
140,8540,Gwinnett County Public Schools,"460 Grayson Pkwy, Grayson, GA 30017, USA","{'lat': 33.8921789, 'lng': -83.956896}"
141,8541,Appling County School System,"13396 Blackshear Hwy, Baxley, GA 31513, USA","{'lat': 31.6151436, 'lng': -82.2523867}"
142,8542,Fulton County School System,"2580 Delowe Dr, East Point, GA 30344, USA","{'lat': 33.6850173, 'lng': -84.4568508}"
143,8543,GA - Dept of Education,"890 N Indian Creek Dr, Clarkston, GA 30021, USA","{'lat': 33.8028222, 'lng': -84.2400632}"
144,8544,Atlanta Public School System,"3070 Fairburn Rd SW, Atlanta, GA 30331, USA","{'lat': 33.6713195, 'lng': -84.51426219999999}"
145,8545,Atlanta Public School System,"2210 Perry Blvd NW, Atlanta, GA 30318, USA","{'lat': 33.8042938, 'lng': -84.4616032}"
146,8546,Crawford County,"Roberta, GA 31078, USA","{'lat': 32.7218072, 'lng': -84.0132433}"
147,8547,Henry County Schools,"575 Walker Dr, Locust Grove, GA 30248, USA","{'lat': 33.3792279, 'lng': -84.1960428}"
148,8548,Muscogee County School District,"6015 Georgetown Dr, Columbus, GA 31907, USA","{'lat': 32.4676875, 'lng': -84.8884309}"
149,8549,Berrien County School District,"100 Smith Ave, Nashville, GA 31639, USA","{'lat': 31.2173096, 'lng': -83.2483902}"
150,8550,Bartow County School District,"116 Hamilton Crossing Rd NW, Cartersville, GA 30120, USA","{'lat': 34.2392658, 'lng': -84.8661236}"
151,8551,Clarke County School District,"240 Mitchell Bridge Rd, Athens, GA 30606, USA","{'lat': 33.9626438, 'lng': -83.4324183}"
152,8552,Dawson County,"1063 Kilough Church Rd, Dawsonville, GA 30534, USA","{'lat': 34.3676905, 'lng': -84.0157509}"
153,8553,Northside Elementary School,"455 5th St SE, Cairo, GA 39828, USA","{'lat': 30.8726765, 'lng': -84.19942759999999}"
154,8554,Dougherty County Schools,"200 Pine Ave, Albany, GA 31701, USA","{'lat': 31.578074, 'lng': -84.1516753}"
155,8555,Gwinnett County Public Schools,"1950 Old Peachtree Rd NW, Duluth, GA 30097, USA","{'lat': 34.01368, 'lng': -84.10343120000002}"
156,8556,Gwinnett County Public Schools,"437 Old Peachtree Rd NE, Lawrenceville, GA 30043, USA","{'lat': 34.0374857, 'lng': -84.0194921}"
157,8557,Cobb County School District,"1501 Kennesaw Due West Rd NW, Kennesaw, GA 30152, USA","{'lat': 33.9909271, 'lng': -84.63074379999999}"
158,8558,Cobb County School District,"4455 Wesley Dr, Austell, GA 30106, USA","{'lat': 33.8449643, 'lng': -84.64862409999999}"
159,8559,Savannah-Chatham County Public School System,"209 Mapmaker Ln, Savannah, GA 31410, USA","{'lat': 32.0388169, 'lng': -81.0049604}"
160,8560,Dekalb County School System,"1215 Balsam Dr, Decatur, GA 30033, USA","{'lat': 33.8150537, 'lng': -84.2759001}"
161,8561,Gwinnett County Public Schools,"4488 Tench Rd, Suwanee, GA 30024, USA","{'lat': 34.0710136, 'lng': -84.0711644}"
162,8562,Gwinnett County Public Schools,"531 Lilburn School Rd NW, Lilburn, GA 30047, USA","{'lat': 33.8919898, 'lng': -84.1529942}"
163,8563,Clarke County School District,"Athens, GA 30603, USA","{'lat': 33.96, 'lng': -83.38}"
164,8564,Bartow County School District,"4150 New Hope Church Rd SE, Acworth, GA 30102, USA","{'lat': 34.1178758, 'lng': -84.6699379}"
165,8565,Douglas County,"Lithia Springs, GA 30122, USA","{'lat': 33.7584098, 'lng': -84.63744840000001}"
166,8566,Gwinnett County Public Schools,"2595 Beaver Ruin Rd, Norcross, GA 30071, USA","{'lat': 33.9421135, 'lng': -84.2017072}"
167,8567,Howard School,"1246 Ponce De Leon Ave NE, Atlanta, GA 30306, USA","{'lat': 33.7752539, 'lng': -84.3467117}"
168,8568,Henry County Schools,"396 Tomlinson St, McDonough, GA 30252, USA","{'lat': 33.4501381, 'lng': -84.1313014}"
169,8569,Fulton County School District,"4600 Scarborough Rd SW, Atlanta, GA 30349, USA","{'lat': 33.6277246, 'lng': -84.5390101}"
170,8570,Fulton County School System,"4600 Scarborough Rd SW, Atlanta, GA 30349, USA","{'lat': 33.6277246, 'lng': -84.5390101}"
171,8571,Decatur County,"1301 E College St, Bainbridge, GA 39819, USA","{'lat': 30.8988224, 'lng': -84.5559603}"
172,8572,Greene County Board of Education,"201 N Main St, Greensboro, GA 30642, USA","{'lat': 33.5772933, 'lng': -83.18202409999999}"
173,8573,Blessed Trinity Catholic High School,"11320 Woodstock Rd, Roswell, GA 30075, USA","{'lat': 34.055215, 'lng': -84.3908349}"
174,8574,Charlton County,"500 S 3rd St, Folkston, GA 31537, USA","{'lat': 30.8221057, 'lng': -82.0004821}"
175,8575,Cartersville City Schools,"14 Nelson St, Cartersville, GA 30120, USA","{'lat': 34.1726031, 'lng': -84.7924345}"
176,8576,Bleckley County School District,"259 Peter St NE, Cochran, GA 31014, USA","{'lat': 32.3930137, 'lng': -83.342118}"
177,8577,GA - Dept of Education,"205 Jesse Hill Jr Dr SE, Atlanta, GA 30303, USA","{'lat': 33.7498967, 'lng': -84.3860529}"
178,8578,Emanuel County,"Twin City, GA 30471, USA","{'lat': 32.5829413, 'lng': -82.15512190000001}"
179,8579,Georgia Department of Education,"712 3rd St, Vienna, GA 31092, USA","{'lat': 32.1034757, 'lng': -83.7980052}"
180,8580,Coffee County,"603 N McDonald Ave, Douglas, GA 31533, USA","{'lat': 31.5151987, 'lng': -82.8405439}"
181,8581,Gwinnett College,"4230 Lawrenceville Hwy, Lilburn, GA 30047, USA","{'lat': 33.9017619, 'lng': -84.121315}"
182,8582,Madison County School District,"565 Gholston St, Comer, GA 30629, USA","{'lat': 34.0702286, 'lng': -83.12870110000001}"
183,8583,Dekalb County School System,"4150 Green Hawk Trail, Decatur, GA 30035, USA","{'lat': 33.7216447, 'lng': -84.2203459}"
184,8584,Dekalb County School System,"4137 Livsey Rd, Tucker, GA 30084, USA","{'lat': 33.8683385, 'lng': -84.2187641}"
185,8585,North Jackson Elementary Schl,"5488 US-441, Nicholson, GA 30565, USA","{'lat': 34.1075006, 'lng': -83.4351521}"
186,8586,Coweta County School System,"14 Nimmons St, Newnan, GA 30263, USA","{'lat': 33.3669324, 'lng': -84.79967169999999}"
187,8587,Dekalb County School System,"2415 N Druid Hills Rd NE, Atlanta, GA 30329, USA","{'lat': 33.8269549, 'lng': -84.3268933}"
188,8588,Clayton County Public Schools,"3313 La Vista Dr, Hapeville, GA 30354, USA","{'lat': 33.6594167, 'lng': -84.3984906}"
189,8589,Franklin County School Supt,"919 Hull Ave, Carnesville, GA 30521, USA","{'lat': 34.3657726, 'lng': -83.2333274}"
190,8590,Crabapple Montessori School,"12387 Crabapple Rd, Alpharetta, GA 30004, USA","{'lat': 34.08394639999999, 'lng': -84.3544103}"
191,8591,Atkinson County School System,"1001 N King St, Pearson, GA 31642, USA","{'lat': 31.303395, 'lng': -82.8536711}"
192,8592,Raintree Community Church,"5560 Thompson Mill Rd, Hoschton, GA 30548, USA","{'lat': 34.111782, 'lng': -83.8580829}"
193,8593,Greenbrier High School,"5426 Hereford Farm Rd, Evans, GA 30809, USA","{'lat': 33.5155054, 'lng': -82.2001657}"
194,8594,Arlington Christian School,"4500 Ridge Rd, Fairburn, GA 30213, USA","{'lat': 33.6349518, 'lng': -84.65273499999999}"
195,8595,Murray County School District,"500 Green Rd, Chatsworth, GA 30705, USA","{'lat': 34.7679984, 'lng': -84.7771659}"
196,8596,Fayette County,"190 Lester road, Fayetteville, GA 30215, USA","{'lat': 33.4438767, 'lng': -84.5124695}"
197,8597,Gwinnett County Public Schools,"5378 Fawn Ivey Ln, Buford, GA 30519, USA","{'lat': 34.099002, 'lng': -83.8612807}"
198,8598,Coffee County,"4193 Vickers Crossing, Ambrose, GA 31512, USA","{'lat': 31.5930987, 'lng': -83.0142224}"
199,8599,Georgia Department of Education,"200 Hobbs Ln, Fort Gaines, GA 39851, USA","{'lat': 31.6205654, 'lng': -85.0428695}"
200,8600,Forsyth County Schools,"6200 Dahlonega Hwy, Dawsonville, GA 30534, USA","{'lat': 34.32781629999999, 'lng': -84.1024412}"
201,8601,Berrien County School District,"800 Tifton Rd, Nashville, GA 31639, USA","{'lat': 31.2122849, 'lng': -83.2638978}"
202,8602,Macon County School System,"611 Vienna Rd, Montezuma, GA 31063, USA","{'lat': 32.2905121, 'lng': -84.02004699999999}"
203,8603,Gwinnett County Public Schools,"2625 Lawrenceville Hwy, Lawrenceville, GA 30044, USA","{'lat': 33.9253216, 'lng': -84.0707517}"
204,8604,Fulton County School System,"3440 N Fulton Ave, Hapeville, GA 30354, USA","{'lat': 33.66012000000001, 'lng': -84.40585810000002}"
205,8605,Calhoun City,"700 W Line St, Calhoun, GA 30701, USA","{'lat': 34.5045245, 'lng': -84.9633446}"
206,8606,Heard County School District,"269 Old Field Rd, Franklin, GA 30217, USA","{'lat': 33.3002361, 'lng': -85.1163894}"
207,8607,Liberty County,"920 Long Frasier Dr, Hinesville, GA 31313, USA","{'lat': 31.8133413, 'lng': -81.59571199999999}"
208,8608,Floyd County School District,"337 Blacks Bluff Rd SW, Rome, GA 30161, USA","{'lat': 34.2204986, 'lng': -85.19984989999999}"
209,8609,Fannin County School System,"Blue Ridge, GA 30513, USA","{'lat': 34.8639719, 'lng': -84.32408699999999}"
210,8610,Hart County School District,"59 5th St, Hartwell, GA 30643, USA","{'lat': 34.3480871, 'lng': -82.9229273}"
211,8611,Fitzgerald High School,"509 W Palm St, Fitzgerald, GA 31750, USA","{'lat': 31.7089423, 'lng': -83.2606364}"
212,8612,Atlanta Charter Middle School,"820 Essie Ave SE, Atlanta, GA 30316, USA","{'lat': 33.7325263, 'lng': -84.35510860000001}"
213,8613,Duluth Merchants Association,"Duluth, GA 30096, USA","{'lat': 33.9812131, 'lng': -84.15406589999999}"
214,8614,Henry County Schools,"50 Austin Rd, Stockbridge, GA 30281, USA","{'lat': 33.606667, 'lng': -84.18423589999999}"
215,8615,Immaculate Heart Of Mary,"2855 Briarcliff Rd NE, Atlanta, GA 30329, USA","{'lat': 33.833652, 'lng': -84.319662}"
216,8616,Cobb County School District,"2433 Jamerson Rd, Marietta, GA 30066, USA","{'lat': 34.073416, 'lng': -84.4787849}"
217,8617,Greenbrier High School,"4318 Washington Rd, Evans, GA 30809, USA","{'lat': 33.5382694, 'lng': -82.1298476}"
218,8618,Hart County School District,"Hartwell, GA 30643, USA","{'lat': 34.3528825, 'lng': -82.932087}"
219,8619,Gwinnett County Public Schools,"1970 Sever Rd, Lawrenceville, GA 30043, USA","{'lat': 33.9883151, 'lng': -84.06125809999999}"
220,8620,Gwinnett County Public Schools,"1500 Pounds Rd SW, Lilburn, GA 30047, USA","{'lat': 33.8400378, 'lng': -84.1148153}"
221,8621,Gwinnett County Public Schools,"4488 Tench Rd, Suwanee, GA 30024, USA","{'lat': 34.0710136, 'lng': -84.0711644}"
222,8622,Carroll County School System,"1077 Magnolia Dr, Villa Rica, GA 30180, USA","{'lat': 33.6414623, 'lng': -84.9208742}"
223,8623,Gwinnett County Public Schools,"918 Buford Hwy NE, Sugar Hill, GA 30518, USA","{'lat': 34.0843042, 'lng': -84.03931349999999}"
224,8624,Dekalb County School System,"1626 N Druid Hills Rd NE, Atlanta, GA 30319, USA","{'lat': 33.8434964, 'lng': -84.33744279999999}"
225,8625,Lowndes County School District,"Hahira, GA 31632, USA","{'lat': 30.9913064, 'lng': -83.3726575}"
226,8626,Bremen City Schools,"504 Laurel St, Bremen, GA 30110, USA","{'lat': 33.7183408, 'lng': -85.1399551}"
227,8627,Rockdale County School District,"3375 E Fairview Rd SW, Stockbridge, GA 30281, USA","{'lat': 33.5936307, 'lng': -84.0975584}"
228,8628,Macon County School System,"GA-49, Oglethorpe, GA, USA","{'lat': 32.2937904, 'lng': -84.0610311}"
229,8629,Bremen City Schools,"206 Lakeview Dr, Bremen, GA 30110, USA","{'lat': 33.7287747, 'lng': -85.1527571}"
230,8630,Cobb County School District,"Marietta, GA 30061, USA","{'lat': 33.9491123, 'lng': -84.5507433}"
231,8631,Aquinas Catholic High School,"1920 Highland Ave, Augusta, GA 30904, USA","{'lat': 33.460419, 'lng': -82.038437}"
232,8632,Cobb County School District,"Kennesaw, GA 30156, USA","{'lat': 33.99, 'lng': -84.64999999999999}"
233,8633,Lanier County Middle School,"325 W Patten Ave, Lakeland, GA 31635, USA","{'lat': 31.037616, 'lng': -83.0772401}"
234,8634,Muscogee County School District,"954 High Ln, Columbus, GA 31907, USA","{'lat': 32.465179, 'lng': -84.88562999999999}"
235,8635,Colquitt County,"28th Ave NW, Moultrie, GA 31768, USA","{'lat': 31.2056447, 'lng': -83.79576970000001}"
236,8636,Gwinnett County Public Schools,"400 Gwin Oaks Dr, Lawrenceville, GA 30044, USA","{'lat': 33.8958962, 'lng': -84.07409009999999}"
237,8637,Cobb County School District,"50 Veterans Memorial Hwy SE, Mableton, GA 30126, USA","{'lat': 33.8135786, 'lng': -84.5537736}"
238,8638,Fulton County School System,"91 Elder St, Fairburn, GA 30213, USA","{'lat': 33.5723206, 'lng': -84.5747471}"
239,8639,Clarke County School District,"870 Gaines School Rd, Athens, GA 30645, USA","{'lat': 33.9307755, 'lng': -83.3367727}"
240,8640,International Community School,"3260 Covington Hwy, Decatur, GA 30032, USA","{'lat': 33.7745159, 'lng': -84.25697629999999}"
241,8641,Emanuel County,"102 N College St, Twin City, GA 30471, USA","{'lat': 32.5806949, 'lng': -82.1549601}"
242,8642,Bulloch County School District,"700 Hill Rd, Dalton, GA 30721, USA","{'lat': 34.7455581, 'lng': -84.9320388}"
243,8643,Decatur County,"725 E Louise St, Bainbridge, GA 39819, USA","{'lat': 30.894086, 'lng': -84.5688129}"
244,8644,Greenbrier High School,"112 Ford Ave, Grovetown, GA 30813, USA","{'lat': 33.4478209, 'lng': -82.19793589999999}"
245,8645,Fulton County School District,"4345 Welcome All Rd, College Park, GA 30349, USA","{'lat': 33.637691, 'lng': -84.5278711}"
246,8646,Catoosa County,"944 Graysville Rd, Ringgold, GA 30736, USA","{'lat': 34.9686369, 'lng': -85.15523670000002}"
247,8647,Clarke County School District,"110 Old Elberton Rd, Athens, GA 30601, USA","{'lat': 33.9886861, 'lng': -83.29817249999999}"
248,8648,Dougherty County Schools,"1425 W Oakridge Dr, Albany, GA 31721, USA","{'lat': 31.550583, 'lng': -84.1916313}"
249,8649,Gwinnett County Public Schools,"525 Bethesda School Rd, Lawrenceville, GA 30044, USA","{'lat': 33.9260308, 'lng': -84.0857423}"
250,8650,KIPP SOUTH FULTON ACADEMY,"1286 Washington Rd, Atlanta, GA 30344, USA","{'lat': 33.6756047, 'lng': -84.4309019}"
251,8651,Atkinson County School System,"338 S Vickers St, Willacoochee, GA 31650, USA","{'lat': 31.3381923, 'lng': -83.0512581}"
252,8652,Wayne County School District,"1425 W Orange St, Jesup, GA 31545, USA","{'lat': 31.6161637, 'lng': -81.90334360000001}"
253,8653,GA - Dept of Education,"326 Broad St, Cusseta, GA 31805, USA","{'lat': 32.3068573, 'lng': -84.7815495}"
254,8654,Wayne County School District,"1175 US-301, Jesup, GA 31546, USA","{'lat': 31.5853601, 'lng': -81.8718344}"
255,8655,Lumpkin County School District,"152 School Dr, Dahlonega, GA 30533, USA","{'lat': 34.5432286, 'lng': -83.9899057}"
256,8656,Clayton County Public Schools,"102 GA-51, Homer, GA 30547, USA","{'lat': 34.345154, 'lng': -83.4810069}"
257,8657,Cobb County School District,"3155 Jiles Rd, Kennesaw, GA 30144, USA","{'lat': 34.031119, 'lng': -84.6287814}"
258,8658,Murray County School District,"1733 Leonard Bridge Rd, Chatsworth, GA 30705, USA","{'lat': 34.7562165, 'lng': -84.79355679999999}"
259,8659,Clayton County Public Schools,"4199 Old Rock Cut Rd, Conley, GA 30288, USA","{'lat': 33.6405817, 'lng': -84.33337790000002}"
260,8660,McDuffie County School District,"520 Mt Pleasant Rd, Thomson, GA 30824, USA","{'lat': 33.4545806, 'lng': -82.514201}"
261,8661,Cobb County School District,"Marietta, GA 30061, USA","{'lat': 33.9491123, 'lng': -84.5507433}"
262,8662,Pickens County School District,"550 Harmony School Rd, Jasper, GA 30143, USA","{'lat': 34.434716, 'lng': -84.429988}"
263,8663,New Georgia School,"2945 Hiram Acworth Hwy, Dallas, GA 30157, USA","{'lat': 33.933206, 'lng': -84.7475931}"
264,8664,Decatur County,"Bainbridge, GA 39818, USA","{'lat': 30.9079484, 'lng': -84.57658819999999}"
265,8665,Greenbrier High School,"300 Ford Ave, Grovetown, GA 30813, USA","{'lat': 33.4454616, 'lng': -82.1941662}"
266,8666,Argyle School District,"Smyrna, GA 30081, USA","{'lat': 33.8799756, 'lng': -84.5099751}"
267,8667,Dekalb County School System,"3688 Chamblee Dunwoody Rd, Chamblee, GA 30341, USA","{'lat': 33.897819, 'lng': -84.307338}"
268,8668,Clarke County School District,"400 Fowler Dr, Athens, GA 30601, USA","{'lat': 33.9897542, 'lng': -83.3626602}"
269,8669,Fulton County School District,"786 Cleveland Ave SW, Atlanta, GA 30315, USA","{'lat': 33.6807208, 'lng': -84.4145583}"
270,8670,Heard County School District,"131 E St, Thomaston, GA 30286, USA","{'lat': 32.9077878, 'lng': -84.32460460000001}"
271,8671,Christian Heritage School,"1600 Martin Luther King Jr Blvd, Dalton, GA 30721, USA","{'lat': 34.7758009, 'lng': -84.9398059}"
272,8672,Dekalb County School System,"1070 Otello Ave, Clarkston, GA 30021, USA","{'lat': 33.8099042, 'lng': -84.2259859}"
273,8673,Washington School District,"Sandersville, GA, USA","{'lat': 32.9815431, 'lng': -82.810138}"
274,8674,Atlanta Public School System,"8 Peachtree Battle Ave NW, Atlanta, GA 30305, USA","{'lat': 33.8187514, 'lng': -84.38917219999999}"
275,8675,"Columbia County, New York","4781 Hereford Farm Rd, Evans, GA 30809, USA","{'lat': 33.5309981, 'lng': -82.1584025}"
276,8676,Greenbrier High School,"5114 Riverwood Pkwy, Evans, GA 30809, USA","{'lat': 33.588837, 'lng': -82.19227649999999}"
277,8677,Athens Christian School,"1270 US-29, Athens, GA 30601, USA","{'lat': 34.006577, 'lng': -83.32689200000002}"
278,8678,Clayton County Public Schools,"137 Spring St, Jonesboro, GA 30236, USA","{'lat': 33.524686, 'lng': -84.3584769}"
279,8679,Floyd County School District,"Cave Spring, GA 30124, USA","{'lat': 34.1075975, 'lng': -85.33634339999999}"
280,8680,Todd Realty,"420 Pine Grove Ave, Grayson, GA 30017, USA","{'lat': 33.8924582, 'lng': -83.95462169999999}"
281,8681,The University of Georgia,"425 E Broad St, Athens, GA 30601, USA","{'lat': 33.9580982, 'lng': -83.37352469999999}"
282,8682,Clayton County Public Schools,"216 Stockbridge Rd, Jonesboro, GA 30236, USA","{'lat': 33.52397, 'lng': -84.3468207}"
283,8683,Bibb County Public Schools,"990 Newport Rd, Macon, GA 31210, USA","{'lat': 32.8916405, 'lng': -83.69397479999999}"
284,8684,Bibb County Public Schools,"4160 Ocmulgee E Blvd, Macon, GA 31217, USA","{'lat': 32.8140614, 'lng': -83.5677185}"
285,8685,Tift County Public Schools,"700 W Hudson St, Ocilla, GA 31774, USA","{'lat': 31.5991833, 'lng': -83.25872939999999}"
286,8686,Catoosa County,"Graysville, GA 30726, USA","{'lat': 34.9758472, 'lng': -85.1416053}"
287,8687,Elbert County,"1019 Falling Creek Cir, Elberton, GA 30635, USA","{'lat': 34.0847174, 'lng': -82.84748669999999}"
288,8688,Cobb County School District,"3656 Old Stilesboro Rd NW, Kennesaw, GA 30152, USA","{'lat': 34.0021352, 'lng': -84.65690339999999}"
289,8689,Girl Scouts Headquarters,"214 S 6th St, Griffin, GA 30224, USA","{'lat': 33.2463437, 'lng': -84.2618128}"
290,8690,Dekalb County School System,"3039 Santa Monica Dr, Decatur, GA 30032, USA","{'lat': 33.74361409999999, 'lng': -84.2660276}"
291,8691,Appling County School System,"680 Blackshear Hwy SE, Baxley, GA 31513, USA","{'lat': 31.7547439, 'lng': -82.3545845}"
292,8692,Dekalb County School System,"618 N Indian Creek Dr, Clarkston, GA 30021, USA","{'lat': 33.7933901, 'lng': -84.2373468}"
293,8693,Gwinnett County Public Schools,"1725 Auburn Rd, Dacula, GA 30019, USA","{'lat': 34.04410300000001, 'lng': -83.9240652}"
294,8694,Huddleston Elementary School,"200 McIntosh Trail, Peachtree City, GA 30269, USA","{'lat': 33.3862911, 'lng': -84.5696315}"
295,8695,Peach County,"712 Peggy Dr, Fort Valley, GA 31030, USA","{'lat': 32.5690586, 'lng': -83.9147866}"
296,8696,Heard County School District,"131 E St, Thomaston, GA 30286, USA","{'lat': 32.9077878, 'lng': -84.32460460000001}"
297,8697,Georgia Military College,"Old Capitol Building, 201 E Greene St, Milledgeville, GA 31061, USA","{'lat': 33.0786691, 'lng': -83.2245845}"
298,8698,Rockdale County School District,"1455 Flat Shoals Rd SE, Conyers, GA 30013, USA","{'lat': 33.6326985, 'lng': -83.9917033}"
299,8699,Calhoun City,"102 Raymond King Dr, Calhoun, GA 30701, USA","{'lat': 34.4928891, 'lng': -84.9355027}"
300,8700,Fulton Science Academy Middle School,"630 Sims Industrial Blvd, Alpharetta, GA 30009, USA","{'lat': 34.0603116, 'lng': -84.30681709999999}"
301,8701,Murray County School District,"4600 Georgia Hwy 225 N, Chatsworth, GA 30705, USA","{'lat': 34.8241882, 'lng': -84.8098412}"
302,8702,Fulton County School District,"3263 Verdant Dr SW, Atlanta, GA 30331, USA","{'lat': 33.68464220000001, 'lng': -84.49284329999999}"
303,8703,Atlanta Public School System,"3181 Hogan Rd SW, Atlanta, GA 30331, USA","{'lat': 33.6785181, 'lng': -84.4917365}"
304,8704,Dawson County,"1665 Perimeter Rd, Dawsonville, GA 30534, USA","{'lat': 34.4141224, 'lng': -84.1031138}"
305,8705,Dekalb County School System,"955 N Indian Creek Dr, Clarkston, GA 30021, USA","{'lat': 33.8049486, 'lng': -84.2389522}"
306,8706,Appling County High School,"249 Blackshear Hwy SE, Baxley, GA 31513, USA","{'lat': 31.7615597, 'lng': -82.3528991}"
307,8707,Garden Of Discovery Montess,"420 Pine Grove Ave, Grayson, GA 30017, USA","{'lat': 33.8924582, 'lng': -83.95462169999999}"
308,8708,Calhoun City,"380 Barrett Rd, Calhoun, GA 30701, USA","{'lat': 34.5107756, 'lng': -84.93590209999999}"
309,8709,Dade Co Board Of Education,"300 Tradition Ln, Trenton, GA 30752, USA","{'lat': 34.8615981, 'lng': -85.5089881}"
310,8710,Liberty County,"315 Coates Rd, Hinesville, GA 31313, USA","{'lat': 31.865179, 'lng': -81.580615}"
311,8711,Lee County,"295 Leslie Hwy, Leesburg, GA 31763, USA","{'lat': 31.743666, 'lng': -84.1650283}"
312,8712,Georgia Department of Education,"2500 Daniells Bridge Rd #300, Athens, GA 30606, USA","{'lat': 33.9094132, 'lng': -83.4603953}"
313,8713,Georgia Institute of Technology,"Savant Bldg, 631 Cherry St NW, Atlanta, GA 30313, USA","{'lat': 33.7720808, 'lng': -84.3952778}"
314,8714,Gainesville City School System,"852 Century Pl, Gainesville, GA 30501, USA","{'lat': 34.3037581, 'lng': -83.8451473}"
315,8715,Liberty County,"910 Long Frasier Dr, Hinesville, GA 31313, USA","{'lat': 31.8137447, 'lng': -81.59913809999999}"
316,8716,Dougherty County School System,"200 Pine Ave, Albany, GA 31701, USA","{'lat': 31.578074, 'lng': -84.1516753}"
317,8717,Atlanta Public School System,"970 Martin St SE, Atlanta, GA 30315, USA","{'lat': 33.7281397, 'lng': -84.3826764}"
318,8718,East Cobb Christian School,"4616 Roswell Rd, Marietta, GA 30068, USA","{'lat': 33.9889972, 'lng': -84.4173101}"
319,8719,Rockdale County School District,"1821 Walker Rd SW, Conyers, GA 30094, USA","{'lat': 33.6225687, 'lng': -84.048873}"
320,8720,Fulton County School District,"2075 Princeton Ave, College Park, GA 30337, USA","{'lat': 33.6555149, 'lng': -84.4564817}"
321,8721,Fulton County School District,"10700 Crabapple Rd, Roswell, GA 30075, USA","{'lat': 34.040196, 'lng': -84.36398059999999}"
322,8722,Cottage School Educational Res,"700 Grimes Bridge Rd, Roswell, GA 30075, USA","{'lat': 34.0144776, 'lng': -84.3367032}"
323,8723,Meriwether County,"1250 Terrell St, Greenville, GA 30222, USA","{'lat': 33.0270435, 'lng': -84.70910529999999}"
324,8724,Banks County School District,"1486 Historic Homer Hwy, Homer, GA 30547, USA","{'lat': 34.3082408, 'lng': -83.4984395}"
325,8725,Bleckley County School District,"470 GA-26, Cochran, GA 31014, USA","{'lat': 32.3675362, 'lng': -83.3783338}"
326,8726,Cartersville City Schools,"310 Old Mill Rd, Cartersville, GA 30120, USA","{'lat': 34.1505613, 'lng': -84.8119507}"
327,8727,Baker County School System,"39 Kent Rd Ste 5, Tifton, GA 31794, USA","{'lat': 31.4699307, 'lng': -83.481858}"
328,8728,Savannah-Chatham County Public School System,"Montgomery St, Savannah, GA, USA","{'lat': 32.054341, 'lng': -81.1058159}"
329,8729,Carroll County School System,"223 Kent Ave, Bowdon, GA 30108, USA","{'lat': 33.5263759, 'lng': -85.2525069}"
330,8730,Bleckley County School District,"259 Peter St NE, Cochran, GA 31014, USA","{'lat': 32.3930137, 'lng': -83.342118}"
331,8731,Liberty County,"110 S Gause St, Hinesville, GA 31313, USA","{'lat': 31.8462367, 'lng': -81.6019431}"
332,8732,Communities In Schools of Atlanta,"3200 Latona Dr SW, Atlanta, GA 30354, USA","{'lat': 33.6666514, 'lng': -84.3952273}"
333,8733,Cherokee County,"12525 Cumming Hwy, Canton, GA 30115, USA","{'lat': 34.2394059, 'lng': -84.2897188}"
334,8734,Atlanta Union Mission,"Atlanta, GA 30301, USA","{'lat': 33.7600008, 'lng': -84.38999629999999}"
335,8735,Henry County Schools,"199 E Lake Rd, McDonough, GA 30252, USA","{'lat': 33.5096482, 'lng': -84.1327527}"
336,8736,Clayton County Public Schools,"5th Ave, Forest Park, GA 30297, USA","{'lat': 33.6199303, 'lng': -84.3954945}"
337,8737,GA - Dept of Education,"205 Jesse Hill Jr Dr SE #1970, Atlanta, GA 30303, USA","{'lat': 33.7498967, 'lng': -84.3860529}"
338,8738,Georgia Department of Education,"2500 Daniells Bridge Rd #300, Athens, GA 30606, USA","{'lat': 33.9094132, 'lng': -83.4603953}"
339,8739,Gresham-Barlow School District,"Marietta, GA 30061, USA","{'lat': 33.9491123, 'lng': -84.5507433}"
340,8740,Chickamauga City Schools,"402 Cove Rd, Chickamauga, GA 30707, USA","{'lat': 34.8687614, 'lng': -85.2937869}"
341,8741,Jones County Schools,"169 Dusty Ln, Macon, GA 31211, USA","{'lat': 32.879308, 'lng': -83.582162}"
342,8742,Clarke County School District,"1181 Planters Ridge Dr, Bogart, GA 30622, USA","{'lat': 33.9248374, 'lng': -83.54251789999999}"
343,8743,Cumberland Christian Academy,"4900 Floyd Rd SW, Mableton, GA 30126, USA","{'lat': 33.8345529, 'lng': -84.5769569}"
344,8744,Camden County,"1330 Camden St, Kingsland, GA 31548, USA","{'lat': 30.8108068, 'lng': -81.6943474}"
345,8745,Georgia Department of Labor,"5198 Ross Rd, Acworth, GA 30102, USA","{'lat': 34.0843585, 'lng': -84.67043830000001}"
346,8746,Cincinnati Country Day School,"2016 12th Ave, Columbus, GA 31901, USA","{'lat': 32.4823765, 'lng': -84.97548479999999}"
347,8747,Christian Renewal Academy,"4265 Norwich St Ext, Brunswick, GA 31520, USA","{'lat': 31.199656, 'lng': -81.5078644}"
348,8748,Peach County,"202 New Dunbar Rd, Byron, GA 31008, USA","{'lat': 32.6507112, 'lng': -83.73925419999999}"
349,8749,Lowndes County School District,"1606 Norman Dr, Valdosta, GA 31601, USA","{'lat': 30.8376, 'lng': -83.3212999}"
350,8750,Dekalb County School System,"505 S Hairston Rd, Stone Mountain, GA 30083, USA","{'lat': 33.7818202, 'lng': -84.196421}"
351,8751,Butner Elementary,"2772 Hero Rd, Fort Stewart, GA 31315, USA","{'lat': 31.8910874, 'lng': -81.5968683}"
352,8752,Clarke County School District,"3220 S Barnett Shoals Rd, Athens, GA 30605, USA","{'lat': 33.902135, 'lng': -83.33806400000002}"
353,8753,Lamar County Middle School,"228 Roberta Dr, Barnesville, GA 30204, USA","{'lat': 33.0418301, 'lng': -84.1816743}"
354,8754,Atlanta Public School System,"2875 Northside Dr NW, Atlanta, GA 30305, USA","{'lat': 33.8327731, 'lng': -84.40650629999999}"
355,8755,GA - Dept of Education,"205 Jesse Hill Jr Dr SE #1970, Atlanta, GA 30303, USA","{'lat': 33.7498967, 'lng': -84.3860529}"
356,8756,Cobb County School District,"2601 Shallowford Rd, Marietta, GA 30066, USA","{'lat': 34.0438976, 'lng': -84.47435779999999}"
357,8757,Cobb County School District,"514 Glover St SE, Marietta, GA 30060, USA","{'lat': 33.9384014, 'lng': -84.5380576}"
358,8758,Cobb County School District,"3295 S Atlanta Rd SE, Smyrna, GA 30080, USA","{'lat': 33.8449514, 'lng': -84.4898429}"
359,8759,Cobb County School District,"700 Old Mountain Rd NW, Kennesaw, GA 30152, USA","{'lat': 33.9705513, 'lng': -84.6895862}"
360,8760,Cobb County School District,"5235 Austell Powder Springs Rd SW, Austell, GA 30106, USA","{'lat': 33.8280376, 'lng': -84.64390689999999}"
361,8761,Gwinnett County Public Schools,"1160 Level Creek Rd, Sugar Hill, GA 30518, USA","{'lat': 34.1058226, 'lng': -84.0364027}"
362,8762,Fulton County School District,"7405 Herndon Rd, Fairburn, GA 30213, USA","{'lat': 33.5582841, 'lng': -84.6279637}"
363,8763,Barney Fletcher Schools,"3200 Cobb Galleria Pkwy, Atlanta, GA 30339, USA","{'lat': 33.8815458, 'lng': -84.45566160000001}"
364,8764,Cobb County School District,"380 Holt Rd NE, Marietta, GA 30068, USA","{'lat': 33.9604932, 'lng': -84.47648939999999}"
365,8765,Benjamin Franklin Academy,"1585 E Clifton Rd NE, Atlanta, GA 30307, USA","{'lat': 33.7811458, 'lng': -84.32319369999999}"
366,8766,Catoosa County,"307 Cleveland St, Ringgold, GA 30736, USA","{'lat': 34.918335, 'lng': -85.1125182}"
367,8767,GA - Dept of Education,"205 Jesse Hill Jr Dr SE #1970, Atlanta, GA 30303, USA","{'lat': 33.7498967, 'lng': -84.3860529}"
368,8768,Gwinnett County Public Schools,"50 Hope Hollow Rd, Loganville, GA 30052, USA","{'lat': 33.869234, 'lng': -83.923453}"
369,8769,Crisp County,"201 S 7th St, Cordele, GA 31015, USA","{'lat': 31.967822, 'lng': -83.78233410000001}"
370,8770,Echols County,"Statenville, GA 31648, USA","{'lat': 30.7034299, 'lng': -83.02806129999999}"
371,8771,Muscogee County School District,"1822 Shepherd Dr, Columbus, GA 31906, USA","{'lat': 32.4572807, 'lng': -84.965702}"
372,8772,Cobb County School District,"4010 King Springs Rd SE, Smyrna, GA 30082, USA","{'lat': 33.8559621, 'lng': -84.5212358}"
373,8773,Harriet Tubman Elementary Schl,"786 Cleveland Ave SW, Atlanta, GA 30315, USA","{'lat': 33.6807208, 'lng': -84.4145583}"
374,8774,Buford City,"2500 Sawnee Ave, Buford, GA 30518, USA","{'lat': 34.1348308, 'lng': -83.9958436}"
375,8775,Houston County,"920 SR 96, Warner Robins, GA 31088, USA","{'lat': 32.5538954, 'lng': -83.6751496}"
376,8776,Cobb County School District,"3470 Canton Rd, Marietta, GA 30066, USA","{'lat': 34.0365909, 'lng': -84.52639669999999}"
377,8777,Gwinnett County Public Schools,"564 W Crogan St, Lawrenceville, GA 30046, USA","{'lat': 33.9481514, 'lng': -84.00006189999999}"
378,8778,Academe of the Oaks,"146 New St, Decatur, GA 30030, USA","{'lat': 33.7716985, 'lng': -84.2843149}"
379,8779,Cobb County School District,"6800 Factory Shoals Rd, Mableton, GA 30126, USA","{'lat': 33.7925437, 'lng': -84.5780618}"
380,8780,Georgia Academy-Family Phys,"3760 Lavista Rd #100, Tucker, GA 30084, USA","{'lat': 33.8422923, 'lng': -84.26185269999999}"
381,8781,Cobb County School District,"3001 Hembree Rd NE, Marietta, GA 30062, USA","{'lat': 34.0246236, 'lng': -84.4521668}"
382,8782,Cobb County School District,"5600 Mulberry St, Austell, GA 30106, USA","{'lat': 33.8153959, 'lng': -84.6342188}"
383,8783,Cobb County School District,"3905 Post Oak Tritt Rd, Marietta, GA 30062, USA","{'lat': 34.017435, 'lng': -84.4377799}"
384,8784,The University of Georgia,"425 E Broad St, Athens, GA 30601, USA","{'lat': 33.9580982, 'lng': -83.37352469999999}"
385,8785,Gwinnett County Public Schools,"3900 Brushy Fork Rd SW, Loganville, GA 30052, USA","{'lat': 33.8391428, 'lng': -83.9418426}"
386,8786,Coosa Valley Technical College,"1151 GA-53 Spur, Calhoun, GA 30701, USA","{'lat': 34.492772, 'lng': -84.968425}"
387,8787,Gwinnett County Public Schools,"3737 Brock Rd NW, Duluth, GA 30096, USA","{'lat': 34.0092045, 'lng': -84.1441732}"
388,8788,Harriet Tubman Elementary Schl,"5230 Taylor Rd, Johns Creek, GA 30022, USA","{'lat': 34.0497331, 'lng': -84.2087758}"
389,8789,Gwinnett County Public Schools,"123 Broad St, Dacula, GA 30019, USA","{'lat': 33.9917809, 'lng': -83.8996399}"
390,8790,Communities in Schools of Georgia,"600 W Peachtree St NW, Atlanta, GA 30308, USA","{'lat': 33.770711, 'lng': -84.38789899999999}"
391,8791,Cobb County School District,"855 Woodlawn Dr NE, Marietta, GA 30068, USA","{'lat': 33.9692795, 'lng': -84.41710239999999}"
392,8792,Gwinnett County Public Schools,"3946 S Bogan Rd, Buford, GA 30519, USA","{'lat': 34.0971597, 'lng': -83.979552}"
393,8793,Cobb County School District,"4220 Cantrell Rd NW, Acworth, GA 30101, USA","{'lat': 34.05751010000001, 'lng': -84.6529802}"
394,8794,Carrollton City,"202 Trojan Dr, Carrollton, GA 30117, USA","{'lat': 33.5664074, 'lng': -85.0810503}"
395,8795,Brentwood Schools,"Sandersville, GA, USA","{'lat': 32.9815431, 'lng': -82.810138}"
396,8796,Coastal Georgia Community College,"1313 Egmont St, Brunswick, GA 31520, USA","{'lat': 31.1478101, 'lng': -81.49144050000001}"
397,8797,Chattahoochee County Schools,"140 Merrell St, Cusseta, GA 31805, USA","{'lat': 32.3016224, 'lng': -84.7665622}"
398,8798,Carroll County,"223 Kent Ave, Bowdon, GA 30108, USA","{'lat': 33.5263759, 'lng': -85.2525069}"
399,8799,Gwinnett County Public Schools,"564 W Crogan St, Lawrenceville, GA 30046, USA","{'lat': 33.9481514, 'lng': -84.00006189999999}"
400,8800,Cobb County School District,"2600 Bells Ferry Rd, Marietta, GA 30066, USA","{'lat': 34.0151556, 'lng': -84.5474512}"
401,8801,"Hooters of America, Inc.","3070 Old Hwy 78, Snellville, GA 30078, USA","{'lat': 33.8533005, 'lng': -84.041572}"
402,8802,CentralNic,"3737 Brock Rd NW, Duluth, GA 30096, USA","{'lat': 34.0092045, 'lng': -84.1441732}"
403,8803,GA - Dept of Education,"890 N Indian Creek Dr, Clarkston, GA 30021, USA","{'lat': 33.8028222, 'lng': -84.2400632}"
404,8804,The Lovett School,"4075 Paces Ferry Rd NW, Atlanta, GA 30327, USA","{'lat': 33.8585729, 'lng': -84.4534491}"
405,8805,Cobb County School District,"4111 Wesley Chapel Rd, Marietta, GA 30062, USA","{'lat': 34.05028679999999, 'lng': -84.43515459999999}"
406,8806,Muscogee County School District,"2011 51st St, Columbus, GA 31904, USA","{'lat': 32.5142708, 'lng': -84.963751}"
407,8807,City Park Intermediate School,"405 School St, Dalton, GA 30720, USA","{'lat': 34.7721031, 'lng': -84.97322059999999}"
408,8808,Cobb County School District,"4803 Floyd Rd SW, Mableton, GA 30126, USA","{'lat': 33.8382442, 'lng': -84.57486990000001}"
409,8809,The Lovett School,"4075 Paces Ferry Rd NW, Atlanta, GA 30327, USA","{'lat': 33.8585729, 'lng': -84.4534491}"
410,8810,Carroll County,"504 W College St, Bowdon, GA 30108, USA","{'lat': 33.5390588, 'lng': -85.26125189999999}"
411,8811,Gwinnett County Public Schools,"3250 River Dr SW, Lawrenceville, GA 30044, USA","{'lat': 33.8842651, 'lng': -84.069431}"
412,8812,Clayton County Public Schools,"1587 McDonough Rd, Hampton, GA 30228, USA","{'lat': 33.4462484, 'lng': -84.33930079999999}"
413,8813,Lamar County Middle Sch...,"3 Trojan Way, Barnesville, GA 30204, USA","{'lat': 33.0482091, 'lng': -84.1768877}"
414,8814,Banks County School Dis...,"102 GA-51, Homer, GA 30547, USA","{'lat': 34.345154, 'lng': -83.4810069}"
415,8815,Eastside Christian Chur...,"2450 Lower Roswell Rd, Marietta, GA 30068, USA","{'lat': 33.9436504, 'lng': -84.4808176}"
416,8816,Colquitt County School ...,"1800 Park Ave SE, Moultrie, GA 31768, USA","{'lat': 31.1706229, 'lng': -83.76406349999999}"
417,8817,Coweta County School Sy...,"400 GA-154, Sharpsburg, GA 30277, USA","{'lat': 33.3493574, 'lng': -84.6602951}"
418,8818,The University of Georg...,"110 Carlton St, Athens, GA 30602, USA","{'lat': 33.941869, 'lng': -83.37326399999999}"
419,8819,Muscogee County School ...,"Columbus, GA 31902, USA","{'lat': 32.46862, 'lng': -84.99141}"
420,8820,Coweta County School Sy...,"Newnan, GA 30264, USA","{'lat': 33.3763255, 'lng': -84.71352139999999}"
421,8821,Newton County School Di...,"2109 Newton Dr NE, Covington, GA 30014, USA","{'lat': 33.5992866, 'lng': -83.8540119}"
422,8822,Maggie Brown Pre-K Scho...,"400 GA-154, Sharpsburg, GA 30277, USA","{'lat': 33.3493574, 'lng': -84.6602951}"
423,8823,Laurens County,"950 US-80, East Dublin, GA 31027, USA","{'lat': 32.5657762, 'lng': -82.81824590000001}"
424,8824,Richmond County Board O...,"3855 Old Waynesboro Rd, Augusta, GA 30906, USA","{'lat': 33.3559957, 'lng': -82.0015404}"
425,8825,Richmond County Board O...,"2941 Glenn Hills Dr, Augusta, GA 30906, USA","{'lat': 33.4322184, 'lng': -82.07390900000001}"
426,8826,Burke County Public Sch...,"100 Olympic Dr, Waynesboro, GA 30830, USA","{'lat': 33.0795354, 'lng': -81.99171869999999}"
427,8827,Commerce City,"272 Lakeview Dr, Commerce, GA 30529, USA","{'lat': 34.1993724, 'lng': -83.4647566}"
428,8828,Hannan Academy,"1338 Talbotton Rd, Columbus, GA 31901, USA","{'lat': 32.4871939, 'lng': -84.9729002}"
429,8829,Maggie Brown Pre-K Scho...,"370 Willis Rd, Sharpsburg, GA 30277, USA","{'lat': 33.3621288, 'lng': -84.65134549999999}"
430,8830,Banks County School Dis...,"1486 Historic Homer Hwy, Homer, GA 30547, USA","{'lat': 34.3082408, 'lng': -83.4984395}"
431,8831,Cobb County School Dist...,"5235 Austell Powder Springs Rd SW, Austell, GA 30106, USA","{'lat': 33.8280376, 'lng': -84.64390689999999}"
432,8832,City Schools of Decatur,"310 N McDonough St, Decatur, GA 30030, USA","{'lat': 33.7721086, 'lng': -84.29798389999999}"
433,8833,Marietta City School Di...,"1205 Merritt Rd, Marietta, GA 30062, USA","{'lat': 33.9720127, 'lng': -84.5175649}"
434,8834,Columbia County Board o...,"5114 Riverwood Pkwy, Evans, GA 30809, USA","{'lat': 33.588837, 'lng': -82.19227649999999}"
435,8835,Richmond County Board O...,"2427 Mims Rd, Hephzibah, GA 30815, USA","{'lat': 33.3020667, 'lng': -82.0926278}"
436,8836,RENFROE MIDDLE SCHOOL,"310 N McDonough St, Decatur, GA 30030, USA","{'lat': 33.7721086, 'lng': -84.29798389999999}"
437,8837,Bibb County Public Scho...,"855 Anthony Rd, Macon, GA 31204, USA","{'lat': 32.8210302, 'lng': -83.65271410000001}"
438,8838,Henry County Schools,"425 Peach Dr, McDonough, GA 30253, USA","{'lat': 33.4939093, 'lng': -84.199963}"
439,8839,Laurens County,"930 US-80, East Dublin, GA 31027, USA","{'lat': 32.5622727, 'lng': -82.8196473}"
440,8840,Gordon County School Di...,"335 Warrior Path NE, Calhoun, GA 30701, USA","{'lat': 34.5175185, 'lng': -84.9215047}"
441,8841,Bartow County School Di...,"1058 Euharlee Rd, Euharlee, GA 30145, USA","{'lat': 34.147817, 'lng': -84.9276423}"
442,8842,Coweta County School Sy...,"154 Millard Farmer Industrial Blvd, Newnan, GA 30263, USA","{'lat': 33.3998635, 'lng': -84.772109}"
443,8843,Coweta County School Sy...,"237 Jackson St, Newnan, GA 30263, USA","{'lat': 33.3944022, 'lng': -84.7997328}"
444,8844,Maggie Brown Pre-K Scho...,"237 Jackson St, Newnan, GA 30263, USA","{'lat': 33.3944022, 'lng': -84.7997328}"
445,8845,Coweta County School Sy...,"370 Willis Rd, Sharpsburg, GA 30277, USA","{'lat': 33.3621288, 'lng': -84.65134549999999}"
446,8846,Bryan County School Dis...,"66 S Industrial Blvd, Pembroke, GA 31321, USA","{'lat': 32.1342152, 'lng': -81.61288379999999}"
447,8847,Appling County School S...,"678 Blackshear Hwy SE, Baxley, GA 31513, USA","{'lat': 31.7546733, 'lng': -82.3538567}"
448,8848,Berrien County School D...,"Nashville, GA 31639, USA","{'lat': 31.2074197, 'lng': -83.25015479999999}"
449,8849,Richmond County Board O...,"2011 Lumpkin Rd, Augusta, GA 30906, USA","{'lat': 33.4197492, 'lng': -82.0165292}"
450,8850,Clayton County Public S...,"500 GA-138, Jonesboro, GA 30238, USA","{'lat': 33.534934, 'lng': -84.375435}"
451,8851,Columbia County Board o...,"375 W Forrest St, Harlem, GA 30814, USA","{'lat': 33.4192406, 'lng': -82.31839629999999}"
452,8852,Maggie Brown Pre-K Scho...,"6291 GA-16, Senoia, GA 30276, USA","{'lat': 33.3034222, 'lng': -84.5998276}"
453,8853,Cumberland Christian Ac...,"4900 Floyd Rd SW, Mableton, GA 30126, USA","{'lat': 33.8345529, 'lng': -84.5769569}"
454,8854,Dade Co Board Of Educat...,"250 Pace Dr, Trenton, GA 30752, USA","{'lat': 34.8723699, 'lng': -85.518495}"
455,8855,Columbia County Board o...,"5463 Harlem Grovetown Rd, Grovetown, GA 30813, USA","{'lat': 33.45333, 'lng': -82.2201252}"
456,8856,Cherokee County,"10550 Bells Ferry Rd, Canton, GA 30114, USA","{'lat': 34.1922325, 'lng': -84.53466949999999}"
457,8857,Library & Information C...,"225 North Avenue NW, Atlanta, GA 30332, USA","{'lat': 33.7724173, 'lng': -84.39479159999999}"
458,8858,Oakland Elementary Scho...,"408 Bobcat Trail, Ellijay, GA 30540, USA","{'lat': 34.6757298, 'lng': -84.4979654}"
459,8859,Tattnall Co School Dist...,"721 E Barnard St, Glennville, GA 30427, USA","{'lat': 31.9317101, 'lng': -81.920017}"
460,8860,Burke County Public Sch...,"789 Burke Veterans Parkway, Waynesboro, GA 30830, USA","{'lat': 33.0799865, 'lng': -81.98803769999999}"
461,8861,City Schools of Decatur,"758 Scott Blvd, Decatur, GA 30030, USA","{'lat': 33.7833315, 'lng': -84.30649439999999}"
462,8862,Heart Of Georgia School...,"1141 Cochran Hwy, Eastman, GA 31023, USA","{'lat': 32.2144333, 'lng': -83.2108611}"
463,8863,Dodge County,"Eastman, GA 31023, USA","{'lat': 32.1976729, 'lng': -83.1776514}"
464,8864,Richmond County Board O...,"2840 Glenn Hills Dr, Augusta, GA 30906, USA","{'lat': 33.427153, 'lng': -82.068229}"
465,8865,DeKalb County Schools,"1798 Haygood Dr NE, Atlanta, GA 30307, USA","{'lat': 33.7930985, 'lng': -84.31583499999999}"
466,8866,East Paulding High Scho...,"3320 E Paulding Dr, Dallas, GA 30157, USA","{'lat': 33.93917200000001, 'lng': -84.745683}"
467,8867,Clarke County School Di...,"110 Old Elberton Rd, Athens, GA 30601, USA","{'lat': 33.9886861, 'lng': -83.29817249999999}"
468,8868,Clayton County Public S...,"1905 Walt Stephens Rd, Jonesboro, GA 30236, USA","{'lat': 33.5220398, 'lng': -84.331199}"
469,8869,Fulton County School Di...,"5935 Feldwood Rd, College Park, GA 30349, USA","{'lat': 33.5927056, 'lng': -84.519333}"
470,8870,Atlanta Public School S...,"256 Clifton St SE, Atlanta, GA 30317, USA","{'lat': 33.7451797, 'lng': -84.3311147}"
471,8871,Gainesville City School...,"830 Century Pl, Gainesville, GA 30501, USA","{'lat': 34.2993775, 'lng': -83.8439874}"
472,8872,Murray County School Di...,"4600 Georgia Hwy 225 N, Chatsworth, GA 30705, USA","{'lat': 34.8241882, 'lng': -84.8098412}"
473,8873,Commerce City,"7690 Jefferson Rd, Commerce, GA 30529, USA","{'lat': 34.1878794, 'lng': -83.4754408}"
474,8874,Houston County Schools,"125 SR 96, Bonaire, GA 31005, USA","{'lat': 32.547012, 'lng': -83.5892075}"
475,8875,Atlanta Public School S...,"225 Hamilton E Holmes Dr NW, Atlanta, GA 30318, USA","{'lat': 33.7611435, 'lng': -84.469516}"
476,8876,Troup County School Dis...,"115 E Cannon St, LaGrange, GA 30241, USA","{'lat': 33.0291664, 'lng': -85.02695949999999}"
477,8877,Elbert County,"1150 Athens Tech Dr, Elberton, GA 30635, USA","{'lat': 34.1084047, 'lng': -82.8971316}"
478,8878,Richmond County Board O...,"320 Kentucky Ave, Augusta, GA 30901, USA","{'lat': 33.4588098, 'lng': -81.9379436}"
479,8879,Murray County School Di...,"1733 Leonard Bridge Rd, Chatsworth, GA 30705, USA","{'lat': 34.7562165, 'lng': -84.79355679999999}"
480,8880,Carroll County School S...,"129 N Jonesville Rd, Bowdon, GA 30108, USA","{'lat': 33.564585, 'lng': -85.22886299999999}"
481,8881,"Shaw Industries, Inc.","410 Old Mill Rd, Cartersville, GA 30120, USA","{'lat': 34.1490537, 'lng': -84.82241309999999}"
482,8882,Greater Atlanta Christi...,"1575 Indian Trail Lilburn Rd NW, Norcross, GA 30071, USA","{'lat': 33.919578, 'lng': -84.1706033}"
483,8883,DeKalb County Schools,"3801 Briarcliff Rd NE, Atlanta, GA 30345, USA","{'lat': 33.8445491, 'lng': -84.28482509999999}"
484,8884,Tattnall Co School Dist...,"525 Sylvester Ashford Dr, Glennville, GA 30427, USA","{'lat': 31.9439125, 'lng': -81.9337886}"
485,8885,IVY League Montessori S...,"1791 Kelly Mill Rd, Cumming, GA 30040, USA","{'lat': 34.2032515, 'lng': -84.185749}"
486,8886,Cobb County School Dist...,"3900 Due W Rd NW, Marietta, GA 30064, USA","{'lat': 33.9700229, 'lng': -84.6672822}"
487,8887,Discovery Point Child D...,"11 Market Square Rd, Newnan, GA 30265, USA","{'lat': 33.3803295, 'lng': -84.740983}"
488,8888,Bibb County Public Scho...,"6050 Thomaston Rd, Macon, GA 31220, USA","{'lat': 32.8428125, 'lng': -83.7582132}"
489,8889,Clayton County Public S...,"3187 Rex Rd, Rex, GA 30273, USA","{'lat': 33.5896534, 'lng': -84.2862233}"
490,8890,Columbia County Board o...,"5426 Hereford Farm Rd, Evans, GA 30809, USA","{'lat': 33.5155054, 'lng': -82.2001657}"
491,8891,Bartow County School Di...,"738 Grassdale Rd NW, Cartersville, GA 30121, USA","{'lat': 34.2259846, 'lng': -84.8185048}"
492,8892,Bremen City Schools,"504 Georgia Ave S, Bremen, GA 30110, USA","{'lat': 33.7174065, 'lng': -85.13724040000001}"
493,8893,Grayson Elementary Scho...,"460 Grayson Pkwy, Grayson, GA 30017, USA","{'lat': 33.8921789, 'lng': -83.956896}"
494,8894,Richmond County Board O...,"4558 Brothersville Rd, Hephzibah, GA 30815, USA","{'lat': 33.30228, 'lng': -82.096014}"
495,8895,Fulton County School Sy...,"4600 Scarborough Rd SW, Atlanta, GA 30349, USA","{'lat': 33.6277246, 'lng': -84.5390101}"
496,8896,PSI Upsilon Fraternity,"831 Techwood Dr NW, Atlanta, GA 30313, USA","{'lat': 33.7774653, 'lng': -84.3917585}"
497,8897,Columbia County Board o...,"527 Blue Ridge Dr, Evans, GA 30809, USA","{'lat': 33.5359398, 'lng': -82.101475}"
498,8898,Richmond County Board O...,"3019 Walton Way Ext, Augusta, GA 30909, USA","{'lat': 33.4833389, 'lng': -82.042874}"
499,8899,Banks County School Dis...,"712 Thompson St, Homer, GA 30547, USA","{'lat': 34.3149712, 'lng': -83.4803759}"
500,8900,Laurens County,"920 US-80, East Dublin, GA 31027, USA","{'lat': 32.561663, 'lng': -82.819732}"
501,8901,Easten Academy,"1000 Old Roswell Lakes Pkwy, Roswell, GA 30076, USA","{'lat': 34.0325661, 'lng': -84.3366621}"
502,8902,Rockdale County School ...,"1821 Walker Rd SW, Conyers, GA 30094, USA","{'lat': 33.6225687, 'lng': -84.048873}"
503,8903,Commerce City,"395 Minish Dr, Commerce, GA 30529, USA","{'lat': 34.1955568, 'lng': -83.4620211}"
504,8904,Coweta County School Sy...,"6291 GA-16, Senoia, GA 30276, USA","{'lat': 33.3034222, 'lng': -84.5998276}"
505,8905,Richmond County Board O...,"1339 Laney Walker Blvd, Augusta, GA 30901, USA","{'lat': 33.4674734, 'lng': -81.9822408}"
506,8906,Twiggs County School Di...,"952 Main St, Jeffersonville, GA 31044, USA","{'lat': 32.678887, 'lng': -83.33382859999999}"
507,8907,Bryan County School Dis...,"1234 Camelia Dr, Pembroke, GA 31321, USA","{'lat': 32.1491958, 'lng': -81.6096724}"
508,8908,Commerce Civic Center &...,"395 Minish Dr, Commerce, GA 30529, USA","{'lat': 34.1955568, 'lng': -83.4620211}"
509,8909,Northgate HS,"3220 Fischer Rd, Newnan, GA 30265, USA","{'lat': 33.4704552, 'lng': -84.6632882}"
510,8910,Gwinnett County Public ...,"437 Old Peachtree Rd NW, Suwanee, GA 30024, USA","{'lat': 34.0143978, 'lng': -84.0555025}"
511,8911,Clarke County School Di...,"240 Mitchell Bridge Rd, Athens, GA 30606, USA","{'lat': 33.9626438, 'lng': -83.4324183}"
512,8912,Laurens County,"338 W Laurens School Rd, Dublin, GA 31021, USA","{'lat': 32.4885589, 'lng': -82.94542849999999}"
513,8913,Jefferson County Arkans...,"901 Mimosa Dr, Louisville, GA 30434, USA","{'lat': 33.0078833, 'lng': -82.4091347}"
514,8914,Bibb County Public Scho...,"2521 Anderson Dr, Macon, GA 31206, USA","{'lat': 32.7887844, 'lng': -83.70621369999999}"
515,8915,Clayton County Public S...,"9771 Poston Rd, Jonesboro, GA 30238, USA","{'lat': 33.4947282, 'lng': -84.36400119999999}"
516,8916,Oakland Elementary Scho...,"1860 S Main St, Ellijay, GA 30540, USA","{'lat': 34.6758731, 'lng': -84.4963673}"
517,8917,Cornerstone Prparatory ...,"3891 Nance Rd, Acworth, GA 30101, USA","{'lat': 34.0489605, 'lng': -84.6629103}"
518,8918,Georgia Highlands Colle...,"Library, 3175 Cedartown Hwy, Rome, GA 30161, USA","{'lat': 34.169222, 'lng': -85.2066467}"
519,8919,Chattahoochee County Sc...,"326 Broad St, Cusseta, GA 31805, USA","{'lat': 32.3068573, 'lng': -84.7815495}"
520,8920,crispacademy,"150 Crisp Academy Dr, Cordele, GA 31015, USA","{'lat': 31.90700349999999, 'lng': -83.8557929}"
521,8921,Cartersville City Schoo...,"825 Douthit Ferry Rd, Cartersville, GA 30120, USA","{'lat': 34.1340162, 'lng': -84.823554}"
522,8922,The University of Georg...,"330 River Rd, Athens, GA 30602, USA","{'lat': 33.937632, 'lng': -83.37141030000001}"
523,8923,Appling County School S...,"249 Blackshear Hwy SE, Baxley, GA 31513, USA","{'lat': 31.7615597, 'lng': -82.3528991}"
524,8924,Columbia County Board o...,"5116 Riverwood Pkwy, Evans, GA 30809, USA","{'lat': 33.5869759, 'lng': -82.18912189999999}"
525,8925,The University of Georg...,"330 River Rd, Athens, GA 30602, USA","{'lat': 33.937632, 'lng': -83.37141030000001}"
526,8926,Oklahoma Farm Bureau Mu...,"221 W Main St, Canton, GA 30114, USA","{'lat': 34.2367369, 'lng': -84.4929799}"
527,8927,Cobb County School Dist...,"4500 Due W Rd NW, Kennesaw, GA 30152, USA","{'lat': 33.9670868, 'lng': -84.68309310000001}"
528,8928,Murray County School Di...,"500 Green Rd, Chatsworth, GA 30705, USA","{'lat': 34.7679984, 'lng': -84.7771659}"
529,8929,Banks County School Dis...,"266 GA-51, Homer, GA 30547, USA","{'lat': 34.3312797, 'lng': -83.5095297}"
530,8930,Carroll County School S...,"633 Stripling Chapel Rd, Carrollton, GA 30116, USA","{'lat': 33.5404198, 'lng': -85.06943700000001}"
531,8931,Chartercat.org,"149 Northside Dr E, Statesboro, GA 30458, USA","{'lat': 32.4535755, 'lng': -81.7741735}"
532,8932,Maggie Brown Pre-K Scho...,"46 Elm St, Newnan, GA 30263, USA","{'lat': 33.3833566, 'lng': -84.8078237}"
533,8933,Haralson County,"299 Robertson Ave, Tallapoosa, GA 30176, USA","{'lat': 33.7496206, 'lng': -85.28982640000001}"
534,8934,Coweta County School Sy...,"700 Lora Smith Rd, Newnan, GA 30265, USA","{'lat': 33.3920965, 'lng': -84.70216409999999}"
535,8935,"Cook County, Illinois","1200 N Hutchinson Ave, Adel, GA 31620, USA","{'lat': 31.1499237, 'lng': -83.424764}"
536,8936,Columbia County Board o...,"795 Louisville Rd, Grovetown, GA 30813, USA","{'lat': 33.4764189, 'lng': -82.2677503}"
537,8937,Maggie Brown Pre-K Scho...,"2449 GA-16, Newnan, GA 30263, USA","{'lat': 33.4380439, 'lng': -84.8727541}"
538,8938,Appling County School S...,"2997 Blackshear Hwy, Baxley, GA 31513, USA","{'lat': 31.7231453, 'lng': -82.33989059999999}"
539,8939,Gordon County School Di...,"590 Belwood Rd SE, Calhoun, GA 30701, USA","{'lat': 34.4489889, 'lng': -84.91400829999999}"
540,8940,Clayton County Public S...,"4475 Hendrix Dr, Forest Park, GA 30297, USA","{'lat': 33.6323116, 'lng': -84.3711368}"
541,8941,Fulton County School Di...,"5880 Findley Chase Dr, Johns Creek, GA 30097, USA","{'lat': 34.061255, 'lng': -84.186453}"
542,8942,Douglas County School S...,"9999 Parkway S, Douglasville, GA 30135, USA","{'lat': 33.7119141, 'lng': -84.7531825}"
543,8943,Lionheart School,"180 Academy St, Alpharetta, GA 30009, USA","{'lat': 34.0765571, 'lng': -84.2882384}"
544,8944,Benjamin Franklin Acade...,"1585 E Clifton Rd NE, Atlanta, GA 30307, USA","{'lat': 33.7811458, 'lng': -84.32319369999999}"
545,8945,Heritage Prep Schl Of G...,"1700 Piedmont Ave NE, Atlanta, GA 30324, USA","{'lat': 33.80143, 'lng': -84.36793999999999}"
546,8946,Clarke County School Di...,"1235 Baxter St, Athens, GA 30606, USA","{'lat': 33.94480300000001, 'lng': -83.4058629}"
547,8947,GA - Dept of Education,"Madison St, Comer, GA 30629, USA","{'lat': 34.0561392, 'lng': -83.12405059999999}"
548,8948,Georgia College & State...,"Milledgeville, GA 31059, USA","{'lat': 33.08, 'lng': -83.3}"
549,8949,Bibb County Public Scho...,"3769 Ridge Ave, Macon, GA 31204, USA","{'lat': 32.862899, 'lng': -83.685783}"
550,8950,Monroe County,"500 GA-83, Forsyth, GA 31029, USA","{'lat': 33.0481398, 'lng': -83.9329133}"
551,8951,Bleckley County School ...,"242 E Dykes St, Cochran, GA 31014, USA","{'lat': 32.3943972, 'lng': -83.3449576}"
552,8952,Georgia Leadership Inst...,"1240 S Lumpkin St, Athens, GA 30602, USA","{'lat': 33.9447966, 'lng': -83.3802879}"
553,8953,Dade Co Board Of Educat...,"306 Wolverine Dr, Trenton, GA 30752, USA","{'lat': 34.8734265, 'lng': -85.51213709999999}"
554,8954,GLISI,"1240 S Lumpkin St, Athens, GA 30602, USA","{'lat': 33.9447966, 'lng': -83.3802879}"
555,8955,Donnellan School,"4820 Long Island Dr NE, Sandy Springs, GA 30342, USA","{'lat': 33.8878585, 'lng': -84.38466369999999}"
556,8956,Fulton County School Di...,"11770 E Fox Ct, Alpharetta, GA 30005, USA","{'lat': 34.0701047, 'lng': -84.21231709999999}"
557,8957,Maggie Brown Pre-K Scho...,"41 Evans Dr, Newnan, GA 30263, USA","{'lat': 33.3901254, 'lng': -84.8192347}"
558,8958,Chattahoochee High Scho...,"5230 Taylor Rd, Johns Creek, GA 30022, USA","{'lat': 34.0497331, 'lng': -84.2087758}"
559,8959,Cottage School Educatio...,"700 Grimes Bridge Rd, Roswell, GA 30075, USA","{'lat': 34.0144776, 'lng': -84.3367032}"
560,8960,Catoosa County,"307 Cleveland St, Ringgold, GA 30736, USA","{'lat': 34.918335, 'lng': -85.1125182}"
561,8961,Georgia Highlands Colle...,"Library, 3175 Cedartown Hwy, Rome, GA 30161, USA","{'lat': 34.169222, 'lng': -85.2066467}"
562,8962,Cobb County School Dist...,"1410 Kincaid Rd, Marietta, GA 30066, USA","{'lat': 34.000883, 'lng': -84.5099295}"
563,8963,Dodge County,"700 College St, Eastman, GA 31023, USA","{'lat': 32.1910706, 'lng': -83.1738256}"
564,8964,Murray County School Di...,"829 GA-286, Chatsworth, GA 30705, USA","{'lat': 34.8275675, 'lng': -84.7774603}"
565,8965,Savannah-Chatham County...,"3313 Louis St, Savannah, GA 31404, USA","{'lat': 32.0296144, 'lng': -81.05304029999999}"
566,8966,Madison County School D...,"150 Sewell Mill Rd, Ila, GA 30647, USA","{'lat': 34.1754764, 'lng': -83.2934922}"
567,8967,Toombs County Schools,"830 S State St, Lyons, GA 30436, USA","{'lat': 32.1884259, 'lng': -82.3294471}"
568,8968,Laurens County,"467 Firetower Rd, Dublin, GA 31021, USA","{'lat': 32.4995309, 'lng': -82.9386018}"
569,8969,Heard County Middle Sch...,"269 Old Field Rd, Franklin, GA 30217, USA","{'lat': 33.3002361, 'lng': -85.1163894}"
570,8970,Maggie Brown Pre-K Scho...,"47 Nanette Dr, Newnan, GA 30265, USA","{'lat': 33.4130667, 'lng': -84.6873194}"
571,8971,Appling County School S...,"13396 Blackshear Hwy, Baxley, GA 31513, USA","{'lat': 31.6151436, 'lng': -82.2523867}"
572,8972,Savannah-Chatham County...,"207 Montgomery St, Savannah, GA 31401, USA","{'lat': 32.0777684, 'lng': -81.0978806}"
573,8973,Creekside High,"7405 Herndon Rd, Fairburn, GA 30213, USA","{'lat': 33.5582841, 'lng': -84.6279637}"
574,8974,Appleton School-Early L...,"680 Fairburn Rd SW, Atlanta, GA 30331, USA","{'lat': 33.7356098, 'lng': -84.50964280000001}"
575,8975,Jefferson County Arkans...,"1157 Warrior Trail, Louisville, GA 30434, USA","{'lat': 33.0972419, 'lng': -82.41176899999999}"
576,8976,"Hall County, Georgia","711 Green St, Gainesville, GA 30501, USA","{'lat': 34.3086211, 'lng': -83.82753869999999}"
577,8977,Maggie Brown Pre-K Scho...,"32 Clark St, Newnan, GA 30263, USA","{'lat': 33.3801332, 'lng': -84.8016176}"
578,8978,Ivy Prepratory Academy,"3705 Engineering Dr, Norcross, GA 30092, USA","{'lat': 33.9693044, 'lng': -84.2282501}"
579,8979,Charles R Drew Charter ...,"301 E Lake Blvd SE, Atlanta, GA 30317, USA","{'lat': 33.74562090000001, 'lng': -84.314838}"
580,8980,AMI Montessori Duluth,"2997 Main St, Duluth, GA 30096, USA","{'lat': 34.0050287, 'lng': -84.1413584}"
581,8981,Clayton County Public S...,"1169 Morrow Rd, Morrow, GA 30260, USA","{'lat': 33.5861375, 'lng': -84.35309579999999}"
582,8982,Cartersville City Schoo...,"340 Old Mill Rd, Cartersville, GA 30120, USA","{'lat': 34.1501676, 'lng': -84.8118178}"
583,8983,Heard County Elementary...,"4647 Pea Ridge Rd, Franklin, GA 30217, USA","{'lat': 33.3041731, 'lng': -85.0625539}"
584,8984,Madison County School D...,"565 Gholston St, Comer, GA 30629, USA","{'lat': 34.0702286, 'lng': -83.12870110000001}"
585,8985,Laurens County,"920 US-80, East Dublin, GA 31027, USA","{'lat': 32.561663, 'lng': -82.819732}"
586,8986,DeKalb County Schools,"1192 Clarendon Ave, Avondale Estates, GA 30002, USA","{'lat': 33.7591784, 'lng': -84.2667269}"
587,8987,College Heights Elem Sc...,"758 Scott Blvd, Decatur, GA 30030, USA","{'lat': 33.7833315, 'lng': -84.30649439999999}"
588,8988,Cedar Hill Elementary S...,"3615 Sugarloaf Pkwy, Lawrenceville, GA 30044, USA","{'lat': 33.9271602, 'lng': -84.0225255}"
589,8989,Fulton County School Di...,"2075 Princeton Ave, College Park, GA 30337, USA","{'lat': 33.6555149, 'lng': -84.4564817}"
590,8990,Troup County School Sys...,"238 Long Cane Rd, LaGrange, GA 30240, USA","{'lat': 32.9594943, 'lng': -85.1290549}"
591,8991,Grace Baptist Church,"164 Legion Rd, Ellijay, GA 30540, USA","{'lat': 34.6751926, 'lng': -84.500383}"
592,8992,Intown Community School,"2059 Lavista Rd NE, Atlanta, GA 30329, USA","{'lat': 33.8150055, 'lng': -84.31767649999999}"
593,8993,Pierce County School Su...,"5217 GA-121, Blackshear, GA 31516, USA","{'lat': 31.3178435, 'lng': -82.24389939999999}"
594,8994,Coweta County,"160 M.L.K. Jr Dr, Newnan, GA 30263, USA","{'lat': 33.3647532, 'lng': -84.7831193}"
595,8995,Bibb County Public Scho...,"5802 School Rd, Macon, GA 31216, USA","{'lat': 32.7370949, 'lng': -83.692083}"
596,8996,Atlanta Public School S...,"130 Trinity Ave SW, Atlanta, GA 30303, USA","{'lat': 33.748372, 'lng': -84.392099}"
597,8997,Columbia County Board o...,"6430 Pollards Pond Rd, Appling, GA 30802, USA","{'lat': 33.5480686, 'lng': -82.31638219999999}"
598,8998,Gwinnett County Public ...,"50 Hope Hollow Rd, Loganville, GA 30052, USA","{'lat': 33.869234, 'lng': -83.923453}"
599,8999,Chattooga County School...,"989 GA-114, Summerville, GA 30747, USA","{'lat': 34.4656542, 'lng': -85.3581936}"
