,_id,Name,Address,Geocodes
0,7300,Wayne County Board Education,"1, 1 Jacket Dr, Jesup, GA 31545, USA","{'lat': 31.6173256, 'lng': -81.9188662}"
1,7301,Washington Co School District,"Sandersville, GA, USA","{'lat': 32.9815431, 'lng': -82.810138}"
2,7302,ThomastnUpson Cnty Bd Education,"101 Holston Dr, Thomaston, GA 30286, USA","{'lat': 32.8869042, 'lng': -84.3131129}"
3,7303,Orgill Inc,"1 Blue Devil Way, Tifton, GA 31794, USA","{'lat': 31.4703702, 'lng': -83.4765243}"
4,7304,Monroe County Schools,"70 Thornton Rd, Forsyth, GA 31029, USA","{'lat': 33.0103315, 'lng': -83.9187175}"
5,7305,Murray County Schools Technology Department,"500 Green Rd, Chatsworth, GA 30705, USA","{'lat': 34.7679984, 'lng': -84.7771659}"
6,7306,Murray County Schools Technology Department,"4580 Georgia Hwy 225 N, Chatsworth, GA 30705, USA","{'lat': 34.8217606, 'lng': -84.8101571}"
7,7307,Brantley County Middle School,"Waynesville, Hortense, GA 31566, USA","{'lat': 31.2295421, 'lng': -81.78867749999999}"
8,7308,Jefferson County Pre Kndrgrtn,"1157 Warrior Trail, Louisville, GA 30434, USA","{'lat': 33.0972419, 'lng': -82.41176899999999}"
9,7309,Georgia Library Media Association,"1555 Owens Store Rd, Canton, GA 30115, USA","{'lat': 34.2359303, 'lng': -84.33333379999999}"
10,7310,Murray County Schools Technology Department,"110 McEntire Cir, Chatsworth, GA 30705, USA","{'lat': 34.876507, 'lng': -84.79794319999999}"
11,7311,Georgia Library Media Association,"2031 E Cherokee Dr, Woodstock, GA 30188, USA","{'lat': 34.1319959, 'lng': -84.4930684}"
12,7312,Mill Creek High School,"4400 Braselton Hwy, Hoschton, GA 30548, USA","{'lat': 34.0793839, 'lng': -83.875795}"
13,7313,Mill Creek High School,"20 Level Creek Rd, Suwanee, GA 30024, USA","{'lat': 34.0846073, 'lng': -84.07160879999999}"
14,7314,Mill Creek High School,"564 W Crogan St, Lawrenceville, GA 30046, USA","{'lat': 33.9481514, 'lng': -84.00006189999999}"
15,7315,Muscogee County School District,"2901 College Dr, Columbus, GA 31906, USA","{'lat': 32.4980785, 'lng': -84.94757969999999}"
16,7316,Milton High School,"13025 Birmingham Hwy, Milton, GA 30004, USA","{'lat': 34.0970463, 'lng': -84.3391201}"
17,7317,Lake Ridge Elementary School,"5500 Reynolds Rd, Forest Park, GA 30297, USA","{'lat': 33.6039986, 'lng': -84.3538763}"
18,7318,Lake Ridge Elementary School,"500 GA-138, Jonesboro, GA 30238, USA","{'lat': 33.534934, 'lng': -84.375435}"
19,7319,LAKEVIEW ACADEMY,"796 Lakeview Dr, Gainesville, GA 30501, USA","{'lat': 34.32200470000001, 'lng': -83.8058629}"
20,7320,Lake Ridge Elementary School,"1169 Morrow Rd, Morrow, GA 30260, USA","{'lat': 33.5861375, 'lng': -84.35309579999999}"
21,7321,Lake Ridge Elementary School,"9652 Fayetteville Rd, Jonesboro, GA 30238, USA","{'lat': 33.4914652, 'lng': -84.38393769999999}"
22,7322,Lake Ridge Elementary School,"3187 Rex Rd, Rex, GA 30273, USA","{'lat': 33.5896534, 'lng': -84.2862233}"
23,7323,Towns County Comprehensive,"1400 Hwy 76, Clayton, GA 30525, USA","{'lat': 34.8600923, 'lng': -83.3870475}"
24,7324,Lake Ridge Elementary School,"7900 Lake Ridge Cir, Riverdale, GA 30296, USA","{'lat': 33.5394481, 'lng': -84.432283}"
25,7325,Cook County Board Education,"1512 N Elm St, Sparks, GA 31647, USA","{'lat': 31.1539988, 'lng': -83.4337834}"
26,7326,The Lionheart School,"180 Academy St, Alpharetta, GA 30009, USA","{'lat': 34.0765571, 'lng': -84.2882384}"
27,7327,Georgia Science Teachers Association,"3001 Hopkins St, Savannah, GA 31405, USA","{'lat': 32.0550422, 'lng': -81.1163322}"
28,7328,"Phi Theta Kappa, Alpha Psi Omicron Chapter  Floyd College","Library, 3175 Cedartown Hwy, Rome, GA 30161, USA","{'lat': 34.169222, 'lng': -85.2066467}"
29,7329,Holy Redeemer Catholic School,"3380 Old Alabama Rd, Alpharetta, GA 30022, USA","{'lat': 34.0213873, 'lng': -84.2610495}"
30,7330,Kedron Elementary School,"200 Kedron Dr, Peachtree City, GA 30269, USA","{'lat': 33.4299892, 'lng': -84.59810949999999}"
31,7331,Pinecrest Academy,"955 Peachtree Pkwy, Cumming, GA 30041, USA","{'lat': 34.136691, 'lng': -84.17054999999999}"
32,7332,Pinecrest Academy,"955 Peachtree Pkwy, Cumming, GA 30041, USA","{'lat': 34.136691, 'lng': -84.17054999999999}"
33,7333,CCBOE,"6430 Pollards Pond Rd, Appling, GA 30802, USA","{'lat': 33.5480686, 'lng': -82.31638219999999}"
34,7334,Hall County Schools,"4450 Hog Mountain Rd, Flowery Branch, GA 30542, USA","{'lat': 34.185826, 'lng': -83.9017922}"
35,7335,Cobb County Schools,"514 Glover St SE, Marietta, GA 30060, USA","{'lat': 33.9384014, 'lng': -84.5380576}"
36,7336,Mount Vernon Presbyterian School,"471 Mount Vernon Hwy NE, Sandy Springs, GA 30328, USA","{'lat': 33.9241493, 'lng': -84.37166529999999}"
37,7337,Mount de Sales Academy,"851 Orange St, Macon, GA 31201, USA","{'lat': 32.8343749, 'lng': -83.6397892}"
38,7338,Dublin City Schools,"717 Smith St, Dublin, GA 31021, USA","{'lat': 32.52983400000001, 'lng': -82.90942079999999}"
39,7339,Newnan High School,"200 Pete Rd, Sharpsburg, GA 30277, USA","{'lat': 33.4648547, 'lng': -84.648035}"
40,7340,Newnan High School,"27 E Broad St, Newnan, GA 30263, USA","{'lat': 33.37404800000001, 'lng': -84.798371}"
41,7341,Sophia Academy,"650 Mount Vernon Hwy NE, Sandy Springs, GA 30328, USA","{'lat': 33.9285721, 'lng': -84.364972}"
42,7342,Calvary Day School,"4625 Waters Ave, Savannah, GA 31404, USA","{'lat': 32.0334734, 'lng': -81.0927115}"
43,7343,Chickamauga City Schools,"402 Cove Rd, Chickamauga, GA 30707, USA","{'lat': 34.8687614, 'lng': -85.2937869}"
44,7344,Fort Middle School,"1215 Benning Dr, Columbus, GA 31903, USA","{'lat': 32.4284476, 'lng': -84.9452544}"
45,7345,The Galloway School,"215 Chastain Park Ave NW, Atlanta, GA 30342, USA","{'lat': 33.8751993, 'lng': -84.393661}"
46,7346,Newnan High School,"6291 GA-16, Senoia, GA 30276, USA","{'lat': 33.3034222, 'lng': -84.5998276}"
47,7347,Atlanta International School,"2890 N Fulton Dr NE, Atlanta, GA 30305, USA","{'lat': 33.8336325, 'lng': -84.37843579999999}"
48,7348,Rabun GapNacoochee School,"74 Riverwood Rd, Swannanoa, NC 28778, USA","{'lat': 35.604586, 'lng': -82.409981}"
49,7349,Stratford Academy,"6010 Peake Rd, Macon, GA 31220, USA","{'lat': 32.8622657, 'lng': -83.7526037}"
50,7350,Mamie Lou Gross Elementary School,"277 Roberts Path, Woodbine, GA 31569, USA","{'lat': 30.8480343, 'lng': -81.6772749}"
51,7351,Northview High School,"10625 Parsons Rd, Duluth, GA 30097, USA","{'lat': 34.03905510000001, 'lng': -84.1773072}"
52,7352,Northview High School,"786 Cleveland Ave SW, Atlanta, GA 30315, USA","{'lat': 33.6807208, 'lng': -84.4145583}"
53,7353,North Gwinnett High School,"20 Level Creek Rd, Suwanee, GA 30024, USA","{'lat': 34.0846073, 'lng': -84.07160879999999}"
54,7354,Schley County Board Of Education Inc,"161 Perry Dr, Ellaville, GA 31806, USA","{'lat': 32.2379961, 'lng': -84.3162718}"
55,7355,Schley County Board Of Education Inc,"161 Perry Dr, Ellaville, GA 31806, USA","{'lat': 32.2379961, 'lng': -84.3162718}"
56,7356,Tattnall County Schools,"146 W Brazell St, Reidsville, GA 30453, USA","{'lat': 32.0845413, 'lng': -82.1212615}"
57,7357,Habersham County Schools,"Clarkesville, GA 30523, USA","{'lat': 34.6125971, 'lng': -83.5248933}"
58,7358,Union County Schools,"10 Hughes St, Blairsville, GA 30512, USA","{'lat': 34.877545, 'lng': -83.95482489999999}"
59,7359,The Lovett School,"4075 Paces Ferry Rd NW, Atlanta, GA 30327, USA","{'lat': 33.8585729, 'lng': -84.4534491}"
60,7360,The Lovett School,"4075 Paces Ferry Rd NW, Atlanta, GA 30327, USA","{'lat': 33.8585729, 'lng': -84.4534491}"
61,7361,Muscogee County School District,"Columbus, GA 31902, USA","{'lat': 32.46862, 'lng': -84.99141}"
62,7362,Muscogee County School District,"6990 Warm Springs Rd, Midland, GA 31820, USA","{'lat': 32.5538927, 'lng': -84.86746140000001}"
63,7363,Muscogee County School District,"5661 Lorenzo Rd, Columbus, GA 31904, USA","{'lat': 32.528521, 'lng': -84.96092890000001}"
64,7364,Muscogee County School District,"2960 Macon Rd, Columbus, GA 31906, USA","{'lat': 32.4775703, 'lng': -84.9465675}"
65,7365,Muscogee County School District,"3900 Baker Plaza Dr, Columbus, GA 31903, USA","{'lat': 32.4306679, 'lng': -84.9378947}"
66,7366,Houston County High School,"Perry, GA 31069, USA","{'lat': 32.4498466, 'lng': -83.7411631}"
67,7367,Houston County High School,"1307 North Ave, Perry, GA 31069, USA","{'lat': 32.4674961, 'lng': -83.72580769999999}"
68,7368,Pace Academy,"966 West Paces Ferry Rd NW, Atlanta, GA 30327, USA","{'lat': 33.8490368, 'lng': -84.41710239999999}"
69,7369,American Institute of Certified Public Accountants Inc,"303 Peachtree St NE, Atlanta, GA 30308, USA","{'lat': 33.7627336, 'lng': -84.3859052}"
70,7370,Holy Innocents' Episcopal School,"805 Mt.Vernon Hwy NW, Atlanta, GA 30327, USA","{'lat': 33.9079409, 'lng': -84.4150343}"
71,7371,City Schools of Decatur,"758 Scott Blvd, Decatur, GA 30030, USA","{'lat': 33.7833315, 'lng': -84.30649439999999}"
72,7372,SALEM,"Conyers, GA 30012, USA","{'lat': 33.7177663, 'lng': -83.99558789999999}"
73,7373,Newton County School District,"2109 Newton Dr NE, Covington, GA 30014, USA","{'lat': 33.5992866, 'lng': -83.8540119}"
74,7374,Family and Consumer Sciences Teachers Association,"920 SR 96, Warner Robins, GA 31088, USA","{'lat': 32.5538954, 'lng': -83.6751496}"
75,7375,Theta Chi Fraternity Inc,"225 North Avenue NW, Atlanta, GA 30332, USA","{'lat': 33.7724173, 'lng': -84.39479159999999}"
76,7376,McDonald's Corporation,"954 High Ln, Columbus, GA 31907, USA","{'lat': 32.465179, 'lng': -84.88562999999999}"
77,7377,Carroll County Schools,"504 W College St, Bowdon, GA 30108, USA","{'lat': 33.5390588, 'lng': -85.26125189999999}"
78,7378,Chattahoochee High School,"5230 Taylor Rd, Johns Creek, GA 30022, USA","{'lat': 34.0497331, 'lng': -84.2087758}"
79,7379,The Galloway School,"215 Chastain Park Ave NW, Atlanta, GA 30342, USA","{'lat': 33.8751993, 'lng': -84.393661}"
80,7380,High Meadows,"1055 Willeo Rd, Roswell, GA 30075, USA","{'lat': 34.0141727, 'lng': -84.3942934}"
81,7381,The Children's School,"345 10th St NE, Atlanta, GA 30309, USA","{'lat': 33.7814903, 'lng': -84.3759926}"
82,7382,Covenant Academy,"4652 Ayers Rd, Macon, GA 31210, USA","{'lat': 32.8578101, 'lng': -83.7049682}"
83,7383,Covenant Academy,"4652 Ayers Rd, Macon, GA 31210, USA","{'lat': 32.8578101, 'lng': -83.7049682}"
84,7384,Dougherty County School System,"200 Pine Ave, Albany, GA 31701, USA","{'lat': 31.578074, 'lng': -84.1516753}"
85,7385,Charter Conservatory for Arts & Technology,"149 Northside Dr E, Statesboro, GA 30458, USA","{'lat': 32.4535755, 'lng': -81.7741735}"
86,7386,Atlanta Charter Middle School,"820 Essie Ave SE, Atlanta, GA 30316, USA","{'lat': 33.7325263, 'lng': -84.35510860000001}"
87,7387,Atlanta Charter Middle School,"820 Essie Ave SE, Atlanta, GA 30316, USA","{'lat': 33.7325263, 'lng': -84.35510860000001}"
88,7388,Candler County Schools,"210 S College St, Metter, GA 30439, USA","{'lat': 32.3951008, 'lng': -82.06514349999999}"
89,7389,Westside High School,"1002 Patriots Way, Augusta, GA 30907, USA","{'lat': 33.516394, 'lng': -82.0500461}"
90,7390,Randolph County High School,"GA-3, Georgia, USA","{'lat': 31.8987384, 'lng': -84.262345}"
91,7391,Laurens County Schools,"467 Firetower Rd, Dublin, GA 31021, USA","{'lat': 32.4995309, 'lng': -82.9386018}"
92,7392,St George's Episcopal School,"103 Birch St, Milner, GA 30257, USA","{'lat': 33.1173518, 'lng': -84.1985627}"
93,7393,Mountain Park Elementary School,"11895 Mountain Park Rd, Roswell, GA 30075, USA","{'lat': 34.0710098, 'lng': -84.4043806}"
94,7394,Mountain Park Elementary School,"786 Cleveland Ave SW, Atlanta, GA 30315, USA","{'lat': 33.6807208, 'lng': -84.4145583}"
95,7395,Gainesville City Schools,"508 Oak St #2, Gainesville, GA 30501, USA","{'lat': 34.3011577, 'lng': -83.8329668}"
96,7396,Sherwood Christian Academy,"2200 Stuart Ave, Albany, GA 31707, USA","{'lat': 31.61155, 'lng': -84.1966064}"
97,7397,Cobb County Schools,"514 Glover St SE, Marietta, GA 30060, USA","{'lat': 33.9384827, 'lng': -84.53806209999999}"
98,7398,Jenkins County Board Of Education,"433 Barney Ave, Millen, GA 30442, USA","{'lat': 32.8088275, 'lng': -81.94019610000001}"
99,7399,Tift County Schools,"1 Blue Devil Way, Tifton, GA 31794, USA","{'lat': 31.4703702, 'lng': -83.4765243}"
