,_id,Name,Address,Geocodes
0,16700,School City of Hammond,"1921 Davis Ave, Whiting, IN 46394, USA","{'lat': 41.6781582, 'lng': -87.5069676}"
1,16701,Hamilton Community Schools,"903 S Wayne St, Hamilton, IN 46742, USA","{'lat': 41.522286, 'lng': -84.91995899999999}"
2,16702,River Forest Community School Corporation,"2915 E 35th Ave, Lake Station, IN 46405, USA","{'lat': 41.5537785, 'lng': -87.3009142}"
3,16703,Vigo County School Corp,"1011 S Brown Ave, Terre Haute, IN 47803, USA","{'lat': 39.4568656, 'lng': -87.37053410000001}"
4,16704,Highland Senior High School,"2108 E 200 N, Anderson, IN 46012, USA","{'lat': 40.1369199, 'lng': -85.6303184}"
5,16705,Davis Park Elementary School,"310 S 18th St, Terre Haute, IN 47807, USA","{'lat': 39.4640035, 'lng': -87.3888511}"
6,16706,Challenger Learning Center,"444 E Tilden Dr, Brownsburg, IN 46112, USA","{'lat': 39.8318106, 'lng': -86.400103}"
7,16707,Billings Elementary School,"1312 Westridge Pkwy, Greensburg, IN 47240, USA","{'lat': 39.3529798, 'lng': -85.50243789999999}"
8,16708,Charles A. Tindley Accelerated High School,"3960 Meadows Dr, Indianapolis, IN 46205, USA","{'lat': 39.8298485, 'lng': -86.11456869999999}"
9,16709,East Porter County School Corporation,"302 E College Ave, Kouts, IN 46347, USA","{'lat': 41.3128995, 'lng': -87.0219989}"
10,16710,Indianapolis Public School,"5801 E 30th St, Indianapolis, IN 46218, USA","{'lat': 39.8109146, 'lng': -86.0670694}"
11,16711,Crown Point Community Schools,"200 E North St, Crown Point, IN 46307, USA","{'lat': 41.4205848, 'lng': -87.36253909999999}"
12,16712,South Harrison School Supt,"2450 Heth Washington Rd SW, Central, IN 47110, USA","{'lat': 38.1008548, 'lng': -86.1753492}"
13,16713,Griffith Public Schools Supt,"201 N Griffith Blvd, Griffith, IN 46319, USA","{'lat': 41.5252507, 'lng': -87.4283427}"
14,16714,Ivy Tech Community College,"590 Ivy Tech Dr, Madison, IN 47250, USA","{'lat': 38.7803678, 'lng': -85.3761897}"
15,16715,Indianapolis Public School,"4700 English Ave, Indianapolis, IN 46201, USA","{'lat': 39.76063509999999, 'lng': -86.089377}"
16,16716,Ivy Tech Community College,"7199 E US Hwy 36, Avon, IN 46123, USA","{'lat': 39.7617795, 'lng': -86.3961056}"
17,16717,Southwest Allen County Schools,"2430 W Hamilton Rd S, Fort Wayne, IN 46814, USA","{'lat': 41.0609181, 'lng': -85.31249079999999}"
18,16718,Diocese of Fort Wayne-South Bend,"1101 S Clinton St, Fort Wayne, IN 46802, USA","{'lat': 41.0764636, 'lng': -85.137244}"
19,16719,MSD of Wayne Township,"1155 S High School Rd, Indianapolis, IN 46241, USA","{'lat': 39.7522574, 'lng': -86.2674313}"
20,16720,Indianapolis Public School,"7151 E 35th St, Indianapolis, IN 46226, USA","{'lat': 39.8196173, 'lng': -86.0422049}"
21,16721,Indiana Department of Education,"7356 E County Rd 50 S, Dugger, IN 47848, USA","{'lat': 39.0733789, 'lng': -87.2712797}"
22,16722,Elkhart Central High School,"1 Blazer Blvd, Elkhart, IN 46516, USA","{'lat': 41.6851334, 'lng': -85.95887359999999}"
23,16723,Ethel R Jones Elementary School,"2825 Russell St, Portage, IN 46368, USA","{'lat': 41.5701223, 'lng': -87.1886329}"
24,16724,Columbia Elementary School,"1 Berry Ln, Logansport, IN 46947, USA","{'lat': 40.7515141, 'lng': -86.3325643}"
25,16725,Indiana Department of Education,"326 S Larry Bird Blvd, French Lick, IN 47432, USA","{'lat': 38.5504398, 'lng': -86.616036}"
26,16726,Concord (IN) Community Schools,"59117 Minuteman Way, Elkhart, IN 46517, USA","{'lat': 41.6356983, 'lng': -85.9286979}"
27,16727,Concord (IN) Community Schools,"59040 Minuteman Way, Elkhart, IN 46517, USA","{'lat': 41.6345057, 'lng': -85.93002700000001}"
28,16728,Martinsville High School,"1359 E Columbus St, Martinsville, IN 46151, USA","{'lat': 39.4240128, 'lng': -86.41224489999999}"
29,16729,Hebron High School,"509 S Main St, Hebron, IN 46341, USA","{'lat': 41.3128296, 'lng': -87.1996494}"
30,16730,Indiana Department of Education,"502 Vine St, Clinton, IN 47842, USA","{'lat': 39.6604588, 'lng': -87.4025999}"
31,16731,Anderson Community School Corporation,"844 Scatterfield Rd, Anderson, IN 46012, USA","{'lat': 40.1241582, 'lng': -85.65199670000001}"
32,16732,Laporte Community School Corporation,"802 W 400 S, La Porte, IN 46350, USA","{'lat': 41.5464068, 'lng': -86.717254}"
33,16733,Southwest Allen County Schools,"5004 Homestead Rd, Fort Wayne, IN 46814, USA","{'lat': 41.0387032, 'lng': -85.28606909999999}"
34,16734,Hamilton Southeastern Schools,"11442 Lantern Rd, Fishers, IN 46038, USA","{'lat': 39.9544357, 'lng': -86.0130448}"
35,16735,Metropolitan School District of Washington Township,"3660 E 62nd St, Indianapolis, IN 46220, USA","{'lat': 39.8693899, 'lng': -86.1066246}"
36,16736,Cardinal Ritter High School,"3360 W 30th St, Indianapolis, IN 46222, USA","{'lat': 39.8128605, 'lng': -86.2156115}"
37,16737,East Washington School Corporation,"1050 N Eastern School Rd, New Pekin, IN 47165, USA","{'lat': 38.5133247, 'lng': -86.0018917}"
38,16738,Central Lutheran School,"1400 Elm St, New Haven, IN 46774, USA","{'lat': 41.0677106, 'lng': -85.00986449999999}"
39,16739,Gary Community School Corp,"5701 W 7th Ave, Gary, IN 46406, USA","{'lat': 41.5983049, 'lng': -87.4067285}"
40,16740,Carmel High School Planetarium,"300 S Guilford Rd, Carmel, IN 46032, USA","{'lat': 39.97499250000001, 'lng': -86.143377}"
41,16741,School City of East Chicago,"1401 E 144th St, East Chicago, IN 46312, USA","{'lat': 41.6330726, 'lng': -87.4531209}"
42,16742,Community Schools of Frankfort,"329 N Maish Rd, Frankfort, IN 46041, USA","{'lat': 40.2844214, 'lng': -86.4821217}"
43,16743,Hamilton Heights School Corporation,"400 Hamilton Ave, Arcadia, IN 46030, USA","{'lat': 40.1741355, 'lng': -86.0177776}"
44,16744,Culver Academics,"1300 Academy Rd, Culver, IN 46511, USA","{'lat': 41.2229063, 'lng': -86.4161192}"
45,16745,Gary Community School Corp,"2065 Mississippi St, Gary, IN 46407, USA","{'lat': 41.5812927, 'lng': -87.3172209}"
46,16746,Central Noble Community School Corporation,"200 E Main St, Albion, IN 46701, USA","{'lat': 41.3954149, 'lng': -85.4223631}"
47,16747,Gary Community School Corp,"N Parke St, Gary, IN 46403, USA","{'lat': 41.6178043, 'lng': -87.2467046}"
48,16748,Forest Hills Special Ed Co-Op,"601 Edgewood Dr, Ellettsville, IN 47429, USA","{'lat': 39.2340568, 'lng': -86.6381617}"
49,16749,Griffith Public Schools Supt,"132 N Broad St, Griffith, IN 46319, USA","{'lat': 41.5240533, 'lng': -87.4280136}"
50,16750,Northwest Allen County Schools,"3701 Carroll Rd, Fort Wayne, IN 46818, USA","{'lat': 41.190198, 'lng': -85.192605}"
51,16751,School City of Hammond,"3211 165th St, Hammond, IN 46323, USA","{'lat': 41.5968544, 'lng': -87.4500243}"
52,16752,Canterbury School of Fort Wayne,"3210 Smith Rd, Fort Wayne, IN 46804, USA","{'lat': 41.0541247, 'lng': -85.2120692}"
53,16753,Greenfield-Central Schools,"204 W Park Ave, Greenfield, IN 46140, USA","{'lat': 39.7932962, 'lng': -85.7725787}"
54,16754,Ivy Tech Community College,"590 Ivy Tech Dr, Madison, IN 47250, USA","{'lat': 38.7803678, 'lng': -85.3761897}"
55,16755,Battle Ground Middle School,"511 Main St, Battle Ground, IN 47920, USA","{'lat': 40.514992, 'lng': -86.8294664}"
56,16756,School City of Hammond,"5727 Sohl Ave, Hammond, IN 46320, USA","{'lat': 41.6094477, 'lng': -87.5128436}"
57,16757,Delaware Community School Corporation,"700 W State St, Albany, IN 47320, USA","{'lat': 40.3002231, 'lng': -85.2450467}"
58,16758,Clark-Pleasant Community School Corp,"50 Center St, Whiteland, IN 46184, USA","{'lat': 39.55068, 'lng': -86.0806265}"
59,16759,Southwest Allen County Schools,"4310 Homestead Rd, Fort Wayne, IN 46814, USA","{'lat': 41.0433219, 'lng': -85.2862557}"
60,16760,International School of Indiana,"200 W 49th St, Indianapolis, IN 46208, USA","{'lat': 39.8429086, 'lng': -86.1634524}"
61,16761,Special Education Svc,"5400 N First Ave, Evansville, IN 47710, USA","{'lat': 38.029117, 'lng': -87.578447}"
62,16762,Laporte Community School Corporation,"1921 A St, La Porte, IN 46350, USA","{'lat': 41.589035, 'lng': -86.71860889999999}"
63,16763,Madison Consolidated School Corporation,"2325 Cherry Dr, Madison, IN 47250, USA","{'lat': 38.770301, 'lng': -85.3899047}"
64,16764,Valparaiso Community Schl Corp,"605 N Campbell St, Valparaiso, IN 46385, USA","{'lat': 41.4732747, 'lng': -87.0673825}"
65,16765,Monroe County Community School  Corp,"1965 S Walnut St, Bloomington, IN 47401, USA","{'lat': 39.1431494, 'lng': -86.5287046}"
66,16766,Kokomo-Center Township Consolidated School Corporation,"100 W Lincoln Rd, Kokomo, IN 46902, USA","{'lat': 40.4551859, 'lng': -86.1302302}"
67,16767,Franklin Township Community School Corp,"8735 Indian Creek Rd S, Indianapolis, IN 46259, USA","{'lat': 39.6720264, 'lng': -86.01197690000001}"
68,16768,Anderson Community School Corporation,"2035 Raible Ave, Anderson, IN 46011, USA","{'lat': 40.0958556, 'lng': -85.71369159999999}"
69,16769,Lake Ridge Middle School,"4735 Arthur St, Gary, IN 46408, USA","{'lat': 41.532497, 'lng': -87.35881599999999}"
70,16770,Billings Elementary School,"1000 E Central Ave, Greensburg, IN 47240, USA","{'lat': 39.3428778, 'lng': -85.4679725}"
71,16771,Ivy Tech Community College,"1440 E 35th Ave, Gary, IN 46409, USA","{'lat': 41.555304, 'lng': -87.32046199999999}"
72,16772,Indiana Department of Education,"77 A St NE, Linton, IN 47441, USA","{'lat': 39.0346794, 'lng': -87.16538899999999}"
73,16773,Concord (IN) Community Schools,"23525 Co Rd 45, Elkhart, IN 46516, USA","{'lat': 41.6367214, 'lng': -85.91583990000001}"
74,16774,Challenger Learning Center,"470 E Northfield Dr, Brownsburg, IN 46112, USA","{'lat': 39.8552692, 'lng': -86.3825822}"
75,16775,New Palestine High School,"New Palestine, IN 46163, USA","{'lat': 39.7219882, 'lng': -85.88914710000002}"
76,16776,Francis Parker School,"2353 Columbia Ave, Indianapolis, IN 46205, USA","{'lat': 39.8009343, 'lng': -86.1364242}"
77,16777,Commonwealth Business College,"1000 E 80th Pl #101N, Merrillville, IN 46410, USA","{'lat': 41.4736637, 'lng': -87.3260707}"
78,16778,Goshen Community School Corporation,"428 N 5th St, Goshen, IN 46528, USA","{'lat': 41.5923325, 'lng': -85.832546}"
79,16779,Southeast Dubois County School Corporation,"1440 Michigan St, Ferdinand, IN 47532, USA","{'lat': 38.228591, 'lng': -86.85648789999999}"
80,16780,Crown Point Community Schools,"11319 Randolph St, Crown Point, IN 46307, USA","{'lat': 41.4106228, 'lng': -87.2374973}"
81,16781,Columbia City High School,"1692 IN-9, Columbia City, IN 46725, USA","{'lat': 41.135116, 'lng': -85.4876644}"
82,16782,Greenfield-Central Schools,"200 W Park Ave, Greenfield, IN 46140, USA","{'lat': 39.7930804, 'lng': -85.7731235}"
83,16783,Kankakee Valley High School,"1000 S Halleck St, De Motte, IN 46310, USA","{'lat': 41.1925256, 'lng': -87.2003478}"
84,16784,South Bend Community School Corporation,"52900 Lily Rd, South Bend, IN 46637, USA","{'lat': 41.7248019, 'lng': -86.2445877}"
85,16785,AVON cOMMUNITY SCHOOL Corp.,"7203 E US Hwy 36, Avon, IN 46123, USA","{'lat': 39.7615307, 'lng': -86.3945626}"
86,16786,Lakeland Christian Academy,"1093 S 250 E, Winona Lake, IN 46590, USA","{'lat': 41.2192291, 'lng': -85.79597319999999}"
87,16787,Challenger Learning Center,"725 S Green St, Brownsburg, IN 46112, USA","{'lat': 39.831917, 'lng': -86.4004003}"
88,16788,Indiana Department of Education,"500 Earlywood Dr, Franklin, IN 46131, USA","{'lat': 39.52124269999999, 'lng': -86.0735797}"
89,16789,Loogootee Community Schools,"201 Brooks Ave, Loogootee, IN 47553, USA","{'lat': 38.678324, 'lng': -86.922016}"
90,16790,East Noble School Corp,"1350 Sherman St, Kendallville, IN 46755, USA","{'lat': 41.4293717, 'lng': -85.2551873}"
91,16791,Franklin Township Community School Corp,"6215 S Franklin Rd, Indianapolis, IN 46259, USA","{'lat': 39.6760364, 'lng': -86.01595089999999}"
92,16792,Indiana Academy,"24815 State Rte 19, Cicero, IN 46034, USA","{'lat': 40.1485864, 'lng': -86.01302079999999}"
93,16793,Scott County School District 1,"S U.S. Hwy 31, Indiana, USA","{'lat': 38.6282793, 'lng': -85.7753886}"
94,16794,Indiana Department of Education,"1105 N 19th St, Elwood, IN 46036, USA","{'lat': 40.2882344, 'lng': -85.83462589999999}"
95,16795,Union St. Campus (Grades 3-8),"1123 Union St, Fort Wayne, IN 46802, USA","{'lat': 41.0736233, 'lng': -85.150628}"
96,16796,Bishop Dwenger High School,"1300 E Washington Center Rd, Fort Wayne, IN 46825, USA","{'lat': 41.1314342, 'lng': -85.1251644}"
97,16797,Indiana School for the Deaf,"1200 E 42nd St, Indianapolis, IN 46205, USA","{'lat': 39.8346569, 'lng': -86.1358527}"
98,16798,Spencer Owen Community Schools,"201 N 9th St, Gosport, IN 47433, USA","{'lat': 39.35101420000001, 'lng': -86.6703161}"
99,16799,Diocese of Fort Wayne-South Bend,"915 S Clinton St, Fort Wayne, IN 46802, USA","{'lat': 41.0778711, 'lng': -85.1371336}"
100,16800,Lafayette Public School System,"1801 S 18th St, Lafayette, IN 47909, USA","{'lat': 40.3985978, 'lng': -86.8758502}"
101,16801,Merrillville Schools Adm Svc,"7249 Van Buren St, Merrillville, IN 46410, USA","{'lat': 41.4870648, 'lng': -87.3450068}"
102,16802,Delaware Community School Corporation,"3400 IN-28, Muncie, IN 47303, USA","{'lat': 40.278546, 'lng': -85.34763799999999}"
103,16803,Brownstown Central Schools,"500 N Elm St, Brownstown, IN 47220, USA","{'lat': 38.88618900000001, 'lng': -86.0454716}"
104,16804,Noblesville Christian School,"1687 N 10th St, Noblesville, IN 46060, USA","{'lat': 40.0641617, 'lng': -86.0073041}"
105,16805,Linton-Stockton School Corporation,"109 A St NE, Linton, IN 47441, USA","{'lat': 39.0347512, 'lng': -87.1675114}"
106,16806,Flat Rock-Hawcreek School Corporation,"9273 IN-9, Hope, IN 47246, USA","{'lat': 39.2926055, 'lng': -85.7700062}"
107,16807,Garrett-Keyser-Butler Community School District,"801 E Houston St, Garrett, IN 46738, USA","{'lat': 41.3467725, 'lng': -85.1268665}"
108,16808,Kokomo Center School Corporation,"1901 W Blvd St, Kokomo, IN 46902, USA","{'lat': 40.4606231, 'lng': -86.15689390000001}"
109,16809,Clarksville Community School Corporation,"800 Dr Dot Lewis Dr, Clarksville, IN 47129, USA","{'lat': 38.298365, 'lng': -85.7681357}"
110,16810,Hamilton Southeastern Schools,"13000 Promise Rd, Fishers, IN 46038, USA","{'lat': 39.9775763, 'lng': -85.965006}"
111,16811,Princeton Community Middle,"N Old Hwy 41, Princeton, IN, USA","{'lat': 38.3643098, 'lng': -87.5755963}"
112,16812,New Palestine High School,"New Palestine, IN 46163, USA","{'lat': 39.7219882, 'lng': -85.88914710000002}"
113,16813,Alexandria Community School Corporation,"202 E Washington St, Alexandria, IN 46001, USA","{'lat': 40.2628354, 'lng': -85.6729842}"
114,16814,Carmel High School Planetarium,"5201 E 131st St, Fishers, IN 46038, USA","{'lat': 39.9785499, 'lng': -86.0286052}"
115,16815,Franklin Township Community School Corp,"7341 E Stop 11 Rd, Indianapolis, IN 46259, USA","{'lat': 39.6499669, 'lng': -86.03693299999999}"
116,16816,Center Grove Community School Corporation,"202 N Morgantown Rd, Greenwood, IN 46142, USA","{'lat': 39.6159723, 'lng': -86.19964759999999}"
117,16817,MSD Pike Township,"4401 W 52nd St, Indianapolis, IN 46254, USA","{'lat': 39.8449509, 'lng': -86.2370966}"
118,16818,Richmond Community School,"222 NW 7th St, Richmond, IN 47374, USA","{'lat': 39.8319504, 'lng': -84.91141619999999}"
119,16819,Delphi Community School Corp.,"501 Armory Rd, Delphi, IN 46923, USA","{'lat': 40.5759817, 'lng': -86.66886029999999}"
120,16820,Lalumiere School Inc,"6801 N Wilhelm Rd, La Porte, IN 46350, USA","{'lat': 41.7037061, 'lng': -86.70992129999999}"
121,16821,Elkhartnet,"705 Indiana St, Bristol, IN 46507, USA","{'lat': 41.7169592, 'lng': -85.8250254}"
122,16822,East Noble School Corp,"126 W Rush St, Kendallville, IN 46755, USA","{'lat': 41.4414183, 'lng': -85.2663051}"
123,16823,galileocharterschool,"855 N 12th St, Richmond, IN 47374, USA","{'lat': 39.839147, 'lng': -84.885373}"
124,16824,Nettle Creek School Corporation,"701 Baker Rd, Hagerstown, IN 47346, USA","{'lat': 39.9204461, 'lng': -85.16106049999999}"
125,16825,DeKalb County Eastern Community School District,"1025 S Broadway St, Butler, IN 46721, USA","{'lat': 41.4172677, 'lng': -84.86900849999999}"
126,16826,Indianapolis Public School,"2701 N Devon Ave, Indianapolis, IN 46219, USA","{'lat': 39.8068864, 'lng': -86.022122}"
127,16827,Lakeview Christian School,"5318 S Western Ave, Marion, IN 46953, USA","{'lat': 40.5048992, 'lng': -85.67414769999999}"
128,16828,Madison Consolidated School Corporation,"Deputy, IN 47230, USA","{'lat': 38.7940528, 'lng': -85.6527902}"
129,16829,North White Middle School,"306 South St, Lafayette, IN 47901, USA","{'lat': 40.4174897, 'lng': -86.89401939999999}"
130,16830,South Bend Community School Corporation,"2701 Eisenhower Ave, South Bend, IN 46615, USA","{'lat': 41.6902464, 'lng': -86.2089526}"
131,16831,Blue River Valley School Corporation,"Mt Summit, IN 47361, USA","{'lat': 40.0043978, 'lng': -85.3865972}"
132,16832,Indianapolis Public School,"3200 E Raymond St, Indianapolis, IN 46203, USA","{'lat': 39.7386706, 'lng': -86.11036469999999}"
133,16833,Carmel High School Planetarium,"10721 Lakeshore Dr E, Carmel, IN 46033, USA","{'lat': 39.9440349, 'lng': -86.1033817}"
134,16834,Richmond Community School,"315 NW 3rd St, Richmond, IN 47374, USA","{'lat': 39.83259899999999, 'lng': -84.90425549999999}"
135,16835,Clark-Pleasant Community School Corp,"2111 Sheek Rd, Greenwood, IN 46143, USA","{'lat': 39.5885694, 'lng': -86.0763918}"
136,16836,Hendry Park Elementary School,"805 S Washington St, Angola, IN 46703, USA","{'lat': 41.6307169, 'lng': -84.9920061}"
137,16837,Community Christian School,"Richmond, IN 47375, USA","{'lat': 39.83, 'lng': -84.89}"
138,16838,Kokomo-Center Township Consolidated School Corporation,"2800 N Apperson Way, Kokomo, IN 46901, USA","{'lat': 40.5134594, 'lng': -86.1243677}"
139,16839,Forest Hills Special Ed Co-Op,"46 West St, Worthington, IN 47471, USA","{'lat': 39.1174726, 'lng': -86.97319329999999}"
140,16840,Baptist Academy,"2565 Villa Ave, Indianapolis, IN 46203, USA","{'lat': 39.7312519, 'lng': -86.1242086}"
141,16841,Center Grove Community School Corporation,"2717 S Morgantown Rd, Greenwood, IN 46143, USA","{'lat': 39.5755892, 'lng': -86.194643}"
142,16842,School City of Mishawaka,"600 Pregel Dr, Mishawaka, IN 46545, USA","{'lat': 41.6823545, 'lng': -86.1734275}"
143,16843,Russell McIntyre Hilligoss & Welke,"3528 S Washington St, Marion, IN 46953, USA","{'lat': 40.527442, 'lng': -85.6681285}"
144,16844,Kokomo Center School Corporation,"910 S Cooper St, Kokomo, IN 46901, USA","{'lat': 40.4777803, 'lng': -86.11163789999999}"
145,16845,The Metropolitan School District of Warren Township,"10330 E Prospect St, Indianapolis, IN 46239, USA","{'lat': 39.75599, 'lng': -85.9836079}"
146,16846,Monroe County Community School Corporation,"800 W Gourley Pike, Bloomington, IN 47404, USA","{'lat': 39.1864149, 'lng': -86.5421419}"
147,16847,School City of Hammond,"5926 Calumet Ave, Hammond, IN 46320, USA","{'lat': 41.60579329999999, 'lng': -87.50959639999999}"
148,16848,West Noble School Corporation,"5050 US-33, Ligonier, IN 46767, USA","{'lat': 41.4259194, 'lng': -85.5816829}"
149,16849,Marion Community Schools,"3528 S Washington St, Marion, IN 46953, USA","{'lat': 40.527442, 'lng': -85.6681285}"
150,16850,Lakeville Schools,"2460 Vermillion St, Lake Station, IN 46405, USA","{'lat': 41.5729876, 'lng': -87.22971969999999}"
151,16851,Faith Baptist Church,"5526 IN-26, Lafayette, IN 47905, USA","{'lat': 40.4187467, 'lng': -86.7983371}"
152,16852,ABC Stewart School,"6691 State Rd 46, Columbus, IN 47201, USA","{'lat': 39.196542, 'lng': -85.99602}"
153,16853,Liberty Christian School,"2025 Hillcrest Dr, Anderson, IN 46012, USA","{'lat': 40.1041952, 'lng': -85.6543246}"
154,16854,Liberty Christian School,"2323 Columbus Ave, Anderson, IN 46016, USA","{'lat': 40.0928616, 'lng': -85.6674874}"
155,16855,Ethel R Jones Elementary School,"6161 Old Porter Rd, Portage, IN 46368, USA","{'lat': 41.59332330000001, 'lng': -87.1779662}"
156,16856,Jay County High School,"225 E Water St, Portland, IN 47371, USA","{'lat': 40.4319136, 'lng': -84.975415}"
157,16857,Laporte Community School Corporation,"602 F St, La Porte, IN 46350, USA","{'lat': 41.6011891, 'lng': -86.7268627}"
158,16858,Merrillville Schools Adm Svc,"407 W 61st Ave, Merrillville, IN 46410, USA","{'lat': 41.5064387, 'lng': -87.3421358}"
159,16859,Alexandria Community School Corporation,"308 W 11th St, Alexandria, IN 46001, USA","{'lat': 40.2491168, 'lng': -85.6772768}"
160,16860,School City of East Chicago,"2700 Cardinal Dr, East Chicago, IN 46312, USA","{'lat': 41.63464, 'lng': -87.4394945}"
161,16861,Floyds Knobs Elementary,"7025 Cross St, Greenville, IN 47124, USA","{'lat': 38.3766032, 'lng': -85.9903679}"
162,16862,Bon Air Elementary School,"2800 N Apperson Way, Kokomo, IN 46901, USA","{'lat': 40.5134594, 'lng': -86.1243677}"
163,16863,Fodrea Elementary School,"1545 S Hart Street Rd, Vincennes, IN 47591, USA","{'lat': 38.651115, 'lng': -87.50047219999999}"
164,16864,Noblesville Community Schools,"3025 Westfield Rd, Noblesville, IN 46062, USA","{'lat': 40.040711, 'lng': -86.07835229999999}"
165,16865,Bishop Luers High School,"333 E Paulding Rd, Fort Wayne, IN 46816, USA","{'lat': 41.035264, 'lng': -85.133105}"
166,16866,Holy Spirit,"7241 E 10th St, Indianapolis, IN 46219, USA","{'lat': 39.780838, 'lng': -86.038171}"
167,16867,Hancock South Madison Joint SV,"1834 Fields Blvd, Greenfield, IN 46140, USA","{'lat': 39.8113145, 'lng': -85.77427349999999}"
168,16868,Metropolitan School District of Washington Township,"8550 Woodfield Crossing Blvd, Indianapolis, IN 46240, USA","{'lat': 39.9119369, 'lng': -86.1245268}"
169,16869,Western Wayne Elementary Schl,"215 E Parkway Dr, Cambridge City, IN 47327, USA","{'lat': 39.81606379999999, 'lng': -85.1662221}"
170,16870,Indiana Department of Education,"125 S 6th St, Cannelton, IN 47520, USA","{'lat': 37.911964, 'lng': -86.7426097}"
171,16871,Special Education Svc,"1 SE 9th St, Evansville, IN 47708, USA","{'lat': 37.97360159999999, 'lng': -87.5660396}"
172,16872,Concord (IN) Community Schools,"24050 Co Rd 20, Elkhart, IN 46517, USA","{'lat': 41.63699, 'lng': -85.92446090000001}"
173,16873,Jasper High School,"3600 N Portersville Rd, Jasper, IN 47546, USA","{'lat': 38.4248663, 'lng': -86.9484834}"
174,16874,Jasper High School,"1520 St Charles St, Jasper, IN 47546, USA","{'lat': 38.4005881, 'lng': -86.9514957}"
175,16875,Lakeland High School,"200 Cherry St, LaGrange, IN 46761, USA","{'lat': 41.64399220000001, 'lng': -85.4098877}"
176,16876,Hamilton Heights Middle School,"25150 State Rte 19, Arcadia, IN 46030, USA","{'lat': 40.1551459, 'lng': -86.0146287}"
177,16877,Indiana University,"601 Edgewood Dr, Ellettsville, IN 47429, USA","{'lat': 39.2340568, 'lng': -86.6381617}"
178,16878,Castle High School,"2800 IN-261, Newburgh, IN 47630, USA","{'lat': 37.9934982, 'lng': -87.377196}"
179,16879,Columbia Elementary School,"2500 Hopper St, Logansport, IN 46947, USA","{'lat': 40.749471, 'lng': -86.333878}"
180,16880,Vigo County School Corp,"9400 N Beech Pl, West Terre Haute, IN 47885, USA","{'lat': 39.5794057, 'lng': -87.463438}"
181,16881,Salem High School,"1103 N Shelby St, Salem, IN 47167, USA","{'lat': 38.615092, 'lng': -86.10770040000001}"
182,16882,Bloomfield Elementary School,"500 W South St, Bloomfield, IN 47424, USA","{'lat': 39.0244656, 'lng': -86.9454318}"
183,16883,North Judson San Pierre High School,"809 W Talmer Ave, North Judson, IN 46366, USA","{'lat': 41.2145439, 'lng': -86.786765}"
184,16884,Holy Rosary Parish,"1301 S Green River Rd, Evansville, IN 47715, USA","{'lat': 37.958951, 'lng': -87.495121}"
185,16885,Brownstown Central Schools,"500 N Elm St, Brownstown, IN 47220, USA","{'lat': 38.88618900000001, 'lng': -86.0454716}"
186,16886,Bristol Elementary School,"2720 California Rd, Elkhart, IN 46514, USA","{'lat': 41.6960813, 'lng': -86.01654200000002}"
187,16887,Eminence Community Sch Corp,"Eminence, IN 46125, USA","{'lat': 39.522015, 'lng': -86.6413422}"
188,16888,Catholic Diocese Office,"915 S Clinton St, Fort Wayne, IN 46802, USA","{'lat': 41.0778711, 'lng': -85.1371336}"
189,16889,Princeton Community Middle,"813 W Archer Rd, Princeton, IN 47670, USA","{'lat': 38.3678755, 'lng': -87.5788938}"
190,16890,Bishop Dwenger High School,"1300 E Washington Center Rd, Fort Wayne, IN 46825, USA","{'lat': 41.1314342, 'lng': -85.1251644}"
191,16891,Heritige Hills High School,"Lincoln City, IN 47552, USA","{'lat': 38.1226369, 'lng': -86.9949372}"
192,16892,Loogootee Community Schools,"Loogootee, IN 47553, USA","{'lat': 38.6769945, 'lng': -86.9141695}"
193,16893,Challenger Learning Center,"1555 S Odell St, Brownsburg, IN 46112, USA","{'lat': 39.8196334, 'lng': -86.3856598}"
194,16894,Anderson Community School Corporation,"4610 Madison Ave, Anderson, IN 46013, USA","{'lat': 40.066309, 'lng': -85.6906747}"
195,16895,Linton-Stockton School Corporation,"10 H St NE, Linton, IN 47441, USA","{'lat': 39.0436706, 'lng': -87.1642755}"
196,16896,School City of Hammond,"3640 Orchard Dr, Hammond, IN 46323, USA","{'lat': 41.5742126, 'lng': -87.4413529}"
197,16897,Ball State University,"Cooper Science Complex and Planetarium, 2000 W University Ave, Muncie, IN 47306, USA","{'lat': 40.1999048, 'lng': -85.4115988}"
198,16898,Indiana Department of Education,"151 W Ohio St, Indianapolis, IN 46204, USA","{'lat': 39.7696951, 'lng': -86.1610278}"
199,16899,Maconaquah School Corporation,"256 E 800 S, Bunker Hill, IN 46914, USA","{'lat': 40.6516995, 'lng': -86.0658023}"
200,16900,Duneland School Corporation,"1 Pirate Pl, Charlestown, IN 47111, USA","{'lat': 38.4543684, 'lng': -85.6672466}"
201,16901,Lakeland High School,"805 E 075 N, LaGrange, IN 46761, USA","{'lat': 41.6539964, 'lng': -85.4101481}"
202,16902,Northwest Allen County Schools,"3701 Carroll Rd, Fort Wayne, IN 46818, USA","{'lat': 41.190198, 'lng': -85.192605}"
203,16903,Clinton Central Jr/Sr High,"Michigantown, IN 46057, USA","{'lat': 40.3264255, 'lng': -86.3927764}"
204,16904,Lakeland High School,"1055 E 075 N, LaGrange, IN 46761, USA","{'lat': 41.6542763, 'lng': -85.40547099999999}"
205,16905,Clarksville Community School Corporation,"101 E Ettels Ln, Clarksville, IN 47129, USA","{'lat': 38.3012879, 'lng': -85.76881449999999}"
206,16906,Castle High School,"Newburgh, KY 47629, USA","{'lat': 37.94, 'lng': -87.41}"
207,16907,North Spencer County School Corporation,"1776 IN-162, Jasper, IN 47546, USA","{'lat': 38.3521714, 'lng': -86.8918494}"
208,16908,Jay County Development Corporation,"2072 IN-67, Portland, IN 47371, USA","{'lat': 40.4293504, 'lng': -85.0226964}"
209,16909,Jay County High School,"67 West Dr, Muncie, IN 47302, USA","{'lat': 40.1874022, 'lng': -85.3580076}"
210,16910,Monroe County Community School Corporation,"1150 S Clarizz Blvd, Bloomington, IN 47401, USA","{'lat': 39.1519635, 'lng': -86.4913353}"
211,16911,Noblesville Community Schools,"595 S Harbour Dr, Noblesville, IN 46062, USA","{'lat': 40.0661265, 'lng': -86.0520841}"
212,16912,Centerville Senior High School,"300 W South St, Centerville, IN 47330, USA","{'lat': 39.8146573, 'lng': -84.9994225}"
213,16913,Lake Central School Corporation,"8260 Wicker Ave, St John, IN 46373, USA","{'lat': 41.4685784, 'lng': -87.47106289999999}"
214,16914,West Noble School Corporation,"5094 US-33, Ligonier, IN 46767, USA","{'lat': 41.4254052, 'lng': -85.5808959}"
215,16915,Crawfordsville Community School Corporation,"800 Fairview Ave, Crawfordsville, IN 47933, USA","{'lat': 40.0459926, 'lng': -86.89062729999999}"
216,16916,Kokomo Center School Corporation,"919 N Korby St, Kokomo, IN 46901, USA","{'lat': 40.4947126, 'lng': -86.1502154}"
217,16917,Columbia Elementary School,"410 W Miami Ave, Logansport, IN 46947, USA","{'lat': 40.7561524, 'lng': -86.3756062}"
218,16918,Lighthouse Christian Academy,"1201 W That Rd, Bloomington, IN 47403, USA","{'lat': 39.1138334, 'lng': -86.5453533}"
219,16919,Linton-Stockton School Corporation,"801 1st St NE, Linton, IN 47441, USA","{'lat': 39.0408435, 'lng': -87.1648005}"
220,16920,Metropolitan School District of Lawrence Township,"6333 Lee Rd, Indianapolis, IN 46236, USA","{'lat': 39.8718866, 'lng': -85.9982036}"
221,16921,Jasper High School,"401 W 5th St, Jasper, IN 47546, USA","{'lat': 38.3902894, 'lng': -86.9361977}"
222,16922,South Vermillion County  School,"Clinton, IN 47842, USA","{'lat': 39.6569817, 'lng': -87.3980741}"
223,16923,Greencastle Community School Corporation,"13611 Robey Rd, Silver Spring, MD 20904, USA","{'lat': 39.0803582, 'lng': -76.9418903}"
224,16924,Columbia City High School,"803 E National Hwy, Washington, IN 47501, USA","{'lat': 38.651278, 'lng': -87.165667}"
225,16925,Metropolian School District of Perry Township,"5701 Brill Rd, Indianapolis, IN 46227, USA","{'lat': 39.6840481, 'lng': -86.15272}"
226,16926,Libertyville Elementary School,"67240 Co Rd 31, Goshen, IN 46528, USA","{'lat': 41.5198641, 'lng': -85.76910749999999}"
227,16927,Indianapolis Public School,"2411 Indianapolis Ave, Indianapolis, IN 46208, USA","{'lat': 39.8013657, 'lng': -86.16750619999999}"
228,16928,Hamilton Heights Middle School,"Arcadia, IN 46030, USA","{'lat': 40.1758704, 'lng': -86.0216521}"
229,16929,Indiana Department of Education,"Bluffton, IN 46714, USA","{'lat': 40.7386579, 'lng': -85.17163680000002}"
230,16930,Indiana Department of Education,"300 Tiger Blvd, Lawrenceburg, IN 47025, USA","{'lat': 39.1005234, 'lng': -84.85233439999999}"
231,16931,Fayette County School Corporation,"2620 Iowa Ave, Connersville, IN 47331, USA","{'lat': 39.6671015, 'lng': -85.13570059999999}"
232,16932,Indiana Department of Education,"325 W 550 S, Valparaiso, IN 46385, USA","{'lat': 41.3555398, 'lng': -87.1284182}"
233,16933,Culver Community Highschool,"108 N Main St, Culver, IN 46511, USA","{'lat': 41.2169957, 'lng': -86.42345619999999}"
234,16934,Indiana Department of Education,"S U.S. Hwy 31, Indiana, USA","{'lat': 38.6282793, 'lng': -85.7753886}"
235,16935,Education Management Corporation,"325 US-20, Michigan City, IN 46360, USA","{'lat': 41.6796733, 'lng': -86.8876504}"
236,16936,East Allen County Schools,"4625 Werling Dr, Fort Wayne, IN 46806, USA","{'lat': 41.03899699999999, 'lng': -85.1044469}"
237,16937,Kokomo-Center Township Consolidated School Corporation,"2415 S Berkley Rd, Kokomo, IN 46902, USA","{'lat': 40.4565261, 'lng': -86.1601158}"
238,16938,Caston School Corporation,"Fulton, IN 46931, USA","{'lat': 40.9473108, 'lng': -86.2617276}"
239,16939,The Metropolitan School District of Warren Township,"975 N Post Rd, Indianapolis, IN 46219, USA","{'lat': 39.7815283, 'lng': -86.00868419999999}"
240,16940,Columbia Elementary School,"2829 George St, Logansport, IN 46947, USA","{'lat': 40.7562044, 'lng': -86.32951589999999}"
241,16941,"The School District of Palm Beach County, Florida.","203 N Lincoln St, Warsaw, IN 46580, USA","{'lat': 41.239412, 'lng': -85.833326}"
242,16942,Atwood Elementary School,"1900 S County Farm Rd, Warsaw, IN 46580, USA","{'lat': 41.2072973, 'lng': -85.84966320000001}"
243,16943,Linton-Stockton School Corporation,"900 NE 4th St, Linton, IN 47441, USA","{'lat': 39.0415392, 'lng': -87.16212560000001}"
244,16944,Evansville Christian School,"4400 Lincoln Ave, Evansville, IN 47714, USA","{'lat': 37.9700468, 'lng': -87.49683739999999}"
245,16945,Greater Clark County Schools,"601 E Court Ave, Jeffersonville, IN 47130, USA","{'lat': 38.2777569, 'lng': -85.73613859999999}"
246,16946,Lebanon Community School Corp,"1810 N Grant St, Lebanon, IN 46052, USA","{'lat': 40.0628062, 'lng': -86.4576285}"
247,16947,Janus Developmental Service Inc,"1555 Westfield Rd, Noblesville, IN 46062, USA","{'lat': 40.0416044, 'lng': -86.0460293}"
248,16948,Indiana Department of Education,"1100 E Spring St, Bluffton, IN 46714, USA","{'lat': 40.727677, 'lng': -85.15717219999999}"
249,16949,Michigan City Area Schools,"321 Bolka Ave, Michigan City, IN 46360, USA","{'lat': 41.6955844, 'lng': -86.9066053}"
250,16950,Clinton Central Jr/Sr High,"Michigantown, IN 46057, USA","{'lat': 40.3264255, 'lng': -86.3927764}"
251,16951,Maconaquah School Corporation,"7784 S Strawtown Pike, Bunker Hill, IN 46914, USA","{'lat': 40.6523913, 'lng': -86.06088609999999}"
252,16952,Tippecanoe School Corporation,"7501 E 300 N, Lafayette, IN 47905, USA","{'lat': 40.4602576, 'lng': -86.7613563}"
253,16953,School City of Mishawaka,"1801 N Main St, Mishawaka, IN 46545, USA","{'lat': 41.6764609, 'lng': -86.18328149999999}"
254,16954,Indiana Department of Education,"498 S Larry Bird Blvd, French Lick, IN 47432, USA","{'lat': 38.5489731, 'lng': -86.61697199999999}"
255,16955,Eastern High School,"421 S Harrison St, Greentown, IN 46936, USA","{'lat': 40.473575, 'lng': -85.9722795}"
256,16956,South Bend Community School Corporation,"808 S Twyckenham Dr, South Bend, IN 46615, USA","{'lat': 41.6666024, 'lng': -86.2239488}"
257,16957,Columbia City High School,"600 N Whitley St, Columbia City, IN 46725, USA","{'lat': 41.1631218, 'lng': -85.4825511}"
258,16958,Swayzee Elementary School,"600 Walnut St, Converse, IN 46919, USA","{'lat': 40.5751331, 'lng': -85.8662952}"
259,16959,Gary Community School Corp,"1234 Cleveland St, Gary, IN 46404, USA","{'lat': 41.5901291, 'lng': -87.36238399999999}"
260,16960,Gary Community School Corp,"4621 Georgia St, Gary, IN 46409, USA","{'lat': 41.533956, 'lng': -87.3246939}"
261,16961,Ivy Tech State College,"590 Ivy Tech Dr, Madison, IN 47250, USA","{'lat': 38.7803678, 'lng': -85.3761897}"
262,16962,Kokomo Center School Corporation,"2501 S Berkley Rd, Kokomo, IN 46902, USA","{'lat': 40.4555488, 'lng': -86.1572119}"
263,16963,Monroe County Community School  Corp,"3901 N Kinser Pike, Bloomington, IN 47404, USA","{'lat': 39.2023625, 'lng': -86.5490592}"
264,16964,Special Education Svc,"350 Dreier Blvd, Evansville, IN 47712, USA","{'lat': 37.97356380000001, 'lng': -87.6061272}"
265,16965,Richmond Community School,"SCSEP - Richmond, 1215 S J St, Richmond, IN 47374, USA","{'lat': 39.814898, 'lng': -84.887438}"
266,16966,Fodrea Elementary School,"500 Buntin St, Vincennes, IN 47591, USA","{'lat': 38.67893189999999, 'lng': -87.5268348}"
267,16967,Ivy Tech State College,"410 E Columbus Dr, East Chicago, IN 46312, USA","{'lat': 41.6399145, 'lng': -87.4667432}"
268,16968,Granger Christian Schoo...,"52025 Gumwood Rd, Granger, IN 46530, USA","{'lat': 41.7379507, 'lng': -86.1790699}"
269,16969,Griffith Public Schools,"600 N Raymond St, Griffith, IN 46319, USA","{'lat': 41.5328791, 'lng': -87.4361582}"
270,16970,John Glenn School Corpo...,"101 John Glenn Dr, Walkerton, IN 46574, USA","{'lat': 41.4569259, 'lng': -86.478804}"
271,16971,Greenfield-Central Comm...,"1331 N Blue Rd, Greenfield, IN 46140, USA","{'lat': 39.8042448, 'lng': -85.7433502}"
272,16972,Hamilton Heights School...,"Arcadia, IN 46030, USA","{'lat': 40.1758704, 'lng': -86.0216521}"
273,16973,Loogootee Community Sch...,"Loogootee, IN 47553, USA","{'lat': 38.6769945, 'lng': -86.9141695}"
274,16974,Indiana Institute of Te...,"1600 E Washington Blvd, Fort Wayne, IN 46803, USA","{'lat': 41.077818, 'lng': -85.116851}"
275,16975,Ivy Tech Community Coll...,"IN-267, Avon, IN 46123, USA","{'lat': 39.7599999, 'lng': -86.3996452}"
276,16976,Hamilton Southeastern S...,"11442 Lantern Rd, Fishers, IN 46038, USA","{'lat': 39.9544357, 'lng': -86.0130448}"
277,16977,Covington Community Sch...,"1017 6th St, Covington, IN 47932, USA","{'lat': 40.1431146, 'lng': -87.3956372}"
278,16978,KIPP Indpls College Pre...,"1740 E 30th St, Indianapolis, IN 46218, USA","{'lat': 39.8118597, 'lng': -86.12906100000001}"
279,16979,East Allen County Schoo...,"1240 IN-930, New Haven, IN 46774, USA","{'lat': 41.066368, 'lng': -85.01263}"
280,16980,Richmond Community Scho...,"1751 Chester Rd, Richmond, IN 47374, USA","{'lat': 39.8875236, 'lng': -84.8772321}"
281,16981,Elwood Community School...,"1207 N 19th St, Elwood, IN 46036, USA","{'lat': 40.2904229, 'lng': -85.83553599999999}"
282,16982,Duneland School Corpora...,"Chesterton, IN 46304, USA","{'lat': 41.6105937, 'lng': -87.06419919999999}"
283,16983,Jennings County Schools,"1200 W County Rd 150 N, North Vernon, IN 47265, USA","{'lat': 39.0088995, 'lng': -85.64384830000002}"
284,16984,Noblesville Community S...,"470 Lakeview Dr, Noblesville, IN 46060, USA","{'lat': 40.0556722, 'lng': -86.0222814}"
285,16985,Fort Wayne Community Sc...,"8100 Amherst Dr, Fort Wayne, IN 46819, USA","{'lat': 41.0098881, 'lng': -85.1632096}"
286,16986,Argos Community Schools,"410 N 1st St, Argos, IN 46501, USA","{'lat': 41.2406528, 'lng': -86.2486947}"
287,16987,Duneland School Corpora...,"2500 Indian Boundary Rd, Chesterton, IN 46304, USA","{'lat': 41.6166515, 'lng': -87.018958}"
288,16988,Salem High School,"1101 N Shelby St, Salem, IN 47167, USA","{'lat': 38.6158067, 'lng': -86.1055243}"
289,16989,Fort Wayne Community Sc...,"1200 S Clinton St, Fort Wayne, IN 46802, USA","{'lat': 41.0743575, 'lng': -85.13780469999999}"
290,16990,Cloverdale Community Sc...,"205 Market St, Cloverdale, IN 46120, USA","{'lat': 39.51196460000001, 'lng': -86.7911159}"
291,16991,Greencastle Community S...,"400 Percy L Julian Dr, Greencastle, IN 46135, USA","{'lat': 39.64016000000001, 'lng': -86.84226939999999}"
292,16992,Howe Military School,"Howe, IN 46746, USA","{'lat': 41.7216519, 'lng': -85.4210994}"
293,16993,Clarksville Community S...,"800 Dr Dot Lewis Dr, Clarksville, IN 47129, USA","{'lat': 38.298365, 'lng': -85.7681357}"
294,16994,Center Grove Community ...,"2929 S Morgantown Rd, Greenwood, IN 46143, USA","{'lat': 39.5731823, 'lng': -86.19617769999999}"
295,16995,Flat Rock-Hawcreek Scho...,"9575 IN-9, Hope, IN 47246, USA","{'lat': 39.2948423, 'lng': -85.77035}"
296,16996,Crown Point Community S...,"200 E North St, Crown Point, IN 46307, USA","{'lat': 41.4205848, 'lng': -87.36253909999999}"
297,16997,Kokomo-Center Township ...,"Kokomo, IN 46904, USA","{'lat': 40.53, 'lng': -86.17999999999999}"
298,16998,East Allen County Schoo...,"4625 Werling Dr, Fort Wayne, IN 46806, USA","{'lat': 41.03899699999999, 'lng': -85.1044469}"
