,_id,Name,Address,Geocodes
0,13700,Bico Collaborative,"500 E 5th St, Rock Falls, IL 61071, USA","{'lat': 41.7784427, 'lng': -89.6836409}"
1,13701,Board of Education of The City of Chicago,"125 S Clark St Fl 2, Chicago, IL 60603, USA","{'lat': 41.8799308, 'lng': -87.6305172}"
2,13702,District Two Ninty Nine,"7931 S Honore St, Chicago, IL 60620, USA","{'lat': 41.7494853, 'lng': -87.66908699999999}"
3,13703,Indian Prairie School District 204,"2621 Springdale Cir, Naperville, IL 60564, USA","{'lat': 41.71467510000001, 'lng': -88.1777658}"
4,13704,Language Stars,"116 W Gartner Rd, Naperville, IL 60540, USA","{'lat': 41.7538647, 'lng': -88.1408775}"
5,13705,Central Cmty High Sch Dist 71,"7740 Old U.S. Hwy 50, Breese, IL 62230, USA","{'lat': 38.6098241, 'lng': -89.5608438}"
6,13706,Dwight D Eisenhower High Schl,"12700 Sacramento Ave, Blue Island, IL 60406, USA","{'lat': 41.6617824, 'lng': -87.69576119999999}"
7,13707,Board of Education of The City of Chicago,"1518 W Granville Ave, Chicago, IL 60660, USA","{'lat': 41.9948025, 'lng': -87.6685158}"
8,13708,Board of Education of The City of Chicago,"2111 W Greenleaf Ave, Chicago, IL 60645, USA","{'lat': 42.0097839, 'lng': -87.6845774}"
9,13709,Bloomingdale School Dist 13,"164 Euclid Ave, Bloomingdale, IL 60108, USA","{'lat': 41.9514918, 'lng': -88.0663278}"
10,13710,Board of Education of The City of Chicago,"11220 S Wallace St, Chicago, IL 60628, USA","{'lat': 41.6897069, 'lng': -87.63784}"
11,13711,Chicago-Kent College of Law,"IIT Chicago-Kent College of Law, 565 W Adams St, Chicago, IL 60661, USA","{'lat': 41.8788582, 'lng': -87.6423118}"
12,13712,El Paso-Gridley High School,"600 N Elm St, El Paso, IL 61738, USA","{'lat': 40.7434297, 'lng': -89.01824010000001}"
13,13713,Mary Miller Junior High School,"400 E West St, Georgetown, IL 61846, USA","{'lat': 39.9751635, 'lng': -87.6294403}"
14,13714,Fox River Grove School District 3,"401 Orchard St, Fox River Grove, IL 60021, USA","{'lat': 42.1975594, 'lng': -88.2134016}"
15,13715,Paris Comm Unit School Dist 4,"15601 US-150, Paris, IL 61944, USA","{'lat': 39.6065978, 'lng': -87.6739089}"
16,13716,Glenview Public School District 34,"3900 Glenview Rd, Glenview, IL 60025, USA","{'lat': 42.0740776, 'lng': -87.85271000000002}"
17,13717,DuPage County Regional Office of Education,"380 Greenfield Ave, Glen Ellyn, IL 60137, USA","{'lat': 41.8670285, 'lng': -88.073968}"
18,13718,Chicago Public School System,"5250 S Rockwell St, Chicago, IL 60632, USA","{'lat': 41.7981868, 'lng': -87.68941559999999}"
19,13719,Mary Miller Junior High School,"500 W Mulberry St, Georgetown, IL 61846, USA","{'lat': 39.9725516, 'lng': -87.6408034}"
20,13720,Board of Education of The City of Chicago,"6550 S Richmond St, Chicago, IL 60629, USA","{'lat': 41.7745537, 'lng': -87.69735899999999}"
21,13721,Eastern Illinois Special Ed,"5837 Park Dr, Charleston, IL 61920, USA","{'lat': 39.4855351, 'lng': -88.2610989}"
22,13722,St. Clair County Regional Office of Education,"2600 W Main St, Belleville, IL 62226, USA","{'lat': 38.5224333, 'lng': -90.0110756}"
23,13723,Lake County High Schools Technology Campus,"19525 W Washington St, Grayslake, IL 60030, USA","{'lat': 42.3581239, 'lng': -88.01673799999999}"
24,13724,Board of Education of The City of Chicago,"4652 S Bishop St, Chicago, IL 60609, USA","{'lat': 41.8088242, 'lng': -87.66170029999999}"
25,13725,Board of Education of The City of Chicago,"1340 W 71st St, Chicago, IL 60636, USA","{'lat': 41.7653931, 'lng': -87.6583442}"
26,13726,Clinton Unit School District #15,"407 S Jackson St, Clinton, IL 61727, USA","{'lat': 40.1495014, 'lng': -88.9635582}"
27,13727,Earlville High School,"415 W Union St, Earlville, IL 60518, USA","{'lat': 41.5841045, 'lng': -88.9248288}"
28,13728,Hinsdale Township High School District 86,"N Grant St, Hinsdale, IL 60521, USA","{'lat': 41.8080427, 'lng': -87.932576}"
29,13729,Clinton Unit School District #15,"54 Clinton Plaza, Clinton, IL 61727, USA","{'lat': 40.1484201, 'lng': -88.9769163}"
30,13730,Arbor School District,"17303 Central Ave, Tinley Park, IL 60477, USA","{'lat': 41.5769702, 'lng': -87.7534214}"
31,13731,Keller Graduate,"1075 Tri State Pkwy Ste 800, Gurnee, IL 60031, USA","{'lat': 42.3761226, 'lng': -87.94665429999999}"
32,13732,Andrew High School,"13300 South La Grange Road, Orland Park, IL 60462, USA","{'lat': 41.6497963, 'lng': -87.8563933}"
33,13733,Community High School District 99,"6301 Springside Ave, Downers Grove, IL 60516, USA","{'lat': 41.7722492, 'lng': -88.0244618}"
34,13734,Indian Prairie School District 204,"787 Meadowridge Dr, Aurora, IL 60504, USA","{'lat': 41.7418212, 'lng': -88.2228387}"
35,13735,Riverside Brookfield High School,"160 Ridgewood Rd, Riverside, IL 60546, USA","{'lat': 41.8286314, 'lng': -87.83015979999999}"
36,13736,Chicago Area Project,"2022 W Washington Blvd, Chicago, IL 60612, USA","{'lat': 41.8834427, 'lng': -87.6772965}"
37,13737,Community Unit School District 95,"400 S Old Rand Rd, Lake Zurich, IL 60047, USA","{'lat': 42.1917226, 'lng': -88.0865077}"
38,13738,Board of Education of The City of Chicago,"1865 W Montvale Ave, Chicago, IL 60643, USA","{'lat': 41.6892972, 'lng': -87.6693248}"
39,13739,Board of Education of The City of Chicago,"2701 W Foster Ave, Chicago, IL 60625, USA","{'lat': 41.975251, 'lng': -87.6968584}"
40,13740,Glenview Public School District 34,"1335 Waukegan Rd, Glenview, IL 60025, USA","{'lat': 42.0790109, 'lng': -87.7967366}"
41,13741,Board of Education of The City of Chicago,"5625 S Mobile Ave, Chicago, IL 60638, USA","{'lat': 41.7892253, 'lng': -87.7811371}"
42,13742,Mount Vernon School District 80,"1829 Broadway St, Mt Vernon, IL 62864, USA","{'lat': 38.3157542, 'lng': -88.9128695}"
43,13743,Lewis & Clark Elementary Schl,"1035 Washington Ave, Alton, IL 62002, USA","{'lat': 38.8954972, 'lng': -90.1513274}"
44,13744,East Aurora School District #129,"80 S River St, Aurora, IL 60506, USA","{'lat': 41.75717710000001, 'lng': -88.31884389999999}"
45,13745,Board of Education of The City of Chicago,"1630 W Barry Ave, Chicago, IL 60657, USA","{'lat': 41.9381198, 'lng': -87.6697849}"
46,13746,Community Consolidated School District 21,"2800 N Highland Ave, Arlington Heights, IL 60004, USA","{'lat': 42.1269189, 'lng': -87.9859188}"
47,13747,Board of Education of The City of Chicago,"6121 S Hermitage Ave, Chicago, IL 60636, USA","{'lat': 41.7825171, 'lng': -87.66759119999999}"
48,13748,Woodland Elementary School,"310 James St, Barrington, IL 60010, USA","{'lat': 42.1594883, 'lng': -88.1325703}"
49,13749,Board of Education of The City of Chicago,"2015 S Peoria St, Chicago, IL 60608, USA","{'lat': 41.85465869999999, 'lng': -87.6479006}"
50,13750,Lawrence Hall Youth Services,"4833 N Francisco Ave, Chicago, IL 60625, USA","{'lat': 41.9694335, 'lng': -87.7000949}"
51,13751,Board of Education of The City of Chicago,"6525 N Hiawatha Ave, Chicago, IL 60646, USA","{'lat': 41.9997272, 'lng': -87.7607268}"
52,13752,Board of Education of The City of Chicago,"125 S Clark St, Chicago, IL 60603, USA","{'lat': 41.8799308, 'lng': -87.6305172}"
53,13753,School District 69,"9201 Lockwood Ave, Skokie, IL 60077, USA","{'lat': 42.0487184, 'lng': -87.75872749999999}"
54,13754,Board of Education of The City of Chicago,"9652 S Michigan Ave, Chicago, IL 60628, USA","{'lat': 41.71761, 'lng': -87.6215689}"
55,13755,Lake County Special Education,"18160 W Gages Lake Rd, Grayslake, IL 60030, USA","{'lat': 42.3537205, 'lng': -87.98631499999999}"
56,13756,Amboy Central School,"11 E Hawley St, Amboy, IL 61310, USA","{'lat': 41.720035, 'lng': -89.3336113}"
57,13757,Plainfield Community Consolidated School Dist...,"2001 Wildspring Pkwy, Joliet, IL 60431, USA","{'lat': 41.5577838, 'lng': -88.284966}"
58,13758,Catalyst Charter School,"1616 S Spaulding Ave, Chicago, IL 60623, USA","{'lat': 41.85815729999999, 'lng': -87.7080944}"
59,13759,Robinson Community Unit School District 2,"Hutsonville, IL 62433, USA","{'lat': 39.1094852, 'lng': -87.6564145}"
60,13760,Lawrence Hall Youth Services,"2737 W Peterson Ave, Chicago, IL 60659, USA","{'lat': 41.9901419, 'lng': -87.69840099999999}"
61,13761,Board of Education of The City of Chicago,"2300 W 64th St, Chicago, IL 60636, USA","{'lat': 41.7778253, 'lng': -87.6814582}"
62,13762,Geneva Community Unit School District 304,"1415 Viking Dr, Geneva, IL 60134, USA","{'lat': 41.86955589999999, 'lng': -88.3520125}"
63,13763,Chicago Public School System,"4420 S Sacramento Ave, Chicago, IL 60632, USA","{'lat': 41.8125187, 'lng': -87.69978689999999}"
64,13764,Community Unit School DST 1,"520 5th Ave, Erie, IL 61250, USA","{'lat': 41.6506286, 'lng': -90.078637}"
65,13765,Glenview Public School District 34,"2941 Linneman St, Glenview, IL 60025, USA","{'lat': 42.0688164, 'lng': -87.83156609999999}"
66,13766,Darien Public Schools District #61,"7414 S Cass Ave, Darien, IL 60561, USA","{'lat': 41.7528951, 'lng': -87.9750534}"
67,13767,Abingdon Community Unit School District 217,"401 W Latimer St, Abingdon, IL 61410, USA","{'lat': 40.8056267, 'lng': -90.4028732}"
68,13768,Board of Education of The City of Chicago,"2035 N Mobile Ave, Chicago, IL 60639, USA","{'lat': 41.917759, 'lng': -87.7822516}"
69,13769,Centralia School District 135,"400 S Elm St, Centralia, IL 62801, USA","{'lat': 38.5231977, 'lng': -89.13298929999999}"
70,13770,Board of Education of The City of Chicago,"Farragut High School, 2345 S Christiana Ave, Chicago, IL 60623, USA","{'lat': 41.84955069999999, 'lng': -87.70817869999999}"
71,13771,Illinois Network of Charter Schools,"20 E Jackson Blvd #1300, Chicago, IL 60604, USA","{'lat': 41.87842759999999, 'lng': -87.6268176}"
72,13772,Kendall County Special Ed,"201 Garden St, Yorkville, IL 60560, USA","{'lat': 41.6291799, 'lng': -88.4514793}"
73,13773,Hebrew Theological College,"2606 W Touhy Ave, Chicago, IL 60645, USA","{'lat': 42.0123227, 'lng': -87.6953497}"
74,13774,Ball-Chatham School District #5,"1501 Plummer Blvd, Chatham, IL 62629, USA","{'lat': 39.6899374, 'lng': -89.6894066}"
75,13775,Lincoln School,"1011 Bonus Ave, Belvidere, IL 61008, USA","{'lat': 42.2754446, 'lng': -88.83065210000001}"
76,13776,Learning Tech Center Lake County,"28871 N Fremont Center Rd, Mundelein, IL 60060, USA","{'lat': 42.28285899999999, 'lng': -88.07167729999999}"
77,13777,The Catholic Diocese of Peoria,"412 NE Madison Ave, Peoria, IL 61603, USA","{'lat': 40.696388, 'lng': -89.586736}"
78,13778,Board of Education of The City of Chicago,"7740 S Ingleside Ave, Chicago, IL 60619, USA","{'lat': 41.75397479999999, 'lng': -87.601897}"
79,13779,La Salle-putman Special Ed,"1009 Boyce Memorial Dr, Ottawa, IL 61350, USA","{'lat': 41.3498255, 'lng': -88.8656724}"
80,13780,Daniel Wright Middle School,"1370 Riverwoods Rd, Lake Forest, IL 60045, USA","{'lat': 42.2208529, 'lng': -87.9058778}"
81,13781,Board of Education of The City of Chicago,"6741 S Michigan Ave, Chicago, IL 60637, USA","{'lat': 41.7715893, 'lng': -87.62140649999999}"
82,13782,Brimfield High School,"1300 W Sycamore St, Chillicothe, IL 61523, USA","{'lat': 40.9126437, 'lng': -89.50330199999999}"
83,13783,Woodland Elementary School,"770 Navajo Dr, Carpentersville, IL 60110, USA","{'lat': 42.1385275, 'lng': -88.2510807}"
84,13784,Cary-Grove Community High Schl,"1 S Virginia St, Crystal Lake, IL 60014, USA","{'lat': 42.2406528, 'lng': -88.3403647}"
85,13785,Pleasant Valley Elementary School,"301 W Butternut St, Elmwood, IL 61529, USA","{'lat': 40.7818797, 'lng': -89.9704093}"
86,13786,Regional Off of Ed Iroquois,"189 E Court St, Kankakee, IL 60901, USA","{'lat': 41.1205801, 'lng': -87.8642218}"
87,13787,Township High School Dst 211,"700 E Cougar Trail, Hoffman Estates, IL 60169, USA","{'lat': 42.037094, 'lng': -88.062725}"
88,13788,Brook Park Elementary School,"1214 Raymond Ave, La Grange Park, IL 60526, USA","{'lat': 41.8375776, 'lng': -87.8561264}"
89,13789,Diocese of Springfield in Illinois,"1615 W Washington St, Springfield, IL 62702, USA","{'lat': 39.8015874, 'lng': -89.6813744}"
90,13790,Fillmore Unified School District,"1600 Golf Rd Suite 1200, Rolling Meadows, IL 60008, USA","{'lat': 42.0536567, 'lng': -88.0017029}"
91,13791,Loyola University of Chicago,"6525 N Sheridan Rd, Chicago, IL 60626, USA","{'lat': 42.0012396, 'lng': -87.6602515}"
92,13792,Board of Education of The City of Chicago,"4046 N Leavitt St, Chicago, IL 60618, USA","{'lat': 41.9554822, 'lng': -87.6839294}"
93,13793,Board of Education of The City of Chicago,"8914 S Buffalo Ave, Chicago, IL 60617, USA","{'lat': 41.7331839, 'lng': -87.54476199999999}"
94,13794,Practical Solutions Mediation Service,"1135 W Fremont St, Galesburg, IL 61401, USA","{'lat': 40.9635572, 'lng': -90.3885207}"
95,13795,Adult Education Chester County,"1901 Swanwick St, Chester, IL 62233, USA","{'lat': 37.9199443, 'lng': -89.81296239999999}"
96,13796,Loyola Academy,"1100 Laramie Ave, Wilmette, IL 60091, USA","{'lat': 42.0836741, 'lng': -87.7598101}"
97,13797,Board of Education of The City of Chicago,"6940 S Merrill Ave, Chicago, IL 60649, USA","{'lat': 41.7687563, 'lng': -87.57302949999999}"
98,13798,Board of Education of The City of Chicago,"2815 S Komensky Ave, Chicago, IL 60623, USA","{'lat': 41.8400368, 'lng': -87.7253424}"
99,13799,Chicago Public School System,"3400 W 65th Pl, Chicago, IL 60629, USA","{'lat': 41.774628, 'lng': -87.70833510000001}"
100,13800,Board of Education of The City of Chicago,"3400 W 65th Pl, Chicago, IL 60629, USA","{'lat': 41.774628, 'lng': -87.70833510000001}"
101,13801,Board of Education of The City of Chicago,"3014 W 39th Pl, Chicago, IL 60632, USA","{'lat': 41.8221548, 'lng': -87.70024289999999}"
102,13802,Board of Education of The City of Chicago,"1234 N Monticello Ave, Chicago, IL 60651, USA","{'lat': 41.9040722, 'lng': -87.7182183}"
103,13803,Clinton Unit School District #15,"1210 IL-54, Clinton, IL 61727, USA","{'lat': 40.1443724, 'lng': -88.97855709999999}"
104,13804,Curtis Elementary School,"32 E 115th St, Chicago, IL 60628, USA","{'lat': 41.6858836, 'lng': -87.62218589999999}"
105,13805,Hoover-Schrum Memorial School District 157,"1255 Superior Ave, Calumet City, IL 60409, USA","{'lat': 41.5985967, 'lng': -87.54468469999999}"
106,13806,Township High School District 113,"1040 Park Ave W, Highland Park, IL 60035, USA","{'lat': 42.1884582, 'lng': -87.8154411}"
107,13807,Community Unit School District 95,"66 Church St, Lake Zurich, IL 60047, USA","{'lat': 42.1987939, 'lng': -88.08941209999999}"
108,13808,Board of Education of The City of Chicago,"4935 S Indiana Ave, Chicago, IL 60615, USA","{'lat': 41.8045073, 'lng': -87.6206048}"
109,13809,Cicero School District 99,"2827 Covert Rd, Glenview, IL 60025, USA","{'lat': 42.064087, 'lng': -87.8286871}"
110,13810,Lincoln High School,"1000 Primm Rd, Lincoln, IL 62656, USA","{'lat': 40.1376618, 'lng': -89.3579305}"
111,13811,Board of Education of The City of Chicago,"125 S Clark St Fl 6, Chicago, IL 60603, USA","{'lat': 41.8799308, 'lng': -87.6305172}"
112,13812,Antioch Community Consolidated School Distric...,"433 E Depot St, Antioch, IL 60002, USA","{'lat': 42.48265809999999, 'lng': -88.0654247}"
113,13813,Brehm Preparatory School,"1245 E Grand Ave, Carbondale, IL 62901, USA","{'lat': 37.7165782, 'lng': -89.19248019999999}"
114,13814,Community Consolidated School District 46,"595 Frederick Rd, Grayslake, IL 60030, USA","{'lat': 42.3528517, 'lng': -88.0306531}"
115,13815,Columbia College,"200 Old Skokie Rd, Park City, IL 60085, USA","{'lat': 42.356073, 'lng': -87.8935934}"
116,13816,Kipling Elementary School,"517 Deerfield Rd, Deerfield, IL 60015, USA","{'lat': 42.1669106, 'lng': -87.8402789}"
117,13817,Board of Education of The City of Chicago,"7401 S Chappel Ave, Chicago, IL 60649, USA","{'lat': 41.7604368, 'lng': -87.5746123}"
118,13818,Ann Arbor Board Of Education,"6301 Springside Ave, Downers Grove, IL 60516, USA","{'lat': 41.7722492, 'lng': -88.0244618}"
119,13819,Capital Area Career Center,"2201 Toronto Rd, Springfield, IL 62712, USA","{'lat': 39.7181142, 'lng': -89.6264887}"
120,13820,Board of Education of The City of Chicago,"4251 N Clarendon Ave, Chicago, IL 60613, USA","{'lat': 41.9600422, 'lng': -87.6492392}"
121,13821,Rankin School,"1301 Eagle Ave, Washington, IL 61571, USA","{'lat': 40.7071186, 'lng': -89.42603299999999}"
122,13822,Chicago Public School System,"10041 S Union Ave, Chicago, IL 60628, USA","{'lat': 41.71107, 'lng': -87.640153}"
123,13823,Design Engine Inc,"120 N Green St #605, Chicago, IL 60607, USA","{'lat': 41.8839689, 'lng': -87.64885559999999}"
124,13824,Elim Christian School,"13020 Central Ave, Palos Heights, IL 60463, USA","{'lat': 41.65516119999999, 'lng': -87.7594196}"
125,13825,Township High School District 113,"1959 Waukegan Rd, Deerfield, IL 60015, USA","{'lat': 42.1869258, 'lng': -87.8528269}"
126,13826,DePaul University,"Lincoln Park Student Center, 2250 N Sheffield Ave, Chicago, IL 60614, USA","{'lat': 41.92312, 'lng': -87.6541235}"
127,13827,Hoover-Schrum Memorial School District 157,"1260 Superior Ave, Calumet City, IL 60409, USA","{'lat': 41.5981823, 'lng': -87.54538099999999}"
128,13828,Glenview Public School District 34,"2701 Central Rd, Glenview, IL 60025, USA","{'lat': 42.0648165, 'lng': -87.824349}"
129,13829,Highland Community Unit Sch Di,"Highland, IL 62249, USA","{'lat': 38.7394918, 'lng': -89.6712008}"
130,13830,Associated Colleges of the Midwest,"205 W Wacker Dr #220, Chicago, IL 60606, USA","{'lat': 41.8864436, 'lng': -87.6342963}"
131,13831,Rhodes Elementary School,"8931 Fullerton Ave, River Grove, IL 60171, USA","{'lat': 41.9213274, 'lng': -87.8478458}"
132,13832,Central Community Unit School District 4,"1134 3100 N, Clifton, IL 60927, USA","{'lat': 40.9596624, 'lng': -87.9173919}"
133,13833,Kipling Elementary School,"1801 Montgomery Rd, Deerfield, IL 60015, USA","{'lat': 42.1687827, 'lng': -87.872467}"
134,13834,University of Illinois at Chicago,"1640 W Roosevelt Rd, Chicago, IL 60608, USA","{'lat': 41.8675404, 'lng': -87.6678737}"
135,13835,Board of Education of The City of Chicago,"3535 E 114th St, Chicago, IL 60617, USA","{'lat': 41.6875577, 'lng': -87.5388128}"
136,13836,Lincoln School,"410 157th St, Calumet City, IL 60409, USA","{'lat': 41.6108739, 'lng': -87.53572199999999}"
137,13837,DuPage High School District 88,"2 Friendship Plaza, Addison, IL 60101, USA","{'lat': 41.9334484, 'lng': -87.9935306}"
138,13838,Hinsdale Township High School District 86,"S Grant St & 55th St, Hinsdale, IL 60521, USA","{'lat': 41.7890958, 'lng': -87.93180269999999}"
139,13839,DePue Unit School District 103,"DePue, IL 61322, USA","{'lat': 41.3163502, 'lng': -89.2965947}"
140,13840,Board of Education of The City of Chicago,"543 N Waller Ave, Chicago, IL 60644, USA","{'lat': 41.8903432, 'lng': -87.76733910000002}"
141,13841,Board of Education of The City of Chicago,"1301 W 14th St, Chicago, IL 60608, USA","{'lat': 41.8630879, 'lng': -87.659893}"
142,13842,Illinois Institute of Technology,"3300 S Federal St Rm 201, Chicago, IL 60616, USA","{'lat': 41.831751, 'lng': -87.627296}"
143,13843,Learning Tech Center Lake County,"29067 W Grass Lake Rd, Fox Lake, IL 60020, USA","{'lat': 42.42907049999999, 'lng': -88.18307910000001}"
144,13844,The Advantage Group Foundation,"400 Haber Rd, Cary, IL 60013, USA","{'lat': 42.2026439, 'lng': -88.2609849}"
145,13845,Chicago Public School System,"3905 W Wilcox St, Chicago, IL 60624, USA","{'lat': 41.8787562, 'lng': -87.7241894}"
146,13846,School District 100 Berwyn,"3105 Clinton Ave, Berwyn, IL 60402, USA","{'lat': 41.8355476, 'lng': -87.796072}"
147,13847,Illinois Vly Central U Sch Dis,"914 W Truitt Ave, Chillicothe, IL 61523, USA","{'lat': 40.9217733, 'lng': -89.49710309999999}"
148,13848,Lovington High School,"445 E Church St, Lovington, IL 61937, USA","{'lat': 39.71191049999999, 'lng': -88.6264978}"
149,13849,Lewis & Clark Elementary School,"310 W Rockland Rd, Libertyville, IL 60048, USA","{'lat': 42.2790435, 'lng': -87.9576021}"
150,13850,Herrin High School,"700 N 10th St, Herrin, IL 62948, USA","{'lat': 37.8097071, 'lng': -89.02241389999999}"
151,13851,Jersey Community Unit School District 100,"100 Lincoln Ave, Jerseyville, IL 62052, USA","{'lat': 39.1163937, 'lng': -90.33858529999999}"
152,13852,Avon Unit Superintendent Ofc,"320 E Woods St, Avon, IL 61415, USA","{'lat': 40.6645088, 'lng': -90.4301687}"
153,13853,Board of Education of The City of Chicago,"3250 W Monroe St, Chicago, IL 60624, USA","{'lat': 41.8798883, 'lng': -87.7082623}"
154,13854,Effingham Junior High School,"10421 US-45, Effingham, IL 62401, USA","{'lat': 39.0677004, 'lng': -88.5490547}"
155,13855,Air Quality Sciences Inc,"850 W Jackson Blvd # 275, Chicago, IL 60607, USA","{'lat': 41.8781547, 'lng': -87.6492052}"
156,13856,Chicago International Charter,"850 W Jackson Blvd # 275, Chicago, IL 60607, USA","{'lat': 41.8781547, 'lng': -87.6492052}"
157,13857,Learning Tech Center Lake County,"19525 W Washington St, Grayslake, IL 60030, USA","{'lat': 42.3581239, 'lng': -88.01673799999999}"
158,13858,Gower School District 62,"7941 S Madison St, Burr Ridge, IL 60527, USA","{'lat': 41.7438314, 'lng': -87.9330207}"
159,13859,DuPage County Regional Office of Education,"1860 63rd St, Downers Grove, IL 60516, USA","{'lat': 41.7729823, 'lng': -88.0287041}"
160,13860,East Aurora School District #129,"Aurora, IL 60507, USA","{'lat': 41.73054, 'lng': -88.2643}"
161,13861,Board of Education of The City of Chicago,"6700 N Greenview Ave, Chicago, IL 60626, USA","{'lat': 42.0041643, 'lng': -87.66842179999999}"
162,13862,Springfield Public Schools,"3600 Fielding Dr, Springfield, IL 62711, USA","{'lat': 39.7672609, 'lng': -89.723396}"
163,13863,Curie Metropolitan High School,"Curie Metropolitan High School, 4959 S Archer Ave, Chicago, IL 60632, USA","{'lat': 41.8018544, 'lng': -87.72187939999999}"
164,13864,Township High School District 113,"433 Vine Ave, Highland Park, IL 60035, USA","{'lat': 42.194539, 'lng': -87.8027303}"
165,13865,Hawthorn School District 73,"841 West End Ct, Vernon Hills, IL 60061, USA","{'lat': 42.2425465, 'lng': -87.9750534}"
166,13866,Board of Education of The City of Chicago,"245 W 51st St, Chicago, IL 60609, USA","{'lat': 41.8012253, 'lng': -87.63259029999999}"
167,13867,DePue Unit School District 103,"501 W South St, Annawan, IL 61234, USA","{'lat': 41.39372729999999, 'lng': -89.9121085}"
168,13868,Leyden Community High Schl Dst,"1000 N Wolf Rd, Northlake, IL 60164, USA","{'lat': 41.92711560000001, 'lng': -87.9054367}"
169,13869,Gillespie High School,"510 W Elm St, Gillespie, IL 62033, USA","{'lat': 39.128342, 'lng': -89.82515}"
170,13870,Western Illinois Tourism Development Office,"323 W Washington St, Macomb, IL 61455, USA","{'lat': 40.4574691, 'lng': -90.6757743}"
171,13871,Illinois Institute of Technology,"3300 S Federal St, Chicago, IL 60616, USA","{'lat': 41.831751, 'lng': -87.627296}"
172,13872,Valley View Community Unit School District 365U,"350 Blair Ln, Bolingbrook, IL 60440, USA","{'lat': 41.7020625, 'lng': -88.08098660000002}"
173,13873,Grayslake North High School,"400 N Lake St, Grayslake, IL 60030, USA","{'lat': 42.349156, 'lng': -88.043983}"
174,13874,Bloomington Junior High School,"300 E Monroe St, Bloomington, IL 61701, USA","{'lat': 40.4817054, 'lng': -88.99053769999999}"
175,13875,Naperville Community Unit School District 203,"1320 Olympus Dr, Naperville, IL 60565, USA","{'lat': 41.7470154, 'lng': -88.1381365}"
176,13876,Effingham Junior High School,"600 S Henrietta St, Effingham, IL 62401, USA","{'lat': 39.1175, 'lng': -88.55470799999999}"
177,13877,Mary Miller Junior High School,"1100 E Indiana Ave, Pontiac, IL 61764, USA","{'lat': 40.8877562, 'lng': -88.6164445}"
178,13878,Eastview Elementary School,"1001 N Main St, Canton, IL 61520, USA","{'lat': 40.5677861, 'lng': -90.03238569999999}"
179,13879,Evergreen Park Community High School,"9901 S Kedzie Ave, Evergreen Park, IL 60805, USA","{'lat': 41.7123545, 'lng': -87.6998639}"
180,13880,Board of Education of The City of Chicago,"2001 N Orchard St, Chicago, IL 60614, USA","{'lat': 41.9193918, 'lng': -87.6455484}"
181,13881,East Aurora School District #131,"500 Tomcat Ln, Aurora, IL 60505, USA","{'lat': 41.7445318, 'lng': -88.29723369999999}"
182,13882,Community Consolidated School District 15,"2905 Meadow Dr, Rolling Meadows, IL 60008, USA","{'lat': 42.0798777, 'lng': -88.01651129999999}"
183,13883,Carterville Junior High School,"300 School St, Carterville, IL 62918, USA","{'lat': 37.7646112, 'lng': -89.0800039}"
184,13884,glenbard HS,"1014 S Main St, Lombard, IL 60148, USA","{'lat': 41.8656111, 'lng': -88.0177525}"
185,13885,Reed Custer Community Unit School District #255,"255 Comet Dr, Braidwood, IL 60408, USA","{'lat': 41.2578286, 'lng': -88.2063517}"
186,13886,Dolton Riverdale School Dist,"Dolton, IL 60419, USA","{'lat': 41.6309564, 'lng': -87.5939487}"
187,13887,James R. Wood Elementary School,"Somonauk, IL, USA","{'lat': 41.6337127, 'lng': -88.6810594}"
188,13888,East Maine School District 63,"10150 Dee Rd, Des Plaines, IL 60016, USA","{'lat': 42.06413149999999, 'lng': -87.8574703}"
189,13889,Chicagoland Jewish High School,"7800 Lyons St #18, Morton Grove, IL 60053, USA","{'lat': 42.049948, 'lng': -87.82281329999999}"
190,13890,Board of Education of The City of Chicago,"5042 S Artesian Ave, Chicago, IL 60632, USA","{'lat': 41.8016594, 'lng': -87.6858604}"
191,13891,Golf Middle School,"9000 Belleforte Ave, Morton Grove, IL 60053, USA","{'lat': 42.0454061, 'lng': -87.8034588}"
192,13892,Carmi Middle School,"205 W Main St, Carmi, IL 62821, USA","{'lat': 38.0880859, 'lng': -88.16260419999999}"
193,13893,Belvidere High School,"1500 East Ave #100, Belvidere, IL 61008, USA","{'lat': 42.2423772, 'lng': -88.8272478}"
194,13894,Western Illinois Tourism Development Office,"1525 S Johnson St, Macomb, IL 61455, USA","{'lat': 40.4437893, 'lng': -90.6735985}"
195,13895,Patoka Community Unit School District 100,"1000 E 3rd St, Centralia, IL 62801, USA","{'lat': 38.5243322, 'lng': -89.1227292}"
196,13896,Huntley School District 158,"13723 Harmony Rd, Huntley, IL 60142, USA","{'lat': 42.1642105, 'lng': -88.4680915}"
197,13897,"Hedges Elementary, James","8801 S Indiana Ave, Chicago, IL 60619, USA","{'lat': 41.7343086, 'lng': -87.61875359999999}"
198,13898,Community Cons Sch Dist 46,"595 Frederick Rd, Grayslake, IL 60030, USA","{'lat': 42.3528517, 'lng': -88.0306531}"
199,13899,Mary Miller Junior High School,"500 W Mulberry St, Georgetown, IL 61846, USA","{'lat': 39.9725516, 'lng': -87.6408034}"
200,13900,Elmwood Park Community Unit School District 401,"8201 W Fullerton Ave, Elmwood Park, IL 60707, USA","{'lat': 41.9218509, 'lng': -87.8303141}"
201,13901,"Hedges Elementary, James","330 E 133rd St, Chicago, IL 60827, USA","{'lat': 41.6540398, 'lng': -87.6142411}"
202,13902,Board of Education of The City of Chicago,"2135 W Foster Ave, Chicago, IL 60625, USA","{'lat': 41.9750589, 'lng': -87.6833838}"
203,13903,Gardner-South Wilmington Township High School District 73,"257 S Grundy St, Gardner, IL 60424, USA","{'lat': 41.18328349999999, 'lng': -88.30980339999999}"
204,13904,Benjamin School District 25,"28W300 St Charles Rd, West Chicago, IL 60185, USA","{'lat': 41.912907, 'lng': -88.17151249999999}"
205,13905,Alden Hebron School Dist 19,"13049 S Ridgeland Ave, Palos Heights, IL 60463, USA","{'lat': 41.6550845, 'lng': -87.7757889}"
206,13906,The Joint Commission,"1 Renaissance Blvd, Oakbrook Terrace, IL 60181, USA","{'lat': 41.8481582, 'lng': -87.9813597}"
207,13907,Illinois Institute of Technology,"3300 S Federal St, Chicago, IL 60616, USA","{'lat': 41.831751, 'lng': -87.627296}"
208,13908,Central Catholic High School,"1201 Airport Rd, Bloomington, IL 61704, USA","{'lat': 40.4932429, 'lng': -88.92267679999999}"
209,13909,Riverside Brookfield High School,"160 Ridgewood Rd, Riverside, IL 60546, USA","{'lat': 41.8286314, 'lng': -87.83015979999999}"
210,13910,Bloom Trail High School,"101 W 10th St, Chicago Heights, IL 60411, USA","{'lat': 41.5159752, 'lng': -87.6445473}"
211,13911,Columbia College Chicago,"600 S Michigan Ave, Chicago, IL 60605, USA","{'lat': 41.8741947, 'lng': -87.6247696}"
212,13912,District 89 School Supt,"22W600 Butterfield Rd, Glen Ellyn, IL 60137, USA","{'lat': 41.8306468, 'lng': -88.0676682}"
213,13913,Lake Forest Academy,"1500 W Kennedy Rd, Lake Forest, IL 60045, USA","{'lat': 42.2495458, 'lng': -87.8919458}"
214,13914,Schaumburg CCSD #54,"524 E Schaumburg Rd, Schaumburg, IL 60194, USA","{'lat': 42.0299657, 'lng': -88.0659285}"
215,13915,Bartlett Elementary School,"355 E Chicago St, Elgin, IL 60120, USA","{'lat': 42.0366951, 'lng': -88.2775285}"
216,13916,Naperville Community Unit School District 203,"2403 Kingsley Dr, Naperville, IL 60565, USA","{'lat': 41.7208662, 'lng': -88.1376829}"
217,13917,Grayslake Community Park District,"151 Hawley St, Grayslake, IL 60030, USA","{'lat': 42.3451581, 'lng': -88.040762}"
218,13918,KEMPA,"1133 Main St, Antioch, IL 60002, USA","{'lat': 42.4727517, 'lng': -88.0926712}"
219,13919,Hawthorn Junior High School,"600 Aspen Dr, Vernon Hills, IL 60061, USA","{'lat': 42.23764389999999, 'lng': -87.9722218}"
220,13920,The Avery Coonley School,"1400 Maple Ave, Downers Grove, IL 60515, USA","{'lat': 41.7894261, 'lng': -88.0203338}"
221,13921,Alden Hebron School Dist 19,"9604 Illinois St, Hebron, IL 60034, USA","{'lat': 42.4656684, 'lng': -88.4309227}"
222,13922,Des Plaines School District 62,"1836 E Touhy Ave, Des Plaines, IL 60018, USA","{'lat': 42.010701, 'lng': -87.8786027}"
223,13923,Bits & Bytes Training Inst,"7705 W Main St #1, Belleville, IL 62223, USA","{'lat': 38.5627571, 'lng': -90.04698409999999}"
224,13924,Kansas High School,"310 S Front St, Kansas, IL 61933, USA","{'lat': 39.5504716, 'lng': -87.9405347}"
225,13925,DePaul University,"1 E Jackson Blvd, Chicago, IL 60604, USA","{'lat': 41.8780406, 'lng': -87.6272194}"
226,13926,Banner Elementary School,"5220 Legion Hall Rd, Dunlap, IL 61525, USA","{'lat': 40.8548076, 'lng': -89.675303}"
227,13927,School District U-46,"315 Garden Cir, Streamwood, IL 60107, USA","{'lat': 42.0370435, 'lng': -88.1600895}"
228,13928,Josephinum High School,"1501 N Oakley Blvd, Chicago, IL 60622, USA","{'lat': 41.90909, 'lng': -87.6843081}"
229,13929,Valley View Community Unit School District 365U,"350 Blair Ln, Bolingbrook, IL 60440, USA","{'lat': 41.7020625, 'lng': -88.08098660000002}"
230,13930,New Lenox School District 122,"155 Haines Ave, New Lenox, IL 60451, USA","{'lat': 41.5189677, 'lng': -87.97001639999999}"
231,13931,K.A. Steel Chemicals Inc.,"15185 Main St, Lemont, IL 60439, USA","{'lat': 41.680936, 'lng': -87.9900117}"
232,13932,College of DuPage,"425 Fawell Blvd, Glen Ellyn, IL 60137, USA","{'lat': 41.8411961, 'lng': -88.0729753}"
233,13933,Antioch Community Consolidated School District 34,"800 Main St, Antioch, IL 60002, USA","{'lat': 42.48106060000001, 'lng': -88.0966017}"
234,13934,National-Louis University,"2840 Sheridan Rd, Evanston, IL 60201, USA","{'lat': 42.06926869999999, 'lng': -87.6831799}"
235,13935,Chicago Public School System,"4355 N Linder Ave, Chicago, IL 60641, USA","{'lat': 41.9603258, 'lng': -87.7644175}"
236,13936,Lowpoint-washburn CUSD 21,"508 E Walnut St, Washburn, IL 61570, USA","{'lat': 40.9193682, 'lng': -89.28071829999999}"
237,13937,glenbard HS,"23W200 Butterfield Rd, Glen Ellyn, IL 60137, USA","{'lat': 41.8318254, 'lng': -88.0708373}"
238,13938,Centralia High School,"1000 E 3rd St, Centralia, IL 62801, USA","{'lat': 38.5243322, 'lng': -89.1227292}"
239,13939,Board of Education of The City of Chicago,"606 S State St, Chicago, IL 60605, USA","{'lat': 41.8743777, 'lng': -87.627972}"
240,13940,Fox River Grove School District 3,"403 Orchard St, Fox River Grove, IL 60021, USA","{'lat': 42.1972263, 'lng': -88.2139557}"
241,13941,Mary Miller Junior High School,"101 W Mulberry St, Watseka, IL 60970, USA","{'lat': 40.7726433, 'lng': -87.73565289999999}"
242,13942,Limestone High School,"4201 S Airport Rd, Bartonville, IL 61607, USA","{'lat': 40.639811, 'lng': -89.68283439999999}"
243,13943,Harvey School District 152,"16001 Lincoln Ave, Harvey, IL 60426, USA","{'lat': 41.59863180000001, 'lng': -87.66265969999999}"
244,13944,The Cooking and Hospitality Institute of Chicago,"361 W Chestnut - Lot #76, 361 W Chestnut St, Chicago, IL 60610, USA","{'lat': 41.8980065, 'lng': -87.63860419999999}"
245,13945,Benton Cmty Cons Sch Dist 47,"308 E Church St, Benton, IL 62812, USA","{'lat': 37.9889242, 'lng': -88.907965}"
246,13946,Homewood Flossmoor Community High School District 233,"Homewood Flossmoor Community High School District 233, IL, USA","{'lat': 41.54766499999999, 'lng': -87.6679765}"
247,13947,DePaul University,"2326 N Lincoln Park W #1E, Chicago, IL 60614, USA","{'lat': 41.9246194, 'lng': -87.6372531}"
248,13948,Berwyn South School District 100,"3401 Gunderson Ave, Berwyn, IL 60402, USA","{'lat': 41.8302524, 'lng': -87.7847877}"
249,13949,Guerin College Prep,"8001 W Belmont Ave, River Grove, IL 60171, USA","{'lat': 41.9369812, 'lng': -87.8275306}"
250,13950,Township High School District 211,"1100 W Higgins Rd, Hoffman Estates, IL 60169, USA","{'lat': 42.0529247, 'lng': -88.1075151}"
251,13951,Freeburg High School,"401 S Monroe St, Freeburg, IL 62243, USA","{'lat': 38.4182268, 'lng': -89.9130711}"
252,13952,Riverside Brookfield High School,"160 Ridgewood Rd, Riverside, IL 60546, USA","{'lat': 41.8286314, 'lng': -87.83015979999999}"
253,13953,Glenview Public School District 34,"1730 Sunset Ridge Rd, Glenview, IL 60025, USA","{'lat': 42.086808, 'lng': -87.7924338}"
254,13954,Crab Orchard High School,"Marion, IL 62959, USA","{'lat': 37.6975961, 'lng': -88.9222277}"
255,13955,Central High School,"1134 3100 N, Clifton, IL 60927, USA","{'lat': 40.9596624, 'lng': -87.9173919}"
256,13956,Des Plaines School District 62,"777 E Algonquin Rd, Des Plaines, IL 60016, USA","{'lat': 42.0303948, 'lng': -87.9044787}"
257,13957,Peter J Palombi Inter S...,"131 McKinley Ave, Lake Villa, IL 60046, USA","{'lat': 42.411742, 'lng': -88.0786255}"
258,13958,East Aurora School Dist...,"2001 Heather Dr, Aurora, IL 60506, USA","{'lat': 41.7741323, 'lng': -88.36286079999999}"
259,13959,Board of Education of T...,"3020 N Lamon Ave, Chicago, IL 60641, USA","{'lat': 41.9355753, 'lng': -87.7501048}"
260,13960,Litchfield Community Un...,"601 S State St, Litchfield, IL 62056, USA","{'lat': 39.1711402, 'lng': -89.6559175}"
261,13961,Dwight Township High Sc...,"801 S Franklin St, Dwight, IL 60420, USA","{'lat': 41.0857744, 'lng': -88.4263785}"
262,13962,Hawthorn Elementary Sch...,"1300 Hawthorn Rd, Salem, IL 62881, USA","{'lat': 38.6379455, 'lng': -88.9587286}"
263,13963,Sterling Community Unit...,"1501 E 6th St, Sterling, IL 61081, USA","{'lat': 41.7969801, 'lng': -89.6778192}"
264,13964,East Aurora School Dist...,"1600 Hawksley Ln, North Aurora, IL 60542, USA","{'lat': 41.813195, 'lng': -88.362994}"
265,13965,Community High School D...,"45 E Franklin Ave, Crystal Lake, IL 60014, USA","{'lat': 42.2374521, 'lng': -88.3190609}"
266,13966,Elizabeth Meyer School,"8100 Tripp Ave, Skokie, IL 60076, USA","{'lat': 42.02845809999999, 'lng': -87.73458}"
267,13967,Edwardsville High Schoo...,"1014 Glen Crossing Rd, Glen Carbon, IL 62034, USA","{'lat': 38.75151750000001, 'lng': -89.93589229999999}"
268,13968,Lincoln Elementary Sch ...,"100 S Maple St, Lincoln, IL 62656, USA","{'lat': 40.150324, 'lng': -89.36925130000002}"
269,13969,Hillsboro Community Sch...,"Farmersville, IL 62533, USA","{'lat': 39.4433853, 'lng': -89.6517619}"
270,13970,Bond Co Cmty Unit Sch D...,"3101 Elm St, Cairo, IL 62914, USA","{'lat': 37.01232419999999, 'lng': -89.18332099999999}"
271,13971,Avon Unit Superintenden...,"320 E Woods St, Avon, IL 61415, USA","{'lat': 40.6645088, 'lng': -90.4301687}"
272,13972,Lawrence Hall Youth Ser...,"4833 N Francisco Ave, Chicago, IL 60625, USA","{'lat': 41.9694335, 'lng': -87.7000949}"
273,13973,Indian Springs School D...,"W 80th St, Oak Lawn, IL 60458, USA","{'lat': 41.7457315, 'lng': -87.8263492}"
274,13974,Harvey School District ...,"14700 Main St, Harvey, IL 60426, USA","{'lat': 41.6225706, 'lng': -87.6429993}"
275,13975,Geneva Community Unit S...,"3300 Heartland Dr, Geneva, IL 60134, USA","{'lat': 41.88756739999999, 'lng': -88.35322649999999}"
276,13976,Bond Co Cmty Unit Sch D...,"1115 Plainfield Rd, Joliet, IL 60435, USA","{'lat': 41.5435723, 'lng': -88.1085853}"
277,13977,Community Consolidated ...,"1380 Nautilus Ln, Hanover Park, IL 60133, USA","{'lat': 41.9438043, 'lng': -88.1421773}"
278,13978,Avon Unit Superintenden...,"400 E Woods St, Avon, IL 61415, USA","{'lat': 40.664696, 'lng': -90.42867319999999}"
279,13979,School District U-46,"355 E Chicago St, Elgin, IL 60120, USA","{'lat': 42.0366951, 'lng': -88.2775285}"
280,13980,Board of Education of T...,"125 S Clark St, Chicago, IL 60603, USA","{'lat': 41.8799308, 'lng': -87.6305172}"
281,13981,Board of Education of T...,"7050 S May St, Chicago, IL 60621, USA","{'lat': 41.76575589999999, 'lng': -87.65325759999999}"
282,13982,Cornerstone Christian S...,"2926 Commercial Ave, South Chicago Heights, IL 60411, USA","{'lat': 41.4856954, 'lng': -87.6376087}"
283,13983,Hazel Crest School Dist...,"170th St & Dixie Hwy, Hazel Crest, IL 60429, USA","{'lat': 41.5808395, 'lng': -87.6655079}"
284,13984,Flanagan Union 4,"202 E Falcon Hwy, Flanagan, IL 61740, USA","{'lat': 40.8716333, 'lng': -88.8572328}"
285,13985,Eisenhower Jr High Scho...,"500 Hillcrest Blvd, Hoffman Estates, IL 60169, USA","{'lat': 42.0614561, 'lng': -88.0900058}"
286,13986,Board of Education of T...,"2929 W 83rd St, Chicago, IL 60652, USA","{'lat': 41.7421281, 'lng': -87.6968203}"
287,13987,Libertyville School Dis...,"310 W Rockland Rd, Libertyville, IL 60048, USA","{'lat': 42.2790435, 'lng': -87.9576021}"
288,13988,Streator Elem Sch Dist ...,"1520 N Bloomington St, Streator, IL 61364, USA","{'lat': 41.137698, 'lng': -88.83616579999999}"
289,13989,Lincoln Elementary Scho...,"1108 Grand Ave, Johnston City, IL 62951, USA","{'lat': 37.8219979, 'lng': -88.933043}"
290,13990,Board of Education of T...,"125 S Clark St Fl 9, Chicago, IL 60603, USA","{'lat': 41.8799308, 'lng': -87.6305172}"
291,13991,Champaign Unit For Scho...,"1001 Stratford Dr, Champaign, IL 61821, USA","{'lat': 40.1049781, 'lng': -88.2928682}"
292,13992,Indian Prairie School D...,"2721 Stonebridge Blvd, Aurora, IL 60502, USA","{'lat': 41.7773402, 'lng': -88.24839879999999}"
293,13993,Board of Education of T...,"1104 W 31st St, Chicago, IL 60608, USA","{'lat': 41.8381006, 'lng': -87.65415159999999}"
294,13994,Oak Park Elementary Sch...,"715 Highland Ave, Oak Park, IL 60304, USA","{'lat': 41.8757498, 'lng': -87.78255899999999}"
295,13995,Valley View Community U...,"777 Falconridge Way, Bolingbrook, IL 60440, USA","{'lat': 41.7115362, 'lng': -88.04318599999999}"
296,13996,Hannum Elem. School,"10425 Kolmar Ave, Oak Lawn, IL 60453, USA","{'lat': 41.7029831, 'lng': -87.73334469999999}"
297,13997,Valley View Community U...,"520 Gary Dr, Bolingbrook, IL 60440, USA","{'lat': 41.7035736, 'lng': -88.0461658}"
298,13998,Kingman Primary School,"700 Mary St, Peoria, IL 61603, USA","{'lat': 40.707259, 'lng': -89.574767}"
299,13999,College Preparatory Sch...,"331 W Madison St, Lombard, IL 60148, USA","{'lat': 41.8740704, 'lng': -88.0248823}"
