,_id,Name,Address,Geocodes
0,12600,Board of Education of T...,"10845 S Union Ave, Chicago, IL 60628, USA","{'lat': 41.6962804, 'lng': -87.63969039999999}"
1,12601,Board of Education of T...,"9301 S State St, Chicago, IL 60619, USA","{'lat': 41.7252002, 'lng': -87.6231245}"
2,12602,Ashton Franklin Center ...,"Franklin Grove, IL 61031, USA","{'lat': 41.8416982, 'lng': -89.3003765}"
3,12603,Elmhurst School Distric...,"130 W Madison St, Elmhurst, IL 60126, USA","{'lat': 41.8757525, 'lng': -87.9415223}"
4,12604,Loyola University of Ch...,"6525 N Sheridan Rd, Chicago, IL 60626, USA","{'lat': 42.0012396, 'lng': -87.6602515}"
5,12605,District 89 School Supt,"725 Sheehan Ave, Glen Ellyn, IL 60137, USA","{'lat': 41.8512885, 'lng': -88.0560208}"
6,12606,Community Unit School D...,"Des Plaines, IL, USA","{'lat': 42.0333623, 'lng': -87.88339909999999}"
7,12607,Centralia High School,"1000 E 3rd St, Centralia, IL 62801, USA","{'lat': 38.5243322, 'lng': -89.1227292}"
8,12608,Regional Off of Ed Knox,"430 E Knox St, Galesburg, IL 61401, USA","{'lat': 40.9404401, 'lng': -90.36470299999999}"
9,12609,Central Community Unit ...,"Burlington, IL 60109, USA","{'lat': 42.05139150000001, 'lng': -88.5471666}"
10,12610,Community Consolidated ...,"10110 Old Lincoln Trail, Fairview Heights, IL 62208, USA","{'lat': 38.5924147, 'lng': -90.0131891}"
11,12611,A Childs Adventure Chil...,"701 Shoreline Dr, Aurora, IL 60504, USA","{'lat': 41.7435581, 'lng': -88.2296109}"
12,12612,Community Consolidated ...,"1001 W Dundee Rd, Wheeling, IL 60090, USA","{'lat': 42.1374921, 'lng': -87.9422115}"
13,12613,Hillsboro Junior High S...,"522 E Tremont St, Hillsboro, IL 62049, USA","{'lat': 39.1527182, 'lng': -89.487766}"
14,12614,Cuba Community High Sch...,"79 Fulton St, Cuba, IL 61427, USA","{'lat': 40.494343, 'lng': -90.1966604}"
15,12615,Edwardsville High Schoo...,"1 District Dr, Edwardsville, IL 62025, USA","{'lat': 38.7822692, 'lng': -89.9267562}"
16,12616,N Pekin-Marquette Hts S...,"51 Yates Rd, Marquette Heights, IL 61554, USA","{'lat': 40.6189653, 'lng': -89.6149473}"
17,12617,Lake Park High School,"450 Spring Ct, Roselle, IL 60172, USA","{'lat': 41.9745623, 'lng': -88.05395829999999}"
18,12618,Mary Miller Junior High...,"500 W Mulberry St, Georgetown, IL 61846, USA","{'lat': 39.9725516, 'lng': -87.6408034}"
19,12619,St. Clair County Region...,"600 Louisa Ave, Dupo, IL 62239, USA","{'lat': 38.5133918, 'lng': -90.2071564}"
20,12620,Community Consolidated ...,"595 Frederick Rd, Grayslake, IL 60030, USA","{'lat': 42.3528517, 'lng': -88.0306531}"
21,12621,Bethalto West Elementar...,"225 James St, Bethalto, IL 62010, USA","{'lat': 38.9129301, 'lng': -90.0372108}"
22,12622,Damiansville Elementary...,"101 Damiansville Rd, Damiansville, IL 62215, USA","{'lat': 38.5094752, 'lng': -89.6232151}"
23,12623,Anna Comnty Cons Schl D...,"301 S Green St, Anna, IL 62906, USA","{'lat': 37.4611999, 'lng': -89.2524371}"
24,12624,Fenton Community High S---,"1000 W Green St, Bensenville, IL 60106, USA","{'lat': 41.9571264, 'lng': -87.9547693}"
25,12625,Effingham Junior High S...,"1301 W Grove Ave, Effingham, IL 62401, USA","{'lat': 39.1163715, 'lng': -88.55758709999999}"
26,12626,Diocese of Springfield ...,"1615 W Washington St, Springfield, IL 62702, USA","{'lat': 39.8015874, 'lng': -89.6813744}"
27,12627,Champaign Comm Unit Sch...,"1115 Crescent Dr, Champaign, IL 61821, USA","{'lat': 40.1036245, 'lng': -88.2824583}"
28,12628,Effingham Junior High S...,"10421 US-45, Effingham, IL 62401, USA","{'lat': 39.0677004, 'lng': -88.5490547}"
29,12629,Wood River-Hartford E S...,"501 E Lorena Ave, Wood River, IL 62095, USA","{'lat': 38.8624988, 'lng': -90.0882441}"
30,12630,Kankakee High School,"101 E Division St, Manteno, IL 60950, USA","{'lat': 41.2482756, 'lng': -87.833156}"
31,12631,East Richland High Scho...,"1200 E Laurel St, Olney, IL 62450, USA","{'lat': 38.73431890000001, 'lng': -88.0721355}"
32,12632,Kankakee Trinity Academ...,"410 S Small Ave, Kankakee, IL 60901, USA","{'lat': 41.117105, 'lng': -87.88471899999999}"
33,12633,K.A. Steel Chemicals In...,"15185 Main St, Lemont, IL 60439, USA","{'lat': 41.680936, 'lng': -87.9900117}"
34,12634,Des Plaines School Dist...,"777 E Algonquin Rd, Des Plaines, IL 60016, USA","{'lat': 42.0303948, 'lng': -87.9044787}"
35,12635,Del Norte County Unifie...,"901 S 4th St, DeKalb, IL 60115, USA","{'lat': 41.9198168, 'lng': -88.75458599999999}"
36,12636,"Burger King Holdings, I...","1 Bearcat Dr, Christopher, IL 62822, USA","{'lat': 37.9774794, 'lng': -89.0638377}"
37,12637,Fox River Grove School ...,"401 Orchard St, Fox River Grove, IL 60021, USA","{'lat': 42.1975594, 'lng': -88.2134016}"
38,12638,Josephinum High School,"1501 N Oakley Blvd, Chicago, IL 60622, USA","{'lat': 41.90909, 'lng': -87.6843081}"
39,12639,Woodland Elementary Sch...,"770 Navajo Dr, Carpentersville, IL 60110, USA","{'lat': 42.1385275, 'lng': -88.2510807}"
40,12640,Board of Education of T...,"2135 W Foster Ave, Chicago, IL 60625, USA","{'lat': 41.9750589, 'lng': -87.6833838}"
41,12641,Gardner-South Wilmingto...,"500 E Main St, Gardner, IL 60424, USA","{'lat': 41.1855838, 'lng': -88.30213619999999}"
42,12642,Collinsville Unit Schoo...,"9801 Collinsville Rd, Collinsville, IL 62234, USA","{'lat': 38.6628862, 'lng': -90.0172262}"
43,12643,Ridgeland School Distri...,"9700 Mayfield Ave, Oak Lawn, IL 60453, USA","{'lat': 41.714723, 'lng': -87.7680898}"
44,12644,Daniel Wright Middle Sc...,"2425 Riverwoods Rd, Lincolnshire, IL 60069, USA","{'lat': 42.1961209, 'lng': -87.9041337}"
45,12645,Board of Education of T...,"1434 N Parkside Ave, Chicago, IL 60651, USA","{'lat': 41.90647209999999, 'lng': -87.7674863}"
46,12646,Blair Early Childhood C...,"6751 W 63rd Pl, Chicago, IL 60638, USA","{'lat': 41.7763768, 'lng': -87.7896291}"
47,12647,"Burger King Holdings, I...","520 5th Ave, Erie, IL 61250, USA","{'lat': 41.6506286, 'lng': -90.078637}"
48,12648,Township High School Di...,"1100 W Dundee Rd, Buffalo Grove, IL 60089, USA","{'lat': 42.1403899, 'lng': -87.983853}"
49,12649,Eisenhower Jr High Scho...,"524 E Schaumburg Rd, Schaumburg, IL 60194, USA","{'lat': 42.0299657, 'lng': -88.0659285}"
50,12650,Freeport School Distric...,"1717 W Eby St, Freeport, IL 61032, USA","{'lat': 42.2893895, 'lng': -89.6546188}"
51,12651,Quincy School District ...,"3001 Lindell Ave, Quincy, IL 62301, USA","{'lat': 39.9421548, 'lng': -91.36734659999999}"
52,12652,Einstein Academy Corpor...,"747 Davis Rd, Elgin, IL 60123, USA","{'lat': 42.0667684, 'lng': -88.298338}"
53,12653,Spring Wood Junior High...,"5540 Arlington Dr E, Hanover Park, IL 60133, USA","{'lat': 41.9723191, 'lng': -88.1288337}"
54,12654,Chicago Ridge School Di...,"10835 Lombard Ave, Chicago Ridge, IL 60415, USA","{'lat': 41.69505030000001, 'lng': -87.77346209999999}"
55,12655,Harrisburg Community Di...,"40 S Main St, Harrisburg, IL 62946, USA","{'lat': 37.7372513, 'lng': -88.54000959999999}"
56,12656,Astoria Middle School,"402 N Jefferson St, Astoria, IL 61501, USA","{'lat': 40.229719, 'lng': -90.35224}"
57,12657,KEWANEE High School,"210 Lyle St, Kewanee, IL 61443, USA","{'lat': 41.24107, 'lng': -89.923214}"
58,12658,Central Community Unit ...,"Burlington, IL 60109, USA","{'lat': 42.05139150000001, 'lng': -88.5471666}"
59,12659,Carruthers Elementary S...,"80 Candy Ln, Murphysboro, IL 62966, USA","{'lat': 37.7809485, 'lng': -89.33833279999999}"
60,12660,Murphysboro High School,"80 Candy Ln, Murphysboro, IL 62966, USA","{'lat': 37.7809485, 'lng': -89.33833279999999}"
61,12661,Board of Education of T...,"5039 N Kimball Ave, Chicago, IL 60625, USA","{'lat': 41.9732156, 'lng': -87.7130686}"
62,12662,Mary Miller Junior High...,"1924 Reynolds Dr, Charleston, IL 61920, USA","{'lat': 39.4781002, 'lng': -88.19208449999999}"
63,12663,Cowden-Herrick School D...,"Broadway St & North St, Herrick, IL 62431, USA","{'lat': 39.2196977, 'lng': -88.98474499999999}"
64,12664,Summithill School Distr...,"7710 W Kingston Dr, Frankfort, IL 60423, USA","{'lat': 41.5258122, 'lng': -87.80292109999999}"
65,12665,Coal City 1 Cmty Sch Di...,"500 S Carbon Hill Rd, Coal City, IL 60416, USA","{'lat': 41.2788783, 'lng': -88.3025383}"
66,12666,Community Unit School D...,"603 S Main St, Wheaton, IL 60187, USA","{'lat': 41.860059, 'lng': -88.104424}"
67,12667,La Salle - Peru Townshi...,"541 Chartres St, Lasalle, IL 61301, USA","{'lat': 41.33242790000001, 'lng': -89.1058159}"
68,12668,Elverado High School,"514 S 6th St, Elkville, IL 62932, USA","{'lat': 37.904619, 'lng': -89.2328848}"
69,12669,School District 47 Crys...,"515 E Crystal Lake Ave, Crystal Lake, IL 60014, USA","{'lat': 42.23989479999999, 'lng': -88.3016044}"
70,12670,Aspira Inc Of Illinois,"2415 N Milwaukee Ave, Chicago, IL 60647, USA","{'lat': 41.925285, 'lng': -87.70076859999999}"
71,12671,Geneva Community Unit S...,"227 N 4th St, Geneva, IL 60134, USA","{'lat': 41.89087019999999, 'lng': -88.3082124}"
72,12672,Zion School District,"3025 Ezra Ave, Zion, IL 60099, USA","{'lat': 42.439627, 'lng': -87.837226}"
73,12673,Bremen Cmty High Sd 228,"15203 Pulaski Rd, Midlothian, IL 60445, USA","{'lat': 41.6155115, 'lng': -87.7155683}"
74,12674,Harlem Special Educatio...,"Loves Park, IL 61130, USA","{'lat': 42.325511, 'lng': -89.03253269999999}"
75,12675,Plainfield Community Co...,"1911 Drauden Rd, Plainfield, IL 60586, USA","{'lat': 41.5568826, 'lng': -88.2304478}"
76,12676,Farmington Central Scho...,"212 Lightfoot Rd, Farmington, IL 61531, USA","{'lat': 40.6935118, 'lng': -89.98510979999999}"
77,12677,Lincolnwood School Dist...,"6855 N Crawford Ave, Lincolnwood, IL 60712, USA","{'lat': 42.0058875, 'lng': -87.7276509}"
78,12678,Valley View Community U...,"725 Normantown Rd, Romeoville, IL 60446, USA","{'lat': 41.6528363, 'lng': -88.0980671}"
79,12679,Alden Hebron School Dis...,"13049 S Ridgeland Ave, Palos Heights, IL 60463, USA","{'lat': 41.6550845, 'lng': -87.7757889}"
80,12680,Joint Commission Resour...,"1 Renaissance Blvd, Oakbrook Terrace, IL 60181, USA","{'lat': 41.8481434, 'lng': -87.98140459999999}"
81,12681,Elmhurst Community Unit...,"145 Arthur St, Elmhurst, IL 60126, USA","{'lat': 41.89694, 'lng': -87.941954}"
82,12682,Board of Education of T...,"11220 S Wallace St, Chicago, IL 60628, USA","{'lat': 41.6897069, 'lng': -87.63784}"
83,12683,Board of Education of T...,"4257 N Tripp Ave, Chicago, IL 60641, USA","{'lat': 41.958895, 'lng': -87.733679}"
84,12684,Evanston/Skokie School ...,"2417 Prairie Ave, Evanston, IL 60201, USA","{'lat': 42.0615811, 'lng': -87.6977804}"
85,12685,Chicagoland Academy,"19 Roosevelt Rd, Lombard, IL 60148, USA","{'lat': 41.8597285, 'lng': -88.016705}"
86,12686,Pepper Ridge School,"412 E Cypress St, Normal, IL 61761, USA","{'lat': 40.5154569, 'lng': -88.9793038}"
87,12687,Burbank District 111,"7644 Central Ave, Burbank, IL 60459, USA","{'lat': 41.75307, 'lng': -87.7617264}"
88,12688,Country Club Hills Sd 1...,"4411 185th St, Country Club Hills, IL 60478, USA","{'lat': 41.5545144, 'lng': -87.7238418}"
89,12689,Learning Tech Center La...,"1335 Franklin Grove Rd, Dixon, IL 61021, USA","{'lat': 41.8388588, 'lng': -89.4590765}"
90,12690,Fox River Country Day S...,"1600 Dundee Ave, Elgin, IL 60120, USA","{'lat': 42.0677339, 'lng': -88.26267589999999}"
91,12691,Lansing School District,"17845 Henry St, Lansing, IL 60438, USA","{'lat': 41.5708329, 'lng': -87.5331719}"
92,12692,Indian Prairie School D---,"787 Meadowridge Dr, Aurora, IL 60504, USA","{'lat': 41.7418212, 'lng': -88.2228387}"
93,12693,Practical Solutions Med...,"1135 W Fremont St, Galesburg, IL 61401, USA","{'lat': 40.9635572, 'lng': -90.3885207}"
94,12694,Kingman Primary School,"6327 N Sheridan Rd, Peoria, IL 61614, USA","{'lat': 40.7642748, 'lng': -89.6048557}"
95,12695,Cafe Borrone,"N Acorn Ln, Mundelein, IL 60060, USA","{'lat': 42.2439774, 'lng': -88.0138228}"
96,12696,Cafe Chez Marie,"304 E Almond Dr, Washington, IL 61571, USA","{'lat': 40.6874757, 'lng': -89.4877032}"
97,12697,Cafeteria Mgr,"601 Taylor St, East Peoria, IL 61611, USA","{'lat': 40.6641053, 'lng': -89.57076339999999}"
98,12698,Pecatonica Area Sch Dis...,"500 King Arthur Way, Bolingbrook, IL 60440, USA","{'lat': 41.7119148, 'lng': -88.0471591}"
99,12699,glenbard HS,"1014 S Main St, Lombard, IL 60148, USA","{'lat': 41.8656111, 'lng': -88.0177525}"
100,12700,Athens Senior High Scho...,"1 Warrior Way, Athens, IL 62613, USA","{'lat': 39.9617195, 'lng': -89.7175252}"
101,12701,Farmington Central Scho...,"300 Lightfoot Rd, Farmington, IL 61531, USA","{'lat': 40.6930623, 'lng': -89.9828496}"
102,12702,Community Consolidated ...,"2800 N Highland Ave, Arlington Heights, IL 60004, USA","{'lat': 42.1269189, 'lng': -87.9859188}"
103,12703,Lick Creek Elementary S...,"7355 Lick Creek Rd, Buncombe, IL 62912, USA","{'lat': 37.5019811, 'lng': -89.10599289999999}"
104,12704,Ombudsman Educational S...,"1585 N Milwaukee Ave, Libertyville, IL 60048, USA","{'lat': 42.3018242, 'lng': -87.9586932}"
105,12705,Cafe Empresa,"5220 Legion Hall Rd, Dunlap, IL 61525, USA","{'lat': 40.8548076, 'lng': -89.675303}"
106,12706,Joliet Twp. High School...,"401 N Larkin Ave, Joliet, IL 60435, USA","{'lat': 41.5283807, 'lng': -88.1257692}"
107,12707,East Alton School Distr...,"1000 3rd St, East Alton, IL 62024, USA","{'lat': 38.8784937, 'lng': -90.0964473}"
108,12708,Board of Education of T...,"4959 S Blackstone Ave, Chicago, IL 60615, USA","{'lat': 41.8045321, 'lng': -87.5900119}"
109,12709,McHenry County Schools,"227 W Judd St, Woodstock, IL 60098, USA","{'lat': 42.315354, 'lng': -88.44985179999999}"
110,12710,Township High School Ds...,"700 E Cougar Trail, Hoffman Estates, IL 60169, USA","{'lat': 42.037094, 'lng': -88.062725}"
111,12711,Woodland Elementary Sch...,"205 W County Line Rd, Barrington, IL 60010, USA","{'lat': 42.1531034, 'lng': -88.17708019999999}"
112,12712,Brook Park Elementary S...,"1214 Raymond Ave, La Grange Park, IL 60526, USA","{'lat': 41.8375776, 'lng': -87.8561264}"
113,12713,Alsip-Hazelgreen-Oaklaw...,"11751 S Lawler Ave, Alsip, IL 60803, USA","{'lat': 41.6787766, 'lng': -87.7448841}"
114,12714,School District 140,"16600 S 88th Ave, Orland Park, IL 60462, USA","{'lat': 41.5885609, 'lng': -87.8335622}"
115,12715,Wisconsin Department of...,"1860 63rd St, Downers Grove, IL 60516, USA","{'lat': 41.7729823, 'lng': -88.0287041}"
116,12716,Assembly of God Church,"200 S School St, Lanark, IL 61046, USA","{'lat': 42.10117289999999, 'lng': -89.826504}"
117,12717,Collinsville Unit Schoo...,"201 W Clay St, Collinsville, IL 62234, USA","{'lat': 38.6707139, 'lng': -89.98831919999999}"
118,12718,Blackstone Elementary S...,"1309 Jefferson St, Mendota, IL 61342, USA","{'lat': 41.5486241, 'lng': -89.1291725}"
119,12719,Steger School District ...,"94 W Richton Rd, Steger, IL 60475, USA","{'lat': 41.4597059, 'lng': -87.6387652}"
120,12720,Downers Grove Grade Sch...,"6509 Powell St, Downers Grove, IL 60516, USA","{'lat': 41.7691414, 'lng': -88.0154409}"
121,12721,Niles Township District...,"8701 Menard Ave, Morton Grove, IL 60053, USA","{'lat': 42.0392137, 'lng': -87.7708755}"
122,12722,DeKalb High School,"220 E Sunset Pl, DeKalb, IL 60115, USA","{'lat': 41.9175061, 'lng': -88.75593880000001}"
123,12723,Plainfield Community Co...,"14723 Eastern Ave, Plainfield, IL 60544, USA","{'lat': 41.6146564, 'lng': -88.1948259}"
124,12724,Kipling Elementary Scho...,"795 Wilmot Rd, Deerfield, IL 60015, USA","{'lat': 42.166571, 'lng': -87.8654865}"
125,12725,Bloomington Junior High...,"300 E Monroe St, Bloomington, IL 61701, USA","{'lat': 40.4815063, 'lng': -88.9905536}"
126,12726,EASTLAND School Distric...,"200 S School St, Lanark, IL 61046, USA","{'lat': 42.10117289999999, 'lng': -89.826504}"
127,12727,Springfield Public Scho...,"10 Babiak Ln, Springfield, IL 62702, USA","{'lat': 39.8135305, 'lng': -89.68463659999999}"
128,12728,Banner Elementary Schoo...,"Dunlap, IL 61525, USA","{'lat': 40.8617037, 'lng': -89.6787104}"
129,12729,Edwardsville High Schoo...,"801 Franklin Ave, Edwardsville, IL 62025, USA","{'lat': 38.7986709, 'lng': -89.9448452}"
130,12730,"Little Friends, Inc","140 N Wright St, Naperville, IL 60540, USA","{'lat': 41.77683, 'lng': -88.1386321}"
131,12731,Bremen Community High S...,"15203 Pulaski Rd, Midlothian, IL 60445, USA","{'lat': 41.6155115, 'lng': -87.7155683}"
132,12732,Community Unit School D...,"130 W Park Ave, Wheaton, IL 60189, USA","{'lat': 41.857304, 'lng': -88.1074373}"
133,12733,Edwardsville High Schoo...,"141 Birger Ave, Glen Carbon, IL 62034, USA","{'lat': 38.7499877, 'lng': -89.9768979}"
134,12734,Chiaravalle Montessori ...,"425 Dempster St, Evanston, IL 60201, USA","{'lat': 42.0413997, 'lng': -87.6780689}"
135,12735,Central School,"620 Greenwood Ave, Glencoe, IL 60022, USA","{'lat': 42.1310859, 'lng': -87.7602654}"
136,12736,Taft Elementary School,"400 4th Ave, Joliet, IL 60433, USA","{'lat': 41.51642289999999, 'lng': -88.0709019}"
137,12737,Board of Education of T...,"7525 S Harvard Ave, Chicago, IL 60620, USA","{'lat': 41.7578672, 'lng': -87.6322884}"
138,12738,Morton Metalcraft Co.,"1021 W Birchwood St, Morton, IL 61550, USA","{'lat': 40.6066678, 'lng': -89.49038650000001}"
139,12739,Eastview Elementary Sch...,"1001 N Main St, Canton, IL 61520, USA","{'lat': 40.5677861, 'lng': -90.03238569999999}"
140,12740,Beck Area Career Center...,"6137 Beck Rd, Red Bud, IL 62278, USA","{'lat': 38.2897542, 'lng': -89.9487848}"
141,12741,Bunker Hill Community S...,"504 E Warren St, Bunker Hill, IL 62014, USA","{'lat': 39.0426106, 'lng': -89.9482742}"
142,12742,Belvidere Community Uni...,"7133 Garden Prairie Rd, Garden Prairie, IL 61038, USA","{'lat': 42.2569883, 'lng': -88.7243616}"
143,12743,Edison Schools Inc.,"8 S Michigan Ave # 1210, Chicago, IL 60603, USA","{'lat': 41.8819021, 'lng': -87.6248878}"
144,12744,Full Moon Inc Ann,"919 E 6th St, Belvidere, IL 61008, USA","{'lat': 42.24639390000001, 'lng': -88.8292266}"
145,12745,Community Unit School D...,"300 Cleveland Ave, Carpentersville, IL 60110, USA","{'lat': 42.1082248, 'lng': -88.2729695}"
146,12746,Indian Prairie School D...,"2700 Stonebridge Blvd, Aurora, IL 60502, USA","{'lat': 41.7799364, 'lng': -88.2501491}"
147,12747,School District U-46,"1200 Maroon Dr, Elgin, IL 60120, USA","{'lat': 42.026919, 'lng': -88.2447493}"
148,12748,Hamilton High School,"270 N 10th St, Hamilton, IL 62341, USA","{'lat': 40.3957809, 'lng': -91.3430072}"
149,12749,Winslow Elementary Scho...,"401 Fremont St, Lena, IL 61048, USA","{'lat': 42.37701269999999, 'lng': -89.81486579999999}"
150,12750,Independence Investment...,"Chicago, IL 60606, USA","{'lat': 41.8817767, 'lng': -87.6371461}"
151,12751,Board of Education of T...,"1234 N Monticello Ave, Chicago, IL 60651, USA","{'lat': 41.9040722, 'lng': -87.7182183}"
152,12752,Board of Education of T...,"250 E 111th St, Chicago, IL 60628, USA","{'lat': 41.6941786, 'lng': -87.616941}"
153,12753,Lewis & Clark Elementar...,"1800 Lindenthal Ave, Highland, IL 62249, USA","{'lat': 38.7327386, 'lng': -89.6642809}"
154,12754,Hillsboro Junior High S...,"909 Rountree St, Hillsboro, IL 62049, USA","{'lat': 39.1528529, 'lng': -89.49068179999999}"
155,12755,Hillsboro Junior High S...,"1311 Vandalia Rd, Hillsboro, IL 62049, USA","{'lat': 39.147697, 'lng': -89.4900483}"
156,12756,Board of Education of T...,"3715 W Polk St, Chicago, IL 60624, USA","{'lat': 41.8704694, 'lng': -87.7185817}"
157,12757,Lewis & Clark Elementar...,"201 W Clay St, Collinsville, IL 62234, USA","{'lat': 38.6707139, 'lng': -89.98831919999999}"
158,12758,Board of Education of T...,"3849 W 69th Pl, Chicago, IL 60629, USA","{'lat': 41.7663724, 'lng': -87.71880089999999}"
159,12759,Freeport School Distric...,"1700 W Laurel St, Freeport, IL 61032, USA","{'lat': 42.3009503, 'lng': -89.6541956}"
160,12760,Immanuel Lutheran Schoo...,"200 N Plum Grove Rd, Palatine, IL 60067, USA","{'lat': 42.1138016, 'lng': -88.0445613}"
161,12761,Bond Co Cmty Unit Sch D...,"Biggsville, IL 61418, USA","{'lat': 40.8536498, 'lng': -90.86486169999999}"
162,12762,Woodland Elementary Sch...,"310 James St, Barrington, IL 60010, USA","{'lat': 42.1594883, 'lng': -88.1325703}"
163,12763,Heartland Head Start In...,"206 Stillwell St, Bloomington, IL 61701, USA","{'lat': 40.4797208, 'lng': -89.0138814}"
164,12764,Friendship Junior High ...,"65 Jf Kennedy Blvd, Elk Grove Village, IL 60007, USA","{'lat': 42.0028062, 'lng': -87.9994585}"
165,12765,Community High School D...,"1625 Deep Lake Rd, Lake Villa, IL 60046, USA","{'lat': 42.4458993, 'lng': -88.0603746}"
166,12766,La Salle County Regiona...,"755 Bennett Ave, Oglesby, IL 61348, USA","{'lat': 41.30574259999999, 'lng': -89.07099869999999}"
167,12767,Danville School Distric...,"1101 N Gilbert St, Danville, IL 61832, USA","{'lat': 40.1424491, 'lng': -87.6347313}"
168,12768,Fieldcrest West Elem Sc...,"306 N Maple St, Toluca, IL 61369, USA","{'lat': 41.0044339, 'lng': -89.1266771}"
169,12769,Rock Island School Dist...,"2900 31st Ave, Rock Island, IL 61201, USA","{'lat': 41.478546, 'lng': -90.5589121}"
170,12770,The Catholic Diocese of...,"233 E Greenwood St, Morton, IL 61550, USA","{'lat': 40.59966360000001, 'lng': -89.4668362}"
171,12771,Reed-Custer Cmty Unit S...,"255 Comet Dr, Braidwood, IL 60408, USA","{'lat': 41.2578286, 'lng': -88.2063517}"
172,12772,Francis W Parker Develo...,"330 W Webster Ave, Chicago, IL 60614, USA","{'lat': 41.92319519999999, 'lng': -87.6384928}"
173,12773,Lyons Township High Sch...,"100 S Brainard Ave, La Grange, IL 60525, USA","{'lat': 41.81124390000001, 'lng': -87.8802899}"
174,12774,Knoxville School Distri...,"106 Pleasant Ave, Knoxville, IL 61448, USA","{'lat': 40.9016491, 'lng': -90.2789889}"
175,12775,Lexington School Distri...,"N Cherry St, Lexington, IL 61753, USA","{'lat': 40.6450538, 'lng': -88.77995229999999}"
176,12776,Elmwood Elementary Scho...,"1320 Olympus Dr, Naperville, IL 60565, USA","{'lat': 41.7470154, 'lng': -88.1381365}"
177,12777,Dongola High School,"Dongola, IL 62926, USA","{'lat': 37.3611615, 'lng': -89.1659117}"
178,12778,Galesburg Community Uni...,"1135 W Fremont St, Galesburg, IL 61401, USA","{'lat': 40.9635572, 'lng': -90.3885207}"
179,12779,Freeburg Elementary Sch...,"408 S Belleville St, Freeburg, IL 62243, USA","{'lat': 38.4198779, 'lng': -89.910721}"
180,12780,St. Clair County Region...,"408 S Belleville St, Freeburg, IL 62243, USA","{'lat': 38.4198779, 'lng': -89.910721}"
181,12781,Board of Education of T...,"3434 W 77th St, Chicago, IL 60652, USA","{'lat': 41.75381, 'lng': -87.7084096}"
182,12782,Board of Education of T...,"5345 W Congress Pkwy, Chicago, IL 60644, USA","{'lat': 41.8735886, 'lng': -87.75903509999999}"
183,12783,Board of Education of T...,"606 S State St, Chicago, IL 60605, USA","{'lat': 41.8743777, 'lng': -87.627972}"
184,12784,Board of Education of T...,"2131 W Monroe St, Chicago, IL 60612, USA","{'lat': 41.8797104, 'lng': -87.6804568}"
185,12785,Board of Education of T...,"8555 S Michigan Ave, Chicago, IL 60619, USA","{'lat': 41.7386141, 'lng': -87.62057639999999}"
186,12786,Addision School Distric...,"720 Lincoln St, Addison, IL 60101, USA","{'lat': 41.9401152, 'lng': -87.99601659999999}"
187,12787,Board of Education of T...,"7401 S Chappel Ave, Chicago, IL 60649, USA","{'lat': 41.7604368, 'lng': -87.5746123}"
188,12788,Huntley School District...,"13719 Harmony Rd, Huntley, IL 60142, USA","{'lat': 42.1620018, 'lng': -88.4644593}"
189,12789,Consolidated School Dis...,"13719 Harmony Rd, Huntley, IL 60142, USA","{'lat': 42.1620018, 'lng': -88.4644593}"
190,12790,Educational Life Skills...,"760 Red Oak Ln, Highland Park, IL 60035, USA","{'lat': 42.165798, 'lng': -87.82012569999999}"
191,12791,Flossmoor School Distri...,"North End Park, 41 E Elmwood Dr, Chicago Heights, IL 60411, USA","{'lat': 41.5321353, 'lng': -87.6447786}"
192,12792,Carruthers Elementary S...,"80 Candy Ln, Murphysboro, IL 62966, USA","{'lat': 37.7809485, 'lng': -89.33833279999999}"
193,12793,Fairmont School Distric...,"735 Green Garden Pl, Lockport, IL 60441, USA","{'lat': 41.5644911, 'lng': -88.06304779999999}"
194,12794,Buridge Middle School,"200 55th St, Clarendon Hills, IL 60514, USA","{'lat': 41.7886618, 'lng': -87.95288029999999}"
195,12795,Central Office,"191 Bluff St, Chandlerville, IL 62627, USA","{'lat': 40.0475935, 'lng': -90.14913310000001}"
196,12796,Lycee Francais De Chica...,"613 W Bittersweet Pl, Chicago, IL 60613, USA","{'lat': 41.9552615, 'lng': -87.6462432}"
197,12797,Summit School District ...,"6021 S 74th Ave, Summit, IL 60501, USA","{'lat': 41.7828033, 'lng': -87.8047648}"
198,12798,St. Clair County Region...,"1620 Russell Ave, East St Louis, IL 62207, USA","{'lat': 38.6058773, 'lng': -90.1588984}"
199,12799,Brimfield High School,"200 W Clinton St, Brimfield, IL 61517, USA","{'lat': 40.8412386, 'lng': -89.8865234}"
200,12800,Mahomet-Seymour CUSD#3,"102 W State St, Mahomet, IL 61853, USA","{'lat': 40.1993022, 'lng': -88.40814069999999}"
201,12801,Board of Education of T...,"3212 W George St, Chicago, IL 60618, USA","{'lat': 41.9341239, 'lng': -87.7079477}"
202,12802,Board of Education of T...,"2230 W McLean Ave, Chicago, IL 60647, USA","{'lat': 41.9188445, 'lng': -87.683846}"
203,12803,Central Community Unit ...,"275 S State St, Hampshire, IL 60140, USA","{'lat': 42.0971958, 'lng': -88.5299453}"
204,12804,Community Unit School D...,"201 S 7th St, St. Charles, IL 60174, USA","{'lat': 41.9106377, 'lng': -88.3213116}"
205,12805,School District U-46,"1515 Raymond St, South Elgin, IL 60177, USA","{'lat': 42.0049651, 'lng': -88.28177439999999}"
206,12806,Galena Primary School,"Galena Primary School, 219 Kelly Ln, Galena, IL 61036, USA","{'lat': 42.4256365, 'lng': -90.4411722}"
207,12807,Summithill School Distr...,"Indian Trail Park, 20912 S Frankfort Square Rd, Frankfort, IL 60423, USA","{'lat': 41.50958749999999, 'lng': -87.8035357}"
208,12808,Illinois Vly Central U ...,"914 W Truitt Ave, Chillicothe, IL 61523, USA","{'lat': 40.9217733, 'lng': -89.49710309999999}"
209,12809,Bushnell-Prairie City H...,"847 Walnut St, Bushnell, IL 61422, USA","{'lat': 40.5587975, 'lng': -90.5120063}"
210,12810,Lincoln Elementary Sch ...,"208 Broadway St, Lincoln, IL 62656, USA","{'lat': 40.1498658, 'lng': -89.36647970000001}"
211,12811,Addision School Distric...,"222 N Jf Kennedy Dr, Addison, IL 60101, USA","{'lat': 41.933373, 'lng': -87.9947957}"
212,12812,A C Thompson Elementary...,"201 S Madison St, Rockford, IL 61104, USA","{'lat': 42.2678648, 'lng': -89.0914304}"
213,12813,Huntley School District...,"13723 Harmony Rd, Huntley, IL 60142, USA","{'lat': 42.1642105, 'lng': -88.4680915}"
214,12814,Consolidated School Dis...,"11302 Lincoln St, Huntley, IL 60142, USA","{'lat': 42.1657978, 'lng': -88.43144769999999}"
215,12815,Fairfield Community Hig...,"300 W King St, Fairfield, IL 62837, USA","{'lat': 38.3744911, 'lng': -88.36354349999999}"
216,12816,Summithill School Distr...,"19651 Beechnut Dr, Mokena, IL 60448, USA","{'lat': 41.5328041, 'lng': -87.8467644}"
217,12817,Baby Fold,"108 E Willow St, Normal, IL 61761, USA","{'lat': 40.5143461, 'lng': -88.9840504}"
218,12818,Lewis & Clark Elementar...,"1035 Washington Ave, Alton, IL 62002, USA","{'lat': 38.8954972, 'lng': -90.1513274}"
219,12819,Alton Community School ...,"2200 College Ave, Alton, IL 62002, USA","{'lat': 38.904143, 'lng': -90.155131}"
220,12820,Grayville Community Sch...,"728 W North St, Grayville, IL 62844, USA","{'lat': 38.2583236, 'lng': -88.0055541}"
221,12821,Community Consolidated ...,"501 S Arlington Heights Rd, Buffalo Grove, IL 60089, USA","{'lat': 42.1449443, 'lng': -87.9839295}"
222,12822,Community Consolidated ...,"501 Arlington Heights Rd, Buffalo Grove, IL 60089, USA","{'lat': 42.1449196, 'lng': -87.98403060000001}"
223,12823,Geneva Community Unit S...,"1113 Peyton St, Geneva, IL 60134, USA","{'lat': 41.891302, 'lng': -88.318194}"
224,12824,Elmhurst Community Unit...,"130 W Madison St, Elmhurst, IL 60126, USA","{'lat': 41.8757525, 'lng': -87.9415223}"
225,12825,Andrew High School,"9001 W 171st St, Tinley Park, IL 60487, USA","{'lat': 41.5787165, 'lng': -87.8390927}"
226,12826,Genoa-Kingston School D...,"980 Park Ave, Genoa, IL 60135, USA","{'lat': 42.0973663, 'lng': -88.7187463}"
227,12827,Dwight D Eisenhower Hig...,"12700 Sacramento Ave, Blue Island, IL 60406, USA","{'lat': 41.6617824, 'lng': -87.69576119999999}"
228,12828,Deerfield Public School,"307 Salem St, Rockton, IL 61072, USA","{'lat': 42.4532934, 'lng': -89.06271869999999}"
229,12829,Lincoln Elem School Dis...,"410 157th St, Calumet City, IL 60409, USA","{'lat': 41.6108739, 'lng': -87.53572199999999}"
230,12830,Allendale Association,"Lake Villa, IL, USA","{'lat': 42.4169651, 'lng': -88.0739708}"
231,12831,School District U-46,"80 N Airlite St, Elgin, IL 60123, USA","{'lat': 42.0356047, 'lng': -88.32954869999999}"
232,12832,El Paso-Gridley High Sc...,"135 W 5th St, El Paso, IL 61738, USA","{'lat': 40.7435907, 'lng': -89.01858690000002}"
233,12833,Galesburg Community Uni...,"1206 E Knox St, Galesburg, IL 61401, USA","{'lat': 40.93920689999999, 'lng': -90.3521212}"
234,12834,Brimfield High School,"Brimfield, IL 61517, USA","{'lat': 40.838926, 'lng': -89.8864976}"
235,12835,Illinois State Board of...,"511 S Elm St, Ina, IL 62846, USA","{'lat': 38.1479732, 'lng': -88.90556869999999}"
236,12836,Laverna Evans Elementar...,"307 Kyle Rd, O'Fallon, IL 62269, USA","{'lat': 38.6169841, 'lng': -89.92160030000001}"
237,12837,Mount Prospect School D...,"300 N Fairview Ave, Mt Prospect, IL 60056, USA","{'lat': 42.0723158, 'lng': -87.9465765}"
238,12838,Herscher Community Unit...,"391 N Main St, Herscher, IL 60941, USA","{'lat': 41.0541677, 'lng': -88.0984714}"
239,12839,Hardin County C U Schoo...,"Hardin, Elizabethtown, IL 62931, USA","{'lat': 37.4532846, 'lng': -88.3009427}"
240,12840,Board of Education of T...,"Farragut High School, 2345 S Christiana Ave, Chicago, IL 60623, USA","{'lat': 41.84955069999999, 'lng': -87.70817869999999}"
241,12841,Gibson City Elementary ...,"815 N Church St, Gibson City, IL 60936, USA","{'lat': 40.47477019999999, 'lng': -88.37446469999999}"
242,12842,Waukegan Public Schools,"800 S Elmwood Ave, Waukegan, IL 60085, USA","{'lat': 42.3440971, 'lng': -87.8548988}"
243,12843,El Paso-Gridley High Sc...,"403 Mc Lean St, Gridley, IL 61744, USA","{'lat': 40.7433218, 'lng': -88.8853165}"
244,12844,Kendall County Special ...,"201 Garden St, Yorkville, IL 60560, USA","{'lat': 41.6291799, 'lng': -88.4514793}"
245,12845,Carlinville Middle Scho...,"110 Illinois Ave, Carlinville, IL 62626, USA","{'lat': 39.2790995, 'lng': -89.8922979}"
246,12846,Board of Education of T...,"226 W 104th St, Chicago, IL 60628, USA","{'lat': 41.7057694, 'lng': -87.6289759}"
247,12847,Community Unit School D...,"311 W Seminary Ave, Wheaton, IL 60187, USA","{'lat': 41.867581, 'lng': -88.1108689}"
248,12848,A C Thompson Elementary...,"4949 Marion Ave, Rockford, IL 61108, USA","{'lat': 42.2488023, 'lng': -89.01662619999999}"
249,12849,Cissna Park Junior High...,"1st St, Cissna Park, IL 60924, USA","{'lat': 40.5626571, 'lng': -87.89100409999999}"
250,12850,Andrew High School,"8015 W 111th St, Palos Hills, IL 60465, USA","{'lat': 41.6878991, 'lng': -87.8185898}"
251,12851,Community High School D...,"1133 Main St, Antioch, IL 60002, USA","{'lat': 42.4727517, 'lng': -88.0926712}"
252,12852,School District 132  Ca...,"1440 W Vermont St, Calumet Park, IL 60827, USA","{'lat': 41.66057319999999, 'lng': -87.6476285}"
253,12853,Kingman Primary School,"809 E Frye Ave, Peoria, IL 61603, USA","{'lat': 40.7122051, 'lng': -89.5840946}"
254,12854,Indian Springs School D...,"7540 S 86th Ave, Justice, IL 60458, USA","{'lat': 41.7542591, 'lng': -87.8343486}"
255,12855,Evanston/Skokie School ...,"1500 Mcdaniel Ave, Evanston, IL 60201, USA","{'lat': 42.0449508, 'lng': -87.7088642}"
256,12856,Calvary Church,"9S200 Illinois Rte 59, Naperville, IL 60564, USA","{'lat': 41.7362987, 'lng': -88.20860979999999}"
257,12857,School District U-46,"63 S Channing St, Elgin, IL 60120, USA","{'lat': 42.035623, 'lng': -88.2731101}"
258,12858,Lincoln School,"3545 S 61st Ave, Cicero, IL 60804, USA","{'lat': 41.8278076, 'lng': -87.7747191}"
259,12859,Hinsdale Township High ...,"Hinsdale, IL 60521, USA","{'lat': 41.7967461, 'lng': -87.92857769999999}"
260,12860,Community Consolidated ...,"2800 N Highland Ave, Arlington Heights, IL 60004, USA","{'lat': 42.1269189, 'lng': -87.9859188}"
261,12861,Friendship Junior High ...,"265 Wellington Ave, Elk Grove Village, IL 60007, USA","{'lat': 41.9968422, 'lng': -88.00920889999999}"
262,12862,Central Community Unit ...,"2110 State Hwy 94, Clayton, IL 62324, USA","{'lat': 40.0651682, 'lng': -91.0286955}"
263,12863,McClellan Grade School,"1714 Broadway St, Mt Vernon, IL 62864, USA","{'lat': 38.3165371, 'lng': -88.9106017}"
264,12864,Lake Forest College,"155 W Deerpath Rd, Lake Forest, IL 60045, USA","{'lat': 42.2479622, 'lng': -87.8510936}"
265,12865,Edgebrook School,"6525 N Hiawatha Ave, Chicago, IL 60646, USA","{'lat': 41.9997272, 'lng': -87.7607268}"
266,12866,Lycee Francais De Chica...,"613 W Bittersweet Pl, Chicago, IL 60613, USA","{'lat': 41.9552615, 'lng': -87.6462432}"
267,12867,Pixley Union Elementary...,"227 W Judd St, Woodstock, IL 60098, USA","{'lat': 42.315354, 'lng': -88.44985179999999}"
268,12868,Lk Villa Community Cons...,"131 McKinley Ave, Lake Villa, IL 60046, USA","{'lat': 42.411742, 'lng': -88.0786255}"
269,12869,Iroquois West Upper Ele...,"Iroquois St, Gilman, IL 60938, USA","{'lat': 40.7708162, 'lng': -87.9843319}"
270,12870,A C Thompson Elementary...,"1306 S Court St, Rockford, IL 61102, USA","{'lat': 42.259331, 'lng': -89.1032075}"
271,12871,Joliet Catholic Academy,"1200 N Larkin Ave, Joliet, IL 60435, USA","{'lat': 41.5454461, 'lng': -88.1238764}"
272,12872,Bond Co Cmty Unit Sch D...,"1100 Sunset Cir, Streamwood, IL 60107, USA","{'lat': 42.0258729, 'lng': -88.1579556}"
273,12873,East Aurora School Dist...,"417 Fifth St, Aurora, IL 60505, USA","{'lat': 41.7482487, 'lng': -88.311668}"
274,12874,Moline Unit School Dist...,"1015 16th Ave, Moline, IL 61265, USA","{'lat': 41.4974789, 'lng': -90.52271789999999}"
275,12875,Consolidated School Dis...,"650 Academic Dr, Algonquin, IL 60102, USA","{'lat': 42.16258260000001, 'lng': -88.3827168}"
276,12876,Learning Tech Center La...,"600 S Lewis Ave, Waukegan, IL 60085, USA","{'lat': 42.347031, 'lng': -87.85689819999999}"
277,12877,Maywood-Melrose Park-Br...,"910 Division St, Melrose Park, IL 60160, USA","{'lat': 41.9003537, 'lng': -87.8452295}"
278,12878,Chicago Public School S...,"3252 N Broadway, Chicago, IL 60657, USA","{'lat': 41.9413287, 'lng': -87.6446629}"
279,12879,Champaign Comm Unit Sch...,"1801 S Prospect Ave, Champaign, IL 61820, USA","{'lat': 40.0937405, 'lng': -88.2582097}"
280,12880,Fairview South Elementa...,"7040 Laramie Ave, Skokie, IL 60077, USA","{'lat': 42.0092025, 'lng': -87.7586506}"
281,12881,A C Thompson Elementary...,"2525 Ohio Pkwy, Rockford, IL 61108, USA","{'lat': 42.2398585, 'lng': -89.04794489999999}"
282,12882,A C Thompson Elementary...,"623 15th St, Rockford, IL 61104, USA","{'lat': 42.2609595, 'lng': -89.0658519}"
283,12883,Alternative Academic Ac...,"14418 McKinley Ave, Posen, IL 60469, USA","{'lat': 41.6300933, 'lng': -87.6830372}"
284,12884,Clinton Unit School Dis...,"905 E Main St, Clinton, IL 61727, USA","{'lat': 40.1531758, 'lng': -88.9505767}"
285,12885,Lake Forest Country Day...,"145 S Green Bay Rd, Lake Forest, IL 60045, USA","{'lat': 42.2374684, 'lng': -87.83704829999999}"
286,12886,Chicago Futabakai Japan...,"2550 N Arlington Heights Rd, Arlington Heights, IL 60004, USA","{'lat': 42.1215356, 'lng': -87.9813274}"
287,12887,Granite City High Schoo...,"1947 Adams St, Granite City, IL 62040, USA","{'lat': 38.70372589999999, 'lng': -90.153064}"
288,12888,Rock Island School Dist...,"4141 9th St, Rock Island, IL 61201, USA","{'lat': 41.4703326, 'lng': -90.5861596}"
289,12889,Chaska Elementary Schoo...,"1206 E Knox St, Galesburg, IL 61401, USA","{'lat': 40.93920689999999, 'lng': -90.3521212}"
290,12890,Chaska Elementary Schoo...,"16931 Grissom Dr, Tinley Park, IL 60477, USA","{'lat': 41.5826086, 'lng': -87.81559469999999}"
291,12891,Visalia Unified School,"2200 Illinois Ave, Eldorado, IL 62930, USA","{'lat': 37.8209008, 'lng': -88.4356179}"
292,12892,Chaska Elementary Schoo...,"150 W Madison St, Lombard, IL 60148, USA","{'lat': 41.8757637, 'lng': -88.0218628}"
293,12893,Leroy Community Unit Sc...,"600 E Pine St, Le Roy, IL 61752, USA","{'lat': 40.346293, 'lng': -88.7557489}"
294,12894,Fenton Community High S...,"1000 W Green St, Bensenville, IL 60106, USA","{'lat': 41.9571264, 'lng': -87.9547693}"
295,12895,Friendship Junior High ...,"280 Clearmont Dr, Elk Grove Village, IL 60007, USA","{'lat': 41.9998396, 'lng': -87.98905549999999}"
296,12896,School District U-46,"760 E Main St, South Elgin, IL 60177, USA","{'lat': 42.0011972, 'lng': -88.2833702}"
297,12897,Corner Cafe,"444 S Locust St, Flora, IL 62839, USA","{'lat': 38.6649379, 'lng': -88.4834115}"
298,12898,Waukegan Public Schools,"1020 Glen Rock Ave, Waukegan, IL 60085, USA","{'lat': 42.3574595, 'lng': -87.8441687}"
299,12899,Regional Off of Ed Kane...,"417 Fifth St, Aurora, IL 60505, USA","{'lat': 41.7482487, 'lng': -88.311668}"
300,12900,Jonesboro C C Sch Distr...,"309 Cook Ave, Jonesboro, IL 62952, USA","{'lat': 37.4495181, 'lng': -89.27571429999999}"
301,12901,Ford Heights Sch Distri...,"910 Woodlawn Ave, Chicago Heights, IL 60411, USA","{'lat': 41.5145857, 'lng': -87.58748059999999}"
302,12902,Duquoin High School,"845 E Jackson St, Du Quoin, IL 62832, USA","{'lat': 38.0009036, 'lng': -89.2251764}"
303,12903,Community Unit School D...,"500 5th Ave, Erie, IL 61250, USA","{'lat': 41.6497134, 'lng': -90.07825369999999}"
304,12904,Harlem Special Educatio...,"808 Harlem Rd, Machesney Park, IL 61115, USA","{'lat': 42.34062429999999, 'lng': -89.0478703}"
305,12905,First Grade Food Corp,"513 E Illinois Hwy, New Lenox, IL 60451, USA","{'lat': 41.4991951, 'lng': -87.9517068}"
306,12906,Channahon School Distri...,"24920 S Sage St, Channahon, IL 60410, USA","{'lat': 41.4292801, 'lng': -88.22742989999999}"
307,12907,DePue Unit School Distr...,"501 W South St, Annawan, IL 61234, USA","{'lat': 41.39372729999999, 'lng': -89.9121085}"
308,12908,Board of Education of T...,"2828 N Oak Park Ave, Chicago, IL 60634, USA","{'lat': 41.9316578, 'lng': -87.79592989999999}"
309,12909,Chicago Futabakai Japan...,"2550 N Arlington Heights Rd, Arlington Heights, IL 60004, USA","{'lat': 42.1215356, 'lng': -87.9813274}"
310,12910,Bloomington Junior High...,"901 Colton Ave, Bloomington, IL 61701, USA","{'lat': 40.4868911, 'lng': -88.97638839999999}"
311,12911,McClellan Grade School,"21462 N Richview Ln, Centralia, IL 62801, USA","{'lat': 38.43442539999999, 'lng': -89.09334969999999}"
312,12912,A C Thompson Elementary...,"1500 Charles St, Rockford, IL 61104, USA","{'lat': 42.2642342, 'lng': -89.07077489999999}"
313,12913,District 105 Curriculum,"1001 S Spring Ave, La Grange, IL 60525, USA","{'lat': 41.7949913, 'lng': -87.8745076}"
314,12914,Community Unit School D...,"300 Cleveland Ave, Carpentersville, IL 60110, USA","{'lat': 42.1082248, 'lng': -88.2729695}"
315,12915,Banner Elementary Schoo...,"5200 W Cedar Hills Dr, Dunlap, IL 61525, USA","{'lat': 40.8539862, 'lng': -89.676045}"
316,12916,Bradley School District...,"260 N Wabash Ave, Bradley, IL 60915, USA","{'lat': 41.1442524, 'lng': -87.86558079999999}"
317,12917,St. Clair County Region...,"1700 Jerome Ln, East St Louis, IL 62206, USA","{'lat': 38.5719258, 'lng': -90.1747991}"
318,12918,Mary Miller Junior High...,"701 W Vermilion St, Catlin, IL 61817, USA","{'lat': 40.0670106, 'lng': -87.7092564}"
319,12919,Maywood-Melrose Park-Br...,"1514 S 9th Ave, Maywood, IL 60153, USA","{'lat': 41.8739716, 'lng': -87.8440543}"
320,12920,Hoppeston Area Sr High ...,"615 E Orange St, Hoopeston, IL 60942, USA","{'lat': 40.45814370000001, 'lng': -87.6619662}"
321,12921,Reed Custer Community U...,"255 Comet Dr, Braidwood, IL 60408, USA","{'lat': 41.2578286, 'lng': -88.2063517}"
322,12922,St. Clair County Region...,"200 W Schuetz St, Lebanon, IL 62254, USA","{'lat': 38.6000307, 'lng': -89.81001560000001}"
323,12923,California Pizza Kitche...,"444 S Locust St, Flora, IL 62839, USA","{'lat': 38.6649379, 'lng': -88.4834115}"
324,12924,Elim Christian School,"13020 Central Ave, Palos Heights, IL 60463, USA","{'lat': 41.65516119999999, 'lng': -87.7594196}"
325,12925,Hazel Crest School Dist...,"1910 W 170th St, Hazel Crest, IL 60429, USA","{'lat': 41.5813004, 'lng': -87.6649012}"
326,12926,Board of Education of T...,"320 N Elizabeth St, Chicago, IL 60607, USA","{'lat': 41.8872461, 'lng': -87.6591881}"
327,12927,Golf Middle School,"9401 Waukegan Rd, Morton Grove, IL 60053, USA","{'lat': 42.05258140000001, 'lng': -87.79869579999999}"
328,12928,Effingham Junior High S---,"10421 US-45, Effingham, IL 62401, USA","{'lat': 39.0677004, 'lng': -88.5490547}"
329,12929,Lutheran High School,"3500 W Washington St, Springfield, IL 62711, USA","{'lat': 39.8010034, 'lng': -89.7219056}"
330,12930,Wilmette Public Schools---,"900 Central Ave, Wilmette, IL 60091, USA","{'lat': 42.0765957, 'lng': -87.70103460000001}"
331,12931,Clinton Unit School Dis...,"54 Clinton Plaza, Clinton, IL 61727, USA","{'lat': 40.1484201, 'lng': -88.9769163}"
332,12932,Jackson Middle School,"301 W Interstate Rd, Addison, IL 60101, USA","{'lat': 41.9143966, 'lng': -87.9963226}"
333,12933,Effingham Junior High S...,"710 Indiana St, Edgewood, IL 62426, USA","{'lat': 38.9248736, 'lng': -88.662348}"
334,12934,Kipling Elementary Scho...,"700 Kipling Pl, Deerfield, IL 60015, USA","{'lat': 42.16595299999999, 'lng': -87.8406243}"
335,12935,Aledo High School,"402 E Main St, Aledo, IL 61231, USA","{'lat': 41.2014552, 'lng': -90.7455513}"
336,12936,Indian Valley,"600 Lions Rd, Sandwich, IL 60548, USA","{'lat': 41.6373368, 'lng': -88.6134094}"
337,12937,Harford County Public S...,"8605 N 2nd St, Machesney Park, IL 61115, USA","{'lat': 42.34735389999999, 'lng': -89.0487507}"
338,12938,Community Unit School D...,"435 W Cuba Rd, Lake Zurich, IL 60047, USA","{'lat': 42.174869, 'lng': -88.0851198}"
339,12939,Iola-Scandinavia Sch Di...,"1401 Compton Dr, Algonquin, IL 60102, USA","{'lat': 42.14917550000001, 'lng': -88.2726541}"
340,12940,Bethel Lutheran Church,"325 E Queenwood Rd, Morton, IL 61550, USA","{'lat': 40.5919437, 'lng': -89.4638042}"
341,12941,Central Catholic High S...,"1201 Airport Rd, Bloomington, IL 61704, USA","{'lat': 40.4932429, 'lng': -88.92267679999999}"
342,12942,Lewis & Clark Elementar...,"Madison Ave, Alton, IL 62002, USA","{'lat': 38.90488370000001, 'lng': -90.19070599999999}"
343,12943,Bond Co Cmty Unit Sch D...,"210 S Church Rd, Bensenville, IL 60106, USA","{'lat': 41.9523366, 'lng': -87.9522667}"
344,12944,Bloomington Junior High...,"1001 S Spring Ave, La Grange, IL 60525, USA","{'lat': 41.7949913, 'lng': -87.8745076}"
345,12945,Burbank District 111,"7600 Central Ave, Burbank, IL 60459, USA","{'lat': 41.7542374, 'lng': -87.7618033}"
346,12946,Central Community Unit ...,"7740 Old U.S. Hwy 50, Breese, IL 62230, USA","{'lat': 38.6098241, 'lng': -89.5608438}"
347,12947,Arbor School District,"15901 Forest Ave, Oak Forest, IL 60452, USA","{'lat': 41.6027856, 'lng': -87.7388895}"
348,12948,School District U-46,"1100 Sunset Cir, Streamwood, IL 60107, USA","{'lat': 42.0258729, 'lng': -88.1579556}"
349,12949,A C Thompson Elementary...,"5110 Auburn St, Rockford, IL 61101, USA","{'lat': 42.2861639, 'lng': -89.1379973}"
350,12950,Brother Rice High Schoo...,"10001 S Pulaski Rd, Chicago, IL 60655, USA","{'lat': 41.7115137, 'lng': -87.7201863}"
351,12951,Springfield Public Scho...,"300 S 11th St, Springfield, IL 62703, USA","{'lat': 39.7987379, 'lng': -89.64009519999999}"
352,12952,Riverside Brookfield Hi...,"160 Ridgewood Rd, Riverside, IL 60546, USA","{'lat': 41.8286314, 'lng': -87.83015979999999}"
353,12953,Franklin Park Public Sc...,"2915 Maple St, Franklin Park, IL 60131, USA","{'lat': 41.93216109999999, 'lng': -87.85230899999999}"
354,12954,DePue Unit School Distr...,"DePue, IL 61322, USA","{'lat': 41.3163502, 'lng': -89.2965947}"
355,12955,The Cooking and Hospita...,"361 W Chestnut - Lot #76, 361 W Chestnut St, Chicago, IL 60610, USA","{'lat': 41.8980065, 'lng': -87.63860419999999}"
356,12956,Inner City Teaching Cor...,"300 N Elizabeth St #300C, Chicago, IL 60607, USA","{'lat': 41.88695389999999, 'lng': -87.6591146}"
357,12957,Benjamin Franklin Elem ...,"200 S Lincoln Ave, Park Ridge, IL 60068, USA","{'lat': 42.00780930000001, 'lng': -87.8436945}"
358,12958,Aledo Community Unit Sc...,"1002 SW 6th St, Aledo, IL 61231, USA","{'lat': 41.1968903, 'lng': -90.7599654}"
359,12959,Millikin Elementary Sch...,"333 E Ogden Ave, Geneseo, IL 61254, USA","{'lat': 41.4642971, 'lng': -90.15008399999999}"
360,12960,Rhodes Elementary Schoo...,"8931 Fullerton Ave, River Grove, IL 60171, USA","{'lat': 41.9213274, 'lng': -87.8478458}"
361,12961,Bond Co Cmty Unit Sch D...,"501 W South St, Annawan, IL 61234, USA","{'lat': 41.39372729999999, 'lng': -89.9121085}"
362,12962,Lincolnwood Sch Dist 74,"6950 E Prairie Rd, Lincolnwood, IL 60712, USA","{'lat': 42.007077, 'lng': -87.727401}"
363,12963,Board of Education of T...,"2345 S Millard Ave, Chicago, IL 60623, USA","{'lat': 41.8483814, 'lng': -87.7157926}"
364,12964,Springfield Public Scho...,"444 W Reynolds St, Springfield, IL 62702, USA","{'lat': 39.8058807, 'lng': -89.6614147}"
365,12965,Brown County Educationa...,"201 E Glenwood Dyer Rd, Glenwood, IL 60425, USA","{'lat': 41.54134, 'lng': -87.60486759999999}"
366,12966,Lincoln School,"755 Bennett Ave, Oglesby, IL 61348, USA","{'lat': 41.30574259999999, 'lng': -89.07099869999999}"
367,12967,Oglesby Elem School Dis...,"755 Bennett Ave, Oglesby, IL 61348, USA","{'lat': 41.30574259999999, 'lng': -89.07099869999999}"
368,12968,Learning Tech Center La...,"1959 Waukegan Rd, Deerfield, IL 60015, USA","{'lat': 42.1869258, 'lng': -87.8528269}"
369,12969,Darien Public Schools D...,"1410 75th St, Darien, IL 60561, USA","{'lat': 41.7535158, 'lng': -87.97941519999999}"
370,12970,East Maine School Distr...,"10150 Dee Rd, Des Plaines, IL 60016, USA","{'lat': 42.06413149999999, 'lng': -87.8574703}"
371,12971,618 Connect,"525 N 3rd St, Girard, IL 62640, USA","{'lat': 39.4515258, 'lng': -89.7833295}"
372,12972,Highland Community Unit...,"12760 Troxler Ave, Highland, IL 62249, USA","{'lat': 38.7550229, 'lng': -89.6753799}"
373,12973,Irvine Unified School D...,"221 Liberty Rd, Crystal Lake, IL 60014, USA","{'lat': 42.2234932, 'lng': -88.3127691}"
374,12974,School District U-46,"507 Arnold Ave, Streamwood, IL 60107, USA","{'lat': 42.0075994, 'lng': -88.1714428}"
375,12975,Brehm Preparatory Schoo...,"1245 E Grand Ave, Carbondale, IL 62901, USA","{'lat': 37.7165782, 'lng': -89.19248019999999}"
376,12976,Elmwood Park Community ...,"8201 W Fullerton Ave, Elmwood Park, IL 60707, USA","{'lat': 41.9218509, 'lng': -87.8303141}"
377,12977,Sonoma Valley Unified S...,"301 S Main St, Eureka, IL 61530, USA","{'lat': 40.7192346, 'lng': -89.27214699999999}"
378,12978,Mount Prospect School D...,"700 W Lincoln St, Mt Prospect, IL 60056, USA","{'lat': 42.0599674, 'lng': -87.9474954}"
379,12979,Chiaravalle Montessori ...,"425 Dempster St, Evanston, IL 60201, USA","{'lat': 42.0413997, 'lng': -87.6780689}"
380,12980,Beacon Therapeutic Diag...,"1912 W 103rd St, Chicago, IL 60643, USA","{'lat': 41.7068875, 'lng': -87.66971}"
381,12981,Edgewood Middle School,"150 Pierce Rd, Highland Park, IL 60035, USA","{'lat': 42.15539039999999, 'lng': -87.7721054}"
382,12982,Big Rock Elementary Sch...,"Hinckley, IL 60520, USA","{'lat': 41.7689183, 'lng': -88.64091300000001}"
383,12983,The University of Chica...,"Chicago Booth Harper Center, 5807 S Woodlawn Ave, Chicago, IL 60637, USA","{'lat': 41.7891387, 'lng': -87.5954555}"
384,12984,Valley View Community U...,"590 Belmont Dr, Romeoville, IL 60446, USA","{'lat': 41.6405743, 'lng': -88.1009134}"
385,12985,Taft Elementary School,"2504 Heritage Lake Dr, Lockport, IL 60441, USA","{'lat': 41.5806516, 'lng': -88.1459318}"
386,12986,Lincoln School,"4300 Grove Ave, Brookfield, IL 60513, USA","{'lat': 41.812463, 'lng': -87.84139189999999}"
387,12987,"DeVry, Inc.","1201 S Alma School Rd Suite 5450, Mesa, AZ 85210, USA","{'lat': 33.3925125, 'lng': -111.8564625}"
388,12988,Clinton Unit School Dis...,"1200 E White St, Clinton, IL 61727, USA","{'lat': 40.1491596, 'lng': -88.95651339999999}"
389,12989,Learning Tech Center La...,"900 Kilbourne Rd, Gurnee, IL 60031, USA","{'lat': 42.3730404, 'lng': -87.91913509999999}"
390,12990,Gurnee Grade School,"900 Kilbourne Rd, Gurnee, IL 60031, USA","{'lat': 42.3730404, 'lng': -87.91913509999999}"
391,12991,Glenwood School,"500 W 187th St, Glenwood, IL 60425, USA","{'lat': 41.5474366, 'lng': -87.6299751}"
392,12992,Elgin Academy,"350 Park St, Elgin, IL 60120, USA","{'lat': 42.0421153, 'lng': -88.27805049999999}"
393,12993,Superintendent,"1130 Kim Pl, Lemont, IL 60439, USA","{'lat': 41.6584318, 'lng': -87.99639909999999}"
394,12994,Board of Education of T...,"125 S Clark St, Chicago, IL 60603, USA","{'lat': 41.8799308, 'lng': -87.6305172}"
395,12995,Berwyn Development Corp...,"3401 Gunderson Ave, Berwyn, IL 60402, USA","{'lat': 41.8301412, 'lng': -87.7850567}"
396,12996,Downers Grove Grade Sch...,"3935 Highland Ave, Downers Grove, IL 60515, USA","{'lat': 41.8153333, 'lng': -88.0094768}"
397,12997,Bonnie Mcbeth Learning ...,"15730 S Howard St, Plainfield, IL 60544, USA","{'lat': 41.59703469999999, 'lng': -88.1932157}"
398,12998,Donovan Elementary Scho...,"Donovan, IL 60931, USA","{'lat': 40.883368, 'lng': -87.61614279999999}"
399,12999,Glenwood School,"500 W 187th St, Glenwood, IL 60425, USA","{'lat': 41.5474366, 'lng': -87.6299751}"
