,_id,Name,Address,Geocodes
0,6300,Miami-Dade County Publi...,"18484 NW 48th Pl, Opa-locka, FL 33055, USA","{'lat': 25.941118, 'lng': -80.2824804}"
1,6301,Miami-Dade County Publi...,"105 Minorca Ave, Coral Gables, FL 33134, USA","{'lat': 25.7542298, 'lng': -80.2576145}"
2,6302,Baker County School Dis...,"1 Wildcat Dr, Glen St Mary, FL 32040, USA","{'lat': 30.2815387, 'lng': -82.15408459999999}"
3,6303,Hillsborough County Pub...,"2618 Corrine St, Tampa, FL 33605, USA","{'lat': 27.9489073, 'lng': -82.4291042}"
4,6304,Hillsborough County Pub...,"4329 Culbreath Rd, Valrico, FL 33596, USA","{'lat': 27.8739935, 'lng': -82.24080239999999}"
5,6305,Orange County Public Sc...,"3136 Edgewater Dr, Orlando, FL 32804, USA","{'lat': 28.5801249, 'lng': -81.389941}"
6,6306,Hillsborough County Pub...,"4410 W Main St, Tampa, FL 33607, USA","{'lat': 27.9574849, 'lng': -82.519387}"
7,6307,Hillsborough County Pub...,"5101 N 40th St, Tampa, FL 33610, USA","{'lat': 27.9930669, 'lng': -82.4138625}"
8,6308,Orange County Public Sc...,"3123 Edgewater Dr, Orlando, FL 32804, USA","{'lat': 28.580201, 'lng': -81.38923899999999}"
9,6309,District School Board o...,"37350 Florida Ave, Dade City, FL 33525, USA","{'lat': 28.3594808, 'lng': -82.1986579}"
10,6310,BELL SHOALS BAPTIST ACA...,"2102 Bell Shoals Rd, Brandon, FL 33511, USA","{'lat': 27.9107946, 'lng': -82.27122969999999}"
11,6311,Miami-Dade County Publi...,"1500 Biscayne Blvd # 234, Miami, FL 33132, USA","{'lat': 25.7897554, 'lng': -80.1899083}"
12,6312,Collier County School D...,"401 N 9th St, Immokalee, FL 34142, USA","{'lat': 26.4240584, 'lng': -81.4268682}"
13,6313,Hillsborough County Pub...,"1721 N Macdill Ave, Tampa, FL 33607, USA","{'lat': 27.9580653, 'lng': -82.4927647}"
14,6314,Carrollton School of Sa...,"3747 Main Hwy, Miami, FL 33133, USA","{'lat': 25.7211517, 'lng': -80.24783599999999}"
15,6315,Christ the King Catholi...,"6822 Larkin Rd, Jacksonville, FL 32211, USA","{'lat': 30.3248553, 'lng': -81.5860599}"
16,6316,Orange County Public Sc...,"1275 Maury Rd, Orlando, FL 32804, USA","{'lat': 28.5821758, 'lng': -81.3982611}"
17,6317,Orange County Public Sc...,"2500 W Taft Vineland Rd, Orlando, FL 32837, USA","{'lat': 28.4160381, 'lng': -81.4133032}"
18,6318,Marion County Public Sc...,"3143 SE 17th St, Ocala, FL 34471, USA","{'lat': 29.1724944, 'lng': -82.09415919999999}"
19,6319,Sellstate Advantage Rea...,"2300 Santa Barbara Blvd, Cape Coral, FL 33991, USA","{'lat': 26.6092345, 'lng': -81.9749799}"
20,6320,Orange County Public Sc...,"571 Martin St, Apopka, FL 32712, USA","{'lat': 28.6912389, 'lng': -81.5214755}"
21,6321,Hillsborough County Pub...,"4716 W Montgomery Ave, Tampa, FL 33616, USA","{'lat': 27.875723, 'lng': -82.52352599999999}"
22,6322,Orange County Public Sc...,"1227 Maury Rd, Orlando, FL 32804, USA","{'lat': 28.583596, 'lng': -81.3968998}"
23,6323,St Lucie County Public ...,"3203 Rhode Island Ave, Fort Pierce, FL 34947, USA","{'lat': 27.4284796, 'lng': -80.35736349999999}"
24,6324,Orange County Public Sc...,"689 Martin St, Apopka, FL 32712, USA","{'lat': 28.6925461, 'lng': -81.523416}"
25,6325,Orange County Public Sc...,"1155 N Fern Creek Ave, Orlando, FL 32803, USA","{'lat': 28.5611854, 'lng': -81.36018469999999}"
26,6326,Orange County Public Sc...,"1161 N Fern Creek Ave, Orlando, FL 32803, USA","{'lat': 28.5611997, 'lng': -81.3601849}"
27,6327,All Angels Academy,"1801 Ludlam Dr, Miami Springs, FL 33166, USA","{'lat': 25.8313464, 'lng': -80.304989}"
28,6328,Hillsborough County Pub...,"3501 Cork Rd, Plant City, FL 33565, USA","{'lat': 28.050337, 'lng': -82.175952}"
29,6329,Dayspring Academy,"9509 Palm Ave, Port Richey, FL 34668, USA","{'lat': 28.2951827, 'lng': -82.6991087}"
30,6330,East Baton Rouge Parish...,"1970 Cotton Bay Ln, Navarre, FL 32566, USA","{'lat': 30.4065969, 'lng': -86.93255839999999}"
31,6331,LearningRX,"225 5th Ave #7, Indialantic, FL 32903, USA","{'lat': 28.0903937, 'lng': -80.5699276}"
32,6332,Orange County Public Sc...,"1202 Maury Rd, Orlando, FL 32804, USA","{'lat': 28.5826256, 'lng': -81.3962932}"
33,6333,suwannee.k12.fl,"405 N Reynolds St, Branford, FL 32008, USA","{'lat': 29.9629425, 'lng': -82.92494459999999}"
34,6334,Broward County Public S...,"1050 NW 2nd St, Dania Beach, FL 33004, USA","{'lat': 26.0566511, 'lng': -80.150185}"
35,6335,Broward County Public S...,"2700 Sportsplex Dr, Coral Springs, FL 33065, USA","{'lat': 26.2635554, 'lng': -80.2955419}"
36,6336,Orange County Public Sc...,"573 Martin St, Apopka, FL 32712, USA","{'lat': 28.6912395, 'lng': -81.5214836}"
37,6337,The School District of ...,"4110 Bauer Rd, Pensacola, FL 32506, USA","{'lat': 30.3457378, 'lng': -87.40455879999999}"
38,6338,Orange County Public Sc...,"1229 Maury Rd, Orlando, FL 32804, USA","{'lat': 28.5827914, 'lng': -81.3967232}"
39,6339,Orange County Public Sc...,"643 Martin St, Apopka, FL 32712, USA","{'lat': 28.6925461, 'lng': -81.523416}"
40,6340,Orange County Public Sc...,"1242 Maury Rd, Orlando, FL 32804, USA","{'lat': 28.5822421, 'lng': -81.3975732}"
41,6341,Orange County Public Sc...,"3207 Edgewater Dr, Orlando, FL 32804, USA","{'lat': 28.5803634, 'lng': -81.3892791}"
42,6342,Early Learning Coalitio...,"1564 N Meadowcrest Blvd, Crystal River, FL 34429, USA","{'lat': 28.8855372, 'lng': -82.5389568}"
43,6343,Orange County Public Sc...,"1255 Maury Rd, Orlando, FL 32804, USA","{'lat': 28.5830967, 'lng': -81.3981855}"
44,6344,Orange County Public Sc...,"1274 Maury Rd, Orlando, FL 32804, USA","{'lat': 28.5822014, 'lng': -81.39819709999999}"
45,6345,Taylor County School Di...,"3233 S Byron Butler Pkwy, Perry, FL 32348, USA","{'lat': 30.0778864, 'lng': -83.5675303}"
46,6346,Orange County Public Sc...,"1215 Maury Rd, Orlando, FL 32804, USA","{'lat': 28.5835584, 'lng': -81.39612079999999}"
47,6347,Orange County Public Sc...,"1160 N Fern Creek Ave, Orlando, FL 32803, USA","{'lat': 28.5611325, 'lng': -81.3607746}"
48,6348,Polk County Public Scho...,"601 Avenue C SE, Winter Haven, FL 33880, USA","{'lat': 28.0196313, 'lng': -81.7178411}"
49,6349,Walton County School Di...,"15381 331 Business, Freeport, FL 32439, USA","{'lat': 30.50754749999999, 'lng': -86.1304184}"
50,6350,Orange County Public Sc...,"3106 Edgewater Dr, Orlando, FL 32804, USA","{'lat': 28.5799747, 'lng': -81.3899392}"
51,6351,Broward County Public S...,"9100 NW 21st Manor, Sunrise, FL 33322, USA","{'lat': 26.1511442, 'lng': -80.2708105}"
52,6352,Orange County Public Sc...,"1168 N Fern Creek Ave, Orlando, FL 32803, USA","{'lat': 28.5611636, 'lng': -81.3607753}"
53,6353,Bridges Montessori Scho...,"51 SE Central Pkwy, Stuart, FL 34994, USA","{'lat': 27.1793117, 'lng': -80.2503244}"
54,6354,Orange County Public Sc...,"568 Martin St, Apopka, FL 32712, USA","{'lat': 28.6916485, 'lng': -81.5234715}"
55,6355,Orange County Public Sc...,"1205 Maury Rd, Orlando, FL 32804, USA","{'lat': 28.5836713, 'lng': -81.3955355}"
56,6356,The School District of ...,"6151 Hagen Ranch Rd, Lake Worth, FL 33467, USA","{'lat': 26.5854103, 'lng': -80.1576855}"
57,6357,Desoto County High Scho...,"1710 E Gibson St, Arcadia, FL 34266, USA","{'lat': 27.2226642, 'lng': -81.8390005}"
58,6358,Hillsborough County Pub...,"8302 Montague St, Tampa, FL 33635, USA","{'lat': 28.0222629, 'lng': -82.6044424}"
59,6359,Double R Private School,"725 Country School Rd, Chuluota, FL 32766, USA","{'lat': 28.653561, 'lng': -81.11463429999999}"
60,6360,Florida Bible Church,"9300 Pembroke Rd, Miramar, FL 33025, USA","{'lat': 25.9929994, 'lng': -80.26802339999999}"
61,6361,American College of Phy...,"400 N Ashley Dr # 400, Tampa, FL 33602, USA","{'lat': 27.9475247, 'lng': -82.4602554}"
62,6362,Putnam County School Di...,"126 County Rd 315, Interlachen, FL 32148, USA","{'lat': 29.630866, 'lng': -81.88476}"
63,6363,Orange County Public Sc...,"1176 N Fern Creek Ave, Orlando, FL 32803, USA","{'lat': 28.5611948, 'lng': -81.3607759}"
64,6364,Broward County Public S...,"1400 NW 14th Ct, Fort Lauderdale, FL 33311, USA","{'lat': 26.1436465, 'lng': -80.16156629999999}"
65,6365,Champion Preparatory Ac...,"3801 Wekiva Springs Rd, Longwood, FL 32779, USA","{'lat': 28.7064635, 'lng': -81.4424049}"
66,6366,Hebrew Day School-centr...,"851 N Maitland Ave, Maitland, FL 32751, USA","{'lat': 28.6348006, 'lng': -81.3664079}"
67,6367,Orange County Public Sc...,"3139 Edgewater Dr, Orlando, FL 32804, USA","{'lat': 28.5802129, 'lng': -81.38927730000002}"
68,6368,Orange County Public Sc...,"1250 Maury Rd, Orlando, FL 32804, USA","{'lat': 28.5821384, 'lng': -81.3976953}"
69,6369,Seminole County Public ...,"2190 S Oregon Ave, Sanford, FL 32771, USA","{'lat': 28.7944975, 'lng': -81.3306588}"
70,6370,Citrus County School Bo...,"2600 S Panther Pride Dr, Lecanto, FL 34461, USA","{'lat': 28.8256009, 'lng': -82.4988786}"
71,6371,Tampa Charter School,"470 W Central Pkwy #1001, Altamonte Springs, FL 32714, USA","{'lat': 28.6722126, 'lng': -81.4003583}"
72,6372,Orange County Public Sc...,"601 Martin St, Apopka, FL 32712, USA","{'lat': 28.6912569, 'lng': -81.5215953}"
73,6373,Orange County Public Sc...,"1210 Maury Rd, Orlando, FL 32804, USA","{'lat': 28.5826256, 'lng': -81.3962932}"
74,6374,Orange County Public Sc...,"584 Martin St, Apopka, FL 32712, USA","{'lat': 28.6920613, 'lng': -81.52157249999999}"
75,6375,Driftwood Middle School,"7770 W Oakland Park Blvd, Sunrise, FL 33351, USA","{'lat': 26.1657518, 'lng': -80.2531283}"
76,6376,Volusia County Schools,"1001 Parnell Ct, Deltona, FL 32738, USA","{'lat': 28.8918624, 'lng': -81.171966}"
77,6377,Lee County School Distr...,"2523 Market St, Fort Myers, FL 33901, USA","{'lat': 26.6370421, 'lng': -81.8614279}"
78,6378,navigator middle high s...,"607 Celebration Ave, Kissimmee, FL 34747, USA","{'lat': 28.3194121, 'lng': -81.53957249999999}"
79,6379,Hillsborough County Pub...,"1315 W Spruce St, Tampa, FL 33607, USA","{'lat': 27.9599671, 'lng': -82.47340539999999}"
80,6380,Brevard County Schools,"1530 S Fiske Blvd, Rockledge, FL 32955, USA","{'lat': 28.3375208, 'lng': -80.7413625}"
81,6381,Foundation Academy,"15304 Tilden Rd, Winter Garden, FL 34787, USA","{'lat': 28.5055057, 'lng': -81.61619069999999}"
82,6382,Brevard Public Schools,"1050 N Palm Ave, Indialantic, FL 32903, USA","{'lat': 28.1004774, 'lng': -80.5736158}"
83,6383,Florida Department of E...,"325 W Gaines St, Tallahassee, FL 32399, USA","{'lat': 30.4349912, 'lng': -84.2849073}"
84,6384,Highland County Schools,"700 E Main St, Avon Park, FL 33825, USA","{'lat': 27.5942641, 'lng': -81.48782299999999}"
85,6385,Lakeland Senior High Sc...,"726 Hollingsworth Rd, Lakeland, FL 33801, USA","{'lat': 28.034616, 'lng': -81.9382505}"
86,6386,The School District of ...,"800 Maplewood Dr, Jupiter, FL 33458, USA","{'lat': 26.9274276, 'lng': -80.1254113}"
87,6387,Highland County Schools,"201 Tangerine Rd, Lake Placid, FL 33852, USA","{'lat': 27.2767598, 'lng': -81.4031456}"
88,6388,Florida Department of E...,"325 W Gaines St Building Ste 1514, Tallahassee, FL 32399, USA","{'lat': 30.4349912, 'lng': -84.2849073}"
89,6389,Clay County School Dist...,"5025 Co Rd 218, Middleburg, FL 32068, USA","{'lat': 30.0828298, 'lng': -81.9446161}"
90,6390,Brevard Public Schools,"850 Knox McRae Dr, Titusville, FL 32780, USA","{'lat': 28.5651076, 'lng': -80.8111523}"
91,6391,Orange County Public Sc...,"500 S Park Ave, Apopka, FL 32703, USA","{'lat': 28.6714039, 'lng': -81.5094616}"
92,6392,Faith Christian School ...,"6950 Royal Palm Blvd, Margate, FL 33063, USA","{'lat': 26.2518183, 'lng': -80.21844999999999}"
93,6393,Orange County Public Sc...,"100 Caswell Dr, Orlando, FL 32825, USA","{'lat': 28.5459776, 'lng': -81.2711369}"
94,6394,"Burger King Holdings, I...","5775 Osceola Trail, Naples, FL 34109, USA","{'lat': 26.2207843, 'lng': -81.7592611}"
95,6395,"Burger King Holdings, I...","6100 Oleander Dr, Orlando, FL 32807, USA","{'lat': 28.5519543, 'lng': -81.30204340000002}"
96,6396,Liberty Christian Schoo...,"2626 S Palmetto Ave, Sanford, FL 32773, USA","{'lat': 28.78079159999999, 'lng': -81.2660361}"
97,6397,County of Leon School B...,"2757 W Pensacola St, Tallahassee, FL 32304, USA","{'lat': 30.4408414, 'lng': -84.33481309999999}"
98,6398,The School District of ...,"15245 Military Trail, Jupiter, FL 33458, USA","{'lat': 26.9046053, 'lng': -80.1045139}"
99,6399,Seminole County Public ...,"415 Tuskawilla Rd, Winter Springs, FL 32708, USA","{'lat': 28.68757939999999, 'lng': -81.2633262}"
100,6400,County of Polk School B...,"1000 N Buena Vista Dr, Lake Alfred, FL 33850, USA","{'lat': 28.1083, 'lng': -81.72908199999999}"
101,6401,Pinellas County Schools,"3636 Ridge Blvd, Palm Harbor, FL 34684, USA","{'lat': 28.0765123, 'lng': -82.7159423}"
102,6402,Ascension Parish School...,"30 E Texar Dr, Pensacola, FL 32503, USA","{'lat': 30.4467235, 'lng': -87.2214741}"
103,6403,Georgetown County Schoo...,"4100 County Rd 4, Century, FL 32535, USA","{'lat': 30.9672112, 'lng': -87.4063723}"
104,6404,Hillsborough County Pub...,"4302 N 24th St, Tampa, FL 33610, USA","{'lat': 27.9838773, 'lng': -82.4339725}"
105,6405,Broward County Public S...,"600 SE 3rd Ave, Fort Lauderdale, FL 33301, USA","{'lat': 26.1143076, 'lng': -80.1394565}"
106,6406,Boone Middle School,"5555 Lake Trask Rd, Dundee, FL 33838, USA","{'lat': 28.0162906, 'lng': -81.59571199999999}"
107,6407,Christian's,"1157 Golfair Blvd, Jacksonville, FL 32209, USA","{'lat': 30.3684302, 'lng': -81.6775102}"
108,6408,"4 Elements, Inc.","5721 Hwy 99, Molino, FL 32577, USA","{'lat': 30.732823, 'lng': -87.4355751}"
109,6409,Speedy Pig Restaurant,"7705 Gunn Hwy, Tampa, FL 33625, USA","{'lat': 28.0791447, 'lng': -82.5723194}"
110,6410,Diocese Of Orlando Hmn ...,"810 S Oak Ave, Sanford, FL 32771, USA","{'lat': 28.80481619999999, 'lng': -81.2696058}"
111,6411,Ft Lauderdale Christian...,"Fort Lauderdale, FL 33302, USA","{'lat': 26.1193363, 'lng': -80.1290801}"
112,6412,Hillsborough County Pub...,"9855 Harney Rd, Thonotosassa, FL 33592, USA","{'lat': 28.04676, 'lng': -82.3246889}"
113,6413,Charlotte Mecklenburg S...,"555 Martin St, Apopka, FL 32712, USA","{'lat': 28.6934856, 'lng': -81.5219269}"
114,6414,Meridian Housing Author...,"501 Pickens Ave, Pensacola, FL 32503, USA","{'lat': 30.42678699999999, 'lng': -87.1829106}"
115,6415,Charlotte Mecklenburg S...,"5146 N Pine Hills Rd, Orlando, FL 32808, USA","{'lat': 28.6061422, 'lng': -81.4528325}"
116,6416,American Heritage Schoo...,"12100 W Broward Blvd, Plantation, FL 33325, USA","{'lat': 26.1211349, 'lng': -80.3101449}"
117,6417,Delphi Academy of Flori...,"1831 Drew St, Clearwater, FL 33765, USA","{'lat': 27.9676793, 'lng': -82.7602489}"
118,6418,Haines City High School,"2800 Hornet Dr, Haines City, FL 33844, USA","{'lat': 28.0996337, 'lng': -81.6086662}"
119,6419,County of Leon School B...,"205 Meadow Ridge Dr, Tallahassee, FL 32312, USA","{'lat': 30.556809, 'lng': -84.275871}"
120,6420,Lighthouse Christian Sc...,"1542 Kingsley Ave, Orange Park, FL 32073, USA","{'lat': 30.1639484, 'lng': -81.7283404}"
121,6421,El Palacio Cafeteria In...,"400 Gator Blvd, Belle Glade, FL 33430, USA","{'lat': 26.6946825, 'lng': -80.6625862}"
122,6422,Hometown Buffets,"501 NE 48th St, Pompano Beach, FL 33064, USA","{'lat': 26.292061, 'lng': -80.11727499999999}"
123,6423,Lakewood Elementary Sch...,"4151 6th St S, St. Petersburg, FL 33705, USA","{'lat': 27.7304211, 'lng': -82.6417396}"
124,6424,Gr New Bedford Voc Tech,"4750 NW 22nd Ave, Miami, FL 33142, USA","{'lat': 25.8182066, 'lng': -80.2333945}"
125,6425,Bible Truth Ministries ...,"4902 N 22nd St, Tampa, FL 33610, USA","{'lat': 27.989876, 'lng': -82.43513659999999}"
126,6426,Broward County Public S...,"7700 W Oakland Park Blvd, Sunrise, FL 33322, USA","{'lat': 26.1667581, 'lng': -80.2561472}"
127,6427,Seminole County Public ...,"1101 S Bay Ave, Sanford, FL 32771, USA","{'lat': 28.8019291, 'lng': -81.2569597}"
128,6428,flagler.k12.fl,"Bunnell, FL, USA","{'lat': 29.4660863, 'lng': -81.25784159999999}"
129,6429,Citrus County School Bo...,"5136 S Pointe Dr, Inverness, FL 34450, USA","{'lat': 28.78484439999999, 'lng': -82.28386189999999}"
130,6430,District School Board o...,"8309 Fox Hollow Dr, Port Richey, FL 34668, USA","{'lat': 28.3021756, 'lng': -82.67735150000001}"
131,6431,Episcopal High School,"4455 Atlantic Blvd, Jacksonville, FL 32207, USA","{'lat': 30.3107932, 'lng': -81.6216609}"
132,6432,Miami-Dade County Publi...,"10853 SW 216th St, Miami, FL 33170, USA","{'lat': 25.5675306, 'lng': -80.3659085}"
133,6433,Accotink Academy By The...,"171 Canal Blvd, Ponte Vedra Beach, FL 32082, USA","{'lat': 30.1763854, 'lng': -81.3965238}"
134,6434,Hillsborough County Pub...,"16815 Dorman Rd, Lithia, FL 33547, USA","{'lat': 27.8421926, 'lng': -82.21863909999999}"
135,6435,Holmes District School ...,"701 E Pennsylvania Ave, Bonifay, FL 32425, USA","{'lat': 30.7914783, 'lng': -85.67178059999999}"
136,6436,Lincoln Marti School,"904 SW 23rd Ave, Miami, FL 33135, USA","{'lat': 25.7643263, 'lng': -80.2331037}"
137,6437,ASPIRA of Broward,"3650 N Miami Ave, Miami, FL 33127, USA","{'lat': 25.810995, 'lng': -80.19574469999999}"
138,6438,Broward County Public S...,"7720 W Oakland Park Blvd, Sunrise, FL 33351, USA","{'lat': 26.1649616, 'lng': -80.2522571}"
139,6439,Orange County Public Sc...,"3405 S Chickasaw Trail, Orlando, FL 32829, USA","{'lat': 28.5020025, 'lng': -81.2678857}"
140,6440,County of Leon School B...,"1600 Pedrick Rd, Tallahassee, FL 32317, USA","{'lat': 30.4613826, 'lng': -84.18115929999999}"
141,6441,Boone Middle School,"3515 Sherertz Rd, Lakeland, FL 33810, USA","{'lat': 28.126492, 'lng': -82.0183833}"
142,6442,Santa Rosa County Schoo...,"5086 Canal St, Milton, FL 32570, USA","{'lat': 30.6195378, 'lng': -87.0385737}"
143,6443,Gulfcoast Ultrasound,"4615 Gulf Blvd #205, St Pete Beach, FL 33706, USA","{'lat': 27.7219709, 'lng': -82.73878119999999}"
144,6444,Leon County School Boar...,"15100 Blountstown Hwy, Tallahassee, FL 32310, USA","{'lat': 30.4385614, 'lng': -84.5149275}"
145,6445,flagler.k12.fl,"5500 FL-100, Palm Coast, FL 32164, USA","{'lat': 29.4766991, 'lng': -81.2100007}"
146,6446,flagler.k12.fl,"5545 Belle Terre Pkwy, Palm Coast, FL 32137, USA","{'lat': 29.5834827, 'lng': -81.25842229999999}"
147,6447,The Hebrew Academy,"1500 N State Rd 7, Margate, FL 33063, USA","{'lat': 26.2486617, 'lng': -80.2007627}"
148,6448,Brevard County Schools,"1225 Clearlake Rd, Cocoa, FL 32922, USA","{'lat': 28.3757148, 'lng': -80.75717209999999}"
149,6449,The School District of ...,"22400 Hammock St, Boca Raton, FL 33428, USA","{'lat': 26.343099, 'lng': -80.209909}"
150,6450,Hillsborough County Pub...,"363 NE Crawford St, Mayo, FL 32066, USA","{'lat': 30.0547562, 'lng': -83.1708668}"
151,6451,osceola.k12.fl,"817 Bill Beck Blvd, Kissimmee, FL 34744, USA","{'lat': 28.2983439, 'lng': -81.36022179999999}"
152,6452,Highland County Schools,"8200 Sparta Rd, Sebring, FL 33875, USA","{'lat': 27.4220335, 'lng': -81.44540889999999}"
153,6453,County of Leon School B...,"15100 Blountstown Hwy, Tallahassee, FL 32310, USA","{'lat': 30.4385614, 'lng': -84.5149275}"
154,6454,Miami-Dade County Publi...,"450 SW 4th St, Miami, FL 33130, USA","{'lat': 25.7698084, 'lng': -80.2022824}"
155,6455,Hillsborough County Pub...,"3208 Nesmith Rd, Plant City, FL 33566, USA","{'lat': 27.9736735, 'lng': -82.0713299}"
156,6456,Hillsborough County Pub...,"305 17th St W, Palmetto, FL 34221, USA","{'lat': 27.528303, 'lng': -82.56603199999999}"
157,6457,Country School,"862 Baisden Rd, Jacksonville, FL 32218, USA","{'lat': 30.4392332, 'lng': -81.6217893}"
158,6458,Miami-Dade County Publi...,"3737 NW 188th St, Miami Gardens, FL 33055, USA","{'lat': 25.9455458, 'lng': -80.2625449}"
159,6459,The School District of ...,"8310 N Davis Hwy, Pensacola, FL 32514, USA","{'lat': 30.513797, 'lng': -87.216419}"
160,6460,Dunedin Chamber Of Comm...,"1651 Pinehurst Rd, Dunedin, FL 34698, USA","{'lat': 28.0281164, 'lng': -82.7690966}"
161,6461,Charlotte Mecklenburg S...,"Discovery Middle School, 601 Woodbury Road, Orlando, FL 32828, USA","{'lat': 28.5421393, 'lng': -81.19270759999999}"
162,6462,Candil Jacaranda School,"Fort Lauderdale, FL, USA","{'lat': 26.1224386, 'lng': -80.13731740000001}"
163,6463,Gulf County Schools,"150 Middle School Rd, Port St Joe, FL 32456, USA","{'lat': 29.7875418, 'lng': -85.291403}"
164,6464,Lycee Franco American,"7500 Davie Road Extension, Hollywood, FL 33024, USA","{'lat': 26.0361265, 'lng': -80.23938319999999}"
165,6465,Orange County Public Sc...,"Discovery Middle School, 601 Woodbury Road, Orlando, FL 32828, USA","{'lat': 28.5421393, 'lng': -81.19270759999999}"
166,6466,The School District of ...,"8400 Lawrence Rd, Boynton Beach, FL 33436, USA","{'lat': 26.5502128, 'lng': -80.10403389999999}"
167,6467,Lehrman Community Day S...,"727 77th St #77Th, Miami, FL 33141, USA","{'lat': 25.8623258, 'lng': -80.1260657}"
168,6468,The Art Institute of Ne...,"1799 SE 17th St, Fort Lauderdale, FL 33316, USA","{'lat': 26.1010832, 'lng': -80.12353139999999}"
169,6469,Continental Academy,"3241 Executive Way, Miramar, FL 33025, USA","{'lat': 25.9772957, 'lng': -80.2857531}"
170,6470,Citrus County Board of ...,"1007 W Main St, Inverness, FL 34450, USA","{'lat': 28.8353047, 'lng': -82.34387509999999}"
171,6471,Coconut Grove Realty,"450 Bird Rd, Coral Gables, FL 33146, USA","{'lat': 25.7321331, 'lng': -80.2631457}"
172,6472,Barnhill'S Country Buff...,"3075 Gulf Breeze Pkwy, Gulf Breeze, FL 32563, USA","{'lat': 30.3850065, 'lng': -87.0962349}"
173,6473,Polk County Public Scho...,"815 Plateau Ave, Lakeland, FL 33815, USA","{'lat': 28.0347053, 'lng': -81.9881442}"
174,6474,Swago Custom Apparel,"232 NE 33rd St, Oakland Park, FL 33334, USA","{'lat': 26.1687989, 'lng': -80.1437832}"
175,6475,Florida Department of E...,"325 W Gaines St, Tallahassee, FL 32399, USA","{'lat': 30.4349912, 'lng': -84.2849073}"
176,6476,flagler.k12.fl,"800 E Howe St, Bunnell, FL 32110, USA","{'lat': 29.472761, 'lng': -81.255403}"
177,6477,Orange County Public Sc...,"3607 Damon Rd, Apopka, FL 32703, USA","{'lat': 28.624848, 'lng': -81.50313899999999}"
178,6478,Duval County Public Sch...,"900 Acorn St, Jacksonville, FL 32209, USA","{'lat': 30.3376124, 'lng': -81.6858043}"
179,6479,Driftwood Middle School,"7700 W Oakland Park Blvd, Sunrise, FL 33322, USA","{'lat': 26.1667581, 'lng': -80.2561472}"
180,6480,Orange County Public Sc...,"2900 Logandale Dr, Orlando, FL 32817, USA","{'lat': 28.5877024, 'lng': -81.2534751}"
181,6481,LCL Direct - Legal Cour...,"2727 S Grove St, Eustis, FL 32726, USA","{'lat': 28.8283054, 'lng': -81.6826437}"
182,6482,Polk County Public Scho...,"530 E Clower St, Bartow, FL 33830, USA","{'lat': 27.8787081, 'lng': -81.8398505}"
183,6483,Broward County Public S...,"NW 9th Ave, Hallandale Beach, FL 33009, USA","{'lat': 25.9943778, 'lng': -80.1609701}"
184,6484,Kaleidoscope School-Dis...,"1556 Chandlee Ave, Panama City, FL 32405, USA","{'lat': 30.1791663, 'lng': -85.66566159999999}"
185,6485,Lee County School Distr...,"1039 NE 16th Terrace, Cape Coral, FL 33909, USA","{'lat': 26.6855213, 'lng': -81.9500719}"
186,6486,Lee County School Distr...,"1601 Skyline Dr, North Fort Myers, FL 33903, USA","{'lat': 26.6506459, 'lng': -81.90244899999999}"
187,6487,Hernando County School ...,"6000 Roble Ave, Spring Hill, FL 34608, USA","{'lat': 28.5149069, 'lng': -82.52129699999999}"
188,6488,Bishop Verot High Schoo...,"5598 Sunrise Dr, Fort Myers, FL 33919, USA","{'lat': 26.5886554, 'lng': -81.8848766}"
189,6489,Beacon Hill Private Sch...,"18001 NW 22nd Ave, Miami Gardens, FL 33056, USA","{'lat': 25.9384387, 'lng': -80.23670580000001}"
190,6490,Cafe Catering,"104 Greentree Cir, Jupiter, FL 33458, USA","{'lat': 26.9253026, 'lng': -80.1291846}"
191,6491,Soledad Unified School ...,"600 Elko St, Gonzales, CA 93926, USA","{'lat': 36.5115246, 'lng': -121.4430958}"
192,6492,County of Leon School B...,"1717 W Tharpe St, Tallahassee, FL 32303, USA","{'lat': 30.4612456, 'lng': -84.3161136}"
193,6493,Miami-Dade County Publi...,"18350 NW 67th Ave, Hialeah, FL 33015, USA","{'lat': 25.9397305, 'lng': -80.30807899999999}"
194,6494,St Lucie County Public ...,"2202 Ave Q, Fort Pierce, FL 34950, USA","{'lat': 27.467079, 'lng': -80.347655}"
195,6495,Orange County Plastic S...,"13914 Mailer Blvd, Orlando, FL 32828, USA","{'lat': 28.5000765, 'lng': -81.1516637}"
196,6496,Florida Department of E...,"372 W Duval St, Lake City, FL 32055, USA","{'lat': 30.1887972, 'lng': -82.6416763}"
197,6497,Florida Department of E...,"Jasper, FL 32052, USA","{'lat': 30.5182727, 'lng': -82.94819}"
198,6498,Houston-Galveston Area ...,"2077 Chagall Cir, West Palm Beach, FL 33409, USA","{'lat': 26.7323887, 'lng': -80.1008705}"
199,6499,Brevard Public Schools,"905 Pineda St, Cocoa, FL 32922, USA","{'lat': 28.3687276, 'lng': -80.746884}"
200,6500,Miami-Dade County Publi...,"150 W McIntyre St, Key Biscayne, FL 33149, USA","{'lat': 25.6908202, 'lng': -80.1668858}"
201,6501,Miami-Dade County Publi...,"800 77th St, Miami Beach, FL 33141, USA","{'lat': 25.8612571, 'lng': -80.1271562}"
202,6502,County of Polk School B...,"416 Ariana St, Lakeland, FL 33803, USA","{'lat': 28.0254946, 'lng': -81.9607691}"
203,6503,Duval County Public Sch...,"700 Seagate Ave, Neptune Beach, FL 32266, USA","{'lat': 30.30877199999999, 'lng': -81.40220099999999}"
204,6504,Brevard Public Schools,"2700 Judge Fran Jamieson Way, Melbourne, FL 32940, USA","{'lat': 28.2482153, 'lng': -80.7365993}"
205,6505,St Lucie County Public ...,"3201 S 25th St, Fort Pierce, FL 34981, USA","{'lat': 27.4064697, 'lng': -80.3529568}"
206,6506,Boca Ciega High School,"924 58th St S, Gulfport, FL 33707, USA","{'lat': 27.760965, 'lng': -82.709974}"
207,6507,Alee Academy Inc,"1705 County Rd 44, Eustis, FL 32736, USA","{'lat': 28.8753609, 'lng': -81.66831189999999}"
208,6508,Orange County Public Sc...,"9601 11th Ave, Orlando, FL 32824, USA","{'lat': 28.4250691, 'lng': -81.35917529999999}"
209,6509,St Lucie County Public ...,"7800 Indrio Rd, Fort Pierce, FL 34951, USA","{'lat': 27.522878, 'lng': -80.40370899999999}"
210,6510,Duval County Public Sch...,"2000 3rd St N, Jacksonville Beach, FL 32250, USA","{'lat': 30.3065605, 'lng': -81.39772750000002}"
211,6511,Hillel Community Day Sc...,"Ojus, FL 33163, USA","{'lat': 25.95, 'lng': -80.14999999999999}"
212,6512,2m Holdings Inc,"89901 Old Hwy, Tavernier, FL 33070, USA","{'lat': 24.9935996, 'lng': -80.53750760000001}"
213,6513,Charlotte Mecklenburg S...,"13400 Town Loop Blvd, Orlando, FL 32837, USA","{'lat': 28.3675919, 'lng': -81.43510909999999}"
214,6514,Boca Raton Christian Sc...,"315 NW 4th St, Boca Raton, FL 33432, USA","{'lat': 26.3543119, 'lng': -80.09288889999999}"
215,6515,Clay County School Dist...,"2634 County Rd 220, Middleburg, FL 32068, USA","{'lat': 30.1008969, 'lng': -81.7797744}"
216,6516,The School District of ...,"19500 Coral Ridge Dr, Boca Raton, FL 33498, USA","{'lat': 26.3844153, 'lng': -80.2265129}"
217,6517,Okeechobee County Schoo...,"3725 SE 8th St, Okeechobee, FL 34974, USA","{'lat': 27.2374071, 'lng': -80.7902775}"
218,6518,osceola.k12.fl,"2251 Lakeside Dr, Kissimmee, FL 34743, USA","{'lat': 28.3143037, 'lng': -81.3523737}"
219,6519,Leon County School Boar...,"2757 W Pensacola St, Tallahassee, FL 32304, USA","{'lat': 30.4408414, 'lng': -84.33481309999999}"
220,6520,District School Board o...,"20430 Gator Ln, Land O' Lakes, FL 34638, USA","{'lat': 28.2609164, 'lng': -82.47658790000001}"
221,6521,Calhoun County School D...,"17586 Main St N, Blountstown, FL 32424, USA","{'lat': 30.4482428, 'lng': -85.0466062}"
222,6522,Sher Garner Cahill Rich...,"30 E Texar Dr, Pensacola, FL 32503, USA","{'lat': 30.4467235, 'lng': -87.2214741}"
223,6523,Orange County Public Sc...,"500 N Park Ave, Apopka, FL 32712, USA","{'lat': 28.6895189, 'lng': -81.51060849999999}"
224,6524,Music A LA Carte,"2574 SW 27th Ln, Miami, FL 33133, USA","{'lat': 25.739792, 'lng': -80.236621}"
225,6525,Gladeview Christian Sch...,"5801 SW 120th Ave, Miami, FL 33183, USA","{'lat': 25.7148702, 'lng': -80.38661119999999}"
226,6526,Miami-Dade County Publi...,"444 Brickell Ave Ste 51-600, Miami, FL 33131, USA","{'lat': 25.7691894, 'lng': -80.190427}"
227,6527,monroe.k12.fl,"104801 Overseas Hwy, Key Largo, FL 33037, USA","{'lat': 25.1536901, 'lng': -80.3869591}"
228,6528,County of Leon School B...,"650 Trojan Trail, Tallahassee, FL 32311, USA","{'lat': 30.439843, 'lng': -84.217603}"
229,6529,Sarasota Family YMCA,"1084 S Briggs Ave, Sarasota, FL 34237, USA","{'lat': 27.3240126, 'lng': -82.5164063}"
230,6530,Montessori Teacher Trai...,"6050 SW 57th Ave, Miami, FL 33143, USA","{'lat': 25.7148862, 'lng': -80.2861161}"
231,6531,Sage Solutions Group,"510 Campus St, Kissimmee, FL 34747, USA","{'lat': 28.319619, 'lng': -81.544709}"
232,6532,flagler.k12.fl,"4500 Belle Terre Pkwy, Palm Coast, FL 32164, USA","{'lat': 29.52943609999999, 'lng': -81.22400019999999}"
233,6533,Pinellas County Schools,"5900 Dr M.L.K. Jr St N, St. Petersburg, FL 33703, USA","{'lat': 27.8256572, 'lng': -82.6471373}"
234,6534,Charlotte Mecklenburg S...,"3405 S Chickasaw Trail, Orlando, FL 32829, USA","{'lat': 28.5020025, 'lng': -81.2678857}"
235,6535,Driftwood Middle School,"600 SE 3rd Ave, Fort Lauderdale, FL 33301, USA","{'lat': 26.1143076, 'lng': -80.1394565}"
236,6536,W R Tolar Elementary Sc...,"Bristol, FL 32321, USA","{'lat': 30.43214069999999, 'lng': -84.9757496}"
237,6537,Florida Department of E...,"325 W Gaines St, Tallahassee, FL 32399, USA","{'lat': 30.4350282, 'lng': -84.284881}"
238,6538,Leon County School Boar...,"9902 Deer Lake W, Tallahassee, FL 32312, USA","{'lat': 30.608856, 'lng': -84.2407218}"
239,6539,Charlotte Mecklenburg S...,"2015 Lakeville Rd, Apopka, FL 32703, USA","{'lat': 28.6456135, 'lng': -81.4794527}"
240,6540,Driftwood Middle School,"1101 Glades Pkwy, Weston, FL 33327, USA","{'lat': 26.1278611, 'lng': -80.4187644}"
241,6541,Christian Academy-louis...,"6855 W Commercial Blvd, Lauderhill, FL 33319, USA","{'lat': 26.1946012, 'lng': -80.24239089999999}"
242,6542,School Board of Alachua...,"5510 NW 27th Ave, Gainesville, FL 32606, USA","{'lat': 29.6786663, 'lng': -82.40158509999999}"
243,6543,The School District of ...,"1745 Echo Lake Dr, West Palm Beach, FL 33407, USA","{'lat': 26.74828, 'lng': -80.0837516}"
244,6544,Charlotte Mecklenburg S...,"6200 Chancellor Dr, Orlando, FL 32809, USA","{'lat': 28.4696051, 'lng': -81.41447269999999}"
245,6545,Orange County Public Sc...,"2700 Judge Fran Jamieson Way, Melbourne, FL 32940, USA","{'lat': 28.2482153, 'lng': -80.7365993}"
246,6546,Pinellas County Schools,"150 SW 6th St, Lake Butler, FL 32054, USA","{'lat': 30.0170186, 'lng': -82.33950910000001}"
247,6547,The School District of ...,"673 Conniston Rd, West Palm Beach, FL 33405, USA","{'lat': 26.6772244, 'lng': -80.0612481}"
248,6548,Highland County Schools,"401 S Lake Ave, Avon Park, FL 33825, USA","{'lat': 27.5924671, 'lng': -81.5012181}"
249,6549,Orange County Public Sc...,"901 N Lakemont Ave, Winter Park, FL 32792, USA","{'lat': 28.6063763, 'lng': -81.3292835}"
250,6550,Pinellas County Schools,"1651 Pinehurst Rd, Dunedin, FL 34698, USA","{'lat': 28.0281164, 'lng': -82.7690966}"
251,6551,Duval County Public Sch...,"3925 Athore Dr, Jacksonville, FL 32277, USA","{'lat': 30.3708883, 'lng': -81.5935064}"
252,6552,Pinellas County Schools,"2800 Drew St, Clearwater, FL 33759, USA","{'lat': 27.9693671, 'lng': -82.7206915}"
253,6553,The Gathering Place,"6601 NW 167th St, Hialeah, FL 33015, USA","{'lat': 25.9263723, 'lng': -80.3052932}"
254,6554,The School District of Escambia County,"2250 Semur Rd, Pensacola, FL 32503, USA","{'lat': 30.4624061, 'lng': -87.1935372}"
255,6555,stjohns.k12.fl,"100 Knights Ln, St Johns, FL 32259, USA","{'lat': 30.0811235, 'lng': -81.5629546}"
256,6556,Duval County Public Schools (DCPS),"9000 Southside Blvd BLDG 900, Jacksonville, FL 32256, USA","{'lat': 30.1951824, 'lng': -81.5540391}"
257,6557,Miami-Dade County Public Schools,"14550 SW 96th St, Miami, FL 33186, USA","{'lat': 25.6760779, 'lng': -80.42902280000001}"
258,6558,Miami-Dade County Public Schools,"5555 SW 93rd Ave, Miami, FL 33165, USA","{'lat': 25.7169279, 'lng': -80.3445045}"
259,6559,Miami-Dade County Public Schools,"5700 W 24th Ave, Hialeah, FL 33016, USA","{'lat': 25.8744774, 'lng': -80.3321903}"
260,6560,Clay County School District,"2634 County Rd 220, Middleburg, FL 32068, USA","{'lat': 30.1008969, 'lng': -81.7797744}"
261,6561,Miami-Dade County Public Schools,"1901 SW 134th Ave, Miami, FL 33175, USA","{'lat': 25.7493794, 'lng': -80.4121346}"
262,6562,Duval County Public Schools (DCPS),"3977 Herschel St, Jacksonville, FL 32205, USA","{'lat': 30.2915975, 'lng': -81.7141212}"
263,6563,School Board of Alachua  County,"13800 Northwest 152nd Place, Alachua, FL 32615, USA","{'lat': 29.7948316, 'lng': -82.4921961}"
264,6564,Miami-Dade County Public Schools,"251 E 47th St, Hialeah, FL 33013, USA","{'lat': 25.8656626, 'lng': -80.2756836}"
265,6565,Florida Department of Education,"303 NW Johnson St, Lake City, FL 32055, USA","{'lat': 30.21742639999999, 'lng': -82.6412965}"
266,6566,osceola.k12.fl,"2020 Ham Brown Rd, Kissimmee, FL 34746, USA","{'lat': 28.243651, 'lng': -81.46468500000002}"
267,6567,First Coast Christian School,"7587 Blanding Blvd, Jacksonville, FL 32244, USA","{'lat': 30.20975769999999, 'lng': -81.7369745}"
268,6568,Broward County Public Schools,"8401 Westview Dr, Coral Springs, FL 33067, USA","{'lat': 26.2991208, 'lng': -80.2384048}"
269,6569,School Board of Alachua  County,"2826 NW 31st Ave, Gainesville, FL 32605, USA","{'lat': 29.6823118, 'lng': -82.3650226}"
270,6570,Sarasota County Public Schools,"7050 Glenallen Blvd, North Port, FL 34287, USA","{'lat': 27.0746459, 'lng': -82.2386358}"
271,6571,Lee County School District,"1601 Skyline Dr, North Fort Myers, FL 33903, USA","{'lat': 26.6506459, 'lng': -81.90244899999999}"
272,6572,Broward County Public Schools,"1701 NW 23rd Ave, Fort Lauderdale, FL 33311, USA","{'lat': 26.149255, 'lng': -80.17271099999999}"
273,6573,Keiser University,"Nineteen Hundred Building, 1900 W Commercial Blvd, Fort Lauderdale, FL 33309, USA","{'lat': 26.1874469, 'lng': -80.1681502}"
274,6574,EASTSIDE ELEMENTARY,"2052 NW Eucalyptus Blvd, LaBelle, FL 33935, USA","{'lat': 26.7520888, 'lng': -81.4126811}"
275,6575,Broward County Public Schools,"3911 NW 30th Ave, Lauderdale Lakes, FL 33309, USA","{'lat': 26.1746373, 'lng': -80.1838449}"
276,6576,Hillsborough County Public Schools,"1208 Wishing Well Way, Tampa, FL 33619, USA","{'lat': 27.9357605, 'lng': -82.3710182}"
277,6577,Chancellor Supplemental Educational Services,"3250 Mary St #202, Miami, FL 33133, USA","{'lat': 25.7302462, 'lng': -80.23994619999999}"
278,6578,Broward County Public Schools,"1000 NW 31st Ave, Pompano Beach, FL 33069, USA","{'lat': 26.2409468, 'lng': -80.163136}"
279,6579,Annsworth Academy Inc,"2707 Killarney Way, Tallahassee, FL 32309, USA","{'lat': 30.5127262, 'lng': -84.2240688}"
280,6580,Broward County Public Schools,"5901 Pine Island Rd, Parkland, FL 33076, USA","{'lat': 26.304503, 'lng': -80.26945700000002}"
281,6581,Hillsborough County Public Schools,"10501 Montague St, Tampa, FL 33626, USA","{'lat': 28.0543113, 'lng': -82.5974746}"
282,6582,Ft Lauderdale Christian School,"6330 NW 31st Ave, Fort Lauderdale, FL 33309, USA","{'lat': 26.2040115, 'lng': -80.18724499999999}"
283,6583,osceola.k12.fl,"5350 San Miguel Rd, Kissimmee, FL 34758, USA","{'lat': 28.1695183, 'lng': -81.4983845}"
284,6584,Miami-Dade County Public Schools,"1155 93rd St, Bay Harbor Islands, FL 33154, USA","{'lat': 25.8845511, 'lng': -80.1321289}"
285,6585,Miami-Dade County Public Schools,"2420 NW 18th Ave, Miami, FL 33142, USA","{'lat': 25.7987499, 'lng': -80.22572670000001}"
286,6586,Miami-Dade County Public Schools,"18491 SW 134th Ave, Miami, FL 33177, USA","{'lat': 25.5953531, 'lng': -80.4086131}"
287,6587,School Board of Alachua  County,"14533 SW 170th St, Archer, FL 32618, USA","{'lat': 29.5201505, 'lng': -82.52258739999999}"
288,6588,Broward County Public Schools,"2450 Banks Rd, Margate, FL 33063, USA","{'lat': 26.2582316, 'lng': -80.1939032}"
289,6589,CHARLOTTE School District,"Punta Gorda, FL, USA","{'lat': 26.9297836, 'lng': -82.0453664}"
290,6590,Grace Lutheran Church,"320 Bates Ave SE, Winter Haven, FL 33880, USA","{'lat': 28.0191033, 'lng': -81.7233686}"
291,6591,Miami-Dade County Public Schools,"2153 NW 3rd St, Miami, FL 33125, USA","{'lat': 25.777859, 'lng': -80.2300401}"
292,6592,"The School District of Palm Beach County, Flo...","1300 Barnett Dr, Lake Worth, FL 33461, USA","{'lat': 26.6329223, 'lng': -80.0709103}"
293,6593,Polk County Public School District,"700 Edgewood Dr N, Fort Meade, FL 33841, USA","{'lat': 27.759826, 'lng': -81.7824722}"
294,6594,Levy County School District,"808 N Main St, Chiefland, FL 32626, USA","{'lat': 29.4853206, 'lng': -82.8621175}"
295,6595,Polk County Public School District,"925 N Buena Vista Dr, Lake Alfred, FL 33850, USA","{'lat': 28.10545, 'lng': -81.728071}"
296,6596,Cardinal Newman High School,"512 Spencer Dr, West Palm Beach, FL 33409, USA","{'lat': 26.710336, 'lng': -80.09172}"
297,6597,Clay County Sheriffs Dept,"23 Green St S, Green Cove Springs, FL 32043, USA","{'lat': 29.9919905, 'lng': -81.68351849999999}"
298,6598,Miami-Dade County Public Schools,"450 Bird Rd, Coral Gables, FL 33146, USA","{'lat': 25.7321331, 'lng': -80.2631457}"
299,6599,Archdiocese of Miami,"5451 S Flamingo Rd, Southwest Ranches, FL 33330, USA","{'lat': 26.051664, 'lng': -80.3149562}"
