,_id,Name,Address,Geocodes
0,14600,Bond Co Cmty Unit Sch D...,"361 W Main St, Albion, IL 62806, USA","{'lat': 38.3762548, 'lng': -88.0676301}"
1,14601,Brook Park Elementary S...,"3524 Maple Ave, Brookfield, IL 60513, USA","{'lat': 41.8263212, 'lng': -87.8518294}"
2,14602,Kendall County Special ...,"901 Mill St, Yorkville, IL 60560, USA","{'lat': 41.6354566, 'lng': -88.4439408}"
3,14603,Galesburg Community Uni...,"547 N Farnham St, Galesburg, IL 61401, USA","{'lat': 40.9536509, 'lng': -90.34386599999999}"
4,14604,East Aurora School Dist...,"729 W Galena Blvd, Aurora, IL 60506, USA","{'lat': 41.7623741, 'lng': -88.3342222}"
5,14605,Heritage Christian Scho...,"1100 Jefferson St, Oregon, IL 61061, USA","{'lat': 42.0139162, 'lng': -89.34238959999999}"
6,14606,Cicero School District ...,"3100 S 54th Ave, Cicero, IL 60804, USA","{'lat': 41.8362005, 'lng': -87.7591844}"
7,14607,Berwyn South School Dis...,"6539 W 26th St, Berwyn, IL 60402, USA","{'lat': 41.84373850000001, 'lng': -87.78793859999999}"
8,14608,Lake Forest College,"95 W Deerpath Rd, Lake Forest, IL 60045, USA","{'lat': 42.2481851, 'lng': -87.84935730000001}"
9,14609,Casey-Westfield High Sc...,"301 E Monroe Ave, Casey, IL 62420, USA","{'lat': 39.294596, 'lng': -87.9890367}"
10,14610,Elmwood Park Community ...,"4 Conti Pkwy, Elmwood Park, IL 60707, USA","{'lat': 41.927395, 'lng': -87.8178624}"
11,14611,Camelot Schools,"1502 E Northwest Hwy, Palatine, IL 60074, USA","{'lat': 42.0948837, 'lng': -88.00706629999999}"
12,14612,Community High School D...,"1200 McHenry Ave, Crystal Lake, IL 60014, USA","{'lat': 42.2108709, 'lng': -88.34047849999999}"
13,14613,Kenilworth School Distr...,"542 Abbotsford Rd, Kenilworth, IL 60043, USA","{'lat': 42.0896523, 'lng': -87.7182606}"
14,14614,Mc Henry Elementary Sch...,"701 N Green St, McHenry, IL 60050, USA","{'lat': 42.3372226, 'lng': -88.2682452}"
15,14615,Moline Unit School Dist...,"1602 25th St, Rock Island, IL 61201, USA","{'lat': 41.495309, 'lng': -90.5647771}"
16,14616,Bond Co Cmty Unit Sch D...,"1115 Plainfield Rd, Joliet, IL 60435, USA","{'lat': 41.5435723, 'lng': -88.1085853}"
17,14617,Woodridge School Distri...,"2806 83rd St, Woodridge, IL 60517, USA","{'lat': 41.736909, 'lng': -88.050781}"
18,14618,"Morris, Illinois","127 S Canal St, Newark, IL 60541, USA","{'lat': 41.477973, 'lng': -88.481596}"
19,14619,"Collinsville, Illinois","125 S Center St, Collinsville, IL 62234, USA","{'lat': 38.6691754, 'lng': -89.985935}"
20,14620,Harlem Special Educatio...,"820 Roosevelt Rd, Machesney Park, IL 61115, USA","{'lat': 42.3472693, 'lng': -89.04659269999999}"
21,14621,Columbia High School,"77 Veterans Pkwy, Columbia, IL 62236, USA","{'lat': 38.4468439, 'lng': -90.2160538}"
22,14622,Alton Community School ...,"1613 W Delmar Ave, Godfrey, IL 62035, USA","{'lat': 38.9311309, 'lng': -90.2176516}"
23,14623,Downers Grove Grade Sch...,"1860 63rd St, Downers Grove, IL 60516, USA","{'lat': 41.7729823, 'lng': -88.0287041}"
24,14624,Quincy School District ...,"2001 Jefferson St, Quincy, IL 62301, USA","{'lat': 39.9212613, 'lng': -91.3831785}"
25,14625,Pepper Ridge School,"205 S Mc Lean St, Hudson, IL 61748, USA","{'lat': 40.6047352, 'lng': -88.98969319999999}"
26,14626,Frankfort C U School Di...,"800 N Cherry St, West Frankfort, IL 62896, USA","{'lat': 37.9052504, 'lng': -88.9083826}"
27,14627,Berwyn North School Dis...,"6401 15th St, Berwyn, IL 60402, USA","{'lat': 41.8601182, 'lng': -87.7844035}"
28,14628,Oak Park Elementary Sch...,"22W735 Poplar Rd, Glen Ellyn, IL 60137, USA","{'lat': 41.8357686, 'lng': -88.0710855}"
29,14629,Taft Elementary School,"406 Burke Dr, Joliet, IL 60433, USA","{'lat': 41.5169621, 'lng': -88.0350095}"
30,14630,Oldies Cafe Inc,"4201 S Airport Rd, Bartonville, IL 61607, USA","{'lat': 40.639811, 'lng': -89.68283439999999}"
31,14631,Oak Park Elementary Sch...,"921 N Kenilworth Ave, Oak Park, IL 60302, USA","{'lat': 41.9031887, 'lng': -87.79838840000001}"
32,14632,Oak Park Elementary Sch...,"1111 S Grove Ave, Oak Park, IL 60304, USA","{'lat': 41.8680078, 'lng': -87.7956859}"
33,14633,Dwight Township High Sc...,"801 S Franklin St, Dwight, IL 60420, USA","{'lat': 41.0857744, 'lng': -88.4263785}"
34,14634,Edwardsville High Schoo...,"6161 Center Grove Rd, Edwardsville, IL 62025, USA","{'lat': 38.7898119, 'lng': -89.9749295}"
35,14635,Board of Education of T...,"2010 N Central Park Ave, Chicago, IL 60647, USA","{'lat': 41.9178435, 'lng': -87.71715239999999}"
36,14636,Catholic Pastoral Cente...,"1615 W Washington St, Springfield, IL 62702, USA","{'lat': 39.8015874, 'lng': -89.6813744}"
37,14637,Liberty High School,"505 N Park St, Liberty, IL 62347, USA","{'lat': 39.8862235, 'lng': -91.10817519999999}"
38,14638,Board of Education of T...,"7019 N Ashland Blvd, Chicago, IL 60626, USA","{'lat': 42.0096715, 'lng': -87.6694873}"
39,14639,Champaign Unit For Scho...,"2001 Garden Hills Dr, Champaign, IL 61821, USA","{'lat': 40.1362075, 'lng': -88.2732621}"
40,14640,School District U-46,"121 Naperville Rd, Elgin, IL 60120, USA","{'lat': 42.0061576, 'lng': -88.21810680000002}"
41,14641,Brookwood School Distri...,"200 E Glenwood Lansing Rd, Glenwood, IL 60425, USA","{'lat': 41.5422268, 'lng': -87.6043661}"
42,14642,Grand Avenue School,"1301 Grand Ave, Beardstown, IL 62618, USA","{'lat': 40.00583779999999, 'lng': -90.43601439999999}"
43,14643,Eisenhower Jr High Scho...,"800 Hassell Rd, Hoffman Estates, IL 60169, USA","{'lat': 42.0635844, 'lng': -88.0996924}"
44,14644,Board of Education of T...,"4214 S St Lawrence Ave, Chicago, IL 60653, USA","{'lat': 41.8181936, 'lng': -87.6122372}"
45,14645,Board of Education of T...,"2745 W Roosevelt Rd, Chicago, IL 60608, USA","{'lat': 41.8660238, 'lng': -87.6951235}"
46,14646,Freeport School Distric...,"701 W Moseley St, Freeport, IL 61032, USA","{'lat': 42.2878878, 'lng': -89.6291157}"
47,14647,Eisenhower Jr High Scho...,"1320 Kingsdale Rd, Hoffman Estates, IL 60169, USA","{'lat': 42.0501821, 'lng': -88.11670649999999}"
48,14648,Quincy School District ...,"3000 Maine St, Quincy, IL 62301, USA","{'lat': 39.9299707, 'lng': -91.3661406}"
49,14649,bpd3,"11315 W Wadsworth Rd, Zion, IL 60099, USA","{'lat': 42.4286665, 'lng': -87.85075499999999}"
50,14650,East Aurora School Dist...,"1151 Plum St, Aurora, IL 60506, USA","{'lat': 41.7676551, 'lng': -88.34465229999999}"
51,14651,St. Clair County Region...,"1500 Andrews Dr, Cahokia, IL 62206, USA","{'lat': 38.55324400000001, 'lng': -90.1740083}"
52,14652,Naperville Community Un...,"1024 Magnolia Ln, Naperville, IL 60540, USA","{'lat': 41.7548699, 'lng': -88.147971}"
53,14653,Cook County School Dist...,"12545 S Homan Ave, Alsip, IL 60803, USA","{'lat': 41.6639331, 'lng': -87.70271269999999}"
54,14654,Boylan Indoor Tennis,"4000 St Francis Dr, Rockford, IL 61103, USA","{'lat': 42.319951, 'lng': -89.084096}"
55,14655,Board of Education of T...,"5255 S State St, Chicago, IL 60609, USA","{'lat': 41.7990451, 'lng': -87.6250366}"
56,14656,Bond Co Cmty Unit Sch D...,"6067 IL-154, Pinckneyville, IL 62274, USA","{'lat': 38.0832662, 'lng': -89.3209747}"
57,14657,Central Community Unit ...,"155 E 4th Ave, Clifton, IL 60927, USA","{'lat': 40.933825, 'lng': -87.93375619999999}"
58,14658,McHenry County Schools,"600 Dean St, Woodstock, IL 60098, USA","{'lat': 42.3098461, 'lng': -88.45092609999999}"
59,14659,Champaign Unit For Scho...,"1117 W Park Ave, Champaign, IL 61821, USA","{'lat': 40.1168393, 'lng': -88.26448219999999}"
60,14660,School District 170,"101 W Greenbriar Ave, Chicago Heights, IL 60411, USA","{'lat': 41.5246814, 'lng': -87.64596039999999}"
61,14661,Board of Education of T...,"8050 S Chappel Ave, Chicago, IL 60617, USA","{'lat': 41.7485181, 'lng': -87.5751142}"
62,14662,Cicero School District ...,"2625 S Austin Blvd, Cicero, IL 60804, USA","{'lat': 41.8424441, 'lng': -87.7731048}"
63,14663,Champaign Unit For Scho...,"817 N Harris Ave, Champaign, IL 61820, USA","{'lat': 40.125039, 'lng': -88.25379939999999}"
64,14664,Matteson Elementary Sch...,"20519 Arcadian Dr, Olympia Fields, IL 60461, USA","{'lat': 41.515223, 'lng': -87.701268}"
65,14665,Mount Vernon School Dis...,"623 S 34th St, Mt Vernon, IL 62864, USA","{'lat': 38.3098638, 'lng': -88.9350262}"
66,14666,St. Clair County Region...,"3429 Camp Jackson Rd, East St Louis, IL 62206, USA","{'lat': 38.5549447, 'lng': -90.11289540000001}"
67,14667,KIDS,"506 S Shabbona Rd, Shabbona, IL 60550, USA","{'lat': 41.7631787, 'lng': -88.8761653}"
68,14668,Natchez Regional Medica...,"1 Renaissance Blvd, Oakbrook Terrace, IL 60181, USA","{'lat': 41.8481434, 'lng': -87.98140459999999}"
69,14669,Wood River-Hartford E S...,"501 E Lorena Ave, Wood River, IL 62095, USA","{'lat': 38.8624988, 'lng': -90.0882441}"
70,14670,Oakland High School,"Oakland, IL 61943, USA","{'lat': 39.6539235, 'lng': -88.0261471}"
71,14671,Berwyn South School Dis...,"3401 Gunderson Ave, Berwyn, IL 60402, USA","{'lat': 41.8302524, 'lng': -87.7847877}"
72,14672,School District 47 Crys...,"875 Canterbury Dr, Crystal Lake, IL 60014, USA","{'lat': 42.2161253, 'lng': -88.3201347}"
73,14673,Board of Education of T...,"4414 S Evans Ave, Chicago, IL 60653, USA","{'lat': 41.814694, 'lng': -87.60856}"
74,14674,Cicero School District ...,"3545 S 61st Ave, Cicero, IL 60804, USA","{'lat': 41.8278076, 'lng': -87.7747191}"
75,14675,Friendship Junior High ...,"1900 W Lonnquist Blvd, Mt Prospect, IL 60056, USA","{'lat': 42.0525151, 'lng': -87.96747660000001}"
76,14676,Hazel Crest School Dist...,"1910 W 170th St, Hazel Crest, IL 60429, USA","{'lat': 41.5813004, 'lng': -87.6649012}"
77,14677,Greenbrier High School,"100 Eagle Drive, Columbia, IL 62236, USA","{'lat': 38.4442078, 'lng': -90.21374860000002}"
78,14678,Columbia High School,"100 Eagle Drive, Columbia, IL 62236, USA","{'lat': 38.4442078, 'lng': -90.21374860000002}"
79,14679,Claremont Institute,"2300 W 64th St, Chicago, IL 60636, USA","{'lat': 41.7778253, 'lng': -87.6814582}"
80,14680,Quincy School District ...,"1327 S 8th St, Quincy, IL 62301, USA","{'lat': 39.915049, 'lng': -91.402625}"
81,14681,St. Clair County Region...,"558 N 27th St, East St Louis, IL 62205, USA","{'lat': 38.6141488, 'lng': -90.12515619999999}"
82,14682,Clay City High School,"Rinard, IL 62878, USA","{'lat': 38.5543858, 'lng': -88.5130144}"
83,14683,Grand Avenue School,"500 E 15th St, Beardstown, IL 62618, USA","{'lat': 40.0072521, 'lng': -90.4220917}"
84,14684,Edwardsville High Schoo...,"708 St Louis St, Edwardsville, IL 62025, USA","{'lat': 38.8102908, 'lng': -89.96469429999999}"
85,14685,KIDS,"2117 W Church St, Johnsburg, IL 60051, USA","{'lat': 42.387175, 'lng': -88.241175}"
86,14686,Cicero School District ...,"5407 W 36th St, Cicero, IL 60804, USA","{'lat': 41.82702159999999, 'lng': -87.75868539999999}"
87,14687,Maywood-Melrose Park-Br...,"415 Lexington St, Maywood, IL 60153, USA","{'lat': 41.8702972, 'lng': -87.8377999}"
88,14688,Deer Creek Christian Ch...,"425 University Pkwy, Crete, IL 60417, USA","{'lat': 41.4437221, 'lng': -87.6673359}"
89,14689,Itasca School District,"301 E Washington St, Itasca, IL 60143, USA","{'lat': 41.9663884, 'lng': -88.01054740000001}"
90,14690,Futaba Corporation of A...,"711 E State Pkwy, Schaumburg, IL 60173, USA","{'lat': 42.0554571, 'lng': -88.06190219999999}"
91,14691,Pepper Ridge School,"3910 Timberwolf Trail, Bloomington, IL 61705, USA","{'lat': 40.43837389999999, 'lng': -89.0524224}"
92,14692,Cerro Gordo Cmty Unit S...,"Cerro Gordo, IL 61818, USA","{'lat': 39.8905912, 'lng': -88.72812619999999}"
93,14693,Summit School District ...,"7555 64th St, Summit, IL 60501, USA","{'lat': 41.774741, 'lng': -87.8097576}"
94,14694,Valley View Community U...,"500 King Arthur Way, Bolingbrook, IL 60440, USA","{'lat': 41.7119148, 'lng': -88.0471591}"
95,14695,Wood River-Hartford E S...,"110 W 2nd St, Hartford, IL 62048, USA","{'lat': 38.8313725, 'lng': -90.0965092}"
96,14696,Rockford Public School ...,"1506 Clover Ave, Rockford, IL 61102, USA","{'lat': 42.2573511, 'lng': -89.11453329999999}"
97,14697,Eastview Elementary Sch...,"20 W Walnut St, Canton, IL 61520, USA","{'lat': 40.5530366, 'lng': -90.03560639999999}"
98,14698,Sterling Community Unit...,"806 E Le Fevre Rd, Sterling, IL 61081, USA","{'lat': 41.8029672, 'lng': -89.6865389}"
99,14699,Leland Comm Unit School...,"Leland, IL 60531, USA","{'lat': 41.6125306, 'lng': -88.7995237}"
100,14700,Homer School District A...,"12914 W 143rd St, Homer Glen, IL 60491, USA","{'lat': 41.6300487, 'lng': -87.93392610000001}"
101,14701,Hometown Buffets,"2615 Lincoln Rd, McHenry, IL 60051, USA","{'lat': 42.3484402, 'lng': -88.2474113}"
102,14702,Granite City High Schoo...,"3231 Nameoki Rd, Granite City, IL 62040, USA","{'lat': 38.7210213, 'lng': -90.12422819999999}"
103,14703,Gibault Catholic High S...,"501 Columbia Ave, Waterloo, IL 62298, USA","{'lat': 38.3460012, 'lng': -90.156722}"
104,14704,Matteson Elementary Sch...,"165 Indiana St, Park Forest, IL 60466, USA","{'lat': 41.5011677, 'lng': -87.6921637}"
105,14705,Rockford Public School ...,"515 Maple St, Rockford, IL 61103, USA","{'lat': 42.2809812, 'lng': -89.0947104}"
106,14706,Board of Education of T...,"4355 N Linder Ave, Chicago, IL 60641, USA","{'lat': 41.9603258, 'lng': -87.7644175}"
107,14707,School District U-46,"655 N Airlite St, Elgin, IL 60123, USA","{'lat': 42.0490605, 'lng': -88.3243105}"
108,14708,Addision School Distric...,"222 N Jf Kennedy Dr, Addison, IL 60101, USA","{'lat': 41.933373, 'lng': -87.9947957}"
109,14709,Rockford Public School ...,"333 15th Ave, Rockford, IL 61104, USA","{'lat': 42.2500113, 'lng': -89.09351769999999}"
110,14710,Milledgeville High Scho...,"Chadwick, IL 61014, USA","{'lat': 42.0133599, 'lng': -89.8906765}"
111,14711,Elementary School Distr...,"20600 Matteson Ave, Matteson, IL 60443, USA","{'lat': 41.5155874, 'lng': -87.7390802}"
112,14712,iDL Solutions,"1020 Essington Rd, Joliet, IL 60435, USA","{'lat': 41.5406809, 'lng': -88.159899}"
113,14713,Community Consolidated ...,"1021 N Ridgewood Ln, Palatine, IL 60067, USA","{'lat': 42.1307188, 'lng': -88.03607939999999}"
114,14714,Board of Education of T...,"517 N Parkside Ave, Chicago, IL 60644, USA","{'lat': 41.890019, 'lng': -87.76607399999999}"
115,14715,Ill Center For Autism,"548 S Ruby Ln, Fairview Heights, IL 62208, USA","{'lat': 38.5825544, 'lng': -89.9956102}"
116,14716,Board of Education of T...,"1045 S Monitor Ave, Chicago, IL 60644, USA","{'lat': 41.8679458, 'lng': -87.7699914}"
117,14717,Lexington School Distri...,"Lexington, IL 61753, USA","{'lat': 40.6414237, 'lng': -88.7834001}"
118,14718,Mary Miller Junior High...,"1411 W Lafayette St, Watseka, IL 60970, USA","{'lat': 40.7799181, 'lng': -87.7500645}"
119,14719,Duquoin High School,"Perry, GA, USA","{'lat': 32.4582065, 'lng': -83.7315723}"
120,14720,Hillside School Distric...,"4804 Harrison St, Hillside, IL 60162, USA","{'lat': 41.870569, 'lng': -87.9035206}"
121,14721,Brookwood School Distri...,"600 E 191st Pl, Glenwood, IL 60425, USA","{'lat': 41.5410183, 'lng': -87.59502909999999}"
122,14722,Woodridge School Distri...,"3450 Hobson Rd, Woodridge, IL 60517, USA","{'lat': 41.7618804, 'lng': -88.0637352}"
123,14723,DeKalb High School,"650 N 1st St, DeKalb, IL 60115, USA","{'lat': 41.9374327, 'lng': -88.74962529999999}"
124,14724,Valley View Community U...,"905 Lily Cache Ln, Bolingbrook, IL 60440, USA","{'lat': 41.688024, 'lng': -88.1076281}"
125,14725,Herscher Community Unit...,"Herscher, IL 60941, USA","{'lat': 41.0491989, 'lng': -88.0978262}"
126,14726,Pepper Ridge School,"201 Brigham School Rd, Bloomington, IL 61704, USA","{'lat': 40.4422601, 'lng': -88.9941023}"
127,14727,DuPage High School Dist...,"213 N Lombard Rd, Addison, IL 60101, USA","{'lat': 41.931314, 'lng': -88.0213464}"
128,14728,Southwestern School Dis...,"1276 IL-16, Piasa, IL 62079, USA","{'lat': 39.116624, 'lng': -90.12170909999999}"
129,14729,Board of Education of T...,"1431 N Leamington Ave, Chicago, IL 60651, USA","{'lat': 41.9071425, 'lng': -87.7542673}"
130,14730,South Beloit C U Sch Di...,"464 Oak Grove Ave, South Beloit, IL 61080, USA","{'lat': 42.485985, 'lng': -89.0360772}"
131,14731,Blessing-Rieman College...,"Quincy, IL, USA","{'lat': 39.9356016, 'lng': -91.4098726}"
132,14732,Argenta-Oreana High Sch...,"500 N Main St, Argenta, IL 62501, USA","{'lat': 39.9864007, 'lng': -88.8193507}"
133,14733,Board of Education of T...,"4015 N Ashland Ave, Chicago, IL 60613, USA","{'lat': 41.9551713, 'lng': -87.668517}"
134,14734,Board of Education of T...,"851 W Waveland Ave, Chicago, IL 60613, USA","{'lat': 41.9481651, 'lng': -87.65155969999999}"
135,14735,School District U-46,"801 Hastings St, Elgin, IL 60120, USA","{'lat': 42.0213819, 'lng': -88.2621633}"
136,14736,Morton Community Unit S...,"100 S Nebraska Ave, Morton, IL 61550, USA","{'lat': 40.6052682, 'lng': -89.4448164}"
137,14737,Gibson City Elementary ...,"902 N Church St, Gibson City, IL 60936, USA","{'lat': 40.4753808, 'lng': -88.3726447}"
138,14738,School District U-46,"949 Van St, Elgin, IL 60123, USA","{'lat': 42.0328109, 'lng': -88.30243999999999}"
139,14739,Springfield Public Scho...,"2200 E Ridgely Ave, Springfield, IL 62702, USA","{'lat': 39.823194, 'lng': -89.62598919999999}"
140,14740,WhittmanHart Interactiv...,"440 W Ontario St, Chicago, IL 60654, USA","{'lat': 41.8933532, 'lng': -87.64018779999999}"
141,14741,Board of Education of T...,"223 N Keeler Ave, Chicago, IL 60624, USA","{'lat': 41.8841096, 'lng': -87.7300362}"
142,14742,Homer School District A...,"15711 S Bell Rd, Lockport, IL 60491, USA","{'lat': 41.6039394, 'lng': -87.92811809999999}"
143,14743,Southwestern School Dis...,"Brighton, IL 62012, USA","{'lat': 39.0397688, 'lng': -90.1406643}"
144,14744,Leland Comm Unit School...,"370 N Main St, Leland, IL 60531, USA","{'lat': 41.6174132, 'lng': -88.799402}"
145,14745,Argenta-Oreana High Sch...,"187 North St, Argenta, IL 62501, USA","{'lat': 39.9832387, 'lng': -88.8227986}"
146,14746,Edwardsville High Schoo...,"IL-157, Hamel, IL 62046, USA","{'lat': 38.8881774, 'lng': -89.8456824}"
147,14747,Benton Community Consol...,"1000 E McKenzie St, Benton, IL 62812, USA","{'lat': 37.9886725, 'lng': -88.9062559}"
148,14748,Board of Education of T...,"5411 W Fullerton Ave, Chicago, IL 60639, USA","{'lat': 41.9235012, 'lng': -87.762649}"
149,14749,Urbana high School,"312 W Oregon St, Urbana, IL 61801, USA","{'lat': 40.1081988, 'lng': -88.21132569999999}"
150,14750,Park Forest School Dist...,"170 Algonquin St, Park Forest, IL 60466, USA","{'lat': 41.4939015, 'lng': -87.6667051}"
151,14751,Cross Lutheran Church,"8609 IL-47, Yorkville, IL 60560, USA","{'lat': 41.6000179, 'lng': -88.4466039}"
152,14752,Regional Off of Ed Clin...,"930 Fairfax St Ste B, Carlyle, IL 62231, USA","{'lat': 38.6109327, 'lng': -89.3694044}"
153,14753,Plainfield Community Co...,"3300 Caton Farm Rd, Joliet, IL 60431, USA","{'lat': 41.5646579, 'lng': -88.1652652}"
154,14754,Giant City Community Co...,"1062 Boskydell Rd, Carbondale, IL 62902, USA","{'lat': 37.67250600000001, 'lng': -89.1720876}"
155,14755,School District 170,"828 Willow Dr, Chicago Heights, IL 60411, USA","{'lat': 41.5163116, 'lng': -87.6495578}"
156,14756,Community Cons Sch Dist...,"440 Barron Blvd, Grayslake, IL 60030, USA","{'lat': 42.3499944, 'lng': -88.03360719999999}"
157,14757,Albers School District ...,"1631 12th St, Carlyle, IL 62231, USA","{'lat': 38.621572, 'lng': -89.3740316}"
158,14758,Eldorado Elementary Sch...,"1100 Alexander St, Eldorado, IL 62930, USA","{'lat': 37.8273307, 'lng': -88.43784699999999}"
159,14759,Board of Education of T...,"3235 N Leclaire Ave, Chicago, IL 60641, USA","{'lat': 41.93958689999999, 'lng': -87.7532676}"
160,14760,Herscher Community Unit...,"963 N 5000 Rd W, Kankakee, IL 60901, USA","{'lat': 41.13169, 'lng': -87.969143}"
161,14761,School District 140,"7846 163rd St, Tinley Park, IL 60477, USA","{'lat': 41.5961275, 'lng': -87.8090663}"
162,14762,Pearson Brown and Assoc...,"1850 W Winchester Rd STE 201, Libertyville, IL 60048, USA","{'lat': 42.2974512, 'lng': -87.9945764}"
163,14763,Avoca School District,"2921 Illinois Rd, Wilmette, IL 60091, USA","{'lat': 42.0841299, 'lng': -87.74788389999999}"
164,14764,East Maine School Distr...,"9400 Oriole Ave, Morton Grove, IL 60053, USA","{'lat': 42.052084, 'lng': -87.81641259999999}"
165,14765,Barrington 220 Communit...,"61 W Penny Rd, South Barrington, IL 60010, USA","{'lat': 42.0951872, 'lng': -88.1778167}"
166,14766,Belvidere Community Uni...,"1320 East Ave, Belvidere, IL 61008, USA","{'lat': 42.2471842, 'lng': -88.8311772}"
167,14767,Eastview Elementary Sch...,"20 Lincoln Rd, Canton, IL 61520, USA","{'lat': 40.5779348, 'lng': -90.03491369999999}"
168,14768,LW District 210,"1801 E Lincoln Hwy, New Lenox, IL 60451, USA","{'lat': 41.5140701, 'lng': -87.92878840000002}"
169,14769,Ramsey Community Unit S...,"421 S College Ave, Brownstown, IL 62418, USA","{'lat': 38.9919168, 'lng': -88.9573205}"
170,14770,Joliet Twp. High School...,"201 E Jefferson St, Joliet, IL 60432, USA","{'lat': 41.5259259, 'lng': -88.07446329999999}"
171,14771,Oswego 308 Community Un...,"260 Fox Chase Dr N, Oswego, IL 60543, USA","{'lat': 41.6954146, 'lng': -88.3616471}"
172,14772,Kansas High School,"Kansas, IL 61933, USA","{'lat': 39.5528129, 'lng': -87.9394779}"
173,14773,Moline Unit School Dist...,"1004 1st St, Coal Valley, IL 61240, USA","{'lat': 41.4419699, 'lng': -90.46181010000001}"
174,14774,Eisenhower Jr High Scho...,"820 Bode Rd, Schaumburg, IL 60194, USA","{'lat': 42.0419241, 'lng': -88.1006422}"
175,14775,Litchfield Community Un...,"700 N Jefferson St, Litchfield, IL 62056, USA","{'lat': 39.1794711, 'lng': -89.65772989999999}"
176,14776,Elmwood Park Community ...,"2319 N 76th Ave, Elmwood Park, IL 60707, USA","{'lat': 41.9224225, 'lng': -87.8154411}"
177,14777,Eastern Illinois Specia...,"1201 S 6th St, Mattoon, IL 61938, USA","{'lat': 39.4709499, 'lng': -88.3604076}"
178,14778,Argenta-Oreana High Sch...,"400 W South St, Oreana, IL 62554, USA","{'lat': 39.9369004, 'lng': -88.8714145}"
179,14779,Illinois Institute of T...,"2800 S Lowe Ave, Chicago, IL 60616, USA","{'lat': 41.8434214, 'lng': -87.6430713}"
180,14780,Cambridge Lakes Charter...,"900 Wester Blvd, Pingree Grove, IL 60140, USA","{'lat': 42.0826259, 'lng': -88.43007539999999}"
181,14781,School District 170,"30 W 16th St, Chicago Heights, IL 60411, USA","{'lat': 41.5021925, 'lng': -87.64202089999999}"
182,14782,Plano School District 8...,"Mitchell Ct, 430 Mitchell Dr, Plano, IL 60545, USA","{'lat': 41.6579287, 'lng': -88.5019015}"
183,14783,Erie High School,"605 6th Ave, Erie, IL 61250, USA","{'lat': 41.6524619, 'lng': -90.0776642}"
184,14784,Geneva Community Unit S...,"1415 Viking Dr, Geneva, IL 60134, USA","{'lat': 41.86955589999999, 'lng': -88.3520125}"
185,14785,St. Clair County Region...,"125 Carlyle Ave, Belleville, IL 62220, USA","{'lat': 38.5152867, 'lng': -89.964503}"
186,14786,KEWANEE High School,"609 W Central Blvd, Kewanee, IL 61443, USA","{'lat': 41.2418449, 'lng': -89.93284129999999}"
187,14787,Moline Unit School Dist...,"5312 11th Avenue C, Moline, IL 61265, USA","{'lat': 41.50175429999999, 'lng': -90.46365329999999}"
188,14788,Board of Education of T...,"6110 N Fairfield Ave, Chicago, IL 60659, USA","{'lat': 41.9924651, 'lng': -87.69870689999999}"
189,14789,Paxton-Buckley-Loda Hig...,"580 E Franklin St, Paxton, IL 60957, USA","{'lat': 40.4544023, 'lng': -88.08873799999999}"
190,14790,Grass Lake School Distr...,"634 Countryside Hwy, Mundelein, IL 60060, USA","{'lat': 42.2643036, 'lng': -87.9949457}"
191,14791,Bethalto West Elementar...,"101 School St, Bethalto, IL 62010, USA","{'lat': 38.9096154, 'lng': -90.06117449999999}"
192,14792,Kingman Primary School,"2708 W Rohmann Ave, West Peoria, IL 61604, USA","{'lat': 40.6957917, 'lng': -89.6361422}"
193,14793,United Township High Sc...,"206 5th St, Hampton, IL 61256, USA","{'lat': 41.5546514, 'lng': -90.412739}"
194,14794,St. Clair County Region...,"1825 Jerome Ln, Cahokia, IL 62206, USA","{'lat': 38.5616008, 'lng': -90.1526805}"
195,14795,May Elementary School,"108 S Main St, Rochelle, IL 61068, USA","{'lat': 41.9188791, 'lng': -89.0651805}"
196,14796,Central Community Unit ...,"5N720 IL-47, St. Charles, IL 60175, USA","{'lat': 41.94997559999999, 'lng': -88.4784567}"
197,14797,Taft Elementary School,"319 Harwood St, Joliet, IL 60432, USA","{'lat': 41.5313783, 'lng': -88.045058}"
198,14798,Board of Education of T...,"6140 S Melvina Ave, Chicago, IL 60638, USA","{'lat': 41.7799456, 'lng': -87.7772557}"
199,14799,KIDS,"2220 W Church St, Johnsburg, IL 60051, USA","{'lat': 42.3851419, 'lng': -88.24018550000001}"
200,14800,St. Clair County Region...,"4850 Market St, East St Louis, IL 62207, USA","{'lat': 38.5808038, 'lng': -90.12077579999999}"
201,14801,Board of Education of T...,"2714 W Augusta Blvd, Chicago, IL 60622, USA","{'lat': 41.8994704, 'lng': -87.6948413}"
202,14802,Oak Park Elementary Sch...,"325 S Kenilworth Ave, Oak Park, IL 60302, USA","{'lat': 41.882112, 'lng': -87.79759}"
203,14803,Rockford Public School ...,"4555 20th St, Rockford, IL 61109, USA","{'lat': 42.2153959, 'lng': -89.0582051}"
204,14804,Hinsdale Township High ...,"S Grant St & 55th St, Hinsdale, IL 60521, USA","{'lat': 41.7890958, 'lng': -87.93180269999999}"
205,14805,Springfield Public Scho...,"1701 S MacArthur Blvd, Springfield, IL 62704, USA","{'lat': 39.7817264, 'lng': -89.6690943}"
206,14806,Fisher Grade School,"Fisher, IL 61843, USA","{'lat': 40.3147554, 'lng': -88.3500541}"
207,14807,Heritage Christian Scho...,"210 S 10th St, Oregon, IL 61061, USA","{'lat': 42.0127278, 'lng': -89.34211160000001}"
208,14808,Rockford Public School ...,"512 Fairview Ave, Rockford, IL 61108, USA","{'lat': 42.2612968, 'lng': -89.04130239999999}"
209,14809,Chicago International C...,"2235 N Hamilton Ave, Chicago, IL 60647, USA","{'lat': 41.92254670000001, 'lng': -87.68081}"
210,14810,DePue Unit School Distr...,"800 W Erie St, Spring Valley, IL 61362, USA","{'lat': 41.32655159999999, 'lng': -89.21240759999999}"
211,14811,Diocese of Springfield ...,"Springfield, IL 62708, USA","{'lat': 39.79, 'lng': -89.62}"
212,14812,Valley View Community U...,"301 Eaton Ave, Romeoville, IL 60446, USA","{'lat': 41.6364428, 'lng': -88.0888275}"
213,14813,Community Consolidated ...,"2905 Meadow Dr, Rolling Meadows, IL 60008, USA","{'lat': 42.0798777, 'lng': -88.01651129999999}"
214,14814,Rockford Public School ...,"5620 Spring Creek Rd, Rockford, IL 61114, USA","{'lat': 42.2987633, 'lng': -89.0066226}"
215,14815,Eisenhower Jr High Scho...,"1100 Laurie Ln, Hanover Park, IL 60133, USA","{'lat': 42.0150785, 'lng': -88.1360778}"
216,14816,Board of Education of T...,"330 E 133rd St, Chicago, IL 60827, USA","{'lat': 41.6540398, 'lng': -87.6142411}"
217,14817,Board of Education of T...,"6420 S University Ave, Chicago, IL 60637, USA","{'lat': 41.7785315, 'lng': -87.5980675}"
218,14818,Hometown Buffets,"1721 Boul Ave, Swansea, IL 62226, USA","{'lat': 38.5328572, 'lng': -89.987977}"
219,14819,Lewis & Clark Elementar...,"1634 7th St, Madison, IL 62060, USA","{'lat': 38.6826154, 'lng': -90.15308279999999}"
220,14820,Blooming Grove Academy,"510 E Washington St # 115, Bloomington, IL 61701, USA","{'lat': 40.4800896, 'lng': -88.9879229}"
221,14821,Edwardsville High Schoo...,"315 N Kansas St, Edwardsville, IL 62025, USA","{'lat': 38.8155526, 'lng': -89.9558971}"
222,14822,Board of Education of T...,"630 E 131st St, Riverdale, IL 60827, USA","{'lat': 41.6574136, 'lng': -87.6074687}"
223,14823,Blackstone Elementary S...,"805 4th Ave, Mendota, IL 61342, USA","{'lat': 41.54890109999999, 'lng': -89.113045}"
224,14824,Central Community Unit ...,"1134 3100 N, Clifton, IL 60927, USA","{'lat': 40.9596624, 'lng': -87.9173919}"
225,14825,McClellan Grade School,"McLeansboro, IL 62859, USA","{'lat': 38.0933811, 'lng': -88.53560759999999}"
226,14826,Board of Education of T...,"1621 W Wabansia Ave, Chicago, IL 60622, USA","{'lat': 41.9122618, 'lng': -87.6683613}"
227,14827,Flossmoor School Distri...,"1439 Lawrence Crescent, Flossmoor, IL 60422, USA","{'lat': 41.5346114, 'lng': -87.6847816}"
228,14828,Lake Forest Cmty Hsd 11...,"1285 N McKinley Rd, Lake Forest, IL 60045, USA","{'lat': 42.2641956, 'lng': -87.840087}"
229,14829,Board of Education of T...,"9510 S Prospect Ave, Chicago, IL 60643, USA","{'lat': 41.720576, 'lng': -87.6658575}"
230,14830,Pekin Public Schools Ad...,"501 Washington St, Pekin, IL 61554, USA","{'lat': 40.5654873, 'lng': -89.64568349999999}"
231,14831,Niles Township District...,"8701 Menard Ave, Morton Grove, IL 60053, USA","{'lat': 42.0392137, 'lng': -87.7708755}"
232,14832,Community Unit School D...,"211 S 6th Ave, St. Charles, IL 60174, USA","{'lat': 41.9128273, 'lng': -88.30673139999999}"
233,14833,Auburn Community Unit S...,"445 N 5th St, Auburn, IL 62615, USA","{'lat': 39.5946604, 'lng': -89.74555029999999}"
234,14834,Alexander Elementary Sc...,"412 Wyatt St, Franklin, IL 62638, USA","{'lat': 39.622094, 'lng': -90.044027}"
235,14835,Liberty Public School D...,"151 Lenox St, New Lenox, IL 60451, USA","{'lat': 41.53517919999999, 'lng': -87.96472109999999}"
236,14836,Community Unit School D...,"300 Cleveland Ave, Carpentersville, IL 60110, USA","{'lat': 42.1082248, 'lng': -88.2729695}"
237,14837,East Aurora School Dist...,"1600 Hawksley Ln, North Aurora, IL 60542, USA","{'lat': 41.813195, 'lng': -88.362994}"
238,14838,Muffley Elementary Scho...,"1200 S 16th St, Decatur, IL 62521, USA","{'lat': 39.8290847, 'lng': -88.934652}"
239,14839,Illinois Lutheran High ...,"448 Cass St, Crete, IL 60417, USA","{'lat': 41.44294259999999, 'lng': -87.6292039}"
240,14840,Board of Education of T...,"5515 S Lowe Ave, Chicago, IL 60621, USA","{'lat': 41.7935487, 'lng': -87.6410011}"
241,14841,Mount Vernon School Dis...,"500 Harrison St, Mt Vernon, IL 62864, USA","{'lat': 38.3202599, 'lng': -88.8971806}"
242,14842,West Elementary School,"1910 Gilboa Ave, Zion, IL 60099, USA","{'lat': 42.46005299999999, 'lng': -87.842461}"
243,14843,Board of Education of T...,"3501 W Potomac Ave, Chicago, IL 60651, USA","{'lat': 41.9041825, 'lng': -87.71410589999999}"
244,14844,Illinois Network of Cha...,"20 E Jackson Blvd #1300, Chicago, IL 60604, USA","{'lat': 41.87842759999999, 'lng': -87.6268176}"
245,14845,Board of Education of T...,"2828 N Kilbourn Ave, Chicago, IL 60641, USA","{'lat': 41.9325055, 'lng': -87.7397302}"
246,14846,Altamont Lutheran Inter...,"7 Edwards St, Altamont, IL 62411, USA","{'lat': 39.0593872, 'lng': -88.7452653}"
247,14847,Entiat High School,"1602 Dixon Rd, Rock Falls, IL 61071, USA","{'lat': 41.7743131, 'lng': -89.664022}"
248,14848,Board of Education of T...,"1241 W 58th St, Chicago, IL 60636, USA","{'lat': 41.7884892, 'lng': -87.65648929999999}"
249,14849,Friendship Junior High ...,"260 Dulles Rd, Des Plaines, IL 60016, USA","{'lat': 42.0454746, 'lng': -87.92811809999999}"
250,14850,Board of Education of T...,"2501 W Addison St, Chicago, IL 60618, USA","{'lat': 41.9454262, 'lng': -87.690618}"
251,14851,Des Plaines School Dist...,"1836 E Touhy Ave, Des Plaines, IL 60018, USA","{'lat': 42.010701, 'lng': -87.8786027}"
252,14852,Board of Education of T...,"1920 N Hamlin Ave, Chicago, IL 60647, USA","{'lat': 41.9159713, 'lng': -87.7224181}"
253,14853,Hannum Elem. School,"9800 S Tripp Ave, Oak Lawn, IL 60453, USA","{'lat': 41.71438939999999, 'lng': -87.7279587}"
254,14854,Delia M Turner Elementa...,"14100 Harrison Ave, Posen, IL 60469, USA","{'lat': 41.6357638, 'lng': -87.68808200000001}"
255,14855,Community Consolidated ...,"21899 Torrence Ave, Sauk Village, IL 60411, USA","{'lat': 41.4873809, 'lng': -87.557276}"
256,14856,Board of Education of T...,"1734 N Orleans St, Chicago, IL 60614, USA","{'lat': 41.9138023, 'lng': -87.6378393}"
257,14857,Wilmette Public Schools...,"1101 Dartmouth St, Wilmette, IL 60091, USA","{'lat': 42.083829, 'lng': -87.73627429999999}"
258,14858,Reedsburg Sch Dist,"925 Woodhill Dr, Carol Stream, IL 60188, USA","{'lat': 41.9331188, 'lng': -88.15391919999999}"
259,14859,Board of Education of T...,"6200 S Hamlin Ave, Chicago, IL 60629, USA","{'lat': 41.7801987, 'lng': -87.71864699999999}"
260,14860,Board of Education of T...,"6533 S Stewart Ave, Chicago, IL 60621, USA","{'lat': 41.7755199, 'lng': -87.6347263}"
261,14861,Oakland Unified School ...,"1910 Gilboa Ave, Zion, IL 60099, USA","{'lat': 42.46005299999999, 'lng': -87.842461}"
262,14862,David Douglas SD,"15000 Laramie Ave, Oak Forest, IL 60452, USA","{'lat': 41.6194456, 'lng': -87.7472301}"
263,14863,Salem-Keizer School Dis...,"201 S 7th St, St. Charles, IL 60174, USA","{'lat': 41.9106377, 'lng': -88.3213116}"
264,14864,Salem-Keizer School Dis...,"901 Colton Ave, Bloomington, IL 61701, USA","{'lat': 40.4868911, 'lng': -88.97638839999999}"
265,14865,Board of Education of T...,"4420 S Sacramento Ave, Chicago, IL 60632, USA","{'lat': 41.8125187, 'lng': -87.69978689999999}"
266,14866,Board of Education of T...,"3244 W Ainslie St, Chicago, IL 60625, USA","{'lat': 41.970866, 'lng': -87.7103849}"
267,14867,School District 66,"701 Plainfield Rd, Downers Grove, IL 60516, USA","{'lat': 41.7373814, 'lng': -87.9993056}"
268,14868,Joesph Academy,"1100 N 22nd Ave, Melrose Park, IL 60160, USA","{'lat': 41.8970762, 'lng': -87.86076}"
269,14869,Muffley Elementary Scho...,"1025 E Johns Ave, Decatur, IL 62521, USA","{'lat': 39.8380854, 'lng': -88.9431074}"
270,14870,DuPage County Regional ...,"793 N Main St, Glen Ellyn, IL 60137, USA","{'lat': 41.8883016, 'lng': -88.0637734}"
271,14871,Oakland Unified School ...,"2055 Landwehr Rd, Northbrook, IL 60062, USA","{'lat': 42.1156406, 'lng': -87.857359}"
272,14872,George Washington Eleme...,"3611 E 114th St, Chicago, IL 60617, USA","{'lat': 41.6878095, 'lng': -87.5360311}"
273,14873,Board of Education of T...,"32 E 115th St, Chicago, IL 60628, USA","{'lat': 41.6858836, 'lng': -87.62218589999999}"
274,14874,Board of Education of T...,"1865 W Montvale Ave, Chicago, IL 60643, USA","{'lat': 41.6892972, 'lng': -87.6693248}"
275,14875,Board of Education of T...,"820 S Carpenter St, Chicago, IL 60607, USA","{'lat': 41.8709847, 'lng': -87.65353010000001}"
276,14876,Board of Education of T...,"241 N Central Ave, Chicago, IL 60644, USA","{'lat': 41.8854846, 'lng': -87.7646985}"
277,14877,Budlong Elementary Scho...,"2701 W Foster Ave, Chicago, IL 60625, USA","{'lat': 41.975251, 'lng': -87.6968584}"
278,14878,Chicago Public School S...,"4747 S Winchester Ave, Chicago, IL 60609, USA","{'lat': 41.8072912, 'lng': -87.67310049999999}"
279,14879,East Richland High Scho...,"1200 E Laurel St, Olney, IL 62450, USA","{'lat': 38.73431890000001, 'lng': -88.0721355}"
280,14880,AMERICAN FAMILY INSURAN...,"323 W Washington St, Macomb, IL 61455, USA","{'lat': 40.4574691, 'lng': -90.6757743}"
281,14881,Dixon High School,"300 Lincoln Statue Dr, Dixon, IL 61021, USA","{'lat': 41.8468373, 'lng': -89.48927929999999}"
282,14882,East Moline School Dist...,"2221 10th St, Silvis, IL 61282, USA","{'lat': 41.4860812, 'lng': -90.4145063}"
283,14883,Board of Education of T...,"6550 S Seeley Ave, Chicago, IL 60636, USA","{'lat': 41.7741306, 'lng': -87.67544970000002}"
284,14884,Community Unit School D...,"1905 E Tyler Rd, St. Charles, IL 60174, USA","{'lat': 41.9070615, 'lng': -88.28116639999999}"
285,14885,Taft Elementary School,"1125 N Larkin Ave, Joliet, IL 60435, USA","{'lat': 41.5434619, 'lng': -88.12662209999999}"
286,14886,Community Investment Co...,"801 W Bartlett Rd, Bartlett, IL 60103, USA","{'lat': 41.9933546, 'lng': -88.1947493}"
287,14887,Carterville Junior High...,"816 S Division St, Carterville, IL 62918, USA","{'lat': 37.7534524, 'lng': -89.0750262}"
288,14888,Board of Education of T...,"3000 S King Dr, Chicago, IL 60616, USA","{'lat': 41.84005, 'lng': -87.61841160000002}"
289,14889,Harrisburg Community Di...,"333 W College St, Harrisburg, IL 62946, USA","{'lat': 37.7279537, 'lng': -88.5455049}"
290,14890,East Dubuque Unit Sd 11...,"200 Parklane Dr, East Dubuque, IL 61025, USA","{'lat': 42.4969867, 'lng': -90.62589439999999}"
291,14891,Board of Education of T...,"901 E 133rd Pl, Chicago, IL 60827, USA","{'lat': 41.6531813, 'lng': -87.6010096}"
292,14892,Board of Education of T...,"10115 S Prairie Ave, Chicago, IL 60628, USA","{'lat': 41.7103687, 'lng': -87.6169695}"
293,14893,Board of Education of T...,"8150 S Bishop St, Chicago, IL 60620, USA","{'lat': 41.745843, 'lng': -87.66003959999999}"
294,14894,Decorah High School,"18205 Aberdeen St, Homewood, IL 60430, USA","{'lat': 41.559167, 'lng': -87.6428786}"
295,14895,Hawthorn School Distric...,"600 Aspen Dr, Vernon Hills, IL 60061, USA","{'lat': 42.23764389999999, 'lng': -87.9722218}"
296,14896,Board of Education of T...,"2510 S Kildare Ave, Chicago, IL 60623, USA","{'lat': 41.8456062, 'lng': -87.7322743}"
297,14897,Abingdon Community Unit...,"600 W Martin St, Abingdon, IL 61410, USA","{'lat': 40.799998, 'lng': -90.4066278}"
298,14898,Galesburg Community Uni...,"905 Maple Ave, Galesburg, IL 61401, USA","{'lat': 40.9578356, 'lng': -90.3775574}"
299,14899,Abingdon Community Unit...,"202 W Snyder St, Abingdon, IL 61410, USA","{'lat': 40.7994001, 'lng': -90.4001158}"
