,_id,Name,Address,Geocodes
0,1000,CAPO BEACH CALVARY SCHOOL,"25975 Domingo Ave, Dana Point, CA 92624, USA","{'lat': 33.4653064, 'lng': -117.6763932}"
1,1001,Chatsworth Hills Academy,"21523 Rinaldi St, Chatsworth, CA 91311, USA","{'lat': 34.272601, 'lng': -118.599858}"
2,1002,Palo Verde Unified School Dist,"187 N 7th St, Blythe, CA 92225, USA","{'lat': 33.6120039, 'lng': -114.5883239}"
3,1003,Hayward Unified School District,"24411 Amador St, Hayward, CA 94544, USA","{'lat': 37.656296, 'lng': -122.0938192}"
4,1004,FUSD,"4210 Technology Dr, Fremont, CA 94538, USA","{'lat': 37.5079221, 'lng': -121.9545989}"
5,1005,Lafayette School District,"3455 School St, Lafayette, CA 94549, USA","{'lat': 37.8870652, 'lng': -122.1146314}"
6,1006,North Monterey County Unified School District,"8142 Moss Landing Rd, Moss Landing, CA 95039, USA","{'lat': 36.7965721, 'lng': -121.7864327}"
7,1007,The Pajaro Valley Unified School District schools,"294 Green Valley Rd # 2, Watsonville, CA 95076, USA","{'lat': 36.93901779999999, 'lng': -121.7686468}"
8,1008,Golden Valley High School,"26455 Rockwell Canyon Rd, Santa Clarita, CA 91355, USA","{'lat': 34.4043812, 'lng': -118.5705894}"
9,1009,The Prentice School,"18341 Lassen Dr, Santa Ana, CA 92705, USA","{'lat': 33.772307, 'lng': -117.812064}"
10,1010,Banning Unified School District,"7155 Kelsey Creek Dr, Kelseyville, CA 95451, USA","{'lat': 38.9501958, 'lng': -122.8427145}"
11,1011,Coalinga-Huron Joint Unified,"657 Sunset St, Coalinga, CA 93210, USA","{'lat': 36.1423862, 'lng': -120.3642231}"
12,1012,Livingston Union School District,"922 B St, Livingston, CA 95334, USA","{'lat': 37.384664, 'lng': -120.7281695}"
13,1013,IDEPSCA,"500 N Lake Ave, Pasadena, CA 91101, USA","{'lat': 34.1546485, 'lng': -118.1321463}"
14,1014,St Mark's Lutheran Church,"7869 Kingswood Dr, Citrus Heights, CA 95610, USA","{'lat': 38.6709107, 'lng': -121.2727179}"
15,1015,Riverbank Unified School District,"6200 Claus Rd, Riverbank, CA 95367, USA","{'lat': 37.7307895, 'lng': -120.9195001}"
16,1016,San Jacinto Unified School District,"2045 S San Jacinto Ave, San Jacinto, CA 92583, USA","{'lat': 33.7652096, 'lng': -116.9583117}"
17,1017,Valley Achievement Center,"3200 Sillect Ave, Bakersfield, CA 93308, USA","{'lat': 35.3888887, 'lng': -119.0371862}"
18,1018,Del Mar Union School District,"13030 Ashley Falls Dr, San Diego, CA 92130, USA","{'lat': 32.9571708, 'lng': -117.2095518}"
19,1019,CVCS Online School,"32032 Del Obispo St, San Juan Capistrano, CA 92675, USA","{'lat': 33.4981779, 'lng': -117.6715123}"
20,1020,Cotati-Rohnert Park Unif Sd,"5860 Labath Ave, Rohnert Park, CA 94928, USA","{'lat': 38.3536851, 'lng': -122.7212783}"
21,1021,Valley Christian Schools,"1450 Leigh Ave, San Jose, CA 95125, USA","{'lat': 37.2967731, 'lng': -121.9221109}"
22,1022,Porterville Unified School District,"600 W Grand Ave, Porterville, CA 93257, USA","{'lat': 36.0774167, 'lng': -119.0311724}"
23,1023,The Pajaro Valley Unified School District schools,"6860 Soquel Dr, Aptos, CA 95003, USA","{'lat': 36.9849779, 'lng': -121.9189301}"
24,1024,The Pegasus School,"19692 Lexington Ln, Huntington Beach, CA 92646, USA","{'lat': 33.6771944, 'lng': -117.9472336}"
25,1025,Fairfld-Sisun Unified Schl Dst,"1975 Pennsylvania Ave, Fairfield, CA 94533, USA","{'lat': 38.2658188, 'lng': -122.0506841}"
26,1026,Laguna Beach Unified School District,"550 Blumont St, Laguna Beach, CA 92651, USA","{'lat': 33.5425691, 'lng': -117.7777876}"
27,1027,Grossmont Work Training Center,"La Mesa, CA 91944, USA","{'lat': 32.77, 'lng': -117.02}"
28,1028,Wheatland Elem Sch District,"111 Hooper St, Wheatland, CA 95692, USA","{'lat': 39.0117713, 'lng': -121.4293969}"
29,1029,Golden Valley High School,"21515 Centre Pointe Pkwy, Santa Clarita, CA 91350, USA","{'lat': 34.4123479, 'lng': -118.5132047}"
30,1030,Kingsburg High School,"1900 18th Ave, Kingsburg, CA 93631, USA","{'lat': 36.5182145, 'lng': -119.5473702}"
31,1031,Bakersfield City School District,"1116 Lymric Way, Bakersfield, CA 93309, USA","{'lat': 35.3446844, 'lng': -119.0446971}"
32,1032,Sonoma Country Day School,"4400 Day School Pl, Santa Rosa, CA 95403, USA","{'lat': 38.5172119, 'lng': -122.7868881}"
33,1033,Tracy Unified School District,"1875 W Lowell Ave, Tracy, CA 95376, USA","{'lat': 37.7477477, 'lng': -121.4512473}"
34,1034,Mill Valley School District,"411 Sycamore Ave, Mill Valley, CA 94941, USA","{'lat': 37.8973313, 'lng': -122.5290071}"
35,1035,Valley Christian Schools,"100 Skyway Dr, San Jose, CA 95111, USA","{'lat': 37.2755122, 'lng': -121.8241126}"
36,1036,Placentia-Yorba Linda Unified School District,"24695 Pso De Toronto, Yorba Linda, CA 92887, USA","{'lat': 33.8793181, 'lng': -117.715024}"
37,1037,Banning Unified School District,"161 W Williams St, Banning, CA 92220, USA","{'lat': 33.9275115, 'lng': -116.878335}"
38,1038,Lawndale Elementary School District,"4161 W 147th St, Lawndale, CA 90260, USA","{'lat': 33.8985702, 'lng': -118.3480387}"
39,1039,Esparto High School,"26675 Plainfield St, Esparto, CA 95627, USA","{'lat': 38.6916389, 'lng': -122.016082}"
40,1040,North Monterey County Unified School District,"8142 Moss Landing Rd, Moss Landing, CA 95039, USA","{'lat': 36.7965721, 'lng': -121.7864327}"
41,1041,Brentwood School,"100 S Barrington Pl, Los Angeles, CA 90049, USA","{'lat': 34.0667518, 'lng': -118.4696603}"
42,1042,Porterville Unified School District,"960 N Newcomb St, Porterville, CA 93257, USA","{'lat': 36.0828953, 'lng': -119.0522659}"
43,1043,Pomona Unified School District,"800 S Garey Ave, Pomona, CA 91766, USA","{'lat': 34.0519441, 'lng': -117.7493934}"
44,1044,Greenfield Union Sch Dist,"493 El Camino Real, Greenfield, CA 93927, USA","{'lat': 36.3259507, 'lng': -121.2482844}"
45,1045,Bakersfield City School District,"525 E Casa Loma Dr, Bakersfield, CA 93307, USA","{'lat': 35.3388623, 'lng': -118.9957064}"
46,1046,Santa Clara Cnty Education Ofc,"1290 Ridder Park Dr, San Jose, CA 95131, USA","{'lat': 37.3833101, 'lng': -121.900106}"
47,1047,Laton Unified School District,"6065 E Latonia St, Laton, CA 93242, USA","{'lat': 36.4315119, 'lng': -119.6880463}"
48,1048,Newport Harbor High School,"1025 Victoria St, Costa Mesa, CA 92627, USA","{'lat': 33.6519927, 'lng': -117.9408954}"
49,1049,Wasco Union School District,"3501 7th St, Wasco, CA 93280, USA","{'lat': 35.5924982, 'lng': -119.3649362}"
50,1050,Los Angeles Unified School District,"820 N Ave 54, Los Angeles, CA 90042, USA","{'lat': 34.1157038, 'lng': -118.1988142}"
51,1051,Montebello Unified School District,"123 S Montebello Blvd, Montebello, CA 90640, USA","{'lat': 34.0092541, 'lng': -118.1090217}"
52,1052,Stockton Unified School District,"2725 Michigan Ave, Stockton, CA 95204, USA","{'lat': 37.9670978, 'lng': -121.3413636}"
53,1053,Los Angeles Unified School District,"6621 Balboa Blvd, Lake Balboa, CA 91406, USA","{'lat': 34.1898142, 'lng': -118.501354}"
54,1054,Calistoga Joint Unified School District,"1608 Lake St, Calistoga, CA 94515, USA","{'lat': 38.5833716, 'lng': -122.5799239}"
55,1055,Fullerton Elem School District,"9040 Jurupa Rd, Riverside, CA 92509, USA","{'lat': 33.9973637, 'lng': -117.4811252}"
56,1056,Santa Fe Christian Schools,"838 Academy Dr, Solana Beach, CA 92075, USA","{'lat': 32.9922535, 'lng': -117.258426}"
57,1057,Murrieta Valley Unified School District,"41870 Mcalby Ct, Murrieta, CA 92562, USA","{'lat': 33.5299795, 'lng': -117.1855996}"
58,1058,Maranatha High School,"169 S St John Ave, Pasadena, CA 91105, USA","{'lat': 34.1427997, 'lng': -118.1570373}"
59,1059,Cathedral School for Boys,"1275 Sacramento St, San Francisco, CA 94108, USA","{'lat': 37.7922206, 'lng': -122.4138333}"
60,1060,Delano Union School District,"1405 12th Ave, Delano, CA 93215, USA","{'lat': 35.7743958, 'lng': -119.2388618}"
61,1061,Gateway School,"126 Eucalyptus Ave, Santa Cruz, CA 95060, USA","{'lat': 36.9555413, 'lng': -122.0267979}"
62,1062,Redding Christian School,"21945 Old 44 Dr, Palo Cedro, CA 96073, USA","{'lat': 40.5617058, 'lng': -122.2421219}"
63,1063,St Albans Country Day School,"2312 Vernon St, Roseville, CA 95678, USA","{'lat': 38.7233385, 'lng': -121.302733}"
64,1064,William S. Hart Union High School District Financing Corporation,"21515 Centre Pointe Pkwy, Santa Clarita, CA 91350, USA","{'lat': 34.4123479, 'lng': -118.5132047}"
65,1065,Sierra Sands Unified School District,"500 French Ave, Ridgecrest, CA 93555, USA","{'lat': 35.6359517, 'lng': -117.6594812}"
66,1066,Yucaipa-Calimesa Jnt Sch Dist,"33000 Yucaipa Blvd, Yucaipa, CA 92399, USA","{'lat': 34.0348929, 'lng': -117.085709}"
67,1067,Norris Middle School,"161 W Williams St, Banning, CA 92220, USA","{'lat': 33.9275115, 'lng': -116.878335}"
68,1068,Barstow Unified School District,"551 Avenue H, Barstow, CA 92311, USA","{'lat': 34.8894249, 'lng': -117.0468595}"
69,1069,Alemany High School,"11111 Alemany Dr, Mission Hills, CA 91345, USA","{'lat': 34.2748777, 'lng': -118.4608232}"
70,1070,Larkspur School District,"San Rafael, CA 94913, USA","{'lat': 38.02, 'lng': -122.55}"
71,1071,Wasco Union School District,"639 Broadway St, Wasco, CA 93280, USA","{'lat': 35.5958537, 'lng': -119.3391908}"
72,1072,San Lorenzo Unified School District,"17115 Meekland Ave, Hayward, CA 94541, USA","{'lat': 37.6837116, 'lng': -122.1169831}"
73,1073,Kern High School District,"5801 Sundale Ave, Bakersfield, CA 93309, USA","{'lat': 35.3424374, 'lng': -119.0651752}"
74,1074,Faces Primary Campus,"1651 E 4th St #128E, Santa Ana, CA 92701, USA","{'lat': 33.7484987, 'lng': -117.8453835}"
75,1075,Fairfld-Sisun Unified Schl Dst,"2490 Hilborn Rd, Fairfield, CA 94534, USA","{'lat': 38.2761952, 'lng': -122.0506197}"
76,1076,Garden Grove Unified School District,"9821 Woodbury Ave, Garden Grove, CA 92844, USA","{'lat': 33.7645152, 'lng': -117.9577816}"
77,1077,Alameda Unified School District,"500 Pacific Ave, Alameda, CA 94501, USA","{'lat': 37.7760028, 'lng': -122.2817376}"
78,1078,Del Mar Union School District,"225 9th St, Del Mar, CA 92014, USA","{'lat': 32.9529566, 'lng': -117.2632715}"
79,1079,Ocean View Elementary School District,"17251 Golden View Ln, Huntington Beach, CA 92647, USA","{'lat': 33.711084, 'lng': -118.011949}"
80,1080,Ravenswood City School District,"2160 Euclid Ave, East Palo Alto, CA 94303, USA","{'lat': 37.4644364, 'lng': -122.1434247}"
81,1081,Bradshaw Christian School,"8324 Bradshaw Rd, Sacramento, CA 95829, USA","{'lat': 38.4558284, 'lng': -121.3353095}"
82,1082,Faith Christian Schools,"2620 Colusa Hwy, Yuba City, CA 95993, USA","{'lat': 39.1403176, 'lng': -121.6643141}"
83,1083,San Francisco Unified School District,"135 Van Ness Ave, San Francisco, CA 94102, USA","{'lat': 37.7768135, 'lng': -122.4199298}"
84,1084,MESA UNION ELEMENTARY,"3901 Mesa School Rd, Somis, CA 93066, USA","{'lat': 34.26163500000001, 'lng': -119.0951259}"
85,1085,Pomona Unified School District,"975 E 9th St, Pomona, CA 91766, USA","{'lat': 34.05254860000001, 'lng': -117.7376351}"
86,1086,Victor Elementary School District,"15332 Del Rey Dr, Victorville, CA 92395, USA","{'lat': 34.5297606, 'lng': -117.3098598}"
87,1087,Santa Clara Cnty Education Ofc,"1505 Escuela Pkwy, Milpitas, CA 95035, USA","{'lat': 37.4535901, 'lng': -121.9025957}"
88,1088,Ocean View Elementary School District,"4200 Olds Rd, Oxnard, CA 93033, USA","{'lat': 34.1608544, 'lng': -119.1474233}"
89,1089,Banning Unified School District,"161 W Williams St, Banning, CA 92220, USA","{'lat': 33.9275115, 'lng': -116.878335}"
90,1090,Mater Dei Catholic High School,"1615 Mater Dei Dr, Chula Vista, CA 91913, USA","{'lat': 32.6204333, 'lng': -116.97632}"
91,1091,Los Angeles Unified School District,"333 S Beaudry Ave FL 20, Los Angeles, CA 90017, USA","{'lat': 34.0561431, 'lng': -118.2573219}"
92,1092,The Lamont School District School,"8201 Palm Ave, Lamont, CA 93241, USA","{'lat': 35.2576928, 'lng': -118.913127}"
93,1093,BRIDGES ACADEMY,"3921 Laurel Canyon Blvd, Studio City, CA 91604, USA","{'lat': 34.1414923, 'lng': -118.3953152}"
94,1094,Cathedral School for Boys,"1275 Sacramento St, San Francisco, CA 94108, USA","{'lat': 37.7922206, 'lng': -122.4138333}"
95,1095,San Mateo Union High School District,"650 N Delaware St, San Mateo, CA 94401, USA","{'lat': 37.5782769, 'lng': -122.3317874}"
96,1096,Alhambra Senior High,"150 E St, Martinez, CA 94553, USA","{'lat': 38.0025589, 'lng': -122.1333742}"
97,1097,Main Ave Elementary School,"1900 Bell Ave, Sacramento, CA 95838, USA","{'lat': 38.6470255, 'lng': -121.42106}"
98,1098,Palm Springs Teachers Association,"980 E Tahquitz Canyon Way #105, Palm Springs, CA 92262, USA","{'lat': 33.8240262, 'lng': -116.5374324}"
99,1099,Irvine Unified School District,"5050 Barranca Pkwy, Irvine, CA 92604, USA","{'lat': 33.6756332, 'lng': -117.7922157}"
100,1100,Wiseburn School District,"13530 Aviation Blvd, Hawthorne, CA 90250, USA","{'lat': 33.9080069, 'lng': -118.3782662}"
101,1101,Los Angeles Unified School District,"731 N Detroit St, Los Angeles, CA 90046, USA","{'lat': 34.0842558, 'lng': -118.3454186}"
102,1102,San Rafael City Sch District,"310 Nova Albion Way, San Rafael, CA 94903, USA","{'lat': 37.9991896, 'lng': -122.553183}"
103,1103,Romoland School District,"25900 Leon Rd, Homeland, CA 92548, USA","{'lat': 33.74479710000001, 'lng': -117.1181872}"
104,1104,School District of Putnam Cnty,"3100 E 10th St, Oakland, CA 94601, USA","{'lat': 37.7757792, 'lng': -122.2277666}"
105,1105,Cutler-Orosi Joint Unified School District,"41855 Rd 128, Orosi, CA 93647, USA","{'lat': 36.549826, 'lng': -119.2874248}"
106,1106,Alhambra Senior High,"921 Susana St, Martinez, CA 94553, USA","{'lat': 38.0148223, 'lng': -122.1324229}"
107,1107,Alhambra Unified School District,"1515 W Mission Rd, Alhambra, CA 91803, USA","{'lat': 34.0826915, 'lng': -118.1403676}"
108,1108,Capistrano Valley Christian School,"32032 Del Obispo St, San Juan Capistrano, CA 92675, USA","{'lat': 33.4981779, 'lng': -117.6715123}"
109,1109,Golden Plains Unified Sch Dist,"San Joaquin, CA 93660, USA","{'lat': 36.6066162, 'lng': -120.1890447}"
110,1110,Oceanside High School,"1 Pirates Cove Way, Oceanside, CA 92054, USA","{'lat': 33.197067, 'lng': -117.374143}"
111,1111,Franklin McKinley Education Foundation,"5301 Stevens Creek Blvd, Santa Clara, CA 95051, USA","{'lat': 37.3248865, 'lng': -121.9989378}"
112,1112,Los Angeles Unified School District,"4156 Menlo Ave, Los Angeles, CA 90037, USA","{'lat': 34.0077277, 'lng': -118.2896613}"
113,1113,KIPP Bayview Academy,"3351 23rd St, San Francisco, CA 94110, USA","{'lat': 37.7535332, 'lng': -122.4199993}"
114,1114,Gabriella Charter School,"631 S Commonwealth Ave, Los Angeles, CA 90010, USA","{'lat': 34.06242599999999, 'lng': -118.2858701}"
115,1115,Moreno Valley Unified School District,"23910 Alessandro Blvd, Moreno Valley, CA 92553, USA","{'lat': 33.91889500000001, 'lng': -117.2452654}"
116,1116,Los Angeles Unified School District,"452 N Marianna Ave, Los Angeles, CA 90063, USA","{'lat': 34.0413935, 'lng': -118.1755459}"
117,1117,Ekstrand Elementary School,"1550 Baseline Rd, La Verne, CA 91750, USA","{'lat': 34.12069049999999, 'lng': -117.7743522}"
118,1118,Franklin IND School District,"2750 E Washington Blvd, Pasadena, CA 91107, USA","{'lat': 34.1677679, 'lng': -118.0947563}"
119,1119,South San Antonio Independent School District,"1723 Cloverfield Blvd, Santa Monica, CA 90404, USA","{'lat': 34.0265236, 'lng': -118.4707938}"
120,1120,Hilmar Unified School District,"7807 Lander Ave, Hilmar, CA 95324, USA","{'lat': 37.4016145, 'lng': -120.8524066}"
121,1121,Middletown USD,"20932 Big Canyon Rd, Middletown, CA 95461, USA","{'lat': 38.7565527, 'lng': -122.612908}"
122,1122,Tamalpais Union H S District,"375 Doherty Dr, Larkspur, CA 94939, USA","{'lat': 37.9376714, 'lng': -122.5267043}"
123,1123,Banning Unified School District,"205 McKee Rd, Bakersfield, CA 93307, USA","{'lat': 35.2732913, 'lng': -119.0048923}"
124,1124,Savanna School District,"1330 S Knott Ave, Anaheim, CA 92804, USA","{'lat': 33.8137582, 'lng': -118.0094402}"
125,1125,Victor Elementary School District,"15579 Eighth St, Victorville, CA 92395, USA","{'lat': 34.5340368, 'lng': -117.293283}"
126,1126,Alhambra Unified School District,"15 Alhambra Rd, Alhambra, CA 91801, USA","{'lat': 34.1006306, 'lng': -118.1309888}"
127,1127,Folsom Cordova Unified School District,"125 E Bidwell St, Folsom, CA 95630, USA","{'lat': 38.6730591, 'lng': -121.169719}"
128,1128,Tobinworld,"920 E Broadway, Glendale, CA 91205, USA","{'lat': 34.146023, 'lng': -118.2435712}"
129,1129,Sulphur Springs School District,"19059 Vicci St, Santa Clarita, CA 91351, USA","{'lat': 34.4197594, 'lng': -118.4692426}"
130,1130,San Jacinto Unified School District,"257 S Grand Army Ave, San Jacinto, CA 92583, USA","{'lat': 33.78660430000001, 'lng': -116.9656822}"
131,1131,Los Angeles Unified School District,"333 S Beaudry Ave, Los Angeles, CA 90017, USA","{'lat': 34.0561431, 'lng': -118.2573219}"
132,1132,Riverbank Unified School District,"2400 Stanislaus St, Riverbank, CA 95367, USA","{'lat': 37.73467540000001, 'lng': -120.9537053}"
133,1133,Capistrano Valley Christian School,"32032 Del Obispo St, San Juan Capistrano, CA 92675, USA","{'lat': 33.4981779, 'lng': -117.6715123}"
134,1134,Coventry Public Schools,"1107 Virginia St, Berkeley, CA 94702, USA","{'lat': 37.8735792, 'lng': -122.2931974}"
135,1135,Delhi Elementary School District,"9716 Hinton Ave, Delhi, CA 95315, USA","{'lat': 37.4301379, 'lng': -120.7784763}"
136,1136,BRIDGES ACADEMY,"3921 Laurel Canyon Blvd, Studio City, CA 91604, USA","{'lat': 34.1414923, 'lng': -118.3953152}"
137,1137,Shasta Union High School District,"9733 Deschutes Rd, Palo Cedro, CA 96073, USA","{'lat': 40.5689746, 'lng': -122.2346712}"
138,1138,Newport Harbor High School,"2045 Meyer Pl, Costa Mesa, CA 92627, USA","{'lat': 33.6495107, 'lng': -117.9255583}"
139,1139,Kehillah Jewish High School,"3900 Fabian Way, Palo Alto, CA 94303, USA","{'lat': 37.424632, 'lng': -122.1046411}"
140,1140,Soquel Elementary School District,"405 Soquel San Jose Rd, Soquel, CA 95073, USA","{'lat': 36.9932351, 'lng': -121.9575471}"
141,1141,"Guajome Park Academy, Inc","2000 N Santa Fe Ave, Vista, CA 92083, USA","{'lat': 33.2294433, 'lng': -117.2502039}"
142,1142,Monterey Adult School,"1295 La Salle Ave, Seaside, CA 93955, USA","{'lat': 36.6169963, 'lng': -121.8379798}"
143,1143,Fallbrook Union High School,"405 W Fallbrook St, Fallbrook, CA 92028, USA","{'lat': 33.377214, 'lng': -117.2548206}"
144,1144,Fullerton Elem School District,"780 Beechwood Ave, Fullerton, CA 92835, USA","{'lat': 33.9011608, 'lng': -117.9149682}"
145,1145,Palm Springs Teachers Association,"980 E Tahquitz Canyon Way, Palm Springs, CA 92262, USA","{'lat': 33.8240262, 'lng': -116.5374324}"
146,1146,Contra Costa Christian School,"2721 Larkey Ln, Walnut Creek, CA 94597, USA","{'lat': 37.92202839999999, 'lng': -122.0786402}"
147,1147,Fairmont Private School,"2200 W Sequoia Ave, Anaheim, CA 92801, USA","{'lat': 33.8436434, 'lng': -117.9600924}"
148,1148,San Jose Unified School District,"1290 Blossom Hill Rd, San Jose, CA 95118, USA","{'lat': 37.2474188, 'lng': -121.8828983}"
149,1149,Fairfld-Sisun Unified Schl Dst,"1650 Fairfield Ave, Fairfield, CA 94533, USA","{'lat': 38.2608017, 'lng': -122.0443686}"
150,1150,Alameda Unified School District,"444 Central Ave, Alameda, CA 94501, USA","{'lat': 37.7712774, 'lng': -122.2839084}"
151,1151,Los Gatos Saratoga Joint Un,"17421 Farley Rd W, Los Gatos, CA 95030, USA","{'lat': 37.2404446, 'lng': -121.9748988}"
152,1152,Western Christian Schools,"100 W 9th St, Upland, CA 91786, USA","{'lat': 34.0949737, 'lng': -117.6533851}"
153,1153,Lodi Unified School District,"2303 Whistler Way, Stockton, CA 95209, USA","{'lat': 38.0484632, 'lng': -121.3433523}"
154,1154,MONTEREY COUNTY HOME CHTR SCH,"San Jose State University Monterey County Center, 901 Blanco Cir BLDG 15, Salinas, CA 93901, USA","{'lat': 36.6531737, 'lng': -121.6393927}"
155,1155,The Pajaro Valley Unified School District schools,"294 Green Valley Rd FL 4, Watsonville, CA 95076, USA","{'lat': 36.939318, 'lng': -121.7688838}"
156,1156,Creative Arts Charter School,"1601 Turk St, San Francisco, CA 94115, USA","{'lat': 37.7797481, 'lng': -122.4360631}"
157,1157,Solano Diversified Services,"1761 Broadway # 250, Vallejo, CA 94589, USA","{'lat': 38.1304197, 'lng': -122.2537168}"
158,1158,Colusa Co Office Of Education,"345 5th St, Colusa, CA 95932, USA","{'lat': 39.2124389, 'lng': -122.0083381}"
159,1159,Oakland Aviation High School,"7850 Earhart Rd, Oakland, CA 94621, USA","{'lat': 37.7362129, 'lng': -122.2152633}"
160,1160,Cutler-Orosi Joint Unified School District,"5250 Hollywood Blvd, Los Angeles, CA 90027, USA","{'lat': 34.1014431, 'lng': -118.3048618}"
161,1161,Tamalpais Union High School District,"395 Doherty Dr, Larkspur, CA 94939, USA","{'lat': 37.9377544, 'lng': -122.5234844}"
162,1162,Moreno Valley Unified School District,"24100 Delphinium Ave, Moreno Valley, CA 92553, USA","{'lat': 33.9068193, 'lng': -117.241769}"
163,1163,Cambrian School District,"15711 Woodard Rd, San Jose, CA 95124, USA","{'lat': 37.2609168, 'lng': -121.9430225}"
164,1164,Winters Joint Unified Sch Dist,"909 Grant Ave, Winters, CA 95694, USA","{'lat': 38.520862, 'lng': -121.9837758}"
165,1165,Los Altos School District,"205 Covington Rd, Los Altos, CA 94024, USA","{'lat': 37.37148920000001, 'lng': -122.1070711}"
166,1166,Torrance Unified School Dist,"3420 W 229th Pl, Torrance, CA 90505, USA","{'lat': 33.8177362, 'lng': -118.3463318}"
167,1167,Riverside County Office of Education,"47336 Oasis St, Indio, CA 92201, USA","{'lat': 33.7050241, 'lng': -116.2197563}"
168,1168,Golden Valley High School,"24612 Pine St, Newhall, CA 91321, USA","{'lat': 34.3844214, 'lng': -118.5300482}"
169,1169,Monterey Adult School,"1200 Del Monte Ave, Monterey, CA 93940, USA","{'lat': 36.599718, 'lng': -121.8804313}"
170,1170,Fairfld-Sisun Unified Schl Dst,"1975 Pennsylvania Ave, Fairfield, CA 94533, USA","{'lat': 38.2658188, 'lng': -122.0506841}"
171,1171,El Centro Elementary Schl Dst,"1256 Broadway, El Centro, CA 92243, USA","{'lat': 32.7940832, 'lng': -115.5669519}"
172,1172,Banning Unified School District,"510 Keystone Blvd, Patterson, CA 95363, USA","{'lat': 37.4741523, 'lng': -121.1608818}"
173,1173,Union School District,"5175 Union Ave, San Jose, CA 95124, USA","{'lat': 37.2440446, 'lng': -121.9317561}"
174,1174,Santa Maria Joint Union High School District,"2560 Skyway Dr, Santa Maria, CA 93455, USA","{'lat': 34.9129024, 'lng': -120.4532256}"
175,1175,The Prentice School,"18341 Lassen Dr, Santa Ana, CA 92705, USA","{'lat': 33.772307, 'lng': -117.812064}"
176,1176,The Pajaro Valley Unified School District schools,"294 Green Valley Rd # 2, Watsonville, CA 95076, USA","{'lat': 36.93901779999999, 'lng': -121.7686468}"
177,1177,Plumas Charter School,"117 Grand St, Greenville, CA 95947, USA","{'lat': 40.1404381, 'lng': -120.9452334}"
178,1178,Nashoba Regional School District,"6460 N Figueroa St, Los Angeles, CA 90042, USA","{'lat': 34.1197278, 'lng': -118.1833328}"
179,1179,FUSD,"38700 Logan Dr, Fremont, CA 94536, USA","{'lat': 37.5455812, 'lng': -121.9982493}"
180,1180,Burton School District,"264 N Westwood St, Porterville, CA 93257, USA","{'lat': 36.0719023, 'lng': -119.0699931}"
181,1181,Chula Vista Elementary,"84 E J St, Chula Vista, CA 91910, USA","{'lat': 32.6314061, 'lng': -117.0580315}"
182,1182,Coachella Valley High School,"87225 Church St, Thermal, CA 92274, USA","{'lat': 33.6381201, 'lng': -116.1433726}"
183,1183,River Delta Unified School,"445 Montezuma St, Rio Vista, CA 94571, USA","{'lat': 38.1574357, 'lng': -121.6947757}"
184,1184,Ukiah Unified School District,"790 S Dora St, Ukiah, CA 95482, USA","{'lat': 39.1416591, 'lng': -123.2111073}"
185,1185,Main Ave Elementary School,"4350 Taylor St, Sacramento, CA 95838, USA","{'lat': 38.64702339999999, 'lng': -121.452001}"
186,1186,Bakersfield City School District,"2901 Center St, Bakersfield, CA 93306, USA","{'lat': 35.371027, 'lng': -118.9532284}"
187,1187,Redwood City School District,"750 Bradford St, Redwood City, CA 94063, USA","{'lat': 37.488432, 'lng': -122.2273868}"
188,1188,Marysville Joint Unified School District,"1778 McGowan Pkwy, Olivehurst, CA 95961, USA","{'lat': 39.076181, 'lng': -121.5505587}"
189,1189,Huntington Beach City School District,"20451 Craimer Ln, Huntington Beach, CA 92646, USA","{'lat': 33.6655676, 'lng': -117.9509861}"
190,1190,Coalition for Consumer Justice,"Loma Linda, CA, USA","{'lat': 34.0483474, 'lng': -117.2611527}"
191,1191,Coachella Valley High School,"87225 Church St, Thermal, CA 92274, USA","{'lat': 33.6381201, 'lng': -116.1433726}"
192,1192,St. Margaret's Episcopal School,"31641 La Novia Ave, San Juan Capistrano, CA 92675, USA","{'lat': 33.5045035, 'lng': -117.6505175}"
193,1193,Alemany High School,"11111 Alemany Dr, Mission Hills, CA 91345, USA","{'lat': 34.2748777, 'lng': -118.4608232}"
194,1194,Victor Elementary School District,"15579 Eighth St, Victorville, CA 92395, USA","{'lat': 34.5213907, 'lng': -117.2972698}"
195,1195,Heschel Day School,"17701 Devonshire St, Northridge, CA 91325, USA","{'lat': 34.2587082, 'lng': -118.5204704}"
196,1196,Los Angeles Unified School District,"732 S Cabrillo Ave, San Pedro, CA 90731, USA","{'lat': 33.7372559, 'lng': -118.2933493}"
197,1197,Torrance Unified School Dist,"2334 Plaza del Amo, Torrance, CA 90501, USA","{'lat': 33.8281411, 'lng': -118.3221323}"
198,1198,Huntington Beach City School District,"20451 Craimer Ln, Huntington Beach, CA 92646, USA","{'lat': 33.6655676, 'lng': -117.9509861}"
199,1199,River Delta Unified School,"52810 Netherlands Ave, Clarksburg, CA 95612, USA","{'lat': 38.4155956, 'lng': -121.5297688}"
200,1200,FUSD,"4700 Calaveras Ave, Fremont, CA 94538, USA","{'lat': 37.538423, 'lng': -121.9910691}"
201,1201,Larkspur School District,"380 Nova Albion Way, San Rafael, CA 94903, USA","{'lat': 37.9977561, 'lng': -122.5498427}"
202,1202,Newport Harbor High School,"2985 Bear St, Costa Mesa, CA 92626, USA","{'lat': 33.6784932, 'lng': -117.8945076}"
203,1203,Shasta Union High School District,"2200 Eureka Way, Redding, CA 96001, USA","{'lat': 40.5872236, 'lng': -122.4050546}"
204,1204,San Mateo Union High School District,"506 N Delaware St, San Mateo, CA 94401, USA","{'lat': 37.5782245, 'lng': -122.3298833}"
205,1205,Inglewood Unified School District,"401 S Inglewood Ave, Inglewood, CA 90301, USA","{'lat': 33.9585495, 'lng': -118.362048}"
206,1206,Torrance Unified School District,"3420 W 229th Pl, Torrance, CA 90505, USA","{'lat': 33.8177362, 'lng': -118.3463318}"
207,1207,San Jose Unified School District,"1155 E Julian St, San Jose, CA 95116, USA","{'lat': 37.3498712, 'lng': -121.8715598}"
208,1208,Los Angeles Unified School District,"400 W 9th St, Los Angeles, CA 90015, USA","{'lat': 34.0438572, 'lng': -118.2589207}"
209,1209,Kings Canyon Adult School,"740 W North Ave, Reedley, CA 93654, USA","{'lat': 36.60233110000001, 'lng': -119.4556662}"
210,1210,Cathedral School For Boys,"1275 Sacramento St, San Francisco, CA 94108, USA","{'lat': 37.7922206, 'lng': -122.4138333}"
211,1211,The Lamont School District School,"7915 Burgundy Ave, Lamont, CA 93241, USA","{'lat': 35.26309210000001, 'lng': -118.9163346}"
212,1212,Cutler-Orosi Joint Unified School District,"12623 Avenue 416, Orosi, CA 93647, USA","{'lat': 36.5445651, 'lng': -119.290841}"
213,1213,Oakland Aviation High School,"1329 Henderson Ln, Hayward, CA 94544, USA","{'lat': 37.6390413, 'lng': -122.0866294}"
214,1214,Willows Unified School District,"332/334 W Sycamore St, Willows, CA 95988, USA","{'lat': 39.5204139, 'lng': -122.1976084}"
215,1215,Shasta Union High School District,"9733 Deschutes Rd, Palo Cedro, CA 96073, USA","{'lat': 40.5689746, 'lng': -122.2346712}"
216,1216,Fallbrook Union High School District,"2234 S Stage Coach Ln, Fallbrook, CA 92028, USA","{'lat': 33.3517108, 'lng': -117.236379}"
217,1217,William S. Hart Union High School District Financing Corporation,"27171 Vista Delgado Dr, Santa Clarita, CA 91354, USA","{'lat': 34.4419536, 'lng': -118.5373483}"
218,1218,Los Angeles Unified School District,"12431 Roscoe Blvd, Sun Valley, CA 91352, USA","{'lat': 34.2227987, 'lng': -118.4041655}"
219,1219,Whittier Christian High School,"501 N Beach Blvd, La Habra, CA 90631, USA","{'lat': 33.9350954, 'lng': -117.9695643}"
220,1220,San Jose Unified School District,"6677 Camden Ave, San Jose, CA 95120, USA","{'lat': 37.2168268, 'lng': -121.8439849}"
221,1221,Irvine Unified School District,"5050 Barranca Pkwy, Irvine, CA 92604, USA","{'lat': 33.6756332, 'lng': -117.7922157}"
222,1222,San Jose Unified School District,"1635 Park Ave RM 127, San Jose, CA 95126, USA","{'lat': 37.332074, 'lng': -121.9238444}"
223,1223,Los Angeles Unified School District,"333 S Beaudry Ave FL 23, Los Angeles, CA 90017, USA","{'lat': 34.0561431, 'lng': -118.2573219}"
224,1224,Los Angeles Unified School District,"A Building, 5461 Winnetka Ave, Woodland Hills, CA 91364, USA","{'lat': 34.1696153, 'lng': -118.5716823}"
225,1225,Los Angeles Unified School District,"6535 Cedros Ave, Van Nuys, CA 91411, USA","{'lat': 34.189234, 'lng': -118.455163}"
226,1226,San Jose Unified School District,"855 Lenzen Ave, San Jose, CA 95126, USA","{'lat': 37.3361154, 'lng': -121.9112646}"
227,1227,Garden Montessori School,"204 Commerce Park Dr, Cranberry Twp, PA 16066, USA","{'lat': 40.6955309, 'lng': -80.1108915}"
228,1228,CVCS High School,"32032 Del Obispo St, San Juan Capistrano, CA 92675, USA","{'lat': 33.4981779, 'lng': -117.6715123}"
229,1229,Grossmont Union High School District,"1719 E Madison Ave, El Cajon, CA 92019, USA","{'lat': 32.7992275, 'lng': -116.9172584}"
230,1230,Alta Loma School District,"9390 Base Line Rd, Rancho Cucamonga, CA 91701, USA","{'lat': 34.1219383, 'lng': -117.6003616}"
231,1231,Los Angeles Unified School District,"333 S Beaudry Ave, Los Angeles, CA 90017, USA","{'lat': 34.0561431, 'lng': -118.2573219}"
232,1232,San Francisco Unified School District,"555 Franklin St, San Francisco, CA 94102, USA","{'lat': 37.7792067, 'lng': -122.4222158}"
233,1233,Wheatland Elem Sch District,"711 Olive St, Wheatland, CA 95692, USA","{'lat': 39.01123949999999, 'lng': -121.4288774}"
234,1234,Beaumont Unified School District,"38900 Brookside Ave, Cherry Valley, CA 92223, USA","{'lat': 33.9615402, 'lng': -116.9832454}"
235,1235,Santa Ynez Valley Charter School,"891 N Refugio Rd, Santa Ynez, CA 93460, USA","{'lat': 34.6059126, 'lng': -120.0991079}"
236,1236,Ukiah Unified School District,"925 N State St, Ukiah, CA 95482, USA","{'lat': 39.159827, 'lng': -123.208664}"
237,1237,Moreland School District,"4710 Campbell Ave, San Jose, CA 95130, USA","{'lat': 37.2863072, 'lng': -121.9849616}"
238,1238,Claremont Unified School District,"2080 N Mountain Ave, Claremont, CA 91711, USA","{'lat': 34.121201, 'lng': -117.7280137}"
239,1239,Whittier Christian Elementary,"6548 Newlin Ave, Whittier, CA 90601, USA","{'lat': 33.9813117, 'lng': -118.0404273}"
240,1240,Fairmont Private School,"1575 W Mable St, Anaheim, CA 92802, USA","{'lat': 33.8301503, 'lng': -117.9359757}"
241,1241,The Bay School of San Francisco,"682 Schofield Rd, San Francisco, CA 94129, USA","{'lat': 37.8002931, 'lng': -122.4687275}"
242,1242,Savanna High School,"301 N Gilbert St, Anaheim, CA 92801, USA","{'lat': 33.8349248, 'lng': -117.9689237}"
243,1243,Fullerton Elem School District,"1200 N Acacia Ave, Fullerton, CA 92831, USA","{'lat': 33.88201129999999, 'lng': -117.8979514}"
244,1244,Riverside C.O.E.,"3939 13th St, Riverside, CA 92501, USA","{'lat': 33.9789061, 'lng': -117.3804219}"
245,1245,Chaminade College Preparatory,"10210 Oakdale Ave, Chatsworth, CA 91311, USA","{'lat': 34.2555671, 'lng': -118.566644}"
246,1246,Franklin School District,"1815 E Wilshire Ave #910, Santa Ana, CA 92705, USA","{'lat': 33.7322422, 'lng': -117.8422241}"
247,1247,Coronado High School,"650 D Ave, Coronado, CA 92118, USA","{'lat': 32.691899, 'lng': -117.1783561}"
248,1248,William S. Hart Union High School District Financing Corporation,"21515 Centre Pointe Pkwy, Santa Clarita, CA 91350, USA","{'lat': 34.4123479, 'lng': -118.5132047}"
249,1249,Chester County Intermediate Unit,"825 5th St, Eureka, CA 95501, USA","{'lat': 40.80282649999999, 'lng': -124.1621737}"
250,1250,Brook Haven School,"7905 Valentine Ave, Sebastopol, CA 95472, USA","{'lat': 38.4014313, 'lng': -122.8375149}"
251,1251,Hillcrest Christian School,"2030 Main St # 1200, Irvine, CA 92614, USA","{'lat': 33.6831353, 'lng': -117.8531664}"
252,1252,French American International School,"150 Oak St, San Francisco, CA 94102, USA","{'lat': 37.7754064, 'lng': -122.4223485}"
253,1253,Hueneme School District,"550 Thomas Ave, Oxnard, CA 93033, USA","{'lat': 34.169265, 'lng': -119.1714077}"
254,1254,Brookhaven Elementary School,"1851 Brookhaven Ave, Placentia, CA 92870, USA","{'lat': 33.8953236, 'lng': -117.8604014}"
255,1255,Green Dot Public Schools,"892 E 48th St, Los Angeles, CA 90011, USA","{'lat': 34.0000253, 'lng': -118.2600171}"
256,1256,Victor Elementary School District,"15579 Eighth St, Victorville, CA 92395, USA","{'lat': 34.5340368, 'lng': -117.293283}"
257,1257,Monrovia High School,"845 W Colorado Blvd, Monrovia, CA 91016, USA","{'lat': 34.1481089, 'lng': -118.0175109}"
258,1258,TUSTIN UNIFIED SCHOOL DISTRICT,"300 S C St, Tustin, CA 92780, USA","{'lat': 33.74310790000001, 'lng': -117.8252356}"
259,1259,El Dorado County Chamber of Commerce,"2942 Coloma St, Placerville, CA 95667, USA","{'lat': 38.7300487, 'lng': -120.8050021}"
260,1260,Villegas Ysmael Middle School,"10365 Keller Ave, Riverside, CA 92505, USA","{'lat': 33.9338486, 'lng': -117.479726}"
261,1261,Los Angeles Unified School District,"14755 Greenleaf St, Sherman Oaks, CA 91403, USA","{'lat': 34.1498966, 'lng': -118.455634}"
262,1262,Esparto High School,"26675 Plainfield St, Esparto, CA 95627, USA","{'lat': 38.6916389, 'lng': -122.016082}"
263,1263,Pomona Unified School District,"800 S Garey Ave, Pomona, CA 91766, USA","{'lat': 34.0519441, 'lng': -117.7493934}"
264,1264,Los Angeles County High School for the Arts,"5151 State University Dr, Los Angeles, CA 90032, USA","{'lat': 34.0674401, 'lng': -118.1674526}"
265,1265,Sonrise Christian Preschool,"1220 E Ruddock St, Covina, CA 91724, USA","{'lat': 34.0890368, 'lng': -117.865575}"
266,1266,Olive Elementary School,"629 Plum St, Novato, CA 94945, USA","{'lat': 38.10973420000001, 'lng': -122.5575602}"
267,1267,Cathedral School for Boys,"1275 Sacramento St, San Francisco, CA 94108, USA","{'lat': 37.7922206, 'lng': -122.4138333}"
268,1268,Coalition for Consumer Justice,"3700 Wilshire Blvd #425, Los Angeles, CA 90010, USA","{'lat': 34.0605289, 'lng': -118.3071898}"
269,1269,OUSD,"1 Pirates Cove Way, Oceanside, CA 92054, USA","{'lat': 33.1970246, 'lng': -117.3741563}"
270,1270,Beaumont Unified School District,"939 E 10th St, Beaumont, CA 92223, USA","{'lat': 33.9353023, 'lng': -116.9693751}"
271,1271,Newport Harbor High School,"2701 Fairview Rd, Costa Mesa, CA 92626, USA","{'lat': 33.6713265, 'lng': -117.9117079}"
272,1272,Huntington Beach City School District,"16701 Beach Blvd, Huntington Beach, CA 92647, USA","{'lat': 33.7206895, 'lng': -117.9904281}"
273,1273,Monterey Adult School,"3066 Lake Dr, Marina, CA 93933, USA","{'lat': 36.6838618, 'lng': -121.8066725}"
274,1274,Christ Lutheran School,"1090 Quintara St, San Francisco, CA 94116, USA","{'lat': 37.7488595, 'lng': -122.4766654}"
275,1275,FUSD,"4180 Alder Ave, Fremont, CA 94536, USA","{'lat': 37.5600863, 'lng': -122.016615}"
276,1276,Marin Primary & Middle School,"20 Magnolia Ave, Larkspur, CA 94939, USA","{'lat': 37.928702, 'lng': -122.5324568}"
277,1277,Larkspur School District,"700 Miller Ave, Mill Valley, CA 94941, USA","{'lat': 37.89025, 'lng': -122.527041}"
278,1278,Larkspur School District,"630 Nevada St, Sausalito, CA 94965, USA","{'lat': 37.863531, 'lng': -122.502896}"
279,1279,The Pajaro Valley Unified School District schools,"6860 Soquel Dr, Aptos, CA 95003, USA","{'lat': 36.9849779, 'lng': -121.9189301}"
280,1280,Santa Clara Cnty Education Ofc,"700 W 6th St STE L, Gilroy, CA 95020, USA","{'lat': 37.0037705, 'lng': -121.5771692}"
281,1281,Santa Clara Cnty Education Ofc,"1870 Senter Rd, San Jose, CA 95112, USA","{'lat': 37.3163771, 'lng': -121.8553715}"
282,1282,Oakdale Joint Unified School District,"739 W G St, Oakdale, CA 95361, USA","{'lat': 37.7615142, 'lng': -120.8540665}"
283,1283,Garden Grove Unified School District,"10331 Stanford Ave, Garden Grove, CA 92840, USA","{'lat': 33.7781785, 'lng': -117.952178}"
284,1284,Wheatland High School,"1010 Wheatland Rd, Wheatland, CA 95692, USA","{'lat': 39.0067328, 'lng': -121.4305293}"
285,1285,El Centro Elementary Schl Dst,"951 S Hope St, El Centro, CA 92243, USA","{'lat': 32.7840061, 'lng': -115.5391028}"
286,1286,Los Molinos High School,"7900 Sherwood Blvd, Los Molinos, CA 96055, USA","{'lat': 40.0256344, 'lng': -122.0948262}"
287,1287,Plumas Charter School,"424 N Mill Creek Rd, Quincy, CA 95971, USA","{'lat': 39.9414719, 'lng': -120.9036718}"
288,1288,Valley Christian Schools,"1670 Moorpark Ave, San Jose, CA 95128, USA","{'lat': 37.31601310000001, 'lng': -121.9225109}"
289,1289,Beaumont Unified School District,"1040 N California Ave, Beaumont, CA 92223, USA","{'lat': 33.9362377, 'lng': -116.9810801}"
290,1290,Beaumont Unified School District,"1040 N California Ave, Beaumont, CA 92223, USA","{'lat': 33.9362377, 'lng': -116.9810801}"
291,1291,ARCHDIOCESE OF SAN FRANCISCO,"434 Alida Way, South San Francisco, CA 94080, USA","{'lat': 37.6465173, 'lng': -122.4301793}"
292,1292,Calistoga Joint Unified School District,"1500 Cedar St, Calistoga, CA 94515, USA","{'lat': 38.578057, 'lng': -122.5826775}"
293,1293,CHRISTIAN CORNERSTONE SCHOOL,"1777 Arneill Rd, Camarillo, CA 93010, USA","{'lat': 34.2351254, 'lng': -119.0398102}"
294,1294,DIOCESE OF MONTEREY EDUCATION,"682 Palm St, San Luis Obispo, CA 93401, USA","{'lat': 35.2810043, 'lng': -120.6662739}"
295,1295,DIOCESE OF MONTEREY EDUCATION,"682 Palm St, San Luis Obispo, CA 93401, USA","{'lat': 35.2810043, 'lng': -120.6662739}"
296,1296,Alhambra Unified School District,"1616 Griffith Ave, La Puente, CA 91744, USA","{'lat': 34.0487403, 'lng': -117.9413531}"
297,1297,The Lamont School District School,"7915 Burgundy Ave, Lamont, CA 93241, USA","{'lat': 35.26309210000001, 'lng': -118.9163346}"
298,1298,Alhambra Unified School District,"120 S Ynez Ave, Monterey Park, CA 91754, USA","{'lat': 34.0618034, 'lng': -118.1279948}"
299,1299,Plumas Unified School District,"205 Lundy Ln, Blairsden-Graeagle, CA 96103, USA","{'lat': 39.790665, 'lng': -120.649795}"
