,_id,Name,Address,Geocodes
0,9400,Jeff Davis County Schools,"81 Pat Dixon Rd, Hazlehurst, GA 31539, USA","{'lat': 31.8634852, 'lng': -82.60993169999999}"
1,9401,Global Achievers,"7 Solar Cir, Newnan, GA 30265, USA","{'lat': 33.4040673, 'lng': -84.7467672}"
2,9402,Long County School District,"Ludowici, GA 31316, USA","{'lat': 31.7079919, 'lng': -81.7423357}"
3,9403,Catoosa County,"2206 Battlefield Pkwy, Fort Oglethorpe, GA 30742, USA","{'lat': 34.9448233, 'lng': -85.2299515}"
4,9404,Oakland Elementary School,"1860 S Main St, Ellijay, GA 30540, USA","{'lat': 34.6758731, 'lng': -84.4963673}"
5,9405,Brenau University,"Centennial Cir, Gainesville, GA 30504, USA","{'lat': 34.2609283, 'lng': -83.8638479}"
6,9406,Fayette County,"205 LaFayette Ave, Fayetteville, GA 30214, USA","{'lat': 33.4517777, 'lng': -84.458368}"
7,9407,Forsyth County Schools,"3777 Samples Rd, Cumming, GA 30041, USA","{'lat': 34.1680751, 'lng': -84.1057412}"
8,9408,Brandon Hall School,"1701 Brandon Hall Dr, Sandy Springs, GA 30350, USA","{'lat': 33.9839454, 'lng': -84.30246199999999}"
9,9409,Cobb County School District,"3450 New MacLand Rd, Powder Springs, GA 30127, USA","{'lat': 33.8709698, 'lng': -84.6774957}"
10,9410,Dougherty County Schools,"200 Pine Ave, Albany, GA 31701, USA","{'lat': 31.578074, 'lng': -84.1516753}"
11,9411,Carroll County School System,"113 Central High Rd, Carrollton, GA 30116, USA","{'lat': 33.5524846, 'lng': -85.0681528}"
12,9412,Grace Christian Academy,"355 McDonough Rd, Fayetteville, GA 30214, USA","{'lat': 33.4568078, 'lng': -84.4011791}"
13,9413,Fulton County School District,"5400 Campbellton Rd SW, Atlanta, GA 30331, USA","{'lat': 33.6998733, 'lng': -84.56103619999999}"
14,9414,Fulton County School District,"9425 Barnwell Rd, Johns Creek, GA 30022, USA","{'lat': 34.0106425, 'lng': -84.250187}"
15,9415,Bacon County,"601 N Pierce St, Alma, GA 31510, USA","{'lat': 31.5452207, 'lng': -82.46109609999999}"
16,9416,Lowndes County School District,"2379 Copeland Rd, Valdosta, GA 31601, USA","{'lat': 30.7932684, 'lng': -83.2623658}"
17,9417,Carroll County School System,"210 S College St, Metter, GA 30439, USA","{'lat': 32.3951008, 'lng': -82.06514349999999}"
18,9418,Dacula Middle School,"137 Dacula Rd, Dacula, GA 30019, USA","{'lat': 33.9914521, 'lng': -83.8947558}"
19,9419,Lumpkin County School District,"2001 Indian Dr, Dahlonega, GA 30533, USA","{'lat': 34.5550348, 'lng': -84.0014521}"
20,9420,Floyd County School District,"200 Hughes Dairy Rd, Lindale, GA 30147, USA","{'lat': 34.1664937, 'lng': -85.183413}"
21,9421,Fulton County School District,"5925 Old Carriage Dr, Atlanta, GA 30349, USA","{'lat': 33.5931128, 'lng': -84.4818181}"
22,9422,Cobb County School District,"5243 Meadows Rd SW, Powder Springs, GA 30127, USA","{'lat': 33.8277099, 'lng': -84.67455439999999}"
23,9423,Dekalb County School System,"3535 Dogwood Farm Rd, Decatur, GA 30034, USA","{'lat': 33.6797072, 'lng': -84.21618749999999}"
24,9424,Pickens County School District,"600 Hill Cir, Jasper, GA 30143, USA","{'lat': 34.474288, 'lng': -84.51754199999999}"
25,9425,Coweta County School System,"5725 US-29, Grantville, GA 30220, USA","{'lat': 33.2341203, 'lng': -84.82748079999999}"
26,9426,Dekalb County School System,"651 S Indian Creek Dr, Stone Mountain, GA 30083, USA","{'lat': 33.7799439, 'lng': -84.22878519999999}"
27,9427,Tattnall County Schools,"720 N Main St, Reidsville, GA 30453, USA","{'lat': 32.10865870000001, 'lng': -82.1210516}"
28,9428,Gordon County School District,"130 Peachtree St, Fairmount, GA 30139, USA","{'lat': 34.43967370000001, 'lng': -84.6977948}"
29,9429,Habersham County,"181 Larkin St, Cornelia, GA 30531, USA","{'lat': 34.5104137, 'lng': -83.52538070000001}"
30,9430,Georgia Military College,"2113 Bemiss Rd, Valdosta, GA 31602, USA","{'lat': 30.85988129999999, 'lng': -83.2792632}"
31,9431,Banks County School District,"266 GA-51, Homer, GA 30547, USA","{'lat': 34.3312797, 'lng': -83.5095297}"
32,9432,Dawson County,"1860 Dawson Forest Rd E, Dawsonville, GA 30534, USA","{'lat': 34.352702, 'lng': -84.0825547}"
33,9433,Heritage Christian School,"1600 Martin Luther King Jr Blvd, Dalton, GA 30721, USA","{'lat': 34.7758009, 'lng': -84.9398059}"
34,9434,North Jackson Elementary Schl,"1630 New Kings Bridge Rd, Athens, GA 30607, USA","{'lat': 34.0674864, 'lng': -83.476816}"
35,9435,Columbus Georgia Consolidated Government,"Columbus, GA 31902, USA","{'lat': 32.46862, 'lng': -84.99141}"
36,9436,Barrow County School System,"65 Gilreath Rd SE, Cartersville, GA 30121, USA","{'lat': 34.2238579, 'lng': -84.81538420000001}"
37,9437,Burke County Public Schools,"789 Burke Veterans Parkway, Waynesboro, GA 30830, USA","{'lat': 33.0799865, 'lng': -81.98803769999999}"
38,9438,Liberty County,"208 Shipman Ave, Hinesville, GA 31313, USA","{'lat': 31.8546286, 'lng': -81.5982227}"
39,9439,Todd Realty,"3534 E Hall Rd, Gainesville, GA 30507, USA","{'lat': 34.3346682, 'lng': -83.742159}"
40,9440,Butts County School District,"181 N Mulberry St, Jackson, GA 30233, USA","{'lat': 33.296425, 'lng': -83.96694339999999}"
41,9441,Heard County School District,"Franklin, GA 30217, USA","{'lat': 33.2776182, 'lng': -85.0979973}"
42,9442,Dade Co Board Of Education,"306 Wolverine Dr, Trenton, GA 30752, USA","{'lat': 34.8734265, 'lng': -85.51213709999999}"
43,9443,Cobb County School District,"1550 Pebble Brook Cir, Mableton, GA 30126, USA","{'lat': 33.8186586, 'lng': -84.50951979999999}"
44,9444,Flight Safety Foundation,"Robert B Miller Jr, Georgia 31408, USA","{'lat': 32.1251589, 'lng': -81.1845768}"
45,9445,Gwinnett County Public Schools,"3875 Smithtown Rd, Suwanee, GA 30024, USA","{'lat': 34.0487148, 'lng': -84.054653}"
46,9446,Burke County Public Schools,"840 Academy Ave, Waynesboro, GA 30830, USA","{'lat': 33.0943535, 'lng': -82.0213426}"
47,9447,Murray County School District,"700 Old Dalton Ellijay Rd, Chatsworth, GA 30705, USA","{'lat': 34.7799814, 'lng': -84.7796126}"
48,9448,Georgia Department of Education,"1801 Moultrie Hwy, Quitman, GA 31643, USA","{'lat': 30.8102848, 'lng': -83.56380690000002}"
49,9449,Gainesville City School System,"695 Fair St, Gainesville, GA 30501, USA","{'lat': 34.3001806, 'lng': -83.81357249999999}"
50,9450,Colquitt County,"111 Mathis Ave, Doerun, GA 31744, USA","{'lat': 31.3275392, 'lng': -83.9178072}"
51,9451,Glynn County School Adm,"695 Harry Driggers Blvd, Brunswick, GA 31525, USA","{'lat': 31.27802449999999, 'lng': -81.46488889999999}"
52,9452,Dekalb County School System,"3595 Linecrest Rd, Ellenwood, GA 30294, USA","{'lat': 33.6508299, 'lng': -84.2440553}"
53,9453,Alliance Francaise,"1349 W Peachtree St NE, Atlanta, GA 30309, USA","{'lat': 33.7916755, 'lng': -84.3871841}"
54,9454,New Georgia School,"1531 Cedarcrest Rd, Dallas, GA 30132, USA","{'lat': 34.0247892, 'lng': -84.7762687}"
55,9455,Berrien County School District,"Nashville, GA 31639, USA","{'lat': 31.2074197, 'lng': -83.25015479999999}"
56,9456,Troup County School District,"LaGrange, GA 30241, USA","{'lat': 32.9999801, 'lng': -84.9609464}"
57,9457,Bryan County School District,"476 Frances Meeks Way, Richmond Hill, GA 31324, USA","{'lat': 31.9374443, 'lng': -81.312692}"
58,9458,Georgia Department of Education,"405 N Ash St, Springfield, GA 31329, USA","{'lat': 32.3737697, 'lng': -81.3094679}"
59,9459,Georgia Military College,"Old Capitol Building, 201 E Greene St, Milledgeville, GA 31061, USA","{'lat': 33.0786691, 'lng': -83.2245845}"
60,9460,GROOM ISD,"145 Sunningdale Dr, Winder, GA 30680, USA","{'lat': 33.956987, 'lng': -83.7323861}"
61,9461,Clarke County School District,"440 Dearing Ext, Athens, GA 30606, USA","{'lat': 33.9497051, 'lng': -83.3999699}"
62,9462,Fulton County School District,"1400 Martin Rd, Roswell, GA 30076, USA","{'lat': 34.0114109, 'lng': -84.3167507}"
63,9463,Greensboro Academy,"3500 Villa Cir SE, Atlanta, GA 30354, USA","{'lat': 33.6588779, 'lng': -84.37843579999999}"
64,9464,Gwinnett Daily Post,"50 Taylor Rd, Suwanee, GA 30024, USA","{'lat': 34.0157305, 'lng': -84.02004699999999}"
65,9465,Rockdale County School District,"700 Honey Creek Rd SE, Conyers, GA 30094, USA","{'lat': 33.5978302, 'lng': -84.02091449999999}"
66,9466,Atlanta Public School System,"101 Hemphill School Rd NW, Atlanta, GA 30331, USA","{'lat': 33.7588249, 'lng': -84.5005941}"
67,9467,First Baptist Church Preschool,"15 W Washington St, Newnan, GA 30263, USA","{'lat': 33.3758078, 'lng': -84.8018321}"
68,9468,Immaculate Heart Of Mary Sch,"2855 Briarcliff Rd NE, Atlanta, GA 30329, USA","{'lat': 33.833652, 'lng': -84.319662}"
69,9469,Clayton County Public Schools,"500 GA-138, Jonesboro, GA 30238, USA","{'lat': 33.534934, 'lng': -84.375435}"
70,9470,Bibb County Public Schools,"Macon, GA 31208, USA","{'lat': 32.7784522, 'lng': -83.7551168}"
71,9471,Liberty County,"200 Bradwell St, Hinesville, GA 31313, USA","{'lat': 31.8498001, 'lng': -81.5920716}"
72,9472,Interdenominational Theological Center,"700 M.L.K. Jr Dr SW, Atlanta, GA 30314, USA","{'lat': 33.7535451, 'lng': -84.40971590000001}"
73,9473,Atlanta Christian College,"786 Cleveland Ave SW, Atlanta, GA 30315, USA","{'lat': 33.6807208, 'lng': -84.4145583}"
74,9474,Habersham County,"Baldwin, GA, USA","{'lat': 34.4917665, 'lng': -83.5373946}"
75,9475,Berrien County School District,"800 Tifton Rd, Nashville, GA 31639, USA","{'lat': 31.21180129999999, 'lng': -83.26161499999999}"
76,9476,Heard County School District,"315 Centralhatchee Pkwy, Centralhatchee, GA 30217, USA","{'lat': 33.363742, 'lng': -85.1069011}"
77,9477,LaGrange College,"601 Broad St, LaGrange, GA 30240, USA","{'lat': 33.038947, 'lng': -85.04324690000001}"
78,9478,Georgia Department of Education,"2500 Daniells Bridge Rd #300, Athens, GA 30606, USA","{'lat': 33.9094132, 'lng': -83.4603953}"
79,9479,Fulton County School District,"5880 Findley Chase Dr, Johns Creek, GA 30097, USA","{'lat': 34.061255, 'lng': -84.186453}"
80,9480,Bibb County Public Schools,"1065 Anthony Rd, Macon, GA 31204, USA","{'lat': 32.8206329, 'lng': -83.6584216}"
81,9481,Greenfield Hebrew Academy,"5200 Northland Dr, Atlanta, GA 30342, USA","{'lat': 33.8958859, 'lng': -84.3664859}"
82,9482,Fulton County School District,"786 Cleveland Ave SW, Atlanta, GA 30315, USA","{'lat': 33.6807208, 'lng': -84.4145583}"
83,9483,Crawford County,"191 Lowe Rd, Roberta, GA 31078, USA","{'lat': 32.7283203, 'lng': -84.0072403}"
84,9484,Dekalb County School System,"3601 Sexton Woods Dr, Chamblee, GA 30341, USA","{'lat': 33.8964192, 'lng': -84.3108931}"
85,9485,Dade Co Board Of Education,"52 Tradition Ln, Trenton, GA 30752, USA","{'lat': 34.8635468, 'lng': -85.5067042}"
86,9486,Talbot County Elementary Schl,"Talbotton, GA 31827, USA","{'lat': 32.6776372, 'lng': -84.5393664}"
87,9487,Douglas County,"6300 John West Rd, Douglasville, GA 30134, USA","{'lat': 33.7244987, 'lng': -84.7825281}"
88,9488,Cobb County School District,"605 Glendale Pl, Smyrna, GA 30080, USA","{'lat': 33.8916644, 'lng': -84.53638939999999}"
89,9489,Augusta Christian Schools,"470 Furys Ferry Rd, Martinez, GA 30907, USA","{'lat': 33.533042, 'lng': -82.078441}"
90,9490,Cobb County School District,"50 Veterans Memorial Hwy SE, Mableton, GA 30126, USA","{'lat': 33.8135786, 'lng': -84.5537736}"
91,9491,Fulton County School District,"2600 Jolly Rd, Atlanta, GA 30349, USA","{'lat': 33.6112719, 'lng': -84.4746037}"
92,9492,Troup County School System,"Hogansville, GA 30230, USA","{'lat': 33.1730399, 'lng': -84.91478359999999}"
93,9493,Keiki O Ka Aina,"3030 Kalihi St, Honolulu, HI 96819, USA","{'lat': 21.3566191, 'lng': -157.8548068}"
94,9494,Akamai University,"193 Kinoole St, Hilo, HI 96720, USA","{'lat': 19.7238564, 'lng': -155.0879793}"
95,9495,Holy Family Catholic Academy,"830 Main St, Honolulu, HI 96818, USA","{'lat': 21.339006, 'lng': -157.9305425}"
96,9496,Iolani School,"563 Kamoku St, Honolulu, HI 96826, USA","{'lat': 21.286194, 'lng': -157.824549}"
97,9497,Iolani School,"563 Kamoku St, Honolulu, HI 96826, USA","{'lat': 21.286194, 'lng': -157.824549}"
98,9498,Seabury Hall,"480 Olinda Rd, Makawao, HI 96768, USA","{'lat': 20.8416631, 'lng': -156.3110506}"
99,9499,Parker School,"65-1224 Lindsey Rd, Waimea, HI 96743, USA","{'lat': 20.0226379, 'lng': -155.6695014}"
100,9500,Island School,"3 1875 Kaumualii Hwy, Lihue, HI 96766, USA","{'lat': 21.971031, 'lng': -159.3975757}"
101,9501,Lutheran High School Hawaii,"1404 University Ave, Honolulu, HI 96822, USA","{'lat': 21.2956688, 'lng': -157.8215597}"
102,9502,Nanaikapono Elementary School,"89-153 Mano Ave, Waianae, HI 96792, USA","{'lat': 21.3827727, 'lng': -158.1442593}"
103,9503,Hawaii Association of Independent Schools,"2445 Kaala St, Honolulu, HI 96822, USA","{'lat': 21.3037599, 'lng': -157.8166696}"
104,9504,Kalani High School,"4680 Kalanianaʻole Hwy, Honolulu, HI 96821, USA","{'lat': 21.2797456, 'lng': -157.7733809}"
105,9505,Hawaii Preparatory Academy,"65-1692 Kohala Mountain Rd, Waimea, HI 96743, USA","{'lat': 20.0298207, 'lng': -155.6987685}"
106,9506,Assets School,"1 Ohana Nui Way, Honolulu, HI 96818, USA","{'lat': 21.3402978, 'lng': -157.9338493}"
107,9507,Kapolei Golf Course,"1001 Kamokila Blvd #250, Kapolei, HI 96707, USA","{'lat': 21.334712, 'lng': -158.0803548}"
108,9508,Holy Nativity School,"5286 Kalanianaʻole Hwy, Honolulu, HI 96821, USA","{'lat': 21.2786461, 'lng': -157.7520512}"
109,9509,Sacred Hearts Academy,"3253 Waialae Ave, Honolulu, HI 96816, USA","{'lat': 21.2857092, 'lng': -157.8066798}"
110,9510,Sacred Hearts Academy,"3253 Waialae Ave, Honolulu, HI 96816, USA","{'lat': 21.2857092, 'lng': -157.8066798}"
111,9511,Ocb Restaurant Co,"917 Kalanianaʻole Hwy, Kailua, HI 96734, USA","{'lat': 21.3794085, 'lng': -157.7683046}"
112,9512,Ishita Inc,"1728 Pali Hwy, Honolulu, HI 96813, USA","{'lat': 21.3166394, 'lng': -157.8528807}"
113,9513,Kapunahala Elementary S...,"730 Iliaina St, Kailua, HI 96734, USA","{'lat': 21.4092514, 'lng': -157.7568886}"
114,9514,Strain-Japan Sch Dist R...,"98-1230 Moanalua Rd, Aiea, HI 96701, USA","{'lat': 21.3827518, 'lng': -157.9318233}"
115,9515,Island Pacific Academy,"909 Haumea St, Kapolei, HI 96707, USA","{'lat': 21.3329476, 'lng': -158.0803548}"
116,9516,Banning Unified School ...,"615 Auwaiolimu St, Honolulu, HI 96813, USA","{'lat': 21.3128144, 'lng': -157.8406313}"
117,9517,Walker Hackensack Akele...,"791 Lehua Ave, Pearl City, HI 96782, USA","{'lat': 21.3887626, 'lng': -157.9713658}"
118,9518,Hawaii Department of Ed...,"81-1043 Konawaena School Rd, Kealakekua, HI 96750, USA","{'lat': 19.5093595, 'lng': -155.9160432}"
119,9519,Hawaii DoE,"2528 10th Ave, Honolulu, HI 96816, USA","{'lat': 21.3041393, 'lng': -157.7896728}"
120,9520,Kamehameha Schools,"16-714 Volcano Rd, Keaau, HI 96749, USA","{'lat': 19.6092806, 'lng': -155.0549812}"
121,9521,Ho ALA School,"1067 California Ave Ste A, Wahiawa, HI 96786, USA","{'lat': 21.4977201, 'lng': -158.0230072}"
122,9522,Hawaii DoE,"601 Kamokila Blvd # 418, Kapolei, HI 96707, USA","{'lat': 21.3312563, 'lng': -158.0837323}"
123,9523,Hawaii DoE,"4680 Kalanianaʻole Hwy, Honolulu, HI 96821, USA","{'lat': 21.2797456, 'lng': -157.7733809}"
124,9524,Hawaii DoE,"1302 Queen Emma St, Honolulu, HI 96813, USA","{'lat': 21.311624, 'lng': -157.8566059}"
125,9525,Hawaii DoE,"3430 Maunaloa Ave, Honolulu, HI 96816, USA","{'lat': 21.2791193, 'lng': -157.8060045}"
126,9526,Hualalai Academy,"74-4966 Kealakaa St, Kailua-Kona, HI 96740, USA","{'lat': 19.6777467, 'lng': -155.9881867}"
127,9527,Hawaiian Mission Academy,"1438 Pensacola St, Honolulu, HI 96822, USA","{'lat': 21.3054272, 'lng': -157.843449}"
128,9528,Island School,"3 1875 Kaumualii Hwy, Lihue, HI 96766, USA","{'lat': 21.971031, 'lng': -159.3975757}"
129,9529,Le Jardin Academy,"917 Kalanianaʻole Hwy, Kailua, HI 96734, USA","{'lat': 21.3794085, 'lng': -157.7683046}"
130,9530,Kamehameha Schools,"270 Aapueo Pkwy, Makawao, HI 96768, USA","{'lat': 20.8227509, 'lng': -156.3349393}"
131,9531,Hawaii DoE,"45-386 Kaneohe Bay Dr, Kaneohe, HI 96744, USA","{'lat': 21.4040641, 'lng': -157.7936396}"
132,9532,Iolani School,"563 Kamoku St, Honolulu, HI 96826, USA","{'lat': 21.286194, 'lng': -157.824549}"
133,9533,King Kekaulike High School,"121 Kula Hwy, Makawao, HI 96768, USA","{'lat': 20.8271359, 'lng': -156.3274689}"
134,9534,Doris Todd Memorial Christian,"519 Baldwin Ave, Paia, HI 96779, USA","{'lat': 20.9032799, 'lng': -156.3692251}"
135,9535,Hawaii Baptist Academy,"2429 Pali Hwy, Honolulu, HI 96817, USA","{'lat': 21.3279496, 'lng': -157.8447996}"
136,9536,Honolulu Waldorf School,"350 Ulua St, Honolulu, HI 96821, USA","{'lat': 21.2855571, 'lng': -157.7345406}"
137,9537,State of Hawaii Department of Education,"730 Iliaina St, Kailua, HI 96734, USA","{'lat': 21.4092514, 'lng': -157.7568886}"
138,9538,Kamehameha Schools,"101 Aupuni St #102, Hilo, HI 96720, USA","{'lat': 19.7174514, 'lng': -155.0765416}"
139,9539,Farrington High School,"1564 N King St, Honolulu, HI 96817, USA","{'lat': 21.3306294, 'lng': -157.8733161}"
140,9540,Hawaii DoE,"451 Ulumanu Dr, Kailua, HI 96734, USA","{'lat': 21.3847677, 'lng': -157.7479064}"
141,9541,Hawaii Preparatory Academy,"65-1692 Kohala Mountain Rd, Waimea, HI 96743, USA","{'lat': 20.0298207, 'lng': -155.6987685}"
142,9542,Island Pacific Academy,"909 Haumea St, Kapolei, HI 96707, USA","{'lat': 21.3334588, 'lng': -158.0805082}"
143,9543,Lutheran High School Hawaii,"1404 University Ave, Honolulu, HI 96822, USA","{'lat': 21.2956688, 'lng': -157.8215597}"
144,9544,Kamehameha Schools,"270 Aapueo Pkwy, Makawao, HI 96768, USA","{'lat': 20.8227509, 'lng': -156.3349393}"
145,9545,Assets School,"1 Ohana Nui Way, Honolulu, HI 96818, USA","{'lat': 21.3402978, 'lng': -157.9338493}"
146,9546,Central Union Preschool,"1660 S Beretania St, Honolulu, HI 96826, USA","{'lat': 21.2990127, 'lng': -157.8336686}"
147,9547,Kaimuki Christian School,"1117 Koko Head Ave, Honolulu, HI 96816, USA","{'lat': 21.2808021, 'lng': -157.7982502}"
148,9548,Damien Memorial High School,"1401 Houghtailing St, Honolulu, HI 96817, USA","{'lat': 21.3304151, 'lng': -157.8671549}"
149,9549,Sunrise Technologies,"913 Alewa Dr, Honolulu, HI 96817, USA","{'lat': 21.331165, 'lng': -157.85486}"
150,9550,Kamehameha Schools,"1887 Makuakane St, Honolulu, HI 96817, USA","{'lat': 21.3396842, 'lng': -157.8661535}"
151,9551,Liberty Christian School,"16-675 Milo St, Keaau, HI 96749, USA","{'lat': 19.6279641, 'lng': -155.0295417}"
152,9552,La Pietra - Hawaii Scho...,"2933 Poni Moi Rd, Honolulu, HI 96815, USA","{'lat': 21.2612748, 'lng': -157.8159942}"
153,9553,Campagnia,"1 Ohana Nui Way, Honolulu, HI 96818, USA","{'lat': 21.3402978, 'lng': -157.9338493}"
154,9554,Dutch Coffee Shop,"67-160 Farrington Hwy, Waialua, HI 96791, USA","{'lat': 21.5656037, 'lng': -158.1260008}"
155,9555,Hawaii Baptist Academy,"21 Bates St, Honolulu, HI 96817, USA","{'lat': 21.32113, 'lng': -157.8526938}"
156,9556,CORESystems Hawaii,"1887 Makuakane St, Honolulu, HI 96817, USA","{'lat': 21.3396842, 'lng': -157.8661535}"
157,9557,Haleakala Waldorf Schoo...,"4160 Lower Kula Rd, Kula, HI 96790, USA","{'lat': 20.7657131, 'lng': -156.3271134}"
158,9558,Academy Of The Pacific,"913 Alewa Dr, Honolulu, HI 96817, USA","{'lat': 21.331165, 'lng': -157.85486}"
159,9559,Kamehameha Schools,"225 Bishop Dr, Honolulu, HI 96817, USA","{'lat': 21.3387646, 'lng': -157.8595663}"
160,9560,University of Hawaii,"Multi Purpose Building, 1650 W Kaahumanu Ave, Wailuku, HI 96793, USA","{'lat': 20.8906787, 'lng': -156.4900682}"
161,9561,Hawaii Preparatory Acad...,"65-1692 Kohala Mountain Rd, Waimea, HI 96743, USA","{'lat': 20.0298207, 'lng': -155.6987685}"
162,9562,University of Hawaii,"2444 Dole St, Honolulu, HI 96822, USA","{'lat': 21.2991857, 'lng': -157.8171978}"
163,9563,University of Hawaii,"200 W Kawili St, Hilo, HI 96720, USA","{'lat': 19.7011389, 'lng': -155.0814464}"
164,9564,Kahuku High School,"56490 Kamehameha Hwy, Kahuku, HI 96731, USA","{'lat': 21.6759162, 'lng': -157.9473121}"
165,9565,Kamaaina Kids,"539 Kapahulu Ave, Honolulu, HI 96815, USA","{'lat': 21.2772607, 'lng': -157.8140848}"
166,9566,Hawaii Department of Ed...,"451 Ulumanu Dr, Kailua, HI 96734, USA","{'lat': 21.3847677, 'lng': -157.7479064}"
167,9567,Damien Memorial High Sc...,"1401 Houghtailing St, Honolulu, HI 96817, USA","{'lat': 21.3304151, 'lng': -157.8671549}"
168,9568,Hawaii Department of Ed...,"4695 Mailihuna Rd, Kapaʻa, HI 96746, USA","{'lat': 22.0916869, 'lng': -159.3143399}"
169,9569,Hawaiian Associates Sev...,"1438 Pensacola St, Honolulu, HI 96822, USA","{'lat': 21.3054272, 'lng': -157.843449}"
170,9570,Hawaii Department of Ed...,"3271 Salt Lake Blvd, Honolulu, HI 96818, USA","{'lat': 21.3428923, 'lng': -157.9147304}"
171,9571,Ka Waihona O Ka NaAuao,"89-195 Farrington Hwy, Waianae, HI 96792, USA","{'lat': 21.3800502, 'lng': -158.1450046}"
172,9572,Hanalani Schools,"94-294 Anania Dr, Mililani, HI 96789, USA","{'lat': 21.4404186, 'lng': -158.0090923}"
173,9573,Kamehameha Schools,"210 Konia Cir, Honolulu, HI 96817, USA","{'lat': 21.3410396, 'lng': -157.8555348}"
174,9574,Oakland Unified School ...,"91-740 Papipi Rd, Ewa Beach, HI 96706, USA","{'lat': 21.3150733, 'lng': -158.0153336}"
175,9575,Hawaii Department of Ed...,"54-3609 Akoni Pule Hwy, Kapaau, HI 96755, USA","{'lat': 20.237512, 'lng': -155.817415}"
176,9576,Silver Falls School Dis...,"3265 Salt Lake Blvd, Honolulu, HI 96818, USA","{'lat': 21.3434512, 'lng': -157.9144037}"
177,9577,Le Jardin Academy,"917 Kalanianaʻole Hwy, Kailua, HI 96734, USA","{'lat': 21.3794085, 'lng': -157.7683046}"
178,9578,Hanalani Schools,"94-294 Anania Dr, Mililani, HI 96789, USA","{'lat': 21.4415084, 'lng': -158.0096671}"
179,9579,Hawaii Department of Ed...,"4886 Kawaihau Rd, Kapaʻa, HI 96746, USA","{'lat': 22.0904501, 'lng': -159.3130362}"
180,9580,Hawaii Department of Ed...,"91-1028 Kaunolu St, Ewa Beach, HI 96706, USA","{'lat': 21.318904, 'lng': -158.0095038}"
181,9581,Hawaii Department of Ed...,"4680 Kalanianaʻole Hwy, Honolulu, HI 96821, USA","{'lat': 21.2797456, 'lng': -157.7733809}"
182,9582,Todd County School Dist...,"511 Lunalilo Home Rd, Honolulu, HI 96825, USA","{'lat': 21.2848597, 'lng': -157.6958851}"
183,9583,Hawaii Department of Ed...,"Kapaau, HI, USA","{'lat': 20.2338889, 'lng': -155.8019444}"
184,9584,Merrill Area Sch Dist,"86-285 Leihoku St, Waianae, HI 96792, USA","{'lat': 21.438931, 'lng': -158.1742556}"
185,9585,Hawaii Department of Ed...,"16-680 Keaau-Pahoa Rd, Keaau, HI 96749, USA","{'lat': 19.6136337, 'lng': -155.0362158}"
186,9586,Honolulu Waldorf High School,"350 Ulua St, Honolulu, HI 96821, USA","{'lat': 21.2855571, 'lng': -157.7345406}"
187,9587,Holy Family Catholic Academy,"830 Main St, Honolulu, HI 96818, USA","{'lat': 21.339006, 'lng': -157.9305425}"
188,9588,hongwanji mission school,"1728 Pali Hwy, Honolulu, HI 96813, USA","{'lat': 21.3166394, 'lng': -157.8528807}"
189,9589,Hawaii DoE,"4680 Kalanianaʻole Hwy, Honolulu, HI 96821, USA","{'lat': 21.2797456, 'lng': -157.7733809}"
190,9590,Hawaiian Mssion Elmentary Schl,"1415 Makiki St, Honolulu, HI 96814, USA","{'lat': 21.3016048, 'lng': -157.8369951}"
191,9591,Lambert Elementary School - Iowa,"601 N New St, Manchester, IA 52057, USA","{'lat': 42.4883849, 'lng': -91.4538214}"
192,9592,Burlington Community Schools,"1429 West Ave, Burlington, IA 52601, USA","{'lat': 40.7976606, 'lng': -91.1168284}"
193,9593,A-H-S-T Elementary School,"768 S Maple St, Avoca, IA 51521, USA","{'lat': 41.4694531, 'lng': -95.3417889}"
194,9594,Holy Name School,"1265 E 9th St, Des Moines, IA 50316, USA","{'lat': 41.6021996, 'lng': -93.6059913}"
195,9595,Holy Trinity School,"2922 Beaver Ave, Des Moines, IA 50310, USA","{'lat': 41.6219227, 'lng': -93.67434019999999}"
196,9596,East Buchanan Elementary School,"414 5th St N, Winthrop, IA 50682, USA","{'lat': 42.4759838, 'lng': -91.736634}"
197,9597,Crestwood Alternative School,"1135 Canterbury St, Cresco, IA 52136, USA","{'lat': 43.3751737, 'lng': -92.0998211}"
198,9598,Lynnville-sully Middle School,"12476 Hwy F62 E, Sully, IA 50251, USA","{'lat': 41.5817297, 'lng': -92.84199459999999}"
199,9599,Monticello Community School District,"711 S Maple St, Monticello, IA 52310, USA","{'lat': 42.232257, 'lng': -91.18666830000001}"
200,9600,Monticello Community School District,"711 S Maple St, Monticello, IA 52310, USA","{'lat': 42.232257, 'lng': -91.18666830000001}"
201,9601,Lambert Elementary School - Iowa,"1001 Doctor St, Manchester, IA 52057, USA","{'lat': 42.4945285, 'lng': -91.44933809999999}"
202,9602,Woodward-Granger Elementary,"306 W 3rd St, Woodward, IA 50276, USA","{'lat': 41.85554279999999, 'lng': -93.92669}"
203,9603,Woodward-Granger Elementary,"306 W 3rd St, Woodward, IA 50276, USA","{'lat': 41.85554279999999, 'lng': -93.92669}"
204,9604,Holy Trinity School,"2926 Beaver Ave, Des Moines, IA 50310, USA","{'lat': 41.6220735, 'lng': -93.6744062}"
205,9605,Burlington Community Schools,"903 Oak St, Burlington, IA 52601, USA","{'lat': 40.8231669, 'lng': -91.10810029999999}"
206,9606,North Central School,"105 S East St, Manly, IA 50456, USA","{'lat': 43.2885861, 'lng': -93.1954568}"
207,9607,Keokuk Community School District,"727 Washington St, Keokuk, IA 52632, USA","{'lat': 40.4138551, 'lng': -91.3914851}"
208,9608,First Assembly Christian School,"1811 18th St, Bettendorf, IA 52722, USA","{'lat': 41.5411653, 'lng': -90.5065134}"
209,9609,Adams Elementary School,"1026 N Adams St, Carroll, IA 51401, USA","{'lat': 42.0714604, 'lng': -94.8656365}"
210,9610,Mount Ayr Elementary,"1001 E Columbus St, Mt Ayr, IA 50854, USA","{'lat': 40.716237, 'lng': -94.2259548}"
211,9611,West Des Moines Community Schools,"9401 Indian Hills Dr, Clive, IA 50325, USA","{'lat': 41.6033887, 'lng': -93.74811129999999}"
212,9612,Davenport Community Schools,"1606 Brady St, Davenport, IA 52803, USA","{'lat': 41.536201, 'lng': -90.5747349}"
213,9613,Council Bluffs Community School District,"300 W Broadway # 6, Council Bluffs, IA 51503, USA","{'lat': 41.262191, 'lng': -95.8478638}"
214,9614,West Des Moines Community Schools,"WDM, IA 50265, USA","{'lat': 41.5507357, 'lng': -93.7333537}"
215,9615,Mount Vernon Public School District,"525 Palisades Rd SW, Mt Vernon, IA 52314, USA","{'lat': 41.9203898, 'lng': -91.4277254}"
216,9616,Okoboji High School,"901 H Ave, Milford, IA 51351, USA","{'lat': 43.3238278, 'lng': -95.1593352}"
217,9617,New Hartford Elementary School,"330 Main St, Dike, IA 50624, USA","{'lat': 42.4668397, 'lng': -92.62714629999999}"
218,9618,Sioux Center High School,"550 9th St NE, Sioux Center, IA 51250, USA","{'lat': 43.0871326, 'lng': -96.1669503}"
219,9619,Danville Elementary School,"419 S Main St, Danville, IA 52623, USA","{'lat': 40.8608843, 'lng': -91.3174019}"
220,9620,Sioux Center High School,"550 9th St NE, Sioux Center, IA 51250, USA","{'lat': 43.0871326, 'lng': -96.1669503}"
221,9621,Rockford Public Schools,"1802 Robin Ave, Audubon, IA 50025, USA","{'lat': 41.7456757, 'lng': -94.76224189999999}"
222,9622,Durant Elementary School,"2771 Stanley Ave, Fredericksburg, IA 50630, USA","{'lat': 42.9524097, 'lng': -92.1831603}"
223,9623,Brandon Valley Baseball Association,"2021 Birch Ave, Inwood, IA 51240, USA","{'lat': 43.3600682, 'lng': -96.48982960000001}"
224,9624,Brandon Valley Baseball Association,"Lester, IA 51242, USA","{'lat': 43.4375077, 'lng': -96.3327156}"
225,9625,Brandon Valley Baseball Association,"1995 350th St, Rock Valley, IA 51247, USA","{'lat': 43.1418459, 'lng': -96.39800330000001}"
226,9626,Missouri Valley Middle School- Iowa,"109 E Michigan St, Missouri Valley, IA 51555, USA","{'lat': 41.5599346, 'lng': -95.89500129999999}"
227,9627,Clinton Community School District,"600 S 4th St, Clinton, IA 52732, USA","{'lat': 41.8397838, 'lng': -90.1934393}"
228,9628,Hudson High School,"245 S Washington St, Hudson, IA 50643, USA","{'lat': 42.4000597, 'lng': -92.45469720000001}"
229,9629,Montezuma Elementary School- Iowa,"504 N 4th St, Montezuma, IA 50171, USA","{'lat': 41.5907921, 'lng': -92.5255857}"
230,9630,Sibley Ocheyedan Community Sch,"120 11th Ave NE, Sibley, IA 51249, USA","{'lat': 43.4052599, 'lng': -95.7354123}"
231,9631,First Assembly Christian School,"4420 Cheyenne Blvd, Sioux City, IA 51104, USA","{'lat': 42.5451334, 'lng': -96.3916406}"
232,9632,Urbandale Community School District,"6200 NW Aurora Ave. Suite 500 W, Urbandale, IA 50322, USA","{'lat': 41.6356146, 'lng': -93.7036534}"
233,9633,Pleasantville Elementary,"415 Jones St, Pleasantville, IA 50225, USA","{'lat': 41.3876686, 'lng': -93.2725085}"
234,9634,Central High School,"1120 N Main St, Davenport, IA 52803, USA","{'lat': 41.5313125, 'lng': -90.57654629999999}"
235,9635,WILLIAMSBURG COMM,"270th St, Troy, IA 52361, USA","{'lat': 41.6155424, 'lng': -92.0266372}"
236,9636,Brandon Valley Baseball Association,"307 Park St, Inwood, IA 51240, USA","{'lat': 43.3065851, 'lng': -96.4295552}"
237,9637,Woodbine,"501 Weare St, Woodbine, IA 51579, USA","{'lat': 41.7376772, 'lng': -95.7074438}"
238,9638,Brandon Valley Baseball Association,"Larchwood, IA 51241, USA","{'lat': 43.4535861, 'lng': -96.43420499999999}"
239,9639,Eddyville Alternative School,"407 Wilson St, Blakesburg, IA 52536, USA","{'lat': 40.9586766, 'lng': -92.638975}"
240,9640,Tripoli Middle/Sr High School,"209 8th Ave SW, Tripoli, IA 50676, USA","{'lat': 42.8009508, 'lng': -92.26050049999999}"
241,9641,Clark Elementary School,"921 3rd Ave SW, Le Mars, IA 51031, USA","{'lat': 42.7816737, 'lng': -96.17258559999999}"
242,9642,Northwood-Kensett Elementary,"Northwood, IA 50459, USA","{'lat': 43.4441245, 'lng': -93.22103709999999}"
243,9643,Ruthven-Ayrshire Elementary School,"1505 Washington St, Ruthven, IA 51358, USA","{'lat': 43.1315934, 'lng': -94.9019149}"
244,9644,Brandon Valley Baseball Association,"430 Holder St, Larchwood, IA 51241, USA","{'lat': 43.4524718, 'lng': -96.4402298}"
245,9645,Ridgeland High School,"194 6th Ave NE, Le Mars, IA 51031, USA","{'lat': 42.7963645, 'lng': -96.15759190000001}"
246,9646,Indianola Community Schools,"1304 E 2nd Ave, Indianola, IA 50125, USA","{'lat': 41.3599412, 'lng': -93.5439521}"
247,9647,Spalding Catholic High School - Granville,"510 Broad St, Granville, IA 51022, USA","{'lat': 42.982141, 'lng': -95.87464899999999}"
248,9648,Career Education Association,"302 Visions Pkwy, Adel, IA 50003, USA","{'lat': 41.6141237, 'lng': -94.04088689999999}"
249,9649,West Des Moines Community Schools,"3550 Mills Civic Pkwy, West Des Moines, IA 50265, USA","{'lat': 41.566717, 'lng': -93.75741500000001}"
250,9650,Sibley-Ocheyedan Schools,"120 11th Ave NE, Sibley, IA 51249, USA","{'lat': 43.4052599, 'lng': -95.7354123}"
251,9651,Starmont Elementary School,"3202 40th St, Arlington, IA 50606, USA","{'lat': 42.68945679999999, 'lng': -91.6507245}"
252,9652,Council Bluffs Community School District,"3326 6th Ave, Council Bluffs, IA 51501, USA","{'lat': 41.2566943, 'lng': -95.8985749}"
253,9653,Waverly Shell Rock Community School,"1415 4th Ave SW, Waverly, IA 50677, USA","{'lat': 42.7204059, 'lng': -92.487471}"
254,9654,Pocahontas Area Elementary School,"205 2nd Ave NW, Pocahontas, IA 50574, USA","{'lat': 42.7334448, 'lng': -94.67426270000001}"
255,9655,Lenox High School,"600 S Locust St, Lenox, IA 50851, USA","{'lat': 40.8759942, 'lng': -94.5571236}"
256,9656,Southeast Polk Community School District,"8325 N E University Ave, Pleasant Hill, IA 50327, USA","{'lat': 41.6003817, 'lng': -93.4357697}"
257,9657,Indianola Community Schools,"1304 E 2nd Ave, Indianola, IA 50125, USA","{'lat': 41.3599412, 'lng': -93.5439521}"
258,9658,West Des Moines Community Schools,"2102 Delavan Dr, West Des Moines, IA 50265, USA","{'lat': 41.5694579, 'lng': -93.7351784}"
259,9659,Clinton Community School District,"600 S 4th St, Clinton, IA 52732, USA","{'lat': 41.8397838, 'lng': -90.1934393}"
260,9660,Springville Community School District,"400 Academy St, Springville, IA 52336, USA","{'lat': 42.0555889, 'lng': -91.44490379999999}"
261,9661,Jesup High School,"531 Prospect St, Jesup, IA 50648, USA","{'lat': 42.4804483, 'lng': -92.0681762}"
262,9662,First Assembly Christian School,"3320 Harry Langdon Blvd, Council Bluffs, IA 51503, USA","{'lat': 41.226787, 'lng': -95.82653499999999}"
263,9663,Ventura Community School Dist,"110 S Main St, Ventura, IA 50482, USA","{'lat': 43.1255698, 'lng': -93.4770681}"
264,9664,Guthrie Center High School,"906 School St, Guthrie Center, IA 50115, USA","{'lat': 41.669272, 'lng': -94.4973658}"
265,9665,Aquinas High School,"2600 Ave A, Fort Madison, IA 52627, USA","{'lat': 40.6368175, 'lng': -91.3432332}"
266,9666,Holy Rosary Parish,"24116 Marian Ave, Glenwood, IA 51534, USA","{'lat': 41.0506523, 'lng': -95.72589909999999}"
267,9667,Nouvel Catholic Central High School,"2015 Swan Dr, Camanche, IA 52730, USA","{'lat': 41.7781776, 'lng': -90.2692052}"
268,9668,Pocahontas Area Elementary School,"202 1st Ave SW, Pocahontas, IA 50574, USA","{'lat': 42.7318246, 'lng': -94.67196109999999}"
269,9669,Clinton Community School District,"600 S 4th St, Clinton, IA 52732, USA","{'lat': 41.8397838, 'lng': -90.1934393}"
270,9670,Clinton Community School District,"817 8th Ave S, Clinton, IA 52732, USA","{'lat': 41.8366053, 'lng': -90.2060037}"
271,9671,Central Decatur Jr-Sr High School,"1201 NE Poplar St, Leon, IA 50144, USA","{'lat': 40.7480329, 'lng': -93.74049389999999}"
272,9672,West Marshall High School,"State Center, IA 50247, USA","{'lat': 42.0166544, 'lng': -93.16353649999999}"
273,9673,Cedar Rapids Community School DST,"2205 Forest Dr SE, Cedar Rapids, IA 52403, USA","{'lat': 41.9972534, 'lng': -91.6312231}"
274,9674,Clinton Community School District,"817 8th Ave S, Clinton, IA 52732, USA","{'lat': 41.8366053, 'lng': -90.2060037}"
275,9675,Martensdale Elementary School - Iowa,"390 Burlington Ave, Martensdale, IA 50160, USA","{'lat': 41.37514059999999, 'lng': -93.7388278}"
276,9676,Orient Elementary School,"201 School St, Orient, IA 50858, USA","{'lat': 41.2008011, 'lng': -94.4141097}"
277,9677,Mount Ayr Elementary,"1001 E Columbus St, Mt Ayr, IA 50854, USA","{'lat': 40.716237, 'lng': -94.2259548}"
278,9678,Danville Elementary School,"419 S Main St, Danville, IA 52623, USA","{'lat': 40.8608843, 'lng': -91.3174019}"
279,9679,Marcus-Meriden-Cleghorn Community High School,"400 E Fenton St, Marcus, IA 51035, USA","{'lat': 42.8192045, 'lng': -95.8045892}"
280,9680,Cora B Darling Elem and Middle School,"314 W Post St, Postville, IA 52162, USA","{'lat': 43.0823987, 'lng': -91.5728755}"
281,9681,National Agri-Marketing Association,"1716 Locust St, Des Moines, IA 50309, USA","{'lat': 41.5834196, 'lng': -93.63923799999999}"
282,9682,Ankeny High School,"310 NW School St, Ankeny, IA 50023, USA","{'lat': 41.7345948, 'lng': -93.6045274}"
283,9683,Ames Community School District,"415 Stanton Ave, Ames, IA 50014, USA","{'lat': 42.0186143, 'lng': -93.6488981}"
284,9684,Brandon Valley Baseball Association,"Inwood, IA 51240, USA","{'lat': 43.3072022, 'lng': -96.4319799}"
285,9685,Brandon Valley Baseball Association,"1356 Eric Ave, Larchwood, IA 51241, USA","{'lat': 43.45156660000001, 'lng': -96.4176777}"
286,9686,Brandon Valley Baseball Association,"1743 Beech Ave, Larchwood, IA 51241, USA","{'lat': 43.3985303, 'lng': -96.50791559999999}"
287,9687,Council Bluffs Community School District,"24997 IA-92, Council Bluffs, IA 51503, USA","{'lat': 41.2302424, 'lng': -95.7137972}"
288,9688,Westwood High School,"1000 Rebel Way, Sloan, IA 51055, USA","{'lat': 42.2310756, 'lng': -96.21821539999999}"
289,9689,Waverly Shell Rock Community School,"1415 4th Ave SW, Waverly, IA 50677, USA","{'lat': 42.7204059, 'lng': -92.487471}"
290,9690,Armstrong-Ringsted Elementary School,"218 S 1st St, Ringsted, IA 50578, USA","{'lat': 43.2932885, 'lng': -94.5082306}"
291,9691,Marian High School,"675 S 15th St, Marion, IA 52302, USA","{'lat': 42.0235654, 'lng': -91.5919801}"
292,9692,St Ansgar Elementary School,"206 8th St, St Ansgar, IA 50472, USA","{'lat': 43.3749171, 'lng': -92.92040999999999}"
293,9693,Brandon Valley Baseball Association,"Inwood, IA 51240, USA","{'lat': 43.3072022, 'lng': -96.4319799}"
294,9694,New Hartford Elementary School,"508 Beaver St, New Hartford, IA 50660, USA","{'lat': 42.5699553, 'lng': -92.62001269999999}"
295,9695,RRMR Elementary School,"1460 210th St, Rockford, IA 50468, USA","{'lat': 43.0510534, 'lng': -92.9330468}"
296,9696,Holy Family Catholic Schools,"2005 Kane St, Dubuque, IA 52001, USA","{'lat': 42.5185787, 'lng': -90.70671990000001}"
297,9697,RUTHVEN-AYRSHIRE COMMUNITY SCHOOL DISTRICT,"1505 Washington St, Ruthven, IA 51358, USA","{'lat': 43.1315934, 'lng': -94.9019149}"
298,9698,Jefferson-Scranton CSD,"204 W Madison St, Jefferson, IA 50129, USA","{'lat': 42.0126108, 'lng': -94.37686959999999}"
