,_id,Name,Address,Geocodes
0,14900,The Chicago Academy for...,"1010 W Chicago Ave, Chicago, IL 60642, USA","{'lat': 41.89648740000001, 'lng': -87.65321999999999}"
1,14901,Lake Forest Community H...,"1285 N McKinley Rd, Lake Forest, IL 60045, USA","{'lat': 42.2641956, 'lng': -87.840087}"
2,14902,"Access Medical Group, L...","8420 W Bryn Mawr Ave #800, Chicago, IL 60631, USA","{'lat': 41.9824887, 'lng': -87.83862859999999}"
3,14903,Pekin Public Schools Ad...,"1314 Matilda St, Pekin, IL 61554, USA","{'lat': 40.5804538, 'lng': -89.63303239999999}"
4,14904,Alsip-Hazelgreen-OakLaw...,"11900 S Kostner Ave, Alsip, IL 60803, USA","{'lat': 41.67547099999999, 'lng': -87.72947889999999}"
5,14905,Heyworth High School,"101 N Joselyn St, Heyworth, IL 61745, USA","{'lat': 40.3142431, 'lng': -88.9723707}"
6,14906,The Joint Commission,"1 Renaissance Blvd, Oakbrook Terrace, IL 60181, USA","{'lat': 41.8481434, 'lng': -87.98140459999999}"
7,14907,Board of Education of T...,"2216 W Hirsch St, Chicago, IL 60622, USA","{'lat': 41.9073574, 'lng': -87.6829277}"
8,14908,Libertyville School Dis...,"1441 Lake St, Libertyville, IL 60048, USA","{'lat': 42.2905449, 'lng': -87.9813281}"
9,14909,Casey-Westfield High Sc...,"401 E Main St, Casey, IL 62420, USA","{'lat': 39.3004563, 'lng': -87.98815719999999}"
10,14910,Gates College,"2121 Sheridan Rd, Evanston, IL 60201, USA","{'lat': 42.0562209, 'lng': -87.6755804}"
11,14911,Blythe Park Elementary ...,"65 Woodside Rd, Riverside, IL 60546, USA","{'lat': 41.8302934, 'lng': -87.8215463}"
12,14912,Lyons School District 1...,"4100 Scoville Ave, Stickney, IL 60402, USA","{'lat': 41.8170127, 'lng': -87.78655529999999}"
13,14913,Board of Education of T...,"4815 S Karlov Ave, Chicago, IL 60632, USA","{'lat': 41.8050333, 'lng': -87.7255732}"
14,14914,Board of Education of T...,"1345 N Rockwell St, Chicago, IL 60622, USA","{'lat': 41.9062185, 'lng': -87.6916171}"
15,14915,The School District of ...,"711 Lincoln Ave W, Highland Park, IL 60035, USA","{'lat': 42.1766979, 'lng': -87.7971592}"
16,14916,Board of Education of T...,"638 W 54th Pl, Chicago, IL 60609, USA","{'lat': 41.7953888, 'lng': -87.6420878}"
17,14917,Freeport School Distric...,"1401 W Empire St, Freeport, IL 61032, USA","{'lat': 42.287042, 'lng': -89.6471459}"
18,14918,Creative Nursery School,"120 Triton Ln, Naperville, IL 60540, USA","{'lat': 41.7530061, 'lng': -88.1408431}"
19,14919,Board of Education of T...,"2236 N Rockwell St, Chicago, IL 60647, USA","{'lat': 41.9226323, 'lng': -87.6931967}"
20,14920,Board of Education of T...,"5900 N Winthrop Ave, Chicago, IL 60660, USA","{'lat': 41.9891867, 'lng': -87.65849589999999}"
21,14921,Aledo Community Unit Sc...,"801 SW 9th St, Aledo, IL 61231, USA","{'lat': 41.1954053, 'lng': -90.7588512}"
22,14922,Dongola School Unit Dis...,"1000 High St, Dongola, IL 62926, USA","{'lat': 37.3664966, 'lng': -89.1621911}"
23,14923,Woodland Elementary Sch...,"310 S Hough St, Barrington, IL 60010, USA","{'lat': 42.1519937, 'lng': -88.13668779999999}"
24,14924,Board of Education of T...,"1018 N Laramie Ave, Chicago, IL 60651, USA","{'lat': 41.8995886, 'lng': -87.7564206}"
25,14925,Elmhurst Community Unit...,"111 W Butterfield Rd, Elmhurst, IL 60126, USA","{'lat': 41.868713, 'lng': -87.94000199999999}"
26,14926,Hillsboro Junior High S...,"1035 Seymour Ave, Hillsboro, IL 62049, USA","{'lat': 39.1505015, 'lng': -89.4998677}"
27,14927,Edwardsville High Schoo...,"6321 Midway Dr, Moro, IL 62067, USA","{'lat': 38.9306764, 'lng': -89.96916979999999}"
28,14928,Pekin Public Schools Ad...,"1400 Earl St, Pekin, IL 61554, USA","{'lat': 40.5794473, 'lng': -89.6337217}"
29,14929,Galena High School,"1206 Franklin St, Galena, IL 61036, USA","{'lat': 42.427397, 'lng': -90.440316}"
30,14930,Crete-Monee School Dist...,"1500 S Sangamon St, Crete, IL 60417, USA","{'lat': 41.4399884, 'lng': -87.6421045}"
31,14931,Board of Education of T...,"7433 S Dorchester Ave, Chicago, IL 60619, USA","{'lat': 41.7599536, 'lng': -87.5904757}"
32,14932,Northfield Twp High Sch...,"4000 W Lake Ave, Glenview, IL 60026, USA","{'lat': 42.0887384, 'lng': -87.8515991}"
33,14933,Bartonville Grade Schoo...,"6000 S Adams St, Bartonville, IL 61607, USA","{'lat': 40.64978680000001, 'lng': -89.6517121}"
34,14934,Dee-Mack Primary & Juni...,"110 S Main St, Mackinaw, IL 61755, USA","{'lat': 40.53630150000001, 'lng': -89.3594516}"
35,14935,Fall Creek Sch Dist,"805 N Barnett St, Le Roy, IL 61752, USA","{'lat': 40.35362569999999, 'lng': -88.7558355}"
36,14936,Brookwood School Distri...,"201 E Glenwood Lansing Rd, Glenwood, IL 60425, USA","{'lat': 41.5433352, 'lng': -87.605462}"
37,14937,Riverside Brookfield Hi...,"160 Ridgewood Rd, Riverside, IL 60546, USA","{'lat': 41.8286314, 'lng': -87.83015979999999}"
38,14938,Clinton Unit School Dis...,"IL-54, Clinton, IL, USA","{'lat': 40.1480107, 'lng': -88.96592009999999}"
39,14939,Fargo School District N...,"201 W Hawthorn Pkwy, Vernon Hills, IL 60061, USA","{'lat': 42.242244, 'lng': -87.9709973}"
40,14940,Career Concepts  Inc,"188 Northwest Hwy, Cary, IL 60013, USA","{'lat': 42.2037655, 'lng': -88.2298838}"
41,14941,Cornerstone Community C...,"855 5000 N, Bourbonnais, IL 60914, USA","{'lat': 41.1918654, 'lng': -87.862014}"
42,14942,Ewing-Northern Schools,"E Franklin Rd, Ewing, IL 62836, USA","{'lat': 38.1263851, 'lng': -88.8178717}"
43,14943,Board of Education of T...,"6201 S Fairfield Ave, Chicago, IL 60629, USA","{'lat': 41.7806706, 'lng': -87.6916246}"
44,14944,Edwardsville High Schoo...,"Worden, IL 62097, USA","{'lat': 38.9314354, 'lng': -89.83898599999999}"
45,14945,Turtle Club Restaurant,"1625 Deep Lake Rd Ste A, Lake Villa, IL 60046, USA","{'lat': 42.4458993, 'lng': -88.0603746}"
46,14946,Mary Miller Junior High...,"808 Wisconsin Ave, Windsor, IL 61957, USA","{'lat': 39.4432642, 'lng': -88.5930788}"
47,14947,Indian Prairie School D...,"1200 Redfield Rd, Naperville, IL 60563, USA","{'lat': 41.7911399, 'lng': -88.19078999999999}"
48,14948,School District U-46,"1220 Dundee Ave, Elgin, IL 60120, USA","{'lat': 42.0604272, 'lng': -88.2670289}"
49,14949,State of South Dakota K...,"10110 Old Lincoln Trail, Fairview Heights, IL 62208, USA","{'lat': 38.5924147, 'lng': -90.0131891}"
50,14950,State of South Dakota K...,"21 Circle Dr, Fairview Heights, IL 62208, USA","{'lat': 38.6130741, 'lng': -90.0196031}"
51,14951,Consolidated School Dis...,"13723 Harmony Rd, Huntley, IL 60142, USA","{'lat': 42.1642105, 'lng': -88.4680915}"
52,14952,West Central High Schoo...,"Biggsville, IL 61418, USA","{'lat': 40.8536498, 'lng': -90.86486169999999}"
53,14953,Board of Education of T...,"2700 S California Ave, Chicago, IL 60608, USA","{'lat': 41.8426106, 'lng': -87.6953025}"
54,14954,Learning Tech Center La...,"1040 Park Ave W, Highland Park, IL 60035, USA","{'lat': 42.1884582, 'lng': -87.8154411}"
55,14955,Francis W Parker Develo...,"W Webster Ave, Chicago, IL 60614, USA","{'lat': 41.9216816, 'lng': -87.65712599999999}"
56,14956,"Lee County, Illinois","7772 S Clinton St, Dixon, IL 61021, USA","{'lat': 41.9027397, 'lng': -89.4091461}"
57,14957,Board of Education of T...,"4728 N Wolcott Ave, Chicago, IL 60640, USA","{'lat': 41.9684981, 'lng': -87.67668100000002}"
58,14958,Central A&M High School,"229 E Pine St, Moweaqua, IL 62550, USA","{'lat': 39.6308813, 'lng': -89.0180761}"
59,14959,Board of Education of T...,"5015 S Blackstone Ave, Chicago, IL 60615, USA","{'lat': 41.8032019, 'lng': -87.58962670000001}"
60,14960,"Burger King Holdings, I...","1625 Deep Lake Rd Ste A, Lake Villa, IL 60046, USA","{'lat': 42.4458993, 'lng': -88.0603746}"
61,14961,"Burger King Holdings, I...","400 S Old Rand Rd, Lake Zurich, IL 60047, USA","{'lat': 42.1917226, 'lng': -88.0865077}"
62,14962,Community Consolidated ...,"101 N Oak St, Palatine, IL 60067, USA","{'lat': 42.1119126, 'lng': -88.0379134}"
63,14963,Holy Angels Elementary ...,"545 E Oakwood Blvd, Chicago, IL 60653, USA","{'lat': 41.8223871, 'lng': -87.6125397}"
64,14964,Freeport School Distric...,"501 E South St, Freeport, IL 61032, USA","{'lat': 42.2799151, 'lng': -89.60997069999999}"
65,14965,Freeport School Distric...,"1386 Kiwanis Dr, Freeport, IL 61032, USA","{'lat': 42.2860799, 'lng': -89.6734662}"
66,14966,Jersey Community Unit S...,"201 N Giddings Ave, Jerseyville, IL 62052, USA","{'lat': 39.1222508, 'lng': -90.32377869999999}"
67,14967,Board of Education of T...,"3900 N Lawndale Ave, Chicago, IL 60618, USA","{'lat': 41.9522637, 'lng': -87.72047649999999}"
68,14968,Forest Ridge School Dis...,"5931 School St, Oak Forest, IL 60452, USA","{'lat': 41.614209, 'lng': -87.7644175}"
69,14969,Lincoln School,"320 W Independence Ave, Jacksonville, IL 62650, USA","{'lat': 39.7435536, 'lng': -90.232534}"
70,14970,School District 147,"191 W 155th Pl, Harvey, IL 60426, USA","{'lat': 41.6074512, 'lng': -87.6667332}"
71,14971,Erikson Institute,"420 N Wabash Ave Fl 6, Chicago, IL 60611, USA","{'lat': 41.88984019999999, 'lng': -87.6269033}"
72,14972,Stanley School,"2101 Gladstone Dr, Glendale Heights, IL 60139, USA","{'lat': 41.9367337, 'lng': -88.0841222}"
73,14973,Illinois Institute of T...,"350 N LaSalle Dr #400, Chicago, IL 60654, USA","{'lat': 41.8888604, 'lng': -87.6328668}"
74,14974,Belvidere Community Uni...,"8989 Beloit Rd, Belvidere, IL 61008, USA","{'lat': 42.28507099999999, 'lng': -88.86162449999999}"
75,14975,Calhoun Comm Unit Sch D...,"IL-100, Hardin, IL, USA","{'lat': 39.1602203, 'lng': -90.61604059999999}"
76,14976,Indian Prairie School D...,"787 Meadowridge Dr, Aurora, IL 60504, USA","{'lat': 41.7418212, 'lng': -88.2228387}"
77,14977,DuPage County Regional ...,"240 Hawthorne Blvd, Glen Ellyn, IL 60137, USA","{'lat': 41.8818058, 'lng': -88.0810686}"
78,14978,D41 schools,"240 Hawthorne Blvd, Glen Ellyn, IL 60137, USA","{'lat': 41.8818058, 'lng': -88.0810686}"
79,14979,Board of Education of T...,"10650 S Eberhart Ave, Chicago, IL 60628, USA","{'lat': 41.7002542, 'lng': -87.61165679999999}"
80,14980,East Richland High Scho...,"1099 N Van St, Olney, IL 62450, USA","{'lat': 38.7402932, 'lng': -88.06740099999999}"
81,14981,Ill Center For Autism,"548 S Ruby Ln, Fairview Heights, IL 62208, USA","{'lat': 38.5825544, 'lng': -89.9956102}"
82,14982,Board of Education of T...,"214 N Lavergne Ave, Chicago, IL 60644, USA","{'lat': 41.8850607, 'lng': -87.75071899999999}"
83,14983,Champaign Unit For Scho...,"1103 N Neil St, Champaign, IL 61820, USA","{'lat': 40.1269158, 'lng': -88.2443119}"
84,14984,"Auntie Anne's, Inc.","20 W Walnut St, Canton, IL 61520, USA","{'lat': 40.5530366, 'lng': -90.03560639999999}"
85,14985,DeKalb High School,"1121 School St, DeKalb, IL 60115, USA","{'lat': 41.9388562, 'lng': -88.7380479}"
86,14986,Sonoma Valley Unified S...,"123 W 1st St, Genoa, IL 60135, USA","{'lat': 42.1000591, 'lng': -88.6938143}"
87,14987,Muffley Elementary Scho...,"955 N Illinois St, Decatur, IL 62521, USA","{'lat': 39.8507042, 'lng': -88.9430326}"
88,14988,Mc Henry Elementary Sch...,"8940 W 24th St, North Riverside, IL 60546, USA","{'lat': 41.8463342, 'lng': -87.8471481}"
89,14989,Woodland Elementary Sch...,"616 W Main St, Barrington, IL 60010, USA","{'lat': 42.155948, 'lng': -88.1474374}"
90,14990,Mc Henry Elementary Sch...,"36414 N Ridge Rd, Ingleside, IL 60041, USA","{'lat': 42.3948756, 'lng': -88.14110989999999}"
91,14991,Community Unit School D...,"Western Suburbs, Chicagoland Township, 38W160 Bolcum Rd, St. Charles, IL 60175, USA","{'lat': 41.9565163, 'lng': -88.3623298}"
92,14992,Plainfield Community Co...,"11600 Heritage Meadows Dr, Plainfield, IL 60585, USA","{'lat': 41.6722514, 'lng': -88.21187929999999}"
93,14993,Woodland Elementary Sch...,"900 S Grove Ave, Barrington, IL 60010, USA","{'lat': 42.1429904, 'lng': -88.13348529999999}"
94,14994,Consolidated School Dis...,"10910 Reed Rd, Lake in the Hills, IL 60156, USA","{'lat': 42.1841031, 'lng': -88.4105458}"
95,14995,Springfield Public Scho...,"1101 S 15th St, Springfield, IL 62703, USA","{'lat': 39.7899128, 'lng': -89.63604199999999}"
96,14996,Board of Education of T...,"3444 W Wabansia Ave, Chicago, IL 60647, USA","{'lat': 41.9124946, 'lng': -87.71314369999999}"
97,14997,Buffalo Grove High Scho...,"1100 W Dundee Rd, Buffalo Grove, IL 60089, USA","{'lat': 42.1403899, 'lng': -87.983853}"
98,14998,Board of Education of T...,"125 S Clark St, Chicago, IL 60603, USA","{'lat': 41.8799308, 'lng': -87.6305172}"
99,14999,Allendale Association,"875 E Grand Ave, Lake Villa, IL 60046, USA","{'lat': 42.4148864, 'lng': -88.0600408}"
100,15000,Christ Lutheran School,"1311 S Faraday Ave, Peoria, IL 61605, USA","{'lat': 40.6734928, 'lng': -89.6259738}"
101,15001,Abingdon Community Unit...,"201 W Lower St, Abingdon, IL 61410, USA","{'lat': 40.7987936, 'lng': -90.4004071}"
102,15002,Board of Education of T...,"2833 W Adams St, Chicago, IL 60612, USA","{'lat': 41.8781359, 'lng': -87.6975332}"
103,15003,Board of Education of T...,"5025 N Laramie Ave, Chicago, IL 60630, USA","{'lat': 41.9721047, 'lng': -87.7570358}"
104,15004,Board of Education of T...,"6020 S Langley Ave, Chicago, IL 60637, USA","{'lat': 41.7852002, 'lng': -87.60899529999999}"
105,15005,Aurora Christian Pre-Sc...,"2255 Sullivan Rd, Aurora, IL 60506, USA","{'lat': 41.7898049, 'lng': -88.3667291}"
106,15006,Assembly of God Church,"355 E Chicago St, Elgin, IL 60120, USA","{'lat': 42.0366951, 'lng': -88.2775285}"
107,15007,A C Thompson Elementary...,"2603 Clover Ave, Rockford, IL 61102, USA","{'lat': 42.2477984, 'lng': -89.1151062}"
108,15008,The Avery Coonley Schoo...,"1400 Maple Ave, Downers Grove, IL 60515, USA","{'lat': 41.7894261, 'lng': -88.0203338}"
109,15009,Community Consolidated ...,"7617 Hemlock Dr, Orland Park, IL 60462, USA","{'lat': 41.6107039, 'lng': -87.805072}"
110,15010,Assembly of God Church,"9400 S Sawyer Ave, Evergreen Park, IL 60805, USA","{'lat': 41.7224134, 'lng': -87.7036352}"
111,15011,Fulton 58,"131 McKinley Ave, Lake Villa, IL 60046, USA","{'lat': 42.411742, 'lng': -88.0786255}"
112,15012,Lutheran Child and Fami...,"343 W Lake St, Addison, IL 60101, USA","{'lat': 41.9368968, 'lng': -87.99852510000001}"
113,15013,School District U-46,"716 Sunnydale Blvd, Streamwood, IL 60107, USA","{'lat': 42.0156278, 'lng': -88.16062289999999}"
114,15014,St. Mary's School,"1115 S 7th St, Quincy, IL 62301, USA","{'lat': 39.9179996, 'lng': -91.40418369999999}"
115,15015,Community Unit School D...,"95 Hubbard Ln, Hawthorn Woods, IL 60047, USA","{'lat': 42.2253788, 'lng': -88.0936629}"
116,15016,Christ Our Savior Catho...,"320 156th St, Calumet City, IL 60409, USA","{'lat': 41.6123297, 'lng': -87.5327469}"
117,15017,Eureka Community School...,"109 W Cruger Ave, Eureka, IL 61530, USA","{'lat': 40.71964, 'lng': -89.27363129999999}"
118,15018,Taft Elementary School,"1501 Copperfield Ave, Joliet, IL 60432, USA","{'lat': 41.5378033, 'lng': -88.0442557}"
119,15019,Kankakee School Distric...,"240 Warren Ave, Kankakee, IL 60901, USA","{'lat': 41.1170208, 'lng': -87.8469179}"
120,15020,Arlington Heights Sch D...,"2211 N Burke Dr, Arlington Heights, IL 60004, USA","{'lat': 42.1156306, 'lng': -87.97176259999999}"
121,15021,Board of Education of T...,"2554 W 113th St, Chicago, IL 60655, USA","{'lat': 41.68861460000001, 'lng': -87.68565600000001}"
122,15022,Community Unit School D...,"400 S Old Rand Rd, Lake Zurich, IL 60047, USA","{'lat': 42.1917226, 'lng': -88.0865077}"
123,15023,Park Forest School Dist...,"215 Wilson St, Park Forest, IL 60466, USA","{'lat': 41.4854827, 'lng': -87.69663}"
124,15024,Cafe Marcos,"708 St Louis St, Edwardsville, IL 62025, USA","{'lat': 38.8102908, 'lng': -89.96469429999999}"
125,15025,Family Academy,"4939 W Van Buren St #1, Chicago, IL 60644, USA","{'lat': 41.8747236, 'lng': -87.7486338}"
126,15026,Board of Education of T...,"555 E 51st St, Chicago, IL 60615, USA","{'lat': 41.8011643, 'lng': -87.6123949}"
127,15027,School District 144,"3420 Laurel Ln, Hazel Crest, IL 60429, USA","{'lat': 41.580005, 'lng': -87.70145699999999}"
128,15028,Parkview Elementary Caf...,"445 E Church St, Lovington, IL 61937, USA","{'lat': 39.71191049999999, 'lng': -88.6264978}"
129,15029,Board of Education of T...,"1518 W Granville Ave, Chicago, IL 60660, USA","{'lat': 41.9948025, 'lng': -87.6685158}"
130,15030,Freeport School Distric...,"2037 W Galena Ave, Freeport, IL 61032, USA","{'lat': 42.3034522, 'lng': -89.65182229999999}"
131,15031,Chatsworth Grade School,"816 Livingston Dr, Chatsworth, IL 60921, USA","{'lat': 40.7481253, 'lng': -88.293162}"
132,15032,Harlem Special Educatio...,"8605 N 2nd St, Machesney Park, IL 61115, USA","{'lat': 42.34735389999999, 'lng': -89.0487507}"
133,15033,Board of Education of T...,"Armstrong, IL 61812, USA","{'lat': 40.30642450000001, 'lng': -87.8778088}"
134,15034,DuPage County Regional ...,"541 Chartres St, Lasalle, IL 61301, USA","{'lat': 41.33242790000001, 'lng': -89.1058159}"
135,15035,Cobden High School,"413 N Appleknocker Dr, Cobden, IL 62920, USA","{'lat': 37.5366021, 'lng': -89.25588499999999}"
136,15036,Mary Miller Junior High...,"225 Pine St, Georgetown, IL 61846, USA","{'lat': 39.9728509, 'lng': -87.6321523}"
137,15037,Washington Office of Su...,"410 157th St, Calumet City, IL 60409, USA","{'lat': 41.6108739, 'lng': -87.53572199999999}"
138,15038,A C Thompson Elementary...,"4015 Pepper Dr, Rockford, IL 61114, USA","{'lat': 42.3061718, 'lng': -89.0383969}"
139,15039,Washington Office of Su...,"1101 S 15th St, Springfield, IL 62703, USA","{'lat': 39.78995390000001, 'lng': -89.6359076}"
140,15040,A C Thompson Elementary...,"3525 Spring Creek Rd, Rockford, IL 61107, USA","{'lat': 42.2908574, 'lng': -89.04040669999999}"
141,15041,Learning Tech Center La...,"2165 Telegraph Rd, Deerfield, IL 60015, USA","{'lat': 42.1921528, 'lng': -87.8644125}"
142,15042,Alexander Elementary Sc...,"110 State St, Franklin, IL 62638, USA","{'lat': 39.623455, 'lng': -90.0469665}"
143,15043,Antioch Community Conso...,"433 E Depot St, Antioch, IL 60002, USA","{'lat': 42.48265809999999, 'lng': -88.0654247}"
144,15044,Red Hill Cmty School Di...,"1300 N Main St, Bridgeport, IL 62417, USA","{'lat': 38.7147454, 'lng': -87.7610656}"
145,15045,Community Consolidated ...,"18146 Oak Park Ave, Tinley Park, IL 60477, USA","{'lat': 41.5614441, 'lng': -87.7853257}"
146,15046,Hinsdale Township High ...,"S Grant St & 55th St, Hinsdale, IL 60521, USA","{'lat': 41.7890958, 'lng': -87.93180269999999}"
147,15047,Board of Education of T...,"2410 S Leavitt St, Chicago, IL 60608, USA","{'lat': 41.8477733, 'lng': -87.6813811}"
148,15048,McHenry County Schools,"112 Grove St, Woodstock, IL 60098, USA","{'lat': 42.3210695, 'lng': -88.446322}"
149,15049,Fredrick Douglass Acade...,"543 N Waller Ave, Chicago, IL 60644, USA","{'lat': 41.8903432, 'lng': -87.76733910000002}"
150,15050,Lincoln School,"614 E 2nd St, Pana, IL 62557, USA","{'lat': 39.3883359, 'lng': -89.07368369999999}"
151,15051,Board of Education of T...,"543 N Waller Ave, Chicago, IL 60644, USA","{'lat': 41.8903432, 'lng': -87.76733910000002}"
152,15052,Community Unit School D...,"312 S President St, Wheaton, IL 60187, USA","{'lat': 41.8628915, 'lng': -88.0931212}"
153,15053,Learning Tech Center La...,"19525 W Washington St, Grayslake, IL 60030, USA","{'lat': 42.3581239, 'lng': -88.01673799999999}"
154,15054,Lutheran Child and Fami...,"329 W Lake St, Addison, IL 60101, USA","{'lat': 41.9351317, 'lng': -87.99899959999999}"
155,15055,School District U-46,"1701 Greenbrook Blvd, Hanover Park, IL 60133, USA","{'lat': 41.9730623, 'lng': -88.1460652}"
156,15056,glenbard HS,"990 Kuhn Rd, Carol Stream, IL 60188, USA","{'lat': 41.9282384, 'lng': -88.14255849999999}"
157,15057,Geneva Community Unit S...,"201 N Harrison St, Batavia, IL 60510, USA","{'lat': 41.8521857, 'lng': -88.3185781}"
158,15058,First Grade Food Corp,"731 E Joliet Hwy, New Lenox, IL 60451, USA","{'lat': 41.5058212, 'lng': -87.94781569999999}"
159,15059,Learning Tech Center La...,"1625 Deep Lake Rd, Lake Villa, IL 60046, USA","{'lat': 42.4458993, 'lng': -88.0603746}"
160,15060,La Grange School Distri...,"100 S Brainard Ave, La Grange, IL 60525, USA","{'lat': 41.81124390000001, 'lng': -87.8802899}"
161,15061,Community Cons Sch Dist...,"595 Frederick Rd, Grayslake, IL 60030, USA","{'lat': 42.3528517, 'lng': -88.0306531}"
162,15062,Hawthorn School Distric...,"301 W Hawthorn Pkwy, Vernon Hills, IL 60061, USA","{'lat': 42.2421998, 'lng': -87.9737921}"
163,15063,Blythe Park Elementary ...,"3423 Hollywood Ave, Brookfield, IL 60513, USA","{'lat': 41.828627, 'lng': -87.8340228}"
164,15064,Highland Community Unit...,"206 N Mulberry St, Highland, IL 62249, USA","{'lat': 38.8313008, 'lng': -89.6647586}"
165,15065,KIDS,"720 Wells St, Sandwich, IL 60548, USA","{'lat': 41.639296, 'lng': -88.6192344}"
166,15066,Chatsworth Grade School,"200 N 2nd Ave, Chenoa, IL 61726, USA","{'lat': 40.7466429, 'lng': -88.7162944}"
167,15067,Northern Illinois Unive...,"1425 W Lincoln Hwy, DeKalb, IL 60115, USA","{'lat': 41.934233, 'lng': -88.774069}"
168,15068,Hartsburg Emden Junior ...,"400 W Front St, Hartsburg, IL 62643, USA","{'lat': 40.2489156, 'lng': -89.4443361}"
169,15069,Butterfield School,"1514 S Main St, Lombard, IL 60148, USA","{'lat': 41.85346759999999, 'lng': -88.0199516}"
170,15070,Board of Education of T...,"5630 S Rockwell St, Chicago, IL 60629, USA","{'lat': 41.7910374, 'lng': -87.6894698}"
171,15071,Cypress School District...,"Cypress, IL 62923, USA","{'lat': 37.3650516, 'lng': -89.0181271}"
172,15072,Philomath Swimming Pool,"Franklin, IL 62638, USA","{'lat': 39.6203259, 'lng': -90.04400009999999}"
173,15073,Philomath Swimming Pool,"200 N Linden Ave, Westmont, IL 60559, USA","{'lat': 41.80027949999999, 'lng': -87.9744412}"
174,15074,Lowpoint-washburn CUSD ...,"Washburn, IL 61570, USA","{'lat': 40.919202, 'lng': -89.2911972}"
175,15075,Immanuel Lutheran Churc...,"178 McHenry Ave, Crystal Lake, IL 60014, USA","{'lat': 42.23595359999999, 'lng': -88.3297385}"
176,15076,Jersey Community Unit S...,"1000 W Carpenter St, Jerseyville, IL 62052, USA","{'lat': 39.1152486, 'lng': -90.3407902}"
177,15077,Illinois Association of...,"1 E 22nd St, Lombard, IL 60148, USA","{'lat': 41.8449099, 'lng': -88.0153618}"
178,15078,Andrew High School,"730 N Albany Ave, Chicago, IL 60612, USA","{'lat': 41.8949982, 'lng': -87.7044064}"
179,15079,Dakota Community Unit S...,"300 Campus Dr, Dakota, IL 61018, USA","{'lat': 42.3865786, 'lng': -89.5304479}"
180,15080,Alliance of Edwardsvill...,"6161 Center Grove Rd, Edwardsville, IL 62025, USA","{'lat': 38.7898119, 'lng': -89.9749295}"
181,15081,Illinois Vly Central U ...,"1300 W Sycamore St, Chillicothe, IL 61523, USA","{'lat': 40.9126437, 'lng': -89.50330199999999}"
182,15082,Flanagan Union 4,"Flanagan, IL 61740, USA","{'lat': 40.878089, 'lng': -88.8611818}"
183,15083,Suburban Cook County Re...,"6401 15th St, Berwyn, IL 60402, USA","{'lat': 41.8601182, 'lng': -87.7844035}"
184,15084,Jordan Catholic School,"2901 24th St, Rock Island, IL 61201, USA","{'lat': 41.480904, 'lng': -90.566344}"
185,15085,Addision School Distric...,"330 W Lake Park Dr, Addison, IL 60101, USA","{'lat': 41.9229688, 'lng': -87.9990761}"
186,15086,Eswood Elementary Schoo...,"304 Main St, Lindenwood, IL 61049, USA","{'lat': 42.0559494, 'lng': -89.03249389999999}"
187,15087,Lake Forest College,"2100 Green Bay Rd, North Chicago, IL 60064, USA","{'lat': 42.3209818, 'lng': -87.86886179999999}"
188,15088,"Cook County, Illinois","Bristol, IL 60512, USA","{'lat': 41.68558520000001, 'lng': -88.4281285}"
189,15089,Homewood School Dist 15...,"18205 Aberdeen St, Homewood, IL 60430, USA","{'lat': 41.559167, 'lng': -87.6428786}"
190,15090,New Lenox School Distri...,"511 E Illinois Hwy, New Lenox, IL 60451, USA","{'lat': 41.4977896, 'lng': -87.9546628}"
191,15091,Davita Canyon Springs D...,"65 Woodside Rd, Riverside, IL 60546, USA","{'lat': 41.8302934, 'lng': -87.8215463}"
192,15092,Galva Elementary,"224 Morgan Rd, Galva, IL 61434, USA","{'lat': 41.1750984, 'lng': -90.0449371}"
193,15093,Township High School DS...,"Effingham, IL 62401, USA","{'lat': 39.1200418, 'lng': -88.5433829}"
194,15094,Hayward Unified School ...,"1201 5th Ave, Belvidere, IL 61008, USA","{'lat': 42.2479593, 'lng': -88.8469286}"
195,15095,Broadwater High School,"1311 Vandalia Rd, Hillsboro, IL 62049, USA","{'lat': 39.147697, 'lng': -89.4900483}"
196,15096,Bond Co Cmty Unit Sch D...,"Tower Hill, IL 62571, USA","{'lat': 39.3878184, 'lng': -88.9606321}"
197,15097,Pilot Rock SD 2,"8870 S Duffy Ave, Hometown, IL 60456, USA","{'lat': 41.7309673, 'lng': -87.7317143}"
198,15098,Blue CAP,"2155 Broadway St, Blue Island, IL 60406, USA","{'lat': 41.650337, 'lng': -87.675026}"
199,15099,Bond Co Cmty Unit Sch D...,"114 W 144th St, Riverdale, IL 60827, USA","{'lat': 41.6332063, 'lng': -87.6254637}"
200,15100,Learning Tech Center La...,"1231 Weiland Rd, Buffalo Grove, IL 60089, USA","{'lat': 42.1748036, 'lng': -87.94858900000001}"
201,15101,Brookfield Free Public ...,"3524 Maple Ave, Brookfield, IL 60513, USA","{'lat': 41.8263212, 'lng': -87.8518294}"
202,15102,Berean Baptist Christia...,"5626 Safford Rd, Rockford, IL 61101, USA","{'lat': 42.3017851, 'lng': -89.1476766}"
203,15103,Lyons School District 1...,"4400 Home Ave, Stickney, IL 60402, USA","{'lat': 41.8113214, 'lng': -87.7974665}"
204,15104,Lincoln School,"1021 N Ridgewood Ln, Palatine, IL 60067, USA","{'lat': 42.1307188, 'lng': -88.03607939999999}"
205,15105,Board of Education of T...,"1841 N Springfield Ave, Chicago, IL 60647, USA","{'lat': 41.9145961, 'lng': -87.7233479}"
206,15106,Avoca School District,"2921 Illinois Rd, Wilmette, IL 60091, USA","{'lat': 42.0841299, 'lng': -87.74788389999999}"
207,15107,Auburn Community Unit S...,"511 N 7th St, Auburn, IL 62615, USA","{'lat': 39.5965218, 'lng': -89.74782370000001}"
208,15108,Consolidated School Dis...,"13719 Harmony Rd, Huntley, IL 60142, USA","{'lat': 42.1620018, 'lng': -88.4644593}"
209,15109,"Dataflo, Inc.","260 N Wood Dale Rd, Wood Dale, IL 60191, USA","{'lat': 41.9621366, 'lng': -87.9797978}"
210,15110,Catholic Charities of t...,"260 N Wood Dale Rd, Wood Dale, IL 60191, USA","{'lat': 41.9621366, 'lng': -87.9797978}"
211,15111,Bluford C C School Dist...,"Bluford, IL 62814, USA","{'lat': 38.3259938, 'lng': -88.7438718}"
212,15112,CB/Camelot Realty,"1020 Essington Rd, Joliet, IL 60435, USA","{'lat': 41.5406809, 'lng': -88.159899}"
213,15113,Collinsville Unit Schoo...,"9000 College St, Collinsville, IL 62234, USA","{'lat': 38.6619344, 'lng': -90.0457081}"
214,15114,Village of Wheeling,"1001 W Dundee Rd, Wheeling, IL 60090, USA","{'lat': 42.1374921, 'lng': -87.9422115}"
215,15115,All Saints Catholic Aca...,"1155 Aurora Ave, Naperville, IL 60540, USA","{'lat': 41.7686459, 'lng': -88.16862379999999}"
216,15116,Central Community Unit ...,"17130 Fox Grove Ln, Tinley Park, IL 60487, USA","{'lat': 41.5790236, 'lng': -87.82599979999999}"
217,15117,Maywood-Melrose Park-Br...,"811 Chicago Ave, Maywood, IL 60153, USA","{'lat': 41.8938161, 'lng': -87.843848}"
218,15118,Lincoln School,"811 Chicago Ave, Maywood, IL 60153, USA","{'lat': 41.8938161, 'lng': -87.843848}"
219,15119,Central Office,"601 W Buchanan St, Ashland, IL 62612, USA","{'lat': 39.8925535, 'lng': -90.01272159999999}"
220,15120,Board of Education of T...,"4929 N Sawyer Ave, Chicago, IL 60625, USA","{'lat': 41.97109, 'lng': -87.7094104}"
221,15121,East Aurora School Dist...,"56 Jackson St, Aurora, IL 60505, USA","{'lat': 41.7519858, 'lng': -88.30673139999999}"
222,15122,Plainfield Community Co...,"1401 Essington Rd, Bolingbrook, IL 60490, USA","{'lat': 41.649103, 'lng': -88.1658808}"
223,15123,Leroy Community Unit Sc...,"805 N Barnett St, Le Roy, IL 61752, USA","{'lat': 40.35362569999999, 'lng': -88.7558355}"
224,15124,Banning Unified School ...,"309 Cook Ave, Jonesboro, IL 62952, USA","{'lat': 37.4495181, 'lng': -89.27571429999999}"
225,15125,Rock Island School Dist...,"4000 11th St, Rock Island, IL 61201, USA","{'lat': 41.4713393, 'lng': -90.58414429999999}"
226,15126,Steger School District ...,"19 W 33rd St, Steger, IL 60475, USA","{'lat': 41.472231, 'lng': -87.637115}"
227,15127,Valley View Community U...,"520 Gary Dr, Bolingbrook, IL 60440, USA","{'lat': 41.7035736, 'lng': -88.0461658}"
228,15128,Sun Room and Hot Tub St...,"18205 Aberdeen St, Homewood, IL 60430, USA","{'lat': 41.559167, 'lng': -87.6428786}"
229,15129,Illini Bluffs Middle Sc...,"9611 S Hanna City Glasford Rd, Glasford, IL 61533, USA","{'lat': 40.57364219999999, 'lng': -89.804251}"
230,15130,McClellan Grade School,"19380 E 4th St, Opdyke, IL 62872, USA","{'lat': 38.2628998, 'lng': -88.7881802}"
231,15131,Board of Education of T...,"2001 N Orchard St, Chicago, IL 60614, USA","{'lat': 41.9193918, 'lng': -87.6455484}"
232,15132,Friendship Junior High ...,"777 W Elk Grove Blvd, Elk Grove Village, IL 60007, USA","{'lat': 42.0072939, 'lng': -87.9905855}"
233,15133,greenfield.k12.wi,"15 School St, Chadwick, IL 61014, USA","{'lat': 42.0033583, 'lng': -89.8835764}"
234,15134,greenfield.k12.wi,"1201 5th Ave, Belvidere, IL 61008, USA","{'lat': 42.2479593, 'lng': -88.8469286}"
235,15135,Country Club Hills 160 ...,"4411 185th St, Country Club Hills, IL 60478, USA","{'lat': 41.5545144, 'lng': -87.7238418}"
236,15136,Egyptian Community Scho...,"Tamms, IL, USA","{'lat': 37.23505, 'lng': -89.2700811}"
237,15137,Instituto Del Progreso ...,"2800 N Southport Ave, Chicago, IL 60614, USA","{'lat': 41.9324901, 'lng': -87.66354150000001}"
238,15138,ADL-Co Labs,"Iit Tower, 10 W 35th St, Chicago, IL 60616, USA","{'lat': 41.8313967, 'lng': -87.6272292}"
239,15139,Aurora Central Catholic...,"1255 N Edgelawn Dr, Aurora, IL 60506, USA","{'lat': 41.7826939, 'lng': -88.3583853}"
240,15140,Elgin Academy,"350 Park St, Elgin, IL 60120, USA","{'lat': 42.0421153, 'lng': -88.27805049999999}"
241,15141,Countryside Montessori ...,"1985 Pfingsten Rd, Northbrook, IL 60062, USA","{'lat': 42.1170122, 'lng': -87.8479923}"
242,15142,Alexander Elementary Sc...,"Alexander, IL, USA","{'lat': 39.7242387, 'lng': -90.0390073}"
243,15143,Downers Grove Christian...,"929 Maple Ave, Downers Grove, IL 60515, USA","{'lat': 41.7916576, 'lng': -88.0078328}"
244,15144,A C Thompson Elementary...,"526 Catlin St, Rockford, IL 61104, USA","{'lat': 42.2598266, 'lng': -89.0878518}"
245,15145,A C Thompson Elementary...,"4555 20th St, Rockford, IL 61109, USA","{'lat': 42.2153959, 'lng': -89.0582051}"
246,15146,Burlington Northern San...,"600 E Main St, Knoxville, IL 61448, USA","{'lat': 40.9071649, 'lng': -90.27604579999999}"
247,15147,Friendship Junior High ...,"1530 S Highland Ave, Arlington Heights, IL 60005, USA","{'lat': 42.0561137, 'lng': -87.9875254}"
248,15148,Board of Education of T...,"3121 W Byron St, Chicago, IL 60618, USA","{'lat': 41.9516974, 'lng': -87.7059845}"
249,15149,Board of Education of T...,"1420 W Grace St, Chicago, IL 60613, USA","{'lat': 41.9509176, 'lng': -87.6649714}"
250,15150,Cowden-Herrick School D...,"1st St, Cowden, IL 62422, USA","{'lat': 39.2464503, 'lng': -88.8616694}"
251,15151,Kankakee High School,"1440 E Court St, Kankakee, IL 60901, USA","{'lat': 41.1182845, 'lng': -87.8472249}"
252,15152,Tinley Park Cmty Cons S...,"6611 W 171st St, Tinley Park, IL 60477, USA","{'lat': 41.5801069, 'lng': -87.7805223}"
253,15153,Illinois Transit Assemb...,"401 Walnut St, Germantown, IL 62245, USA","{'lat': 38.552855, 'lng': -89.5380977}"
254,15154,Community Consolidated ...,"200 Glendale St, Wheeling, IL 60090, USA","{'lat': 42.1413518, 'lng': -87.9211868}"
255,15155,Baker Demonstration Sch...,"201 Sheridan Rd, Wilmette, IL 60091, USA","{'lat': 42.0704298, 'lng': -87.68422919999999}"
256,15156,Eldorado Elementary Sch...,"2200 Illinois Ave, Eldorado, IL 62930, USA","{'lat': 37.8209008, 'lng': -88.4356179}"
257,15157,Rock Island School Dist...,"3110 11th Avenue A, Moline, IL 61265, USA","{'lat': 41.5026843, 'lng': -90.4937095}"
258,15158,School District 147,"14100 Honore Ave, Dixmoor, IL 60426, USA","{'lat': 41.63384629999999, 'lng': -87.6625056}"
259,15159,DuPage County Regional ...,"333 N Park Rd, La Grange Park, IL 60526, USA","{'lat': 41.8199412, 'lng': -87.8803355}"
260,15160,Chicago Futabakai Japan...,"2550 N Arlington Heights Rd, Arlington Heights, IL 60004, USA","{'lat': 42.1215356, 'lng': -87.9813274}"
261,15161,Suburban Cook County Re...,"6432 16th St, Berwyn, IL 60402, USA","{'lat': 41.8575834, 'lng': -87.78571}"
262,15162,Ingalls Memorial Hospit...,"999 Kedzie Ave, Flossmoor, IL 60422, USA","{'lat': 41.546143, 'lng': -87.69144299999999}"
263,15163,Pepper Ridge School,"300 S Walnut St, Normal, IL 61761, USA","{'lat': 40.5080642, 'lng': -88.9792291}"
264,15164,Superintendent,"410 McCarthy Rd, Lemont, IL 60439, USA","{'lat': 41.6725277, 'lng': -87.9966285}"
265,15165,Humboldt County Office ...,"Heyworth, IL 61745, USA","{'lat': 40.3133697, 'lng': -88.9736901}"
266,15166,Board of Education of T...,"9822 S Exchange Ave, Chicago, IL 60617, USA","{'lat': 41.7164104, 'lng': -87.5531051}"
267,15167,Illinois Transit Assemb...,"52 Poor Farm Hollow Rd, Hardin, IL 62047, USA","{'lat': 39.17457599999999, 'lng': -90.6223802}"
268,15168,Andrew High School,"9001 W 171st St, Tinley Park, IL 60487, USA","{'lat': 41.5787165, 'lng': -87.8390927}"
269,15169,Arlington Heights Schoo...,"1616 N Patton Ave, Arlington Heights, IL 60004, USA","{'lat': 42.1068826, 'lng': -87.9969345}"
270,15170,Crater High School,"Hampton, IL 61256, USA","{'lat': 41.5530384, 'lng': -90.4054498}"
271,15171,Design Innovations Deep...,"120 N Green St #605, Chicago, IL 60607, USA","{'lat': 41.8839689, 'lng': -87.64885559999999}"
272,15172,Crater High School,"1500 Mcdaniel Ave, Evanston, IL 60201, USA","{'lat': 42.0449508, 'lng': -87.7088642}"
273,15173,Chuys Mesquite Broiler,"200 Second St, Manhattan, IL 60442, USA","{'lat': 41.4197278, 'lng': -87.9832409}"
274,15174,Woodfield Planning Corp...,"67 W Deerpath Rd, Lake Forest, IL 60045, USA","{'lat': 42.2486333, 'lng': -87.8483105}"
275,15175,Springfield Obstetrics ...,"350 W Carpenter St, Springfield, IL 62702, USA","{'lat': 39.80716169999999, 'lng': -89.6593568}"
276,15176,A C Thompson Elementary...,"1993 Mulberry St, Rockford, IL 61101, USA","{'lat': 42.2781155, 'lng': -89.1185252}"
277,15177,Board of Education of T...,"2035 N Mobile Ave, Chicago, IL 60639, USA","{'lat': 41.917759, 'lng': -87.7822516}"
278,15178,Pepper Ridge School,"600 Grandview Dr, Normal, IL 61761, USA","{'lat': 40.5037831, 'lng': -88.9715288}"
279,15179,Foothill High School,"5931 School St, Oak Forest, IL 60452, USA","{'lat': 41.614209, 'lng': -87.7644175}"
280,15180,Foothill High School,"1440 E Court St, Kankakee, IL 60901, USA","{'lat': 41.1182845, 'lng': -87.8472249}"
281,15181,Friendship Junior High ...,"1835 W Pheasant Trail, Mt Prospect, IL 60056, USA","{'lat': 42.0412188, 'lng': -87.9685239}"
282,15182,Chopstix Express,"15185 Main St, Lemont, IL 60439, USA","{'lat': 41.680936, 'lng': -87.9900117}"
283,15183,West Chicago Elementary...,"N645 Indian Knoll Rd, West Chicago, IL 60185, USA","{'lat': 41.8839262, 'lng': -88.1730815}"
284,15184,Winola Elementary Schoo...,"11310 16th St, Milan, IL 61264, USA","{'lat': 41.4059359, 'lng': -90.5637083}"
285,15185,Wolcott School,"13945 S Green Bay Ave, Burnham, IL 60633, USA","{'lat': 41.64152139999999, 'lng': -87.5409762}"
286,15186,Institute on Religious ...,"Libertyville, IL 60048, USA","{'lat': 42.2868698, 'lng': -87.94328370000001}"
287,15187,Francis W Parker Develo...,"330 W Webster Ave, Chicago, IL 60614, USA","{'lat': 41.92319519999999, 'lng': -87.6384928}"
288,15188,Daniel Wright Middle Sc...,"239 Olde Half Day Rd, Lincolnshire, IL 60069, USA","{'lat': 42.1984438, 'lng': -87.93455259999999}"
289,15189,Campton Heights Cafe,"25775 IL-134, Ingleside, IL 60041, USA","{'lat': 42.3669748, 'lng': -88.13562040000001}"
290,15190,Campton Place Restauran...,"25775 IL-134, Ingleside, IL 60041, USA","{'lat': 42.3669748, 'lng': -88.13562040000001}"
291,15191,Bloomington Junior High...,"400 Haber Rd, Cary, IL 60013, USA","{'lat': 42.2026439, 'lng': -88.2609849}"
292,15192,A C Thompson Elementary...,"4820 Carol Ct, Rockford, IL 61108, USA","{'lat': 42.25928500000001, 'lng': -89.01442999999999}"
293,15193,School District U-46,"1275 Jenna Dr, South Elgin, IL 60177, USA","{'lat': 42.002565, 'lng': -88.3183883}"
294,15194,Da Vinci Academy,"37W080 Hopps Rd, Elgin, IL 60124, USA","{'lat': 41.9970291, 'lng': -88.342224}"
295,15195,Board of Education of T...,"8300 S St Louis Ave, Chicago, IL 60652, USA","{'lat': 41.7418673, 'lng': -87.7097953}"
296,15196,Bloomington Junior High...,"1301 W Cossitt Ave, La Grange, IL 60525, USA","{'lat': 41.8119452, 'lng': -87.88676960000001}"
297,15197,Jacksonville School DST...,"1626 IL-78, Jacksonville, IL 62650, USA","{'lat': 39.7596896, 'lng': -90.2281038}"
298,15198,Learning Tech Center La...,"36414 N Ridge Rd, Ingleside, IL 60041, USA","{'lat': 42.3948756, 'lng': -88.14110989999999}"
299,15199,Board of Education of T...,"5225 N Oak Park Ave, Chicago, IL 60656, USA","{'lat': 41.9762615, 'lng': -87.79592989999999}"
