,_id,Name,Address,Geocodes
0,3700,Pendleton SD 16,"2101 J and C Blvd, Naples, FL 34109, USA","{'lat': 26.2242286, 'lng': -81.7765369}"
1,3701,Donna Klein Jewish Academy,"9701 Donna Klein Blvd, Boca Raton, FL 33428, USA","{'lat': 26.3584001, 'lng': -80.1955725}"
2,3702,Gulliver Schools,"1500 San Remo Ave STE 400, Coral Gables, FL 33146, USA","{'lat': 25.705669, 'lng': -80.2830532}"
3,3703,Broward County Public Schools,"1700 SW 14th Ct, Fort Lauderdale, FL 33312, USA","{'lat': 26.102532, 'lng': -80.16426969999999}"
4,3704,The Education Channel,"157 S Havana Rd, Venice, FL 34292, USA","{'lat': 27.0927577, 'lng': -82.3683969}"
5,3705,The Education Channel,"1960 Landings Blvd, Sarasota, FL 34231, USA","{'lat': 27.2794385, 'lng': -82.5317737}"
6,3706,Escambia County School District,"6201 Mobile Hwy, Pensacola, FL 32526, USA","{'lat': 30.464631, 'lng': -87.305582}"
7,3707,The Education Channel,"1960 Landings Blvd, Sarasota, FL 34231, USA","{'lat': 27.2794385, 'lng': -82.5317737}"
8,3708,St. Cloud High School,"1300 9th St FL 3, St Cloud, FL 34769, USA","{'lat': 28.2498365, 'lng': -81.2837558}"
9,3709,St. Cloud High School,"3rd St, St Cloud, FL 34769, USA","{'lat': 28.256531, 'lng': -81.284666}"
10,3710,Texas Education Agency,"YADM, 2112 N 15th St, Tampa, FL 33605, USA","{'lat': 27.9630091, 'lng': -82.4432839}"
11,3711,Tampa Preparatory School,"7705 Gunn Hwy, Tampa, FL 33625, USA","{'lat': 28.0791447, 'lng': -82.5723194}"
12,3712,Weston Christian Acad,"1420 Indian Trace, Weston, FL 33326, USA","{'lat': 26.1029686, 'lng': -80.3709976}"
13,3713,Pinellas County Schools,"6305 118th Ave N, Largo, FL 33773, USA","{'lat': 27.8808547, 'lng': -82.72415889999999}"
14,3714,St. Cloud High School,"1300 9th St, St Cloud, FL 34769, USA","{'lat': 28.2498365, 'lng': -81.2837558}"
15,3715,The Education Channel,"1900 Center Rd, Venice, FL 34292, USA","{'lat': 27.0762357, 'lng': -82.3534537}"
16,3716,St Petersburg Catholic High,"6333 9th Ave N, St. Petersburg, FL 33710, USA","{'lat': 27.7823788, 'lng': -82.7219006}"
17,3717,Martin County School District,"2845 SE Dixie Hwy, Stuart, FL 34997, USA","{'lat': 27.1712984, 'lng': -80.2238467}"
18,3718,School District of Putnam Cnty,"801 N 13th St, Palatka, FL 32177, USA","{'lat': 29.6551838, 'lng': -81.6407437}"
19,3719,Okeechobee County,"2800 US-441, Okeechobee, FL 34972, USA","{'lat': 27.2674746, 'lng': -80.82778739999999}"
20,3720,Martin County School District,"500 SE Ocean Blvd, Stuart, FL 34994, USA","{'lat': 27.1964775, 'lng': -80.2453748}"
21,3721,Indian River County School District,"1110 18th Ave SW, Vero Beach, FL 32962, USA","{'lat': 27.5826197, 'lng': -80.40312349999999}"
22,3722,Martin County School District,"766 SE River Ln, Port St. Lucie, FL 34983, USA","{'lat': 27.3087601, 'lng': -80.3255104}"
23,3723,Our Children's Academy,"555 Burns Ave, Lake Wales, FL 33853, USA","{'lat': 27.9145851, 'lng': -81.5832077}"
24,3724,Fort Walton Beach High School,"120 Lowery Pl SE, Fort Walton Beach, FL 32548, USA","{'lat': 30.405913, 'lng': -86.6072439}"
25,3725,Sumter County School District,"2680 W Co Rd 476, Bushnell, FL 33513, USA","{'lat': 28.6588833, 'lng': -82.14756469999999}"
26,3726,Pinellas County Schools,"509 E St, Clearwater, FL 33756, USA","{'lat': 27.9464762, 'lng': -82.79994789999999}"
27,3727,Miami Country Day School,"601 NE 107th St, Miami Shores, FL 33161, USA","{'lat': 25.8738596, 'lng': -80.184466}"
28,3728,The Education Channel,"3301 Proctor Rd, Sarasota, FL 34231, USA","{'lat': 27.2857163, 'lng': -82.503261}"
29,3729,Escambia County School District,"501 E Johnson Ave, Pensacola, FL 32514, USA","{'lat': 30.5163453, 'lng': -87.25044410000001}"
30,3730,Lake Worth Christian School,"7592 High Ridge Rd, Boynton Beach, FL 33426, USA","{'lat': 26.5634721, 'lng': -80.0738784}"
31,3731,Martin County School District,"500 SE Ocean Blvd, Stuart, FL 34994, USA","{'lat': 27.1964775, 'lng': -80.2453748}"
32,3732,Donna Klein Jewish Academy,"9701 Donna Klein Blvd, Boca Raton, FL 33428, USA","{'lat': 26.3584001, 'lng': -80.1955725}"
33,3733,Rocky Bayou Christian School,"2101 Partin Dr N, Niceville, FL 32578, USA","{'lat': 30.5271912, 'lng': -86.462054}"
34,3734,St. Cecelia Church,"820 Jasmine Way, Clearwater, FL 33756, USA","{'lat': 27.9560205, 'lng': -82.7955034}"
35,3735,Delphi Academy Of Florida,"1831 Drew St, Clearwater, FL 33765, USA","{'lat': 27.9676793, 'lng': -82.7602489}"
36,3736,Pinellas County Schools,"315 Court St Rm 400b, Clearwater, FL 33756, USA","{'lat': 27.9619193, 'lng': -82.8013845}"
37,3737,Orange County Public Schools Inc,"415 W Amelia St, Orlando, FL 32801, USA","{'lat': 28.5500545, 'lng': -81.3844611}"
38,3738,The Education Channel,"3201 N Orange Ave, Sarasota, FL 34234, USA","{'lat': 27.3648355, 'lng': -82.53857909999999}"
39,3739,The Education Channel,"351 Old Venice Rd, Osprey, FL 34229, USA","{'lat': 27.1904501, 'lng': -82.4819105}"
40,3740,Gulliver Schools,"6575 SW 88th St, Miami, FL 33156, USA","{'lat': 25.6894787, 'lng': -80.29978659999999}"
41,3741,CIRCLE CHRISTIAN SCHOOL INC,"1199 Clay St, Winter Park, FL 32789, USA","{'lat': 28.5875656, 'lng': -81.3746553}"
42,3742,St. Mark's Episcopal Day School,"4114 Oxford Ave, Jacksonville, FL 32210, USA","{'lat': 30.273635, 'lng': -81.70274599999999}"
43,3743,Community Christian School,"4859 Kerry Forest Pkwy, Tallahassee, FL 32309, USA","{'lat': 30.538256, 'lng': -84.21573459999999}"
44,3744,Pinellas County Schools,"315 Court St, Clearwater, FL 33756, USA","{'lat': 27.9619193, 'lng': -82.8013845}"
45,3745,Annunciation Catholic Academy,"593 Jamestown Blvd, Altamonte Springs, FL 32714, USA","{'lat': 28.6821153, 'lng': -81.405704}"
46,3746,Annunciation Catholic Academy,"593 Jamestown Blvd, Altamonte Springs, FL 32714, USA","{'lat': 28.6821153, 'lng': -81.405704}"
47,3747,Pinellas County Schools,"400 S Ft Harrison Ave, Clearwater, FL 33756, USA","{'lat': 27.9613863, 'lng': -82.80064039999999}"
48,3748,Walton County School District,"145 S Park St, Defuniak Springs, FL 32435, USA","{'lat': 30.7205404, 'lng': -86.0987059}"
49,3749,Orange County Public Schools,"445 W Amelia St, Orlando, FL 32801, USA","{'lat': 28.5498139, 'lng': -81.38427620000002}"
50,3750,Escambia County School District,"8355 Yancey Ln, Pensacola, FL 32514, USA","{'lat': 30.51356779999999, 'lng': -87.1978961}"
51,3751,Hebrew Academy,"2400 Pine Tree Dr, Miami Beach, FL 33140, USA","{'lat': 25.8025656, 'lng': -80.12992609999999}"
52,3752,Jackson County School Board,"Marianna, FL 32447, USA","{'lat': 30.7750774, 'lng': -85.23057539999999}"
53,3753,Delphi Academy Of Florida,"1831 Drew St, Clearwater, FL 33765, USA","{'lat': 27.9676793, 'lng': -82.7602489}"
54,3754,Fort Walton Beach High School,"1369 14th St, Baker, FL 32531, USA","{'lat': 30.792876, 'lng': -86.680559}"
55,3755,Christian Keswick School,"10101 54th Ave N, St. Petersburg, FL 33708, USA","{'lat': 27.823628, 'lng': -82.779423}"
56,3756,Shelby County Education Association,"11000 University Pkwy, Pensacola, FL 32514, USA","{'lat': 30.5491387, 'lng': -87.21858619999999}"
57,3757,"Reading Edge Academy, Inc.","2975 Enterprise Rd, DeBary, FL 32713, USA","{'lat': 28.8951752, 'lng': -81.2827667}"
58,3758,PROVIDENCE ACADEMY,"7605 Conroy Windermere Rd, Orlando, FL 32835, USA","{'lat': 28.4941334, 'lng': -81.4852046}"
59,3759,ST JOSEPH'S SCHOOL,"S. Florida Ave. & McDonald St., Lakeland, FL 33803, USA","{'lat': 28.033528, 'lng': -81.957056}"
60,3760,Indian River County School District,"1990 25th St, Vero Beach, FL 32960, USA","{'lat': 27.6449194, 'lng': -80.4048741}"
61,3761,Fort Walton Beach High School,"110 Racetrack Rd NW, Fort Walton Beach, FL 32547, USA","{'lat': 30.451097, 'lng': -86.61952}"
62,3762,Okeechobee County,"700 SW 2nd Ave, Okeechobee, FL 34974, USA","{'lat': 27.2364395, 'lng': -80.83159400000001}"
63,3763,Florida School for Deaf And Blind,"207 San Marco Ave, St. Augustine, FL 32084, USA","{'lat': 29.9132838, 'lng': -81.31872779999999}"
64,3764,School District of Putnam Cnty,"200 S 7th St, Palatka, FL 32177, USA","{'lat': 29.6460951, 'lng': -81.6363013}"
65,3765,The Education Channel,"200 Field Ave E, Venice, FL 34285, USA","{'lat': 27.0814056, 'lng': -82.4422878}"
66,3766,Master's Academy,"1500 Lukas Ln, Oviedo, FL 32765, USA","{'lat': 28.6490217, 'lng': -81.2340272}"
67,3767,District School Board of Pasco Co.,"20325 Gator Ln, Land O' Lakes, FL 34638, USA","{'lat': 28.261585, 'lng': -82.48080929999999}"
68,3768,St. Johns County School District,"40 Orange St, St. Augustine, FL 32084, USA","{'lat': 29.89784169999999, 'lng': -81.3159161}"
69,3769,St. Johns County School District,"3205 Varella Ave, St. Augustine, FL 32084, USA","{'lat': 29.9254308, 'lng': -81.3420041}"
70,3770,Escambia County School District,"801 N 49th Ave, Pensacola, FL 32506, USA","{'lat': 30.421106, 'lng': -87.2834948}"
71,3771,Community Consolidated School District 180,"1600 NW 163rd St, Miami Gardens, FL 33169, USA","{'lat': 25.9212562, 'lng': -80.22672879999999}"
72,3772,Notre Dame Catholic Sch,"1095 Commercial Way, Spring Hill, FL 34606, USA","{'lat': 28.4479901, 'lng': -82.63591799999999}"
73,3773,ODYSSEY CHARTER,"1755 Eldron Blvd SE, Palm Bay, FL 32909, USA","{'lat': 27.9539897, 'lng': -80.65792239999999}"
74,3774,Holmes District School Board,"1477 Ammons Rd, Ponce De Leon, FL 32455, USA","{'lat': 30.7405381, 'lng': -85.960454}"
75,3775,Developmental Disabilities Institute Inc.,"Arcadia, FL 34266, USA","{'lat': 27.2158826, 'lng': -81.8584164}"
76,3776,Saint Johns County School Board,"40 Orange St, St. Augustine, FL 32084, USA","{'lat': 29.89784169999999, 'lng': -81.3159161}"
77,3777,Ascension Catholic School,"2950 N Harbor City Blvd, Melbourne, FL 32935, USA","{'lat': 28.1552762, 'lng': -80.6420565}"
78,3778,Discovery Montessori School,"102 S 15th St, Jacksonville Beach, FL 32250, USA","{'lat': 30.2853523, 'lng': -81.4077219}"
79,3779,Escambia County School District,"215 W Garden St, Pensacola, FL 32502, USA","{'lat': 30.4119136, 'lng': -87.21941249999999}"
80,3780,Hillel Community Day School,"19000 NE 25th Ave, Miami, FL 33180, USA","{'lat': 25.9514347, 'lng': -80.1512328}"
81,3781,Holmes District School Board,"701 E Pennsylvania Ave, Bonifay, FL 32425, USA","{'lat': 30.7914783, 'lng': -85.67178059999999}"
82,3782,Suwannee County School District,"2nd St NW, Live Oak, FL 32064, USA","{'lat': 30.2990548, 'lng': -82.983223}"
83,3783,Pinellas County Schools,"Weedon Island Preserve Cultural and Natural History Center, 1800 Weedon Dr NE, St. Petersburg, FL 33702, USA","{'lat': 27.8477252, 'lng': -82.6071027}"
84,3784,Murphysboro High School,"3400 N 29th Ave, Hollywood, FL 33020, USA","{'lat': 26.0398721, 'lng': -80.1663401}"
85,3785,Jackson County School Board,"4283 Kelson Ave, Marianna, FL 32446, USA","{'lat': 30.7832839, 'lng': -85.2390572}"
86,3786,LAKESIDE CHRISTIAN SCHOOL INC,"1897 Sunset Point Rd, Clearwater, FL 33765, USA","{'lat': 27.9870193, 'lng': -82.7580869}"
87,3787,Collier County School District,"5775 Osceola Trail, Naples, FL 34109, USA","{'lat': 26.2207843, 'lng': -81.7592611}"
88,3788,Murphysboro High School,"7800 Sheridan St, Pembroke Pines, FL 33024, USA","{'lat': 26.0296956, 'lng': -80.24554909999999}"
89,3789,The Education Channel,"2350 Dr Martin Luther King Way, Sarasota, FL 34234, USA","{'lat': 27.3574932, 'lng': -82.52331889999999}"
90,3790,The Education Channel,"4747 S Tamiami Trail, Sarasota, FL 34231, USA","{'lat': 27.2853002, 'lng': -82.5278424}"
91,3791,Jensen Beach High School,"7881 SW Ellipse Way, Stuart, FL 34997, USA","{'lat': 27.1100668, 'lng': -80.26440269999999}"
92,3792,Ellinwood School Community Library,"303 E Washington St, Chattahoochee, FL 32324, USA","{'lat': 30.7046788, 'lng': -84.846632}"
93,3793,Hillel Community Day School,"19000 NE 25th Ave, Miami, FL 33180, USA","{'lat': 25.9514347, 'lng': -80.1512328}"
94,3794,Sarasota County School District,"3201 N Orange Ave, Sarasota, FL 34234, USA","{'lat': 27.3648355, 'lng': -82.53857909999999}"
95,3795,St. Paul Catholic School,"1900 12th St N, St. Petersburg, FL 33704, USA","{'lat': 27.78988, 'lng': -82.6510871}"
96,3796,The School District of Palm Beach County,"5840 Corporate Way #100, West Palm Beach, FL 33407, USA","{'lat': 26.764135, 'lng': -80.0912247}"
97,3797,Charlotte County Public Schools,"17325 Mariner Way, Port Charlotte, FL 33948, USA","{'lat': 27.0021045, 'lng': -82.1628647}"
98,3798,Jackson County School Board,"2903 Jefferson St, Marianna, FL 32446, USA","{'lat': 30.776228, 'lng': -85.22703899999999}"
99,3799,The Education Channel,"351 Old Venice Rd, Osprey, FL 34229, USA","{'lat': 27.1904501, 'lng': -82.4819105}"
100,3800,Santa Fe Catholic High School,"3110 US-92, Lakeland, FL 33801, USA","{'lat': 28.0497214, 'lng': -81.8992492}"
101,3801,BLOUNTSTOWN MIDDLE SCHOOL,"21089 Mayhaw Ave, Blountstown, FL 32424, USA","{'lat': 30.4315832, 'lng': -85.0340492}"
102,3802,Master's Academy,"1530 Lukas Ln, Oviedo, FL 32765, USA","{'lat': 28.6499915, 'lng': -81.233048}"
103,3803,Sumter County School District,"2680 W C 476, Bushnell, FL 33513, USA","{'lat': 28.6591455, 'lng': -82.14735}"
104,3804,Ascension Catholic School,"2950 N Harbor City Blvd, Melbourne, FL 32935, USA","{'lat': 28.1552762, 'lng': -80.6420565}"
105,3805,Charlotte County Public Schools,"1445 Education Way, Port Charlotte, FL 33948, USA","{'lat': 27.0053175, 'lng': -82.1452576}"
106,3806,"Collier County, Florida, School District Of","3301 Tamiami Trail E, Naples, FL 34112, USA","{'lat': 26.1275623, 'lng': -81.7654725}"
107,3807,Duval County Public Schools,"1701 Prudential Dr, Jacksonville, FL 32207, USA","{'lat': 30.31732929999999, 'lng': -81.65038249999999}"
108,3808,Orange County Public Schools,"2407 N Rio Grande Ave, Orlando, FL 32804, USA","{'lat': 28.5734046, 'lng': -81.4008156}"
109,3809,Santa Rosa Bd Pub Instruction,"1500 Woodlawn Way, Gulf Breeze, FL 32563, USA","{'lat': 30.3922097, 'lng': -87.0087708}"
110,3810,Calvary Christian High School,"301 Pierce St, Clearwater, FL 33756, USA","{'lat': 27.9636977, 'lng': -82.8019216}"
111,3811,Orange County Public Schools Inc,"1600 E Kaley St, Orlando, FL 32806, USA","{'lat': 28.5201248, 'lng': -81.35931959999999}"
112,3812,Pinellas County Schools,"301 4th St SW, Largo, FL 33770, USA","{'lat': 27.9140065, 'lng': -82.7936928}"
113,3813,Holmes District School Board,"Bonifay, FL 32425, USA","{'lat': 30.7918559, 'lng': -85.6796533}"
114,3814,Escambia County School District,"6101 Lanier Dr, Pensacola, FL 32504, USA","{'lat': 30.4857865, 'lng': -87.2062237}"
115,3815,Escambia County School District,"601 HIghway 297-A, Cantonment, FL 32533, USA","{'lat': 30.5985704, 'lng': -87.3318783}"
116,3816,Orange County Public Schools Inc,"445 W Amelia St, Orlando, FL 32801, USA","{'lat': 28.5498139, 'lng': -81.38427620000002}"
117,3817,Jackson County School Board,"3546 Caverns Rd, Marianna, FL 32446, USA","{'lat': 30.8123337, 'lng': -85.2009058}"
118,3818,Gma,"500 NW 122nd Ave, Miami, FL 33182, USA","{'lat': 25.7720573, 'lng': -80.3937864}"
119,3819,Orange County Public Schools Inc,"445 W Amelia St, Orlando, FL 32801, USA","{'lat': 28.5498139, 'lng': -81.38427620000002}"
120,3820,Annunciation Catholic Academy,"593 Jamestown Blvd, Altamonte Springs, FL 32714, USA","{'lat': 28.6821153, 'lng': -81.405704}"
121,3821,Sarasota Christian School,"5415 Bahia Vista St, Sarasota, FL 34232, USA","{'lat': 27.3245554, 'lng': -82.46072079999999}"
122,3822,County of Leon School Board,"2757 W Pensacola St, Tallahassee, FL 32304, USA","{'lat': 30.4408414, 'lng': -84.33481309999999}"
123,3823,Davie Elementary School,"6591 Orange Dr, Davie, FL 33314, USA","{'lat': 26.0672117, 'lng': -80.2348658}"
124,3824,First Coast Technical Institute,"2980 Collins Ave, St. Augustine, FL 32084, USA","{'lat': 29.9243083, 'lng': -81.3457407}"
125,3825,"Archbishop McCarthy High School, Inc.","5451 S Flamingo Rd, Southwest Ranches, FL 33330, USA","{'lat': 26.051664, 'lng': -80.3149562}"
126,3826,Orange County Public Schools Inc,"Orlando, FL 32802, USA","{'lat': 28.55, 'lng': -81.38}"
127,3827,East Lake Elementary PTA Gallery,"3971 N Tanner Rd, Orlando, FL 32826, USA","{'lat': 28.595695, 'lng': -81.16699779999999}"
128,3828,Pinellas County Schools,"14250 49th St N, Clearwater, FL 33762, USA","{'lat': 27.9016773, 'lng': -82.7045266}"
129,3829,Six Mile Charter Academy,"6851 Lancer Ave, Fort Myers, FL 33912, USA","{'lat': 26.5412407, 'lng': -81.8442081}"
130,3830,Pinellas County Schools,"Clearwater, FL 33757, USA","{'lat': 27.9656838, 'lng': -82.7976699}"
131,3831,Bradenton Christian School,"Crystal River, FL 34423, USA","{'lat': 28.8946918, 'lng': -82.5875361}"
132,3832,Suwannee County School District,"1314 Pine Ave SW, Live Oak, FL 32064, USA","{'lat': 30.2841022, 'lng': -82.9913134}"
133,3833,Pinellas County Schools,"400 S Ft Harrison Ave, Clearwater, FL 33756, USA","{'lat': 27.9613863, 'lng': -82.80064039999999}"
134,3834,County of Leon School Board,"2465 Atlas Rd, Tallahassee, FL 32303, USA","{'lat': 30.4756568, 'lng': -84.32173829999999}"
135,3835,County of Leon School Board,"650 Trojan Trail, Tallahassee, FL 32311, USA","{'lat': 30.439843, 'lng': -84.217603}"
136,3836,County of Leon School Board,"723 W Orange Ave, Tallahassee, FL 32310, USA","{'lat': 30.412384, 'lng': -84.2950511}"
137,3837,Hardee,"830 Altman Rd, Wauchula, FL 33873, USA","{'lat': 27.527859, 'lng': -81.836131}"
138,3838,West Gate Baptist Church,"5121 Kelly Rd, Tampa, FL 33615, USA","{'lat': 27.9952447, 'lng': -82.563908}"
139,3839,East Cleveland City School District,"7315 N Atlantic Ave, Cape Canaveral, FL 32920, USA","{'lat': 28.3833549, 'lng': -80.60641199999999}"
140,3840,Bishop Kenny High School,"1055 Kingman Ave, Jacksonville, FL 32207, USA","{'lat': 30.3101579, 'lng': -81.6410686}"
141,3841,The Citrus County Education Foundation Inc,"600 W Highland Blvd, Inverness, FL 34452, USA","{'lat': 28.8336167, 'lng': -82.3404417}"
142,3842,The Citrus County Education Foundation Inc,"1007 W Main St, Inverness, FL 34450, USA","{'lat': 28.8353047, 'lng': -82.34387509999999}"
143,3843,St Johns Episcopal Day School,"1002 S Rome Ave, Tampa, FL 33606, USA","{'lat': 27.9317591, 'lng': -82.4766069}"
144,3844,St. Mark's Episcopal School,"3395 Burns Rd, Palm Beach Gardens, FL 33410, USA","{'lat': 26.8314248, 'lng': -80.08762639999999}"
145,3845,Bishop John J. Snyder High School,"5001 Samaritan Way, Jacksonville, FL 32210, USA","{'lat': 30.252463, 'lng': -81.8367808}"
146,3846,Columbus High School,"604 Crandon Blvd, Key Biscayne, FL 33149, USA","{'lat': 25.6896289, 'lng': -80.16483649999999}"
147,3847,Birdneck Elementary School,"2855 Colonial Blvd, Fort Myers, FL 33966, USA","{'lat': 26.5997039, 'lng': -81.85368319999999}"
148,3848,Florida School Boards Association Inc,"1445 Education Way, Port Charlotte, FL 33948, USA","{'lat': 27.0053175, 'lng': -82.1452576}"
149,3849,Saint Andrew's School,"3900 Jog Rd, Boca Raton, FL 33434, USA","{'lat': 26.3839452, 'lng': -80.14425399999999}"
150,3850,St Brendan Elementary School,"8755 SW 32nd St, Miami, FL 33165, USA","{'lat': 25.7405454, 'lng': -80.33934839999999}"
151,3851,St Brendan Elementary School,"8755 SW 32nd St, Miami, FL 33165, USA","{'lat': 25.7405454, 'lng': -80.33934839999999}"
152,3852,"ARC Marion, Inc.","2800 SE Maricamp Rd, Ocala, FL 34471, USA","{'lat': 29.165567, 'lng': -82.098158}"
153,3853,Belen Jesuit Preparatory School,"500 SW 127th Ave, Miami, FL 33184, USA","{'lat': 25.7648007, 'lng': -80.4017001}"
154,3854,Indian River Charter High School,"6055 College Ln, Vero Beach, FL 32966, USA","{'lat': 27.6338704, 'lng': -80.4511222}"
155,3855,Saint Andrew's School,"3900 Jog Rd, Boca Raton, FL 33434, USA","{'lat': 26.3839452, 'lng': -80.14425399999999}"
156,3856,Saint Andrew's School,"3900 Jog Rd, Boca Raton, FL 33434, USA","{'lat': 26.3839452, 'lng': -80.14425399999999}"
157,3857,Clearwater Central Catholic High School,"2750 Haines Bayshore Rd, Clearwater, FL 33760, USA","{'lat': 27.92908, 'lng': -82.723137}"
158,3858,The Citrus County Education Foundation Inc,"3800 W Educational Path, Lecanto, FL 34461, USA","{'lat': 28.8252494, 'lng': -82.49744059999999}"
159,3859,Berkeley Preparatory School,"4811 Kelly Rd, Tampa, FL 33615, USA","{'lat': 27.9898564, 'lng': -82.5635546}"
160,3860,Old Kings Elementary School,"800 E Howe St, Bunnell, FL 32110, USA","{'lat': 29.472761, 'lng': -81.255403}"
161,3861,Grace Fellowship West Palm Beach,"8350 Okeechobee Blvd, West Palm Beach, FL 33411, USA","{'lat': 26.7068027, 'lng': -80.1753004}"
162,3862,County of Leon School Board,"3013 Jim Lee Rd, Tallahassee, FL 32301, USA","{'lat': 30.4083405, 'lng': -84.261533}"
163,3863,Grace Fellowship West Palm Beach,"118 Canterbury Pl, Royal Palm Beach, FL 33414, USA","{'lat': 26.6665858, 'lng': -80.2069674}"
164,3864,Florida School Boards Association Inc,"20 Airport Rd Suite C, Palm Coast, FL 32164, USA","{'lat': 29.4745335, 'lng': -81.20858899999999}"
165,3865,Berkeley Preparatory School,"4811 Kelly Rd, Tampa, FL 33615, USA","{'lat': 27.9898564, 'lng': -82.5635546}"
166,3866,Genesis Preparatory School,"7710 Osteen Rd, New Port Richey, FL 34653, USA","{'lat': 28.2693027, 'lng': -82.68097999999999}"
167,3867,Ransom Everglades School,"2045 S Bayshore Dr, Miami, FL 33133, USA","{'lat': 25.738669, 'lng': -80.2276438}"
168,3868,The Benjamin School,"11000 Ellison Wilson Rd, North Palm Beach, FL 33408, USA","{'lat': 26.8382034, 'lng': -80.0636205}"
169,3869,Westminster Christian School,"6855 SW 152nd St, Palmetto Bay, FL 33157, USA","{'lat': 25.6300318, 'lng': -80.30410599999999}"
170,3870,Gulf County Schools,"150 Middle School Rd, Port St Joe, FL 32456, USA","{'lat': 29.7875418, 'lng': -85.291403}"
171,3871,Evangelical Christian School Inc,"8237 Beacon Blvd, Fort Myers, FL 33907, USA","{'lat': 26.5749007, 'lng': -81.8615356}"
172,3872,WILKINSON ELEMENTARY SCHOOL,"101 Old Venice Rd, Osprey, FL 34229, USA","{'lat': 27.1956503, 'lng': -82.48111829999999}"
173,3873,Brandon Senior High School,"6409 36th Ave S, Tampa, FL 33619, USA","{'lat': 27.9149146, 'lng': -82.3821877}"
174,3874,Nova Middle School,"3602 College Ave, Davie, FL 33314, USA","{'lat': 26.0758945, 'lng': -80.2377753}"
175,3875,Canterbury School of Florida,"990 62nd Ave NE, St. Petersburg, FL 33702, USA","{'lat': 27.8252236, 'lng': -82.6210555}"
176,3876,ASSUMPTION CATHOLIC SCHOOL,"2431 Atlantic Blvd, Jacksonville, FL 32207, USA","{'lat': 30.3072959, 'lng': -81.64036759999999}"
177,3877,Carrollwood Day School,"12606 Casey Rd, Tampa, FL 33618, USA","{'lat': 28.0609932, 'lng': -82.51778039999999}"
178,3878,Levy,"480 Marshburn Dr, Bronson, FL 32621, USA","{'lat': 29.4568795, 'lng': -82.63477569999999}"
179,3879,Belen Jesuit Preparatory School,"500 SW 127th Ave, Miami, FL 33184, USA","{'lat': 25.7648007, 'lng': -80.4017001}"
180,3880,Arkansas School for Mathematics Sciences and the Arts,"5700 N Tamiami Trail, Sarasota, FL 34243, USA","{'lat': 27.386546, 'lng': -82.5564395}"
181,3881,Canterbury School,"8141 College Pkwy, Fort Myers, FL 33919, USA","{'lat': 26.554772, 'lng': -81.89152399999999}"
182,3882,Bartow High School,"1270 S Broadway Ave, Bartow, FL 33830, USA","{'lat': 27.8859937, 'lng': -81.84331999999999}"
183,3883,The Christ School,"106 E Church St, Orlando, FL 32801, USA","{'lat': 28.5399804, 'lng': -81.3769318}"
184,3884,Calvary Christian Academy,"2401 W Cypress Creek Rd, Fort Lauderdale, FL 33309, USA","{'lat': 26.2042212, 'lng': -80.1756491}"
185,3885,The Citrus County Education Foundation Inc,"2950 S Panther Pride Dr, Lecanto, FL 34461, USA","{'lat': 28.8193001, 'lng': -82.49991469999999}"
186,3886,Palm Beach Day Academy Inc,"241 Seaview Ave, Palm Beach, FL 33480, USA","{'lat': 26.7072898, 'lng': -80.0384289}"
187,3887,St. John Neumann High School,"3000 53rd St SW, Naples, FL 34116, USA","{'lat': 26.1724113, 'lng': -81.712368}"
188,3888,John Paul II Catholic High School,"5100 Terrebone Dr, Tallahassee, FL 32311, USA","{'lat': 30.3846777, 'lng': -84.2180814}"
189,3889,Brandon Senior High School,"4716 W Montgomery Ave, Tampa, FL 33616, USA","{'lat': 27.875723, 'lng': -82.52352599999999}"
190,3890,"NMHS Band Boosters, Inc.","151 W Hwy 329, Citra, FL 32113, USA","{'lat': 29.3394132, 'lng': -82.1407637}"
191,3891,The Citrus County Education Foundation Inc,"3741 W Educational Path, Lecanto, FL 34461, USA","{'lat': 28.8239046, 'lng': -82.4968991}"
192,3892,Forest Lake Academy,"500 Education Loop, Apopka, FL 32703, USA","{'lat': 28.6700781, 'lng': -81.43686869999999}"
193,3893,Bishop John J. Snyder High School,"5001 Samaritan Way, Jacksonville, FL 32210, USA","{'lat': 30.252463, 'lng': -81.8367808}"
194,3894,The Citrus County Education Foundation Inc,"1007 W Main St, Inverness, FL 34450, USA","{'lat': 28.8353047, 'lng': -82.34387509999999}"
195,3895,Spruce Creek High School,"200 N Clara Ave, DeLand, FL 32720, USA","{'lat': 29.0305414, 'lng': -81.309167}"
196,3896,Cardinal Newman High School,"512 Spencer Dr, West Palm Beach, FL 33409, USA","{'lat': 26.710336, 'lng': -80.09172}"
197,3897,Columbus High School,"3000 SW 87th Ave, Miami, FL 33165, USA","{'lat': 25.7416889, 'lng': -80.3369335}"
198,3898,John Paul II Catholic High School,"5100 Terrebone Dr, Tallahassee, FL 32311, USA","{'lat': 30.3846777, 'lng': -84.2180814}"
199,3899,Annunciation Catholic School,"1610 Blanding Blvd, Middleburg, FL 32068, USA","{'lat': 30.11253619999999, 'lng': -81.8182358}"
200,3900,Lake Highland Preparatory School,"901 Highland Ave, Orlando, FL 32803, USA","{'lat': 28.5580097, 'lng': -81.3708754}"
201,3901,Maclay Alfred B Jr Day School,"3737 N Meridian Rd, Tallahassee, FL 32312, USA","{'lat': 30.5254537, 'lng': -84.2741372}"
202,3902,Calvary Christian Academy,"2401 W Cypress Creek Rd, Fort Lauderdale, FL 33309, USA","{'lat': 26.2042212, 'lng': -80.1756491}"
203,3903,Brandon High School,"1101 Victoria St, Brandon, FL 33510, USA","{'lat': 27.9438365, 'lng': -82.2992281}"
204,3904,LLT Academy Inc,"6771 Madison Ave, Tampa, FL 33619, USA","{'lat': 27.8997475, 'lng': -82.37743689999999}"
205,3905,Canterbury School,"8141 College Pkwy, Fort Myers, FL 33919, USA","{'lat': 26.554772, 'lng': -81.89152399999999}"
206,3906,"St. Mary's Episcopal Day School, Inc.","2101 S Hubert Ave, Tampa, FL 33629, USA","{'lat': 27.9263203, 'lng': -82.5168502}"
207,3907,The Paideia School,"Paideia school, 7834 N 56th St, Temple Terrace, FL 33617, USA","{'lat': 28.0191942, 'lng': -82.395001}"
208,3908,Columbus High School,"3000 SW 87th Ave, Miami, FL 33165, USA","{'lat': 25.7416889, 'lng': -80.3369335}"
209,3909,ELIZABETH COBB MIDDLE SCHOOL,"915 Hillcrest St, Tallahassee, FL 32308, USA","{'lat': 30.4520975, 'lng': -84.26787879999999}"
210,3910,St. Francis Catholic High School,"4100 NW 115 Terrace, Gainesville, FL 32606, USA","{'lat': 29.6924525, 'lng': -82.4666447}"
211,3911,VBHS Orchestra Forms,"1707 16th St, Vero Beach, FL 32960, USA","{'lat': 27.628878, 'lng': -80.4035833}"
212,3912,St Teresa'S Catholic School,"207 Ojibway Ave, Titusville, FL 32780, USA","{'lat': 28.5810012, 'lng': -80.80282609999999}"
213,3913,The Rivers School,"830 Oak St, Jacksonville, FL 32204, USA","{'lat': 30.3157036, 'lng': -81.6795637}"
214,3914,Hernando Christian Academy,"7200 Emerson Rd, Brooksville, FL 34601, USA","{'lat': 28.5338523, 'lng': -82.373465}"
215,3915,St. Francis Catholic High School,"4100 NW 115 Terrace, Gainesville, FL 32606, USA","{'lat': 29.6924525, 'lng': -82.4666447}"
216,3916,Riverside Presbyterian Day School,"830 Oak St, Jacksonville, FL 32204, USA","{'lat': 30.3157036, 'lng': -81.6795637}"
217,3917,Florida School Boards Association Inc,"18300 Cochran Blvd, Port Charlotte, FL 33948, USA","{'lat': 27.0041058, 'lng': -82.14710459999999}"
218,3918,St. Paul's School,"1600 St Pauls Dr, Clearwater, FL 33764, USA","{'lat': 27.9327223, 'lng': -82.75654229999999}"
219,3919,Midland Independent School District,"10501 FGCU Blvd S, Fort Myers, FL 33965, USA","{'lat': 26.4616473, 'lng': -81.77154639999999}"
220,3920,Florida School Boards Association Inc,"1445 Education Way, Port Charlotte, FL 33948, USA","{'lat': 27.0053175, 'lng': -82.1452576}"
221,3921,Swift Creek Middle School,"2100 Pedrick Rd, Tallahassee, FL 32317, USA","{'lat': 30.44613399999999, 'lng': -84.1836517}"
222,3922,Clearwater Central Catholic High School,"2750 Haines Bayshore Rd, Clearwater, FL 33760, USA","{'lat': 27.92908, 'lng': -82.723137}"
223,3923,SCHOOL BOARD OF HIGHLANDS COUNTY FLORIDA,"516 County Rd 29, Lake Placid, FL 33852, USA","{'lat': 27.2682778, 'lng': -81.326275}"
224,3924,American Heritage School,"12200 W Broward Blvd, Plantation, FL 33325, USA","{'lat': 26.1207351, 'lng': -80.3109276}"
225,3925,Clearwater Central Catholic High School,"2200 N Gomez Ave, Tampa, FL 33607, USA","{'lat': 27.9612532, 'lng': -82.49253449999999}"
226,3926,Holy Redeemer Catholic Church,"1800 W Columbia Ave, Kissimmee, FL 34741, USA","{'lat': 28.3079468, 'lng': -81.4210682}"
227,3927,St Mary Magdalen Catholic School,"869 Maitland Ave, Altamonte Springs, FL 32701, USA","{'lat': 28.6464055, 'lng': -81.3647325}"
228,3928,St Mary Magdalen Catholic School,"869 Maitland Ave, Altamonte Springs, FL 32701, USA","{'lat': 28.6464055, 'lng': -81.3647325}"
229,3929,St Mary Magdalen Catholic School,"869 Maitland Ave, Altamonte Springs, FL 32701, USA","{'lat': 28.6464055, 'lng': -81.3647325}"
230,3930,Leon High School,"2757 W Pensacola St, Tallahassee, FL 32304, USA","{'lat': 30.4408414, 'lng': -84.33481309999999}"
231,3931,Central Florida Community Sch,"1450 Citrus Oaks Ave, Gotha, FL 34734, USA","{'lat': 28.5488499, 'lng': -81.51815429999999}"
232,3932,Westminster Christian School,"6855 SW 152nd St, Palmetto Bay, FL 33157, USA","{'lat': 25.6300318, 'lng': -80.30410599999999}"
233,3933,Pomfret Community School,"7305 Garden Rd, West Palm Beach, FL 33404, USA","{'lat': 26.7872418, 'lng': -80.09277589999999}"
234,3934,Calvary Christian Academy,"2401 W Cypress Creek Rd, Fort Lauderdale, FL 33309, USA","{'lat': 26.2042212, 'lng': -80.1756491}"
235,3935,Episcopal High School,"4455 Atlantic Blvd, Jacksonville, FL 32207, USA","{'lat': 30.3107932, 'lng': -81.6216609}"
236,3936,"Academy Prep Foundation, Inc.","2301 22nd Ave S, St. Petersburg, FL 33712, USA","{'lat': 27.7492411, 'lng': -82.6645891}"
237,3937,ELIZABETH COBB MIDDLE SCHOOL,"915 Hillcrest St, Tallahassee, FL 32308, USA","{'lat': 30.4520975, 'lng': -84.26787879999999}"
238,3938,Melbourne Central Catholic High School,"100 E Florida Ave, Melbourne, FL 32901, USA","{'lat': 28.057889, 'lng': -80.61738}"
239,3939,Cardinal Newman High School,"512 Spencer Dr, West Palm Beach, FL 33409, USA","{'lat': 26.710336, 'lng': -80.09172}"
240,3940,The Citrus County Education Foundation Inc,"Inverness, FL 34451, USA","{'lat': 28.8412582, 'lng': -82.3444794}"
241,3941,St Thomas Aquinas High School,"2801 SW 12th St, Fort Lauderdale, FL 33312, USA","{'lat': 26.1085637, 'lng': -80.1809677}"
242,3942,"St. Mary's Episcopal Day School, Inc.","2101 S Hubert Ave, Tampa, FL 33629, USA","{'lat': 27.9263203, 'lng': -82.5168502}"
243,3943,Old Kings Elementary School,"1 Corporate Dr, Palm Coast, FL 32137, USA","{'lat': 29.5525462, 'lng': -81.24043859999999}"
244,3944,Episcopal High School,"4455 Atlantic Blvd, Jacksonville, FL 32207, USA","{'lat': 30.3107932, 'lng': -81.6216609}"
245,3945,The Rivers School,"830 Oak St, Jacksonville, FL 32204, USA","{'lat': 30.3157036, 'lng': -81.6795637}"
246,3946,Evangelical Christian School Inc,"8237 Beacon Blvd, Fort Myers, FL 33907, USA","{'lat': 26.5749007, 'lng': -81.8615356}"
247,3947,American Heritage School,"12200 W Broward Blvd, Plantation, FL 33325, USA","{'lat': 26.1207351, 'lng': -80.3109276}"
248,3948,Ransom Everglades School,"3575 Main Hwy, Miami, FL 33133, USA","{'lat': 25.7225893, 'lng': -80.2443729}"
249,3949,Clay County School District,"2300 Kingsley Ave, Orange Park, FL 32073, USA","{'lat': 30.1637806, 'lng': -81.7463136}"
250,3950,"Collier County, Florida, Sch","5600 Cougar Dr, Naples, FL 34109, USA","{'lat': 26.2211881, 'lng': -81.7618462}"
251,3951,County of Leon School Board,"7200 Lawton Chiles Ln, Tallahassee, FL 32312, USA","{'lat': 30.5718752, 'lng': -84.2109354}"
252,3952,Ocean City Christian School,"9319 Peach Palm Ave, Tampa, FL 33619, USA","{'lat': 27.97648, 'lng': -82.344064}"
253,3953,Hillsborough County Pub...,"9455 Harney Rd, Thonotosassa, FL 33592, USA","{'lat': 28.0381949, 'lng': -82.3377288}"
254,3954,Ransom Everglades School,"3575 Main Hwy, Miami, FL 33133, USA","{'lat': 25.7225893, 'lng': -80.2443729}"
255,3955,WILKINSON ELEMENTARY SCHOOL,"3400 Wilkinson Rd, Sarasota, FL 34231, USA","{'lat': 27.2901537, 'lng': -82.49997809999999}"
256,3956,White Chapel Church of God,"1730 S Ridgewood Ave, South Daytona, FL 32119, USA","{'lat': 29.1790274, 'lng': -81.0074254}"
257,3957,Community School of Naples,"13275 Livingston Rd, Naples, FL 34109, USA","{'lat': 26.217611, 'lng': -81.75425899999999}"
258,3958,The Citrus County Education Foundation Inc,"20205 US-27, Lake Wales, FL 33853, USA","{'lat': 27.9117596, 'lng': -81.5999411}"
259,3959,RAA MIDDLE SCHOOL,"401 W Tharpe St, Tallahassee, FL 32303, USA","{'lat': 30.462481, 'lng': -84.287685}"
260,3960,Seaside Neighborhood School,"3906 US-98 W, Santa Rosa Beach, FL 32459, USA","{'lat': 30.374976, 'lng': -86.2436939}"
261,3961,Woodstown-Pilesgrove Regional School District,"Tampa, FL 33607, USA","{'lat': 27.9717504, 'lng': -82.4915194}"
262,3962,Lake Highland Preparatory School,"901 Highland Ave, Orlando, FL 32803, USA","{'lat': 28.5580097, 'lng': -81.3708754}"
263,3963,Saint Joseph Catholic School,"535 Ave M NW, Winter Haven, FL 33881, USA","{'lat': 28.0348651, 'lng': -81.73173589999999}"
264,3964,St Johns Episcopal Day School,"301 N Alexander St, Plant City, FL 33563, USA","{'lat': 28.014978, 'lng': -82.13839899999999}"
265,3965,Clearwater Central Catholic High School,"1600 54th Ave S, St. Petersburg, FL 33712, USA","{'lat': 27.7187196, 'lng': -82.65600429999999}"
266,3966,St Andrews Catholic School,"877 N Hastings St, Pine Hills, FL 32808, USA","{'lat': 28.5548154, 'lng': -81.4586035}"
267,3967,University High School,"11501 Eastwood Dr, Orlando, FL 32817, USA","{'lat': 28.576495, 'lng': -81.214778}"
268,3968,Cooper City High School,"9401 Stirling Rd, Cooper City, FL 33328, USA","{'lat': 26.04626, 'lng': -80.27337299999999}"
269,3969,Florida Association for the Gifted,"426 School St, Sebring, FL 33870, USA","{'lat': 27.5014378, 'lng': -81.4204294}"
270,3970,Title I Distinguished School,"590 S Wilson Ave, Bartow, FL 33830, USA","{'lat': 27.8939309, 'lng': -81.8411811}"
271,3971,New York City Health,"801 Limona Rd, Brandon, FL 33510, USA","{'lat': 27.9513093, 'lng': -82.30283940000001}"
272,3972,Title I Distinguished School,"1000 N Palm Ave, Frostproof, FL 33843, USA","{'lat': 27.7611917, 'lng': -81.53290070000001}"
273,3973,Title I Distinguished School,"850 School House Rd, Lakeland, FL 33813, USA","{'lat': 27.9662429, 'lng': -81.97203999999999}"
274,3974,Title I Distinguished School,"225 S 22nd St, Haines City, FL 33844, USA","{'lat': 28.1022207, 'lng': -81.6134833}"
275,3975,Title I Distinguished School,"4600 U.S. Hwy 17-92 N, Davenport, FL 33837, USA","{'lat': 28.2192089, 'lng': -81.5687761}"
276,3976,Title I Distinguished School,"1915 S Floral Ave, Bartow, FL 33830, USA","{'lat': 27.8761024, 'lng': -81.8463422}"
277,3977,Title I Distinguished School,"1501 Martin L King Jr Ave, Lakeland, FL 33805, USA","{'lat': 28.0635086, 'lng': -81.96064129999999}"
278,3978,Oregon Middle Level Association,"109 Magnolia St, New Smyrna Beach, FL 32168, USA","{'lat': 29.0248117, 'lng': -80.9217535}"
279,3979,Title I Distinguished School,"1915 S Floral Ave, Bartow, FL 33830, USA","{'lat': 27.8761024, 'lng': -81.8463422}"
280,3980,mysdhc.org,"901 E Kennedy Blvd, Tampa, FL 33602, USA","{'lat': 27.9490993, 'lng': -82.4524689}"
281,3981,MBES,"3025 Union St, Clearwater, FL 33759, USA","{'lat': 27.9950225, 'lng': -82.7134944}"
282,3982,Title I Distinguished School,"Bartow, FL 33831, USA","{'lat': 27.8954748, 'lng': -81.84233859999999}"
283,3983,County of Lee,"1850 SW 20th Ave, Cape Coral, FL 33991, USA","{'lat': 26.6182486, 'lng': -82.0164245}"
284,3984,Title I Distinguished School,"Bartow, FL 33831, USA","{'lat': 27.8954748, 'lng': -81.84233859999999}"
285,3985,Title I Distinguished School,"726 Hollingsworth Rd, Lakeland, FL 33801, USA","{'lat': 28.034616, 'lng': -81.9382505}"
286,3986,Title I Distinguished School,"Bartow, FL 33831, USA","{'lat': 27.8954748, 'lng': -81.84233859999999}"
287,3987,Title I Distinguished School,"226 N Main St, Auburndale, FL 33823, USA","{'lat': 28.0709119, 'lng': -81.78813459999999}"
288,3988,Stanton College Preparatory School,"1700 Old Middleburg Rd N, Jacksonville, FL 32210, USA","{'lat': 30.292971, 'lng': -81.769402}"
289,3989,Ed White High School,"1700 Old Middleburg Rd N, Jacksonville, FL 32210, USA","{'lat': 30.292971, 'lng': -81.769402}"
290,3990,Title I Distinguished School,"550 E Clower St, Bartow, FL 33830, USA","{'lat': 27.8801769, 'lng': -81.8410708}"
291,3991,Edutrades Inc,"1612 Cape Coral Pkwy E, Cape Coral, FL 33904, USA","{'lat': 26.5622225, 'lng': -81.94265539999999}"
292,3992,Title I Distinguished School,"801 Scenic Hwy, Haines City, FL 33844, USA","{'lat': 28.0855478, 'lng': -81.6250858}"
293,3993,Christian Schools of Florida,"Crystal River, FL 34423, USA","{'lat': 28.8946918, 'lng': -82.5875361}"
294,3994,Christian Schools of Florida,"1000 Wellington Trace, Wellington, FL 33414, USA","{'lat': 26.6674397, 'lng': -80.2361395}"
295,3995,Florida Keys Area Health Education Center Inc,"Key West, FL 33041, USA","{'lat': 24.5561772, 'lng': -81.8048037}"
296,3996,The Citrus County Education Foundation Inc,"1007 W Main St, Inverness, FL 34450, USA","{'lat': 28.8353047, 'lng': -82.34387509999999}"
297,3997,Bradenton Christian School,"113 Ventura Dr, Sanford, FL 32773, USA","{'lat': 28.7692934, 'lng': -81.3019873}"
298,3998,Hillsborough County,"601 E Kennedy Blvd, Tampa, FL 33602, USA","{'lat': 27.9483566, 'lng': -82.4548727}"
299,3999,Florida Technology Education Association,"1809 Panther Ln, Fort Pierce, FL 34947, USA","{'lat': 27.4644517, 'lng': -80.3760865}"
