,_id,Name,Address,Geocodes
0,4100,Florida Vocal Association,"1707 16th St, Vero Beach, FL 32960, USA","{'lat': 27.628878, 'lng': -80.4035833}"
1,4101,Wilson Elementary School,"985 S Orange Blvd, Sanford, FL 32771, USA","{'lat': 28.801527, 'lng': -81.361909}"
2,4102,Pensacolainformation.com Realty LLC,"801 N 49th Ave, Pensacola, FL 32506, USA","{'lat': 30.421106, 'lng': -87.2834948}"
3,4103,Pensacolainformation.com Realty LLC,"2701 N Q St, Pensacola, FL 32505, USA","{'lat': 30.4407109, 'lng': -87.2434074}"
4,4104,Naples Alliance for Children incorporated,"6225 Arbor Blvd W, Naples, FL 34119, USA","{'lat': 26.2424917, 'lng': -81.73289009999999}"
5,4105,Florida School Boards Association Inc,"467 Boundary Blvd, Rotonda West, FL 33947, USA","{'lat': 26.9147995, 'lng': -82.28344849999999}"
6,4106,Naples Alliance for Children incorporated,"1601 FL-29, Immokalee, FL 34142, USA","{'lat': 26.4037979, 'lng': -81.395414}"
7,4107,Florida School Health Association,"124 Flotto Ave, Tampa, FL 33617, USA","{'lat': 28.0349726, 'lng': -82.3909504}"
8,4108,taylor.k12.fl,"400 N Clark St, Perry, FL 32347, USA","{'lat': 30.1234092, 'lng': -83.5702775}"
9,4109,Okeechobee County,"2800 US-441, Okeechobee, FL 34972, USA","{'lat': 27.2674746, 'lng': -80.82778739999999}"
10,4110,Pensacolainformation.com Realty LLC,"1820 Hollywood Ave, Pensacola, FL 32505, USA","{'lat': 30.4330401, 'lng': -87.25921620000001}"
11,4111,Hernando County School Board,"7175 Emerson Rd, Brooksville, FL 34601, USA","{'lat': 28.5342381, 'lng': -82.3779136}"
12,4112,Monarch High School,"5050 Wiles Rd, Coconut Creek, FL 33073, USA","{'lat': 26.2841895, 'lng': -80.1920616}"
13,4113,Hernando County School Board,"14411 Ken Austin Pkwy, Brooksville, FL 34613, USA","{'lat': 28.5649726, 'lng': -82.4854285}"
14,4114,Florida School Boards Association Inc,"23000 Midway Blvd, Port Charlotte, FL 33952, USA","{'lat': 27.0006712, 'lng': -82.07688739999999}"
15,4115,Florida School Boards Association Inc,"18200 Cochran Blvd, Port Charlotte, FL 33948, USA","{'lat': 27.0054237, 'lng': -82.150285}"
16,4116,Pasco Education Foundation Inc,"4339 Evans Ave, New Port Richey, FL 34652, USA","{'lat': 28.2226873, 'lng': -82.7276333}"
17,4117,Schoolwires Inc,"10351 NE 5th Ave, Miami Shores, FL 33138, USA","{'lat': 25.8711498, 'lng': -80.1864603}"
18,4118,Bay Haven Charter Academy,"2501 Hawks Landing Blvd, Panama City, FL 32405, USA","{'lat': 30.2134574, 'lng': -85.62686509999999}"
19,4119,Schoolwires Inc,"5241 NW 195th Dr, Miami Gardens, FL 33055, USA","{'lat': 25.9500924, 'lng': -80.2877699}"
20,4120,Naples Alliance for Children incorporated,"2965 44th Terrace SW, Naples, FL 34116, USA","{'lat': 26.1743149, 'lng': -81.69693}"
21,4121,Naples Alliance for Children incorporated,"2925 Titan Way, Naples, FL 34116, USA","{'lat': 26.1667868, 'lng': -81.6990742}"
22,4122,Florida Keys Area Health Education Center Inc,"2100 Flagler Ave, Key West, FL 33040, USA","{'lat': 24.5548366, 'lng': -81.77692909999999}"
23,4123,Lake Brantley High School,"991 Sand Lake Rd, Altamonte Springs, FL 32714, USA","{'lat': 28.6814573, 'lng': -81.4230908}"
24,4124,Florida Technology Education Association,"902 33rd St Ct W, Bradenton, FL 34205, USA","{'lat': 27.4912496, 'lng': -82.59498289999999}"
25,4125,The Citrus County Education Foundation Inc,"3790 W Educational Path, Lecanto, FL 34461, USA","{'lat': 28.8248121, 'lng': -82.49608719999999}"
26,4126,The Citrus County Education Foundation Inc,"3800 W Educational Path, Lecanto, FL 34461, USA","{'lat': 28.8252494, 'lng': -82.49744059999999}"
27,4127,Lake Wales Senior High School,"1 Highlander Way, Lake Wales, FL 33853, USA","{'lat': 27.9167112, 'lng': -81.57885809999999}"
28,4128,Union County Media Center,"800 SW 6th St, Lake Butler, FL 32054, USA","{'lat': 30.014926, 'lng': -82.3471175}"
29,4129,Naples Alliance for Children incorporated,"4911 20th Pl SW, Naples, FL 34116, USA","{'lat': 26.1915652, 'lng': -81.7059989}"
30,4130,Florida Technology Education Association,"6325 Lorraine Rd, Lakewood Ranch, FL 34202, USA","{'lat': 27.4249767, 'lng': -82.39438179999999}"
31,4131,Cutler Ridge Elementary School,"20210 Coral Sea Rd, Cutler Bay, FL 33189, USA","{'lat': 25.5794122, 'lng': -80.35409779999999}"
32,4132,The Citrus County Education Foundation Inc,"1205 NE 8th Ave, Crystal River, FL 34428, USA","{'lat': 28.906242, 'lng': -82.5802875}"
33,4133,The Education Channel,"2775 Shalimar Terrace, North Port, FL 34286, USA","{'lat': 27.056668, 'lng': -82.18964199999999}"
34,4134,The Citrus County Education Foundation Inc,"600 W Highland Blvd, Inverness, FL 34452, USA","{'lat': 28.8336167, 'lng': -82.3404417}"
35,4135,Pasco Education Foundation Inc,"10055 Sweet Bay Ct, New Port Richey, FL 34654, USA","{'lat': 28.270796, 'lng': -82.64868179999999}"
36,4136,Douglas Stoneman High School,"5901 Pine Island Rd, Parkland, FL 33076, USA","{'lat': 26.304503, 'lng': -80.26945700000002}"
37,4137,Florida School Health Association,"16200 N Dale Mabry Hwy, Tampa, FL 33618, USA","{'lat': 28.1011837, 'lng': -82.50519229999999}"
38,4138,Florida School Health Association,"9855 Harney Rd, Thonotosassa, FL 33592, USA","{'lat': 28.04676, 'lng': -82.3246889}"
39,4139,Hernando County School Board,"9412 Fox Chapel Ln, Spring Hill, FL 34606, USA","{'lat': 28.5110929, 'lng': -82.56494889999999}"
40,4140,Driftwood Middle School,"6501 Turtle Run Blvd, Coral Springs, FL 33067, USA","{'lat': 26.285421, 'lng': -80.21435389999999}"
41,4141,Flanagan High School,"12800 Taft St, Pembroke Pines, FL 33028, USA","{'lat': 26.0181246, 'lng': -80.32233339999999}"
42,4142,Hernando County School Board,"3300 Mariner Blvd, Spring Hill, FL 34609, USA","{'lat': 28.481339, 'lng': -82.541861}"
43,4143,Naples Alliance for Children incorporated,"8125 Lely Cultural Pkwy, Naples, FL 34113, USA","{'lat': 26.1046315, 'lng': -81.6913163}"
44,4144,Pensacolainformation.com Realty LLC,"12551 Meadson Rd, Pensacola, FL 32506, USA","{'lat': 30.345619, 'lng': -87.4076583}"
45,4145,Florida Association of School Administrators,"2507 E Baldwin Rd, Panama City, FL 32405, USA","{'lat': 30.2028965, 'lng': -85.6286319}"
46,4146,Naples Alliance for Children incorporated,"1101 Lake Trafford Rd, Immokalee, FL 34142, USA","{'lat': 26.4315012, 'lng': -81.4289285}"
47,4147,Florida School Health Association,"3035 Nelson Ave, Dover, FL 33527, USA","{'lat': 27.9872034, 'lng': -82.209389}"
48,4148,Schoolwires Inc,"1850 NW 32nd St, Miami, FL 33142, USA","{'lat': 25.8052133, 'lng': -80.22659809999999}"
49,4149,Consortium of Florida Education Foundations,"1900 SW 5th St, Ocala, FL 34471, USA","{'lat': 29.181399, 'lng': -82.15750799999999}"
50,4150,Hernando County School Board,"14325 Ken Austin Pkwy, Brooksville, FL 34614, USA","{'lat': 28.5627536, 'lng': -82.4999668}"
51,4151,Pensacolainformation.com Realty LLC,"220 N Navy Blvd, Pensacola, FL 32507, USA","{'lat': 30.390474, 'lng': -87.27697599999999}"
52,4152,Hernando County School Board,"6001 Mariner Blvd, Spring Hill, FL 34609, USA","{'lat': 28.5148118, 'lng': -82.5185097}"
53,4153,Gainesville Today Magazine,"16213 NW US Hwy 441, Alachua, FL 32615, USA","{'lat': 29.8072641, 'lng': -82.52440229999999}"
54,4154,Naples Alliance for Children incorporated,"1515 Pine Ridge Rd, Naples, FL 34109, USA","{'lat': 26.2144634, 'lng': -81.7874996}"
55,4155,Naples Alliance for Children incorporated,"1 Lely High School Blvd, Naples, FL 34113, USA","{'lat': 26.0876791, 'lng': -81.7178411}"
56,4156,Naples Alliance for Children incorporated,"1165 County Rd 858, Naples, FL 34120, USA","{'lat': 26.2927859, 'lng': -81.58647669999999}"
57,4157,Title I Distinguished School,"2410 N Crystal Lake Dr, Lakeland, FL 33801, USA","{'lat': 28.0297534, 'lng': -81.91187289999999}"
58,4158,Florida School Health Association,"7700 Gunn Hwy, Tampa, FL 33625, USA","{'lat': 28.076928, 'lng': -82.572994}"
59,4159,Florida School Health Association,"4500 Northdale Blvd, Greater Northdale, FL 33624, USA","{'lat': 28.0994135, 'lng': -82.5225418}"
60,4160,Schoolwires Inc,"6601 SW 152nd Ave, Miami, FL 33193, USA","{'lat': 25.7041169, 'lng': -80.4414748}"
61,4161,Florida School Health Association,"4040 19th Ave NE, Sun City Center, FL 33573, USA","{'lat': 27.7400155, 'lng': -82.3676318}"
62,4162,Consortium of Florida Education Foundations,"14550 NE 14th Street Rd, Silver Springs, FL 34488, USA","{'lat': 29.200271, 'lng': -81.910662}"
63,4163,Funeral Review.com,"2323 Dr M.L.K. Jr St N, St. Petersburg, FL 33704, USA","{'lat': 27.7934629, 'lng': -82.64652960000001}"
64,4164,Clark Advanced Learning Center,"2400 SE Salerno Rd, Stuart, FL 34997, USA","{'lat': 27.1351188, 'lng': -80.2200187}"
65,4165,Florida School Health Association,"2006 W Oak Ave, Plant City, FL 33563, USA","{'lat': 28.0166093, 'lng': -82.1439079}"
66,4166,Schoolwires Inc,"444 SW 60th Ave, Miami, FL 33144, USA","{'lat': 25.7665613, 'lng': -80.29410519999999}"
67,4167,Florida School Health Association,"101 E College Ave, Ruskin, FL 33570, USA","{'lat': 27.7123771, 'lng': -82.432929}"
68,4168,"National Association of Purchasing Management, Inc.","3500 Agualinda Blvd, Cape Coral, FL 33914, USA","{'lat': 26.5871358, 'lng': -82.0165435}"
69,4169,Florida School Health Association,"2011 E Sligh Ave, Tampa, FL 33610, USA","{'lat': 28.0093233, 'lng': -82.4373377}"
70,4170,Keystone Heights Elementary,"421 Jefferson Ave, Orange Park, FL 32065, USA","{'lat': 30.133615, 'lng': -81.7880519}"
71,4171,Schoolwires Inc,"29035 SW 144th Ave, Homestead, FL 33033, USA","{'lat': 25.4963006, 'lng': -80.42365459999999}"
72,4172,Schoolwires Inc,"15851 SW 112th St, Miami, FL 33196, USA","{'lat': 25.6648674, 'lng': -80.4524692}"
73,4173,Florida School Health Association,"2600 W Humphrey St, Tampa, FL 33614, USA","{'lat': 28.0297921, 'lng': -82.4862838}"
74,4174,Title I Distinguished School,"2600 Crutchfield Rd, Lakeland, FL 33805, USA","{'lat': 28.0566398, 'lng': -81.9956309}"
75,4175,Schoolwires Inc,"14250 NW 67th Ave, Hialeah, FL 33014, USA","{'lat': 25.9029425, 'lng': -80.3097828}"
76,4176,Brandon Senior High School,"1101 Victoria St, Brandon, FL 33510, USA","{'lat': 27.9438365, 'lng': -82.2992281}"
77,4177,Schoolwires Inc,"1536 NE 179th St, North Miami Beach, FL 33162, USA","{'lat': 25.9395128, 'lng': -80.1697198}"
78,4178,Florida School Health Association,"1807 E Dr Martin Luther King Jr Blvd, Tampa, FL 33610, USA","{'lat': 27.9794271, 'lng': -82.4390521}"
79,4179,Schoolwires Inc,"1781 NW 95th St, Miami, FL 33147, USA","{'lat': 25.8634081, 'lng': -80.22830139999999}"
80,4180,Schoolwires Inc,"14950 SW 288th St, Homestead, FL 33033, USA","{'lat': 25.4987452, 'lng': -80.4336952}"
81,4181,"National Association of Purchasing Management, Inc.","16351 Summerlin Rd, Fort Myers, FL 33908, USA","{'lat': 26.497848, 'lng': -81.914684}"
82,4182,Schoolwires Inc,"514 NW 77th St, Miami, FL 33150, USA","{'lat': 25.8446865, 'lng': -80.2055946}"
83,4183,Florida Association of School Administrators,"1311 Balboa Ave, Panama City, FL 32401, USA","{'lat': 30.1725969, 'lng': -85.6759932}"
84,4184,Schoolwires Inc,"7330 W 32nd Ave, Hialeah, FL 33018, USA","{'lat': 25.8883911, 'lng': -80.3487248}"
85,4185,PTA,"5601 N Federal Hwy, Fort Lauderdale, FL 33308, USA","{'lat': 26.1971949, 'lng': -80.1133708}"
86,4186,Schoolwires Inc,"9250 SW 52nd Terrace, Miami, FL 33165, USA","{'lat': 25.718833, 'lng': -80.3442434}"
87,4187,Florida Association of District School Superintendents,"Cross City, FL 32628, USA","{'lat': 29.6337184, 'lng': -83.12325779999999}"
88,4188,Sumter County School District,"2680 W Co Rd 476, Bushnell, FL 33513, USA","{'lat': 28.6588833, 'lng': -82.14756469999999}"
89,4189,Monroe County School District,"241 Trumbo Rd, Key West, FL 33040, USA","{'lat': 24.564155, 'lng': -81.7980838}"
90,4190,Old Kings Elementary School,"301 Old Kings Rd S, Ormond Beach, FL 32174, USA","{'lat': 29.473162, 'lng': -81.17534599999999}"
91,4191,Old Kings Elementary School,"Bunnell, FL, USA","{'lat': 29.4660863, 'lng': -81.25784159999999}"
92,4192,Davenport School of the Arts,"726 Hollingsworth Rd, Lakeland, FL 33801, USA","{'lat': 28.034616, 'lng': -81.9382505}"
93,4193,Lake Howell High School,"4200 Dike Rd, Winter Park, FL 32792, USA","{'lat': 28.637786, 'lng': -81.2734772}"
94,4194,Gilchrist County School Board,"310 NW 11th Ave, Trenton, FL 32693, USA","{'lat': 29.6187901, 'lng': -82.8212068}"
95,4195,Gilchrist County School Board,"310 NW 11th Ave, Trenton, FL 32693, USA","{'lat': 29.6187901, 'lng': -82.8212068}"
96,4196,Episcopal High School,"4455 Atlantic Blvd, Jacksonville, FL 32207, USA","{'lat': 30.3107932, 'lng': -81.6216609}"
97,4197,Episcopal High School,"4455 Atlantic Blvd, Jacksonville, FL 32207, USA","{'lat': 30.3107932, 'lng': -81.6216609}"
98,4198,Coral Reef Senior High School,"10101 SW 152nd St, Miami, FL 33157, USA","{'lat': 25.6300482, 'lng': -80.3563818}"
99,4199,Hoggetowne Middle School,"3930 NE 15th St, Gainesville, FL 32609, USA","{'lat': 29.68893599999999, 'lng': -82.3069469}"
100,4200,Student Leadership Academy,"1960 Landings Blvd, Sarasota, FL 34231, USA","{'lat': 27.2794385, 'lng': -82.5317737}"
101,4201,"St. Mary's Episcopal Day School, Inc.","2101 S Hubert Ave, Tampa, FL 33629, USA","{'lat': 27.9263203, 'lng': -82.5168502}"
102,4202,WILKINSON ELEMENTARY SCHOOL,"3400 Wilkinson Rd, Sarasota, FL 34231, USA","{'lat': 27.2901537, 'lng': -82.49997809999999}"
103,4203,St. Francis Catholic High School,"4100 NW 115 Terrace, Gainesville, FL 32606, USA","{'lat': 29.6924525, 'lng': -82.4666447}"
104,4204,Ridge Community High School,"500 Orchid Dr, Davenport, FL 33837, USA","{'lat': 28.1507635, 'lng': -81.62885299999999}"
105,4205,Community Christian School,"4859 Kerry Forest Pkwy, Tallahassee, FL 32309, USA","{'lat': 30.538256, 'lng': -84.21573459999999}"
106,4206,Cordova Park Elementary School,"2250 Semur Rd, Pensacola, FL 32503, USA","{'lat': 30.4624061, 'lng': -87.1935372}"
107,4207,Title I Distinguished School,"2410 N Crystal Lake Dr, Lakeland, FL 33801, USA","{'lat': 28.0297534, 'lng': -81.91187289999999}"
108,4208,Academy at the Farm,"9500 Alex Lange Way, Dade City, FL 33525, USA","{'lat': 28.2953561, 'lng': -82.2513271}"
109,4209,Auburndale High School,"501 McCloud Rd, Frostproof, FL 33843, USA","{'lat': 27.7652891, 'lng': -81.5362655}"
110,4210,All Saints' Academy,"State Rd 540 W, Wahneta, FL 33880, USA","{'lat': 27.9966959, 'lng': -81.7557722}"
111,4211,Bishop Kenny High School,"1055 Kingman Ave, Jacksonville, FL 32207, USA","{'lat': 30.3101579, 'lng': -81.6410686}"
112,4212,Bishop Kenny High School,"11625 Old St Augustine Rd, Jacksonville, FL 32258, USA","{'lat': 30.1612423, 'lng': -81.59866699999999}"
113,4213,Belen Jesuit Preparatory School,"500 SW 127th Ave, Miami, FL 33184, USA","{'lat': 25.7648007, 'lng': -80.4017001}"
114,4214,Belen Jesuit Preparatory School,"500 SW 127th Ave, Miami, FL 33184, USA","{'lat': 25.7631294, 'lng': -80.4018936}"
115,4215,Donna Klein Jewish Academy,"9701 Donna Klein Blvd, Boca Raton, FL 33428, USA","{'lat': 26.3584001, 'lng': -80.1955725}"
116,4216,Bradenton Preparatory Academy,"7900 40th Ave W, Bradenton, FL 34209, USA","{'lat': 27.4666662, 'lng': -82.6414653}"
117,4217,Cardinal Newman High School,"512 Spencer Dr, West Palm Beach, FL 33409, USA","{'lat': 26.710336, 'lng': -80.09172}"
118,4218,Lake Worth Christian School,"7592 High Ridge Rd, Boynton Beach, FL 33426, USA","{'lat': 26.5634721, 'lng': -80.0738784}"
119,4219,Windermere Preparatory School,"6189 Winter Garden Vineland Rd, Windermere, FL 34786, USA","{'lat': 28.4763024, 'lng': -81.56855449999999}"
120,4220,Good Shepherd Catholic School,"14187 SW 72nd St, Miami, FL 33183, USA","{'lat': 25.7008397, 'lng': -80.42161159999999}"
121,4221,Maclay School,"3737 N Meridian Rd, Tallahassee, FL 32312, USA","{'lat': 30.5254537, 'lng': -84.2741372}"
122,4222,Montessori Live Inc,"2001 Pinebrook Rd, Nokomis, FL 34275, USA","{'lat': 27.1243932, 'lng': -82.4175971}"
123,4223,Hillsborough County,"Tampa, FL 33601, USA","{'lat': 27.9401015, 'lng': -82.4501944}"
124,4224,ST MARTHAS SCHOOL,"1651 2nd St, Sarasota, FL 34236, USA","{'lat': 27.3381918, 'lng': -82.53748159999999}"
125,4225,JSA,"18801 NE 22nd Ave, North Miami Beach, FL 33181, USA","{'lat': 25.9021354, 'lng': -80.15686509999999}"
126,4226,Title I Distinguished School,"1795 E Wabash St, Bartow, FL 33830, USA","{'lat': 27.8924414, 'lng': -81.8225429}"
127,4227,Panhandle Area Educational Consortium,"210 NE Duval Ave, Madison, FL 32340, USA","{'lat': 30.4711572, 'lng': -83.4093666}"
128,4228,"National Association of Purchasing Management, Inc.","2055 Central Ave, Fort Myers, FL 33901, USA","{'lat': 26.6392293, 'lng': -81.86413859999999}"
129,4229,Whitney Information Network Inc,"1612 Cape Coral Pkwy E STE A, Cape Coral, FL 33904, USA","{'lat': 26.5622225, 'lng': -81.94265539999999}"
130,4230,Panhandle Area Educational Consortium,"753 West Blvd, Chipley, FL 32428, USA","{'lat': 30.7755315, 'lng': -85.5509969}"
131,4231,Arizona Private School Association,"1799 SE 17th St, Fort Lauderdale, FL 33316, USA","{'lat': 26.1010832, 'lng': -80.12353139999999}"
132,4232,Hillsborough County,"601 E Kennedy Blvd, Tampa, FL 33602, USA","{'lat': 27.9483566, 'lng': -82.4548727}"
133,4233,Hillsborough County,"601 E Kennedy Blvd #16, Tampa, FL 33602, USA","{'lat': 27.9483343, 'lng': -82.4547661}"
134,4234,Buchholz High School,"5510 NW 27th Ave, Gainesville, FL 32606, USA","{'lat': 29.6786663, 'lng': -82.40158509999999}"
135,4235,Liza Jackson Preparatory School,"546 Mary Esther Cut Off NW #1, Fort Walton Beach, FL 32548, USA","{'lat': 30.4211503, 'lng': -86.6491808}"
136,4236,Davie Elementary School,"7025 SW 39th St, Davie, FL 33328, USA","{'lat': 26.073679, 'lng': -80.24171559999999}"
137,4237,New Dimensions High School,"4900 Old Pleasant Hill Rd, Kissimmee, FL 34759, USA","{'lat': 28.1399457, 'lng': -81.4481553}"
138,4238,"Archbishop McCarthy High School, Inc.","5451 S Flamingo Rd, Southwest Ranches, FL 33330, USA","{'lat': 26.051664, 'lng': -80.3149562}"
139,4239,American Heritage School,"12200 W Broward Blvd, Plantation, FL 33325, USA","{'lat': 26.1207351, 'lng': -80.3109276}"
140,4240,American Heritage School,"12100 W Broward Blvd, Plantation, FL 33325, USA","{'lat': 26.1211349, 'lng': -80.3101449}"
141,4241,American Heritage School,"12100 W Broward Blvd, Plantation, FL 33325, USA","{'lat': 26.1211349, 'lng': -80.3101449}"
142,4242,American Heritage School,"12200 W Broward Blvd, Plantation, FL 33325, USA","{'lat': 26.1207351, 'lng': -80.3109276}"
143,4243,All Saints' Academy,"State Rd 540 W, Wahneta, FL 33880, USA","{'lat': 27.9966959, 'lng': -81.7557722}"
144,4244,Pinellas County Schools,"301 4th St SW, Largo, FL 33770, USA","{'lat': 27.9140065, 'lng': -82.7936928}"
145,4245,North East Florida Educational Consortium,"3841 Reid St, Palatka, FL 32177, USA","{'lat': 29.65975599999999, 'lng': -81.674921}"
146,4246,Lakeview Elementary School,"1290 NW 115th St, Miami, FL 33167, USA","{'lat': 25.8788525, 'lng': -80.2198008}"
147,4247,The Pine School,"12350 SE Federal Hwy, Hobe Sound, FL 33455, USA","{'lat': 27.0537775, 'lng': -80.13328960000001}"
148,4248,Ransom Everglades School,"3575 Main Hwy, Miami, FL 33133, USA","{'lat': 25.7225893, 'lng': -80.2443729}"
149,4249,Pensacola Catholic High School,"3043 W Scott St, Pensacola, FL 32505, USA","{'lat': 30.436601, 'lng': -87.25007480000001}"
150,4250,Charlotte County Public Schools,"1445 Education Way, Port Charlotte, FL 33948, USA","{'lat': 27.0053175, 'lng': -82.1452576}"
151,4251,Melbourne Central Catholic High School,"100 E Florida Ave, Melbourne, FL 32901, USA","{'lat': 28.057889, 'lng': -80.61738}"
152,4252,Westminster Christian School,"6855 SW 152nd St, Palmetto Bay, FL 33157, USA","{'lat': 25.6300318, 'lng': -80.30410599999999}"
153,4253,Westminster Christian School,"6855 SW 152nd St, Palmetto Bay, FL 33157, USA","{'lat': 25.6300318, 'lng': -80.30410599999999}"
154,4254,Monroe County School District,"241 Trumbo Rd, Key West, FL 33040, USA","{'lat': 24.564155, 'lng': -81.7980838}"
155,4255,American College of Physician Executives,"4890 W Kennedy Blvd #200, Tampa, FL 33609, USA","{'lat': 27.9444826, 'lng': -82.52532730000001}"
156,4256,Pensacola Beach Elementary School,"Via De Luna Dr, Pensacola Beach, FL 32561, USA","{'lat': 30.3388511, 'lng': -87.10997809999999}"
157,4257,Martin County School District,"2801 S Kanner Hwy, Stuart, FL 34994, USA","{'lat': 27.1703411, 'lng': -80.2501664}"
158,4258,Schultz Center,"1701 Prudential Dr, Jacksonville, FL 32207, USA","{'lat': 30.31732929999999, 'lng': -81.65038249999999}"
159,4259,American Institute of Certified Public Accountants Inc,"4651 Salisbury Rd #423, Jacksonville, FL 32256, USA","{'lat': 30.2501409, 'lng': -81.5889243}"
160,4260,Pinellas County Schools,"14250 49th St N, Clearwater, FL 33762, USA","{'lat': 27.9016773, 'lng': -82.7045266}"
161,4261,American College of Physician Executives,"4890 W Kennedy Blvd #200, Tampa, FL 33609, USA","{'lat': 27.9444826, 'lng': -82.52532730000001}"
162,4262,American College of Physician Executives,"4890 W Kennedy Blvd #200, Tampa, FL 33609, USA","{'lat': 27.9444826, 'lng': -82.52532730000001}"
163,4263,North East Florida Educational Consortium,"3841 Reid St, Palatka, FL 32177, USA","{'lat': 29.65975599999999, 'lng': -81.674921}"
164,4264,Naples Daily News,"1075 Central Ave, Naples, FL 34102, USA","{'lat': 26.148231, 'lng': -81.792941}"
165,4265,Florida Association for Media in Education,"900 Walnut St, Green Cove Springs, FL 32043, USA","{'lat': 29.9918902, 'lng': -81.6847466}"
166,4266,Santa Rosa Bd Pub Instruction,"1970 Cotton Bay Ln, Navarre, FL 32566, USA","{'lat': 30.4065969, 'lng': -86.93255839999999}"
167,4267,Florida High School Athletic Association,"3901 Edgewater Dr, Orlando, FL 32804, USA","{'lat': 28.5871244, 'lng': -81.3904604}"
168,4268,PTA,"4010 W Boy Scout Blvd, Tampa, FL 33607, USA","{'lat': 27.965771, 'lng': -82.5111707}"
169,4269,Microsoft Corporation,"17235 7th St, Montverde, FL 34756, USA","{'lat': 28.597561, 'lng': -81.6752001}"
170,4270,Pinellas County Schools,"6410 118th Ave N, Largo, FL 33773, USA","{'lat': 27.8781462, 'lng': -82.72621}"
171,4271,PrintCountry,"800 SW 6th St, Lake Butler, FL 32054, USA","{'lat': 30.014926, 'lng': -82.3471175}"
172,4272,Polk County Public Scho...,"6901 N Socrum Loop Rd, Lakeland, FL 33809, USA","{'lat': 28.129163, 'lng': -81.9542487}"
173,4273,The School District of ...,"1725 Echo Lake Dr, West Palm Beach, FL 33407, USA","{'lat': 26.7501361, 'lng': -80.0846588}"
174,4274,Volusia County Schools,"1400 Aquarius Ave, DeLand, FL 32724, USA","{'lat': 29.004088, 'lng': -81.2977308}"
175,4275,Hillsborough County Pub...,"5200 Ehrlich Rd, Tampa, FL 33624, USA","{'lat': 28.0837455, 'lng': -82.5366201}"
176,4276,Broward County Public S...,"4333 Sol Press Blvd, Coconut Creek, FL 33073, USA","{'lat': 26.3109795, 'lng': -80.1822755}"
177,4277,Seminole County Public ...,"601 Lake Park Dr, Lake Mary, FL 32746, USA","{'lat': 28.7355711, 'lng': -81.34037119999999}"
178,4278,American Foundation for...,"4401 SE 4th Ave, Gainesville, FL 32641, USA","{'lat': 29.6475489, 'lng': -82.27180249999999}"
179,4279,Volusia County Schools,"1001 Parnell Ct, Deltona, FL 32738, USA","{'lat': 28.8931238, 'lng': -81.1726935}"
180,4280,Orange County Public Sc...,"6100 Oleander Dr, Orlando, FL 32807, USA","{'lat': 28.5519543, 'lng': -81.30204340000002}"
181,4281,Collier County School D...,"255 6th St S, Naples, FL 34102, USA","{'lat': 26.14482, 'lng': -81.79796999999999}"
182,4282,Miami-Dade County Publi...,"5701 W 24th Ave, Hialeah, FL 33016, USA","{'lat': 25.8744349, 'lng': -80.3301886}"
183,4283,Miami-Dade County Publi...,"1450 NE 2nd Ave, Miami, FL 33132, USA","{'lat': 25.7889362, 'lng': -80.1909618}"
184,4284,Clay County School Dist...,"900 Walnut St, Green Cove Springs, FL 32043, USA","{'lat': 29.9918902, 'lng': -81.6847466}"
185,4285,School District of Mana...,"9501 FL-64, Bradenton, FL 34212, USA","{'lat': 27.489081, 'lng': -82.44678499999999}"
186,4286,Pinellas County Schools,"2151 62nd Ave S, St. Petersburg, FL 33712, USA","{'lat': 27.7135717, 'lng': -82.6611717}"
187,4287,Lee County School Distr...,"1809 SW 36th Terrace, Cape Coral, FL 33914, USA","{'lat': 26.5861457, 'lng': -82.0128178}"
188,4288,Florida Keys Community College,"89901 Old Hwy, Tavernier, FL 33070, USA","{'lat': 24.9935996, 'lng': -80.53750760000001}"
189,4289,Florida Department of E...,"325 W Gaines St, Tallahassee, FL 32399, USA","{'lat': 30.4349912, 'lng': -84.2849073}"
190,4290,Florida Department of E...,"Moore Haven, FL 33471, USA","{'lat': 26.8331174, 'lng': -81.0931234}"
191,4291,Marion County Public Sc...,"545 NE 17th Ave, Ocala, FL 34470, USA","{'lat': 29.193018, 'lng': -82.114392}"
192,4292,Broward County Public S...,"4251 Bonaventure Blvd, Weston, FL 33332, USA","{'lat': 26.0634564, 'lng': -80.3957159}"
193,4293,Hillsborough County Pub...,"10101 Cross Creek Blvd, Tampa, FL 33647, USA","{'lat': 28.1409111, 'lng': -82.32339950000001}"
194,4294,Orange County Public Sc...,"1700 Chuluota Rd, Orlando, FL 32820, USA","{'lat': 28.5648006, 'lng': -81.1302082}"
195,4295,Hillsborough County Pub...,"4500 Northdale Blvd, Greater Northdale, FL 33624, USA","{'lat': 28.0994135, 'lng': -82.5225418}"
196,4296,Lee County School Distr...,"8901 Cypress Lake Dr, Fort Myers, FL 33919, USA","{'lat': 26.5456428, 'lng': -81.9010278}"
197,4297,Polk County Public Scho...,"400 N Florida Ave, Lakeland, FL 33801, USA","{'lat': 28.0483262, 'lng': -81.9581269}"
198,4298,Pinellas County Schools,"155 8th Ave SE, Largo, FL 33771, USA","{'lat': 27.9080326, 'lng': -82.7839228}"
199,4299,Flagler County Public S...,"Bunnell, FL, USA","{'lat': 29.4660863, 'lng': -81.25784159999999}"
200,4300,Niceville Senior High S...,"201 Partin Dr N, Niceville, FL 32578, USA","{'lat': 30.5217998, 'lng': -86.47532799999999}"
201,4301,Duval County Public Sch...,"1701 Prudential Dr, Jacksonville, FL 32207, USA","{'lat': 30.31732929999999, 'lng': -81.65038249999999}"
202,4302,Volusia County Schools,"1500 Center Ave, Holly Hill, FL 32117, USA","{'lat': 29.2485854, 'lng': -81.05625529999999}"
203,4303,Orange County Public Sc...,"8700 Conroy Windermere Rd, Orlando, FL 32835, USA","{'lat': 28.492158, 'lng': -81.50459699999999}"
204,4304,Calhoun County School D...,"21089 Mayhaw Dr, Blountstown, FL 32424, USA","{'lat': 30.430725, 'lng': -85.038578}"
205,4305,Hillsborough County Pub...,"5720 Osprey Ridge Dr, Lithia, FL 33547, USA","{'lat': 27.8495981, 'lng': -82.2321545}"
206,4306,Seminole County Public ...,"1240 Sanctuary Dr, Oviedo, FL 32766, USA","{'lat': 28.6525796, 'lng': -81.1547653}"
207,4307,CHARLOTTE School Distri...,"1445 Education Way, Port Charlotte, FL 33948, USA","{'lat': 27.0053175, 'lng': -82.1452576}"
208,4308,County of Leon School B...,"3838 Trojan Trail, Tallahassee, FL 32311, USA","{'lat': 30.4354228, 'lng': -84.2131406}"
209,4309,Santa Rosa County Schoo...,"5445 King Arthurs Way, Milton, FL 32583, USA","{'lat': 30.5707738, 'lng': -87.0971488}"
210,4310,Polk County Public Scho...,"726 Hollingsworth Rd, Lakeland, FL 33801, USA","{'lat': 28.034616, 'lng': -81.9382505}"
211,4311,Hillsborough County Pub...,"13020 Kings Lake Dr, Gibsonton, FL 33534, USA","{'lat': 27.7951749, 'lng': -82.3701773}"
212,4312,Bay District Schools,"608 School Ave, Panama City, FL 32401, USA","{'lat': 30.1591636, 'lng': -85.6155399}"
213,4313,Hillsborough County Pub...,"400 W Osborne Ave, Tampa, FL 33603, USA","{'lat': 27.9884046, 'lng': -82.4642329}"
214,4314,Polk County Public Scho...,"601 Ave T NE, Winter Haven, FL 33881, USA","{'lat': 28.0454861, 'lng': -81.7188673}"
215,4315,Orange County Public Sc...,"13914 Mailer Blvd, Orlando, FL 32828, USA","{'lat': 28.5000765, 'lng': -81.1516637}"
216,4316,Broward County Public S...,"6000 NE 9th Ave, Fort Lauderdale, FL 33334, USA","{'lat': 26.2019092, 'lng': -80.1338845}"
217,4317,Hillsborough County Pub...,"13912 Nine Eagles Dr, Tampa, FL 33626, USA","{'lat': 28.0733354, 'lng': -82.6317835}"
218,4318,Lee County School Distr...,"17050 Williams Rd, North Fort Myers, FL 33917, USA","{'lat': 26.7133215, 'lng': -81.8412202}"
219,4319,Lake County Schools,"205 E Magnolia St, Groveland, FL 34736, USA","{'lat': 28.5564286, 'lng': -81.8541954}"
220,4320,Collier County School D...,"4100 Estey Ave, Naples, FL 34104, USA","{'lat': 26.1413907, 'lng': -81.7587415}"
221,4321,Orange County Public Sc...,"555 Martin St, Apopka, FL 32712, USA","{'lat': 28.6934856, 'lng': -81.5219269}"
222,4322,District School Board o...,"2025 Mansfield Blvd, Wesley Chapel, FL 33543, USA","{'lat': 28.187182, 'lng': -82.31796899999999}"
223,4323,Hope Center Inc,"666 SW 4th St, Miami, FL 33130, USA","{'lat': 25.7698059, 'lng': -80.20549290000001}"
224,4324,Pinellas County Schools,"3301 Bentley Dr, Palm Harbor, FL 34684, USA","{'lat': 28.0885225, 'lng': -82.7262002}"
225,4325,Duval County Public Sch...,"501 N Davis St, Jacksonville, FL 32202, USA","{'lat': 30.3320171, 'lng': -81.66677159999999}"
226,4326,Pinellas County Schools,"6033 150th Ave N, Clearwater, FL 33760, USA","{'lat': 27.9087311, 'lng': -82.7171707}"
227,4327,Pinellas County Schools,"70 Patricia Ave, Dunedin, FL 34698, USA","{'lat': 27.9997644, 'lng': -82.776718}"
228,4328,Collier County School D...,"1165 County Rd 858, Naples, FL 34120, USA","{'lat': 26.2927859, 'lng': -81.58647669999999}"
229,4329,Florida School for Deaf...,"207 San Marco Ave, St. Augustine, FL 32084, USA","{'lat': 29.9132838, 'lng': -81.31872779999999}"
230,4330,Brevard County Schools,"2155 Croton Rd, Melbourne, FL 32935, USA","{'lat': 28.1423159, 'lng': -80.65384790000002}"
231,4331,Duval County Public Sch...,"7840 Burma Rd, Jacksonville, FL 32221, USA","{'lat': 30.3076806, 'lng': -81.7781894}"
232,4332,Polk County Public Scho...,"400 Ave A SE, Winter Haven, FL 33880, USA","{'lat': 28.02018, 'lng': -81.7211013}"
233,4333,Niceville Senior High S...,"689 Regatta Bay Blvd, Destin, FL 32541, USA","{'lat': 30.3968053, 'lng': -86.4238029}"
234,4334,Pinellas County Schools,"7855 22nd Ave N, St. Petersburg, FL 33710, USA","{'lat': 27.7938579, 'lng': -82.7461769}"
235,4335,Santa Rosa County Schoo...,"5317 Glover Ln, Milton, FL 32570, USA","{'lat': 30.6283569, 'lng': -87.06523609999999}"
236,4336,Hillsborough County Pub...,"615 Brooker Rd, Brandon, FL 33511, USA","{'lat': 27.9071432, 'lng': -82.2736376}"
237,4337,District School Board o...,"7227 Land O' Lakes Blvd, Land O' Lakes, FL 34638, USA","{'lat': 28.2618232, 'lng': -82.4763483}"
238,4338,Santa Rosa County Schoo...,"1976 Williams Creek Dr, Navarre, FL 32566, USA","{'lat': 30.4065241, 'lng': -86.8893739}"
239,4339,Hillsborough County Pub...,"918 18th St W, Bradenton, FL 34205, USA","{'lat': 27.4911019, 'lng': -82.5799686}"
240,4340,School Board of Alachua...,"5005 SW 75th St, Gainesville, FL 32608, USA","{'lat': 29.6061971, 'lng': -82.4197794}"
241,4341,The School District of ...,"15245 Military Trail, Jupiter, FL 33458, USA","{'lat': 26.9046053, 'lng': -80.1045139}"
242,4342,Marion County Public Sc...,"1108 NW Martin Luther King Jr Ave, Ocala, FL 34475, USA","{'lat': 29.199018, 'lng': -82.1542429}"
243,4343,Orange County Public Sc...,"4600 Anderson Rd, Orlando, FL 32812, USA","{'lat': 28.5002657, 'lng': -81.32825199999999}"
244,4344,Polk County Public Scho...,"5500 Yates Rd, Lakeland, FL 33811, USA","{'lat': 27.9660922, 'lng': -82.01039879999999}"
245,4345,Pinellas County Schools,"850 34th St S, St. Petersburg, FL 33711, USA","{'lat': 27.7610316, 'lng': -82.67791849999999}"
246,4346,Sarasota County Public ...,"1960 Landings Blvd, Sarasota, FL 34231, USA","{'lat': 27.2794385, 'lng': -82.5317737}"
247,4347,Lee County School Distr...,"4519 Vincennes Blvd, Cape Coral, FL 33904, USA","{'lat': 26.5674259, 'lng': -81.94810149999999}"
248,4348,Hillsborough County Pub...,"409 E Jersey Ave, Brandon, FL 33510, USA","{'lat': 27.9512298, 'lng': -82.28077359999999}"
249,4349,Hillsborough County Pub...,"4925 Webb Rd, Tampa, FL 33615, USA","{'lat': 27.9925902, 'lng': -82.5745815}"
250,4350,Lake County Schools,"6801 Airport Rd, Port Orange, FL 32128, USA","{'lat': 29.0661208, 'lng': -81.040035}"
251,4351,Pinellas County Schools,"1660 Palmetto St, Clearwater, FL 33755, USA","{'lat': 27.9770191, 'lng': -82.7664005}"
252,4352,Clay County School Dist...,"2233 Village Square Pkwy, Fleming Island, FL 32003, USA","{'lat': 30.0877822, 'lng': -81.7122101}"
253,4353,Mangia Cafe Inc,"1400 Old Jacksonville Rd, Palatka, FL 32177, USA","{'lat': 29.664913, 'lng': -81.6514739}"
254,4354,Duval County Public Sch...,"2271 Kernan Blvd S, Jacksonville, FL 32246, USA","{'lat': 30.304303, 'lng': -81.486294}"
255,4355,St Lucie County Public ...,"1501 SE Floresta Dr, Port St. Lucie, FL 34983, USA","{'lat': 27.2945572, 'lng': -80.32489439999999}"
256,4356,Brevard County Schools,"300 Jackson Ave, Satellite Beach, FL 32937, USA","{'lat': 28.1838606, 'lng': -80.5967828}"
257,4357,Polk County Public Scho---,"2410 N Crystal Lake Dr, Lakeland, FL 33801, USA","{'lat': 28.0297534, 'lng': -81.91187289999999}"
258,4358,Broward County Public S...,"18600 Vista Park Blvd, Weston, FL 33332, USA","{'lat': 26.0655114, 'lng': -80.39759090000001}"
259,4359,Hillsborough County Pub...,"10501 Montague St, Tampa, FL 33626, USA","{'lat': 28.0543113, 'lng': -82.5974746}"
260,4360,Volusia County Schools,"6801 Airport Rd, Port Orange, FL 32128, USA","{'lat': 29.0661208, 'lng': -81.040035}"
261,4361,Florida Christian Schoo...,"4200 SW 89th Ave, Olympia Heights, FL 33165, USA","{'lat': 25.7298976, 'lng': -80.340733}"
262,4362,Hollywood Academy Of Ar...,"1720 Harrison St #1A, Hollywood, FL 33020, USA","{'lat': 26.010335, 'lng': -80.1418553}"
263,4363,Florida Department of E...,"325 W Gaines St Building Ste 1514, Tallahassee, FL 32399, USA","{'lat': 30.4349912, 'lng': -84.2849073}"
264,4364,Deer Lake Middle School,"9902 Deer Lake W, Tallahassee, FL 32312, USA","{'lat': 30.608856, 'lng': -84.2407218}"
265,4365,Hillsborough County Pub...,"1010 N Kingsway Rd, Seffner, FL 33584, USA","{'lat': 28.007549, 'lng': -82.27985}"
266,4366,School Board of Alachua...,"16401 NW 140th St, Alachua, FL 32615, USA","{'lat': 29.8049456, 'lng': -82.49293639999999}"
267,4367,Lake Eola Charter Schoo...,"135 N Magnolia Ave, Orlando, FL 32801, USA","{'lat': 28.5442446, 'lng': -81.3771036}"
268,4368,Miami-Dade County Publi...,"450 SW 4th St, Miami, FL 33130, USA","{'lat': 25.7698084, 'lng': -80.2022824}"
269,4369,Citrus County School Bo...,"1950 US-41, Inverness, FL 34450, USA","{'lat': 28.8470648, 'lng': -82.3415206}"
270,4370,Brevard Public Schools,"1515 Knox McRae Dr, Titusville, FL 32780, USA","{'lat': 28.5692606, 'lng': -80.8189201}"
271,4371,Hillsborough County Pub...,"10201 N Blvd, Tampa, FL 33612, USA","{'lat': 28.042411, 'lng': -82.4664754}"
272,4372,Orange County Public Sc...,"2000 S Mills Ave, Orlando, FL 32806, USA","{'lat': 28.5196388, 'lng': -81.3644748}"
273,4373,Hillsborough County Pub...,"Tampa, FL 33601, USA","{'lat': 27.9401015, 'lng': -82.4501944}"
274,4374,Pinellas County Schools,"924 58th St S, Gulfport, FL 33707, USA","{'lat': 27.760965, 'lng': -82.709974}"
275,4375,County of Leon School B...,"915 Hillcrest St, Tallahassee, FL 32308, USA","{'lat': 30.4520975, 'lng': -84.26787879999999}"
276,4376,Leon County School Boar...,"401 W Tharpe St, Tallahassee, FL 32303, USA","{'lat': 30.462481, 'lng': -84.287685}"
277,4377,Bay District Schools,"600 W 11th St, Panama City, FL 32401, USA","{'lat': 30.16972519999999, 'lng': -85.6682589}"
278,4378,"Burger King Holdings, I...","680 E Highland Ave, Clermont, FL 34711, USA","{'lat': 28.5523572, 'lng': -81.7464828}"
279,4379,Orange County Public Sc...,"13400 Town Loop Blvd, Orlando, FL 32837, USA","{'lat': 28.3675919, 'lng': -81.43510909999999}"
280,4380,"Miami Dade County, Flor...","6521 SW 62nd Ave, South Miami, FL 33143, USA","{'lat': 25.7100576, 'lng': -80.2934527}"
281,4381,Volusia County Schools,"5175 US-17, De Leon Springs, FL 32130, USA","{'lat': 29.1230968, 'lng': -81.3506408}"
282,4382,Clay County School Dist...,"1220 Bonaventure Ave, Green Cove Springs, FL 32043, USA","{'lat': 29.9901355, 'lng': -81.6902167}"
283,4383,Orange County Public Sc...,"2900 Upper Park Rd, Orlando, FL 32814, USA","{'lat': 28.577813, 'lng': -81.336213}"
284,4384,Florida Department of E...,"1490 W Washington St, Monticello, FL 32344, USA","{'lat': 30.544677, 'lng': -83.8735177}"
285,4385,Highland County Schools,"4700 Schumacher Rd, Sebring, FL 33872, USA","{'lat': 27.5155384, 'lng': -81.5150675}"
286,4386,Orange County Public Sc...,"1200 W Bay St, Winter Garden, FL 34787, USA","{'lat': 28.5654648, 'lng': -81.6038597}"
287,4387,Lee County School Distr...,"120 Pine Island Rd, North Fort Myers, FL 33903, USA","{'lat': 26.6827351, 'lng': -81.88751909999999}"
288,4388,Polk County Public Scho...,"701 Ledwith Ave, Haines City, FL 33844, USA","{'lat': 28.103404, 'lng': -81.6246577}"
289,4389,Citrus County School Bo...,"2353 N Croft Ave, Hernando, FL 34442, USA","{'lat': 28.8969367, 'lng': -82.3859248}"
290,4390,Holmes District School ...,"401 Mc Laughlin Ave, Bonifay, FL 32425, USA","{'lat': 30.7946805, 'lng': -85.6832142}"
291,4391,Polk County Public Scho...,"5555 Lake Trask Rd, Dundee, FL 33838, USA","{'lat': 28.0162906, 'lng': -81.59571199999999}"
292,4392,Orange County Public Sc...,"3100 Edgewater Dr, Orlando, FL 32804, USA","{'lat': 28.5797308, 'lng': -81.392994}"
293,4393,County of Leon School B...,"2757 W Pensacola St, Tallahassee, FL 32304, USA","{'lat': 30.4408414, 'lng': -84.33481309999999}"
294,4394,Hillsborough County Pub...,"4207 N 26th St, Tampa, FL 33610, USA","{'lat': 27.9827592, 'lng': -82.4293582}"
295,4395,Volusia County Schools,"730 S Parsons Ave, DeLand, FL 32720, USA","{'lat': 29.01550139999999, 'lng': -81.308866}"
296,4396,"Carmeuse Lime, Inc.","14312 NE 2nd Ct, Miami, FL 33161, USA","{'lat': 25.906838, 'lng': -80.1948294}"
297,4397,Marion County Public Sc...,"21005 Chestnut St, Dunnellon, FL 34431, USA","{'lat': 29.0527666, 'lng': -82.4668562}"
298,4398,Pinellas County Schools,"14405 49th St N, Clearwater, FL 33762, USA","{'lat': 27.9031316, 'lng': -82.6994244}"
