,_id,Name,Address,Geocodes
0,11100,Brimfield High School,"216 E Clinton St, Brimfield, IL 61517, USA","{'lat': 40.84074, 'lng': -89.8821576}"
1,11101,Community Consolidated School District 181,"100 S Garfield St, Hinsdale, IL 60521, USA","{'lat': 41.8008499, 'lng': -87.92788829999999}"
2,11102,SEDOM,"227 W Judd St, Woodstock, IL 60098, USA","{'lat': 42.315354, 'lng': -88.44985179999999}"
3,11103,St Matthew Catholic School,"1307 Lincolnshire Dr, Champaign, IL 61821, USA","{'lat': 40.0968487, 'lng': -88.2667058}"
4,11104,Somonauk Elementary School,"501 W Market St, Somonauk, IL 60552, USA","{'lat': 41.6319467, 'lng': -88.69057769999999}"
5,11105,PETER J PALOMBI SCHOOL,"304 E Grand Ave, Lake Villa, IL 60046, USA","{'lat': 42.4158482, 'lng': -88.0744945}"
6,11106,Erie Elementary Charter School,"1405 N Washtenaw Ave, Chicago, IL 60622, USA","{'lat': 41.9070034, 'lng': -87.69411889999999}"
7,11107,Saint Edmund Parish School,"188 S Oak Park Ave, Oak Park, IL 60302, USA","{'lat': 41.8853903, 'lng': -87.7939706}"
8,11108,Woodland High School,"5800 E 3000 N Rd, Streator, IL 61364, USA","{'lat': 41.0596507, 'lng': -88.81779949999999}"
9,11109,The University of Chicago Booth School of Business,"Chicago Booth Harper Center, 5807 S Woodlawn Ave, Chicago, IL 60637, USA","{'lat': 41.7891387, 'lng': -87.5954555}"
10,11110,St. Matthew Catholic School,"1307 Lincolnshire Dr, Champaign, IL 61821, USA","{'lat': 40.0968487, 'lng': -88.2667058}"
11,11111,St. Matthew Catholic School,"1303 Lincolnshire Dr, Champaign, IL 61821, USA","{'lat': 40.0958969, 'lng': -88.2686253}"
12,11112,The University of Chicago Booth School of Business,"Chicago Booth Harper Center, 5807 S Woodlawn Ave, Chicago, IL 60637, USA","{'lat': 41.7891387, 'lng': -87.5954555}"
13,11113,Delavan Grade School,"907 Locust St, Delavan, IL 61734, USA","{'lat': 40.3660295, 'lng': -89.54917359999999}"
14,11114,Edwardsville High School,"6161 Center Grove Rd, Edwardsville, IL 62025, USA","{'lat': 38.7898119, 'lng': -89.9749295}"
15,11115,Glenbrook High School District 225,"3801 W Lake Ave, Glenview, IL 60026, USA","{'lat': 42.08722270000001, 'lng': -87.8504226}"
16,11116,Tri-County,"1725 Shomaker Dr, Murphysboro, IL 62966, USA","{'lat': 37.7561194, 'lng': -89.3417703}"
17,11117,Steger School District 194 School,"3753 Park Ave, Steger, IL 60475, USA","{'lat': 41.46200950000001, 'lng': -87.6409575}"
18,11118,Alwood School District 225,"301 E 5th Ave, Woodhull, IL 61490, USA","{'lat': 41.1810562, 'lng': -90.3120623}"
19,11119,Williamsville Comm Unit S D 15,"500 S Walnut St, Springfield, IL 62704, USA","{'lat': 39.7976784, 'lng': -89.6628408}"
20,11120,Community Consolidated School District 181,"6010 S Elm St, Burr Ridge, IL 60527, USA","{'lat': 41.7800889, 'lng': -87.9223722}"
21,11121,Glenbrook High School District 225,"3801 W Lake Ave, Glenview, IL 60026, USA","{'lat': 42.08722270000001, 'lng': -87.8504226}"
22,11122,Perspectives Charter School,"8131 S May St 1ST FL, Chicago, IL 60620, USA","{'lat': 41.7458355, 'lng': -87.6520244}"
23,11123,Williamsville Comm Unit S D 15,"312 South St, Sherman, IL 62684, USA","{'lat': 39.8921722, 'lng': -89.5988744}"
24,11124,Alwood School District 225,"301 E 5th Ave, Woodhull, IL 61490, USA","{'lat': 41.1810223, 'lng': -90.312005}"
25,11125,Aledo High School,"402 E Main St, Aledo, IL 61231, USA","{'lat': 41.2014552, 'lng': -90.7455513}"
26,11126,Gordon Tech High School,"3633 N California Ave, Chicago, IL 60618, USA","{'lat': 41.9487825, 'lng': -87.69747369999999}"
27,11127,Triopia High School,"2204 Concord Arenzville Rd, Concord, IL 62631, USA","{'lat': 39.8400081, 'lng': -90.3733061}"
28,11128,Rochester C U School Dist 3a,"707 W Main St, Rochester, IL 62563, USA","{'lat': 39.7521482, 'lng': -89.54785}"
29,11129,New Trier High School,"385 Winnetka Ave, Winnetka, IL 60093, USA","{'lat': 42.09438, 'lng': -87.7192627}"
30,11130,New Trier High School,"7 N Happ Rd, Northfield, IL 60093, USA","{'lat': 42.0948668, 'lng': -87.7667432}"
31,11131,Prairie-hills Elem S D 144,"3600 Chambord Ln, Hazel Crest, IL 60429, USA","{'lat': 41.563899, 'lng': -87.7030379}"
32,11132,Naperville Community Unit School District 203,"1000 River Oak Dr, Naperville, IL 60565, USA","{'lat': 41.7353574, 'lng': -88.1097644}"
33,11133,Rockton School District 140,"1050 E Union St, Rockton, IL 61072, USA","{'lat': 42.4543128, 'lng': -89.056004}"
34,11134,Winnebago Comm Unit S D 323,"304 E McNair Rd, Winnebago, IL 61088, USA","{'lat': 42.271913, 'lng': -89.237647}"
35,11135,Drexel Elementary School,"5407 W 36th St, Cicero, IL 60804, USA","{'lat': 41.82702159999999, 'lng': -87.75868539999999}"
36,11136,IVC High School,"1300 W Sycamore St, Chillicothe, IL 61523, USA","{'lat': 40.9126437, 'lng': -89.50330199999999}"
37,11137,Wisconsin High School Golf Coaches Association,"543 Hannah Ave, Forest Park, IL 60130, USA","{'lat': 41.8762701, 'lng': -87.8097576}"
38,11138,District 220 Educational Foundation,"310 James St, Barrington, IL 60010, USA","{'lat': 42.1594883, 'lng': -88.1325703}"
39,11139,Community High School District 218,"10601 Central Ave, Oak Lawn, IL 60453, USA","{'lat': 41.6988579, 'lng': -87.7571127}"
40,11140,Argo Community High School,"7329 W 63rd St, Summit, IL 60501, USA","{'lat': 41.7751752, 'lng': -87.80399659999999}"
41,11141,Illinois High School Football Coaches' Association Inc,"708 St Louis St, Edwardsville, IL 62025, USA","{'lat': 38.8102908, 'lng': -89.96469429999999}"
42,11142,West Central High School,"Biggsville, IL 61418, USA","{'lat': 40.8536498, 'lng': -90.86486169999999}"
43,11143,Waukegan Public Schools,"1201 N Sheridan Rd, Waukegan, IL 60085, USA","{'lat': 42.3768209, 'lng': -87.82956999999999}"
44,11144,Virden Schools Foundation,"203 W Hill St, Virden, IL 62690, USA","{'lat': 39.5057153, 'lng': -89.7684799}"
45,11145,Aurora Central Catholic High School,"1255 N Edgelawn Dr, Aurora, IL 60506, USA","{'lat': 41.7826939, 'lng': -88.3583853}"
46,11146,Marian Catholic High School,"700 Ashland Ave, Chicago Heights, IL 60411, USA","{'lat': 41.51982, 'lng': -87.65703409999999}"
47,11147,Chicago International Charter,"850 W Jackson Blvd # 275, Chicago, IL 60607, USA","{'lat': 41.8781547, 'lng': -87.6492052}"
48,11148,Wilmette Public Schools District 39,"615 Locust Rd, Wilmette, IL 60091, USA","{'lat': 42.0745473, 'lng': -87.7434947}"
49,11149,Dee-Mack High School,"401 E 5th St, Mackinaw, IL 61755, USA","{'lat': 40.5342809, 'lng': -89.3539642}"
50,11150,Niles Township Schools Credit Union,"5940 Lincoln Ave, Morton Grove, IL 60053, USA","{'lat': 42.0356445, 'lng': -87.776218}"
51,11151,Glenview Public School District 34,"1401 Greenwood Rd, Glenview, IL 60026, USA","{'lat': 42.0805388, 'lng': -87.83862859999999}"
52,11152,Central Catholic High School,"1201 Airport Rd, Bloomington, IL 61704, USA","{'lat': 40.4932429, 'lng': -88.92267679999999}"
53,11153,North Dupage Special Education Cooperative,"255 E Lake St # 300, Bloomingdale, IL 60108, USA","{'lat': 41.9574337, 'lng': -88.0638701}"
54,11154,Marian Catholic High School,"700 Ashland Ave, Chicago Heights, IL 60411, USA","{'lat': 41.51982, 'lng': -87.65703409999999}"
55,11155,Visitation Catholic School,"851 S York St, Elmhurst, IL 60126, USA","{'lat': 41.8742441, 'lng': -87.935242}"
56,11156,Belleville West High School,"2600 W Main St, Belleville, IL 62226, USA","{'lat': 38.5224333, 'lng': -90.0110756}"
57,11157,North Dupage Special Education Cooperative,"132 E Pine Ave, Roselle, IL 60172, USA","{'lat': 41.9803215, 'lng': -88.0765259}"
58,11158,Chicago Waldorf School,"1300 W Loyola Ave, Chicago, IL 60626, USA","{'lat': 42.00165510000001, 'lng': -87.6637868}"
59,11159,DuSable High School,"300 W Adams St # 612, Chicago, IL 60606, USA","{'lat': 41.8796763, 'lng': -87.63560559999999}"
60,11160,"Ombudsman Educational Services, Ltd.","1585 N Milwaukee Ave Ste 2b, Libertyville, IL 60048, USA","{'lat': 42.3017546, 'lng': -87.9586372}"
61,11161,Oak Park River Forest High School,"201 N Scoville Ave, Oak Park, IL 60302, USA","{'lat': 41.89009129999999, 'lng': -87.7888658}"
62,11162,Manteno School District,"250 N Poplar St, Manteno, IL 60950, USA","{'lat': 41.253087, 'lng': -87.84102}"
63,11163,Bartonville School District 66,"6000 S Adams St, Bartonville, IL 61607, USA","{'lat': 40.64978680000001, 'lng': -89.6517121}"
64,11164,J.L. Buford Intermediate Education Center,"401 N 30th St, Mt Vernon, IL 62864, USA","{'lat': 38.3191778, 'lng': -88.9279231}"
65,11165,Mount Carmel High School,"6410 S Dante Ave, Chicago, IL 60637, USA","{'lat': 41.7780323, 'lng': -87.5893179}"
66,11166,Posen-Robbins Sch Dist 143 1/2,"14025 Harrison Ave, Posen, IL 60469, USA","{'lat': 41.6380316, 'lng': -87.6875622}"
67,11167,Erie High School,"520 5th Ave, Erie, IL 61250, USA","{'lat': 41.6506286, 'lng': -90.078637}"
68,11168,Hawthorn School District 73,"600 Aspen Dr, Vernon Hills, IL 60061, USA","{'lat': 42.23764389999999, 'lng': -87.9722218}"
69,11169,Argo Community High School District 217,"7329 W 63rd St, Summit, IL 60501, USA","{'lat': 41.7751752, 'lng': -87.80399659999999}"
70,11170,Argenta-Oreana High School,"187 North St, Argenta, IL 62501, USA","{'lat': 39.9832387, 'lng': -88.8227986}"
71,11171,Naperville Community Unit School District 203,"500 Warwick Dr, Naperville, IL 60565, USA","{'lat': 41.7307698, 'lng': -88.1193}"
72,11172,Wilmette Public Schools District 39,"559 Chestnut St, Winnetka, IL 60093, USA","{'lat': 42.1064657, 'lng': -87.734922}"
73,11173,Northbrook School District 28,"1475 Maple Ave, Northbrook, IL 60062, USA","{'lat': 42.1249082, 'lng': -87.8163627}"
74,11174,Lincoln Way Area Spec Ed Dist,"601 Willow St, Frankfort, IL 60423, USA","{'lat': 41.5108364, 'lng': -87.85750759999999}"
75,11175,Columbia Community Unit School Dist 4,"1 Veterans Pkwy, Columbia, IL 62236, USA","{'lat': 38.4505961, 'lng': -90.21406329999999}"
76,11176,Rockton School District 140,"1060 E Union St, Rockton, IL 61072, USA","{'lat': 42.453669, 'lng': -89.053766}"
77,11177,Naperville Community Unit School District 203,"203 W Hillside Rd, Naperville, IL 60540, USA","{'lat': 41.7665946, 'lng': -88.1520871}"
78,11178,Summit School District 104,"6021 S 74th Ave, Summit, IL 60501, USA","{'lat': 41.7828033, 'lng': -87.8047648}"
79,11179,Frankfort Cmty Unit Sd 168,"1401 W 6th St, West Frankfort, IL 62896, USA","{'lat': 37.904708, 'lng': -88.9438495}"
80,11180,East Alton-Wood River CHSD 14,"777 N Wood River Ave, Wood River, IL 62095, USA","{'lat': 38.8716365, 'lng': -90.09815859999999}"
81,11181,Bensenville Elementary School District 2,"212 Memorial Rd, Bensenville, IL 60106, USA","{'lat': 41.9493077, 'lng': -87.9417683}"
82,11182,Franklin Benjamin School,"164 S Prospect Ave, Park Ridge, IL 60068, USA","{'lat': 42.0084878, 'lng': -87.832449}"
83,11183,School District 140,"17301 Ridgeland Ave, Tinley Park, IL 60477, USA","{'lat': 41.5776619, 'lng': -87.77038399999999}"
84,11184,Norwood ESD 63,"200 N Main St, East Peoria, IL 61611, USA","{'lat': 40.6673431, 'lng': -89.5780924}"
85,11185,Bloom High School District 206,"22331 Cottage Grove Ave, Chicago Heights, IL 60411, USA","{'lat': 41.4824245, 'lng': -87.5927138}"
86,11186,Huntley School District 158,"650 Academic Dr, Algonquin, IL 60102, USA","{'lat': 42.16258260000001, 'lng': -88.3827168}"
87,11187,Cary Community Consolidated School District 26,"400 Haber Rd, Cary, IL 60013, USA","{'lat': 42.2026439, 'lng': -88.2609849}"
88,11188,Joliet Township High School,"201 E Jefferson St, Joliet, IL 60432, USA","{'lat': 41.5259259, 'lng': -88.07446329999999}"
89,11189,Flossmoor School District 161,"North End Park, 41 E Elmwood Dr, Chicago Heights, IL 60411, USA","{'lat': 41.5321353, 'lng': -87.6447786}"
90,11190,Manhattan School District 114,"15606 Smith Rd, Manhattan, IL 60442, USA","{'lat': 41.4396235, 'lng': -87.9942573}"
91,11191,Winola Elementary School,"4701 176th Ave, Sherrard, IL 61281, USA","{'lat': 41.34127489999999, 'lng': -90.52865129999999}"
92,11192,Oak Park River Forest High School,"201 N Scoville Ave, Oak Park, IL 60302, USA","{'lat': 41.89009129999999, 'lng': -87.7888658}"
93,11193,Joliet Catholic Academy,"1200 N Larkin Ave, Joliet, IL 60435, USA","{'lat': 41.5454461, 'lng': -88.1238764}"
94,11194,Community High School District 155,"1 S Virginia Rd, Crystal Lake, IL 60014, USA","{'lat': 42.2197576, 'lng': -88.320818}"
95,11195,Althoff Catholic High School,"5401 W Main St, Belleville, IL 62226, USA","{'lat': 38.5474689, 'lng': -90.03220309999999}"
96,11196,Sycamore Community Unit School District 427,"245 W Exchange St, Sycamore, IL 60178, USA","{'lat': 41.9903365, 'lng': -88.687642}"
97,11197,Berkeley School District 87,"1200 N Wolf Rd, Berkeley, IL 60163, USA","{'lat': 41.8923237, 'lng': -87.9037122}"
98,11198,Althoff Catholic High School,"5401 W Main St, Belleville, IL 62226, USA","{'lat': 38.5474689, 'lng': -90.03220309999999}"
99,11199,Marquette Catholic High School,"219 E 4th St, Alton, IL 62002, USA","{'lat': 38.8914942, 'lng': -90.18253539999999}"
100,11200,Marquette Catholic High School,"219 E 4th St, Alton, IL 62002, USA","{'lat': 38.8914942, 'lng': -90.18253539999999}"
101,11201,Marquette Catholic High School,"219 E 4th St, Alton, IL 62002, USA","{'lat': 38.8914942, 'lng': -90.18253539999999}"
102,11202,Cass School District #63,"8502 Bailey Rd, Darien, IL 60561, USA","{'lat': 41.7327405, 'lng': -87.97842039999999}"
103,11203,Saint Patrick High School,"5900 W Belmont Ave, Chicago, IL 60634, USA","{'lat': 41.9389174, 'lng': -87.7746422}"
104,11204,Brickton Montessori School,"8622 W Catalpa Ave, Chicago, IL 60656, USA","{'lat': 41.9794454, 'lng': -87.8435026}"
105,11205,Community Consolidated School District 21,"999 W Dundee Rd, Wheeling, IL 60090, USA","{'lat': 42.1374848, 'lng': -87.9422149}"
106,11206,Emmons Elementary School,"24226 W Beach Grove Rd, Antioch, IL 60002, USA","{'lat': 42.4597028, 'lng': -88.1060258}"
107,11207,Northbrook School District 28,"1600 Walters Ave, Northbrook, IL 60062, USA","{'lat': 42.1282229, 'lng': -87.8202025}"
108,11208,Elmo Senior High School,"300 12th St, St Elmo, IL 62458, USA","{'lat': 39.0358889, 'lng': -88.8512779}"
109,11209,Belleville West High School,"2555 West Blvd, Belleville, IL 62221, USA","{'lat': 38.5203334, 'lng': -89.9468259}"
110,11210,Northbrook School District 28,"1475 Maple Ave, Northbrook, IL 60062, USA","{'lat': 42.1249082, 'lng': -87.8163627}"
111,11211,Virden Schools Foundation,"122 E Hill St, Virden, IL 62690, USA","{'lat': 39.5049836, 'lng': -89.76635429999999}"
112,11212,Virden Schools Foundation,"231 W Fortune St, Virden, IL 62690, USA","{'lat': 39.5071543, 'lng': -89.7706237}"
113,11213,Thornton Township High School District 205,"465 E 170th St, South Holland, IL 60473, USA","{'lat': 41.5854638, 'lng': -87.6059092}"
114,11214,Illinois Association for Gifted Children,"5050 E State St, Rockford, IL 61108, USA","{'lat': 42.269123, 'lng': -89.021474}"
115,11215,Virginia Community Unit School,"651 S Morgan St, Virginia, IL 62691, USA","{'lat': 39.94678770000001, 'lng': -90.21796839999999}"
116,11216,Lincolnshire Prairieview,"1370 Riverwoods Rd, Lincolnshire, IL 60069, USA","{'lat': 42.212139, 'lng': -87.9075828}"
117,11217,Niles Township District...,"8701 Menard Ave, Morton Grove, IL 60053, USA","{'lat': 42.0392137, 'lng': -87.7708755}"
118,11218,Marist High School,"4200 W 115th St, Chicago, IL 60655, USA","{'lat': 41.6849057, 'lng': -87.7241111}"
119,11219,Oak Park River Forest High School,"201 N Scoville Ave, Oak Park, IL 60302, USA","{'lat': 41.89009129999999, 'lng': -87.7888658}"
120,11220,Bernard Zell Anshe Emet Day School,"3751 N Broadway, Chicago, IL 60613, USA","{'lat': 41.9509756, 'lng': -87.6487099}"
121,11221,Morgan Park High School,"1744 W Pryor Ave, Chicago, IL 60643, USA","{'lat': 41.6919932, 'lng': -87.6660502}"
122,11222,Thornton Township High School District 205,"465 E 170th St, South Holland, IL 60473, USA","{'lat': 41.5854638, 'lng': -87.6059092}"
123,11223,Bradley Bourbonnais CHSD 307,"700 W North St, Bradley, IL 60915, USA","{'lat': 41.1500511, 'lng': -87.8690919}"
124,11224,Wilmette Public Schools District 39,"615 Locust Rd, Wilmette, IL 60091, USA","{'lat': 42.0745473, 'lng': -87.7434947}"
125,11225,District 220 Educational Foundation,"310 James St, Barrington, IL 60010, USA","{'lat': 42.1594883, 'lng': -88.1325703}"
126,11226,Clarke County Schools,"301 W Jackson St, Villa Park, IL 60181, USA","{'lat': 41.8702615, 'lng': -87.9863013}"
127,11227,Franklin Benjamin School,"164 S Prospect Ave, Park Ridge, IL 60068, USA","{'lat': 42.0084878, 'lng': -87.832449}"
128,11228,Rockton School District 140,"1050 E Union St, Rockton, IL 61072, USA","{'lat': 42.4543128, 'lng': -89.056004}"
129,11229,West Prairie High School,"204 S Hun St, Colchester, IL 62326, USA","{'lat': 40.4233264, 'lng': -90.7913785}"
130,11230,Marian Catholic High School,"700 Ashland Ave, Chicago Heights, IL 60411, USA","{'lat': 41.51982, 'lng': -87.65703409999999}"
131,11231,LINCOLN SCHOOL,"410 157th St, Calumet City, IL 60409, USA","{'lat': 41.6108739, 'lng': -87.53572199999999}"
132,11232,CHAMPAIGN COMM UNIT SCH DIST 4,"606 E Grove St, Champaign, IL 61820, USA","{'lat': 40.1234061, 'lng': -88.2297572}"
133,11233,Central Catholic High School,"1002 E College Ave, Normal, IL 61761, USA","{'lat': 40.511244, 'lng': -88.97181479999999}"
134,11234,Central Catholic High School,"1201 Airport Rd, Bloomington, IL 61704, USA","{'lat': 40.4932429, 'lng': -88.92267679999999}"
135,11235,Chicago Waldorf School,"1300 W Loyola Ave, Chicago, IL 60626, USA","{'lat': 42.00165510000001, 'lng': -87.6637868}"
136,11236,Saint Patrick High School,"2200 Maple Ave, Lisle, IL 60532, USA","{'lat': 41.7847581, 'lng': -88.0936634}"
137,11237,PORTA Comm. School District,"100 E Edwards St, Springfield, IL 62704, USA","{'lat': 39.7957648, 'lng': -89.65454230000002}"
138,11238,KEWANEE High School,"1325 W Prospect St, Kewanee, IL 61443, USA","{'lat': 41.2378783, 'lng': -89.94363109999999}"
139,11239,Cook County High School District 201,"2423 S Austin Blvd, Cicero, IL 60804, USA","{'lat': 41.8465895, 'lng': -87.77079859999999}"
140,11240,Community Unit School District 271,"511 Chapman St, Paw Paw, IL 61353, USA","{'lat': 41.691404, 'lng': -88.97781599999999}"
141,11241,School District 140,"16931 Grissom Dr, Tinley Park, IL 60477, USA","{'lat': 41.5826086, 'lng': -87.81559469999999}"
142,11242,Flossmoor School District 161,"North End Park, 41 E Elmwood Dr, Chicago Heights, IL 60411, USA","{'lat': 41.5321353, 'lng': -87.6447786}"
143,11243,PORTA Comm. School District,"17651 Bluejay Rd, Petersburg, IL 62675, USA","{'lat': 40.0131498, 'lng': -89.8617601}"
144,11244,J.L. Buford Intermediate Education Center,"1722 Oakland Ave, Mt Vernon, IL 62864, USA","{'lat': 38.3255414, 'lng': -88.9117364}"
145,11245,LaGrange Highlands SD,"1750 W Plainfield Rd, La Grange Highlands, IL 60525, USA","{'lat': 41.7824746, 'lng': -87.8914272}"
146,11246,Sycamore Community Unit School District 427,"245 W Exchange St, Sycamore, IL 60178, USA","{'lat': 41.9903365, 'lng': -88.687642}"
147,11247,Willard Elementary School,"7776 Lake St, River Forest, IL 60305, USA","{'lat': 41.8885879, 'lng': -87.81912109999999}"
148,11248,Marian Catholic High School,"700 Ashland Ave, Chicago Heights, IL 60411, USA","{'lat': 41.51982, 'lng': -87.65703409999999}"
149,11249,Indian Springs School District,"8641 W 75th St, Justice, IL 60458, USA","{'lat': 41.75332849999999, 'lng': -87.83632569999999}"
150,11250,Indian Springs School District,"7540 S 86th Ave, Justice, IL 60458, USA","{'lat': 41.7542591, 'lng': -87.8343486}"
151,11251,Sycamore Community Unit School District 427,"850 Republic Ave, Sycamore, IL 60178, USA","{'lat': 42.016363, 'lng': -88.662793}"
152,11252,Kendall County Special Ed Cooperative,"201 Garden St, Yorkville, IL 60560, USA","{'lat': 41.6291799, 'lng': -88.4514793}"
153,11253,Johnsburg High School,"4700 School Rd, Ringwood, IL 60072, USA","{'lat': 42.3950248, 'lng': -88.2997054}"
154,11254,lakes community High School,"1600 Eagle Way, Lake Villa, IL 60046, USA","{'lat': 42.4437518, 'lng': -88.0597007}"
155,11255,Providence Catholic High School,"1800 W Lincoln Hwy, New Lenox, IL 60451, USA","{'lat': 41.520973, 'lng': -88.0003763}"
156,11256,ST JOHN OF THE CROSS SCHOOL,"5005 Wolf Rd, Western Springs, IL 60558, USA","{'lat': 41.798811, 'lng': -87.8970375}"
157,11257,Minooka Community High School,"301 S Wabena Ave, Minooka, IL 60447, USA","{'lat': 41.4496177, 'lng': -88.2636079}"
158,11258,Niles Township Schools Credit Union,"5940 Lincoln Ave, Morton Grove, IL 60053, USA","{'lat': 42.0356445, 'lng': -87.776218}"
159,11259,Community High School District 155,"2208 Three Oaks Rd, Cary, IL 60013, USA","{'lat': 42.221297, 'lng': -88.24450209999999}"
160,11260,Salt Creek School District 48,"1110 S Villa Ave, Villa Park, IL 60181, USA","{'lat': 41.8689613, 'lng': -87.9692652}"
161,11261,Plainfield Community Consolidated School District 202,"14812 Eastern Ave, Plainfield, IL 60544, USA","{'lat': 41.61313579999999, 'lng': -88.1972625}"
162,11262,Sandwich High School,"301 W Cherokee Ave, Shabbona, IL 60550, USA","{'lat': 41.7653007, 'lng': -88.8745541}"
163,11263,Althoff Catholic High School,"2715 Mc Graw Dr, Bloomington, IL 61704, USA","{'lat': 40.4673753, 'lng': -88.95070079999999}"
164,11264,Central Catholic High School,"1201 Airport Rd, Bloomington, IL 61704, USA","{'lat': 40.4932429, 'lng': -88.92267679999999}"
165,11265,Central Catholic High School,"1201 Airport Rd, Bloomington, IL 61704, USA","{'lat': 40.4932429, 'lng': -88.92267679999999}"
166,11266,Central Catholic High School,"2715 Mc Graw Dr, Bloomington, IL 61704, USA","{'lat': 40.4673753, 'lng': -88.95070079999999}"
167,11267,CHAMPAIGN COMM UNIT SCH DIST 4,"703 S New St, Champaign, IL 61820, USA","{'lat': 40.1085272, 'lng': -88.2543697}"
168,11268,Naperville Community Unit School District 203,"605 W 5th Ave, Naperville, IL 60563, USA","{'lat': 41.7811914, 'lng': -88.15984180000001}"
169,11269,Fairfield Community High School,"300 W King St, Fairfield, IL 62837, USA","{'lat': 38.3744911, 'lng': -88.36354349999999}"
170,11270,Flossmoor School District 161,"202 E Elmwood Dr, Chicago Heights, IL 60411, USA","{'lat': 41.5310217, 'lng': -87.64118619999999}"
171,11271,Dakota Community Unit School District 201,"400 Campus Dr, Dakota, IL 61018, USA","{'lat': 42.3865786, 'lng': -89.5304479}"
172,11272,North Dupage Special Education Cooperative,"255 E Lake St # 300, Bloomingdale, IL 60108, USA","{'lat': 41.9574337, 'lng': -88.0638701}"
173,11273,APPRAISAL ACADEMY,"3802 N University St, Peoria, IL 61614, USA","{'lat': 40.73344489999999, 'lng': -89.6124176}"
174,11274,Dakota Community Unit School District 201,"400 Campus Dr, Dakota, IL 61018, USA","{'lat': 42.3865786, 'lng': -89.5304479}"
175,11275,Naperville Community Unit School District 203,"203 W Hillside Rd, Naperville, IL 60540, USA","{'lat': 41.7665946, 'lng': -88.1520871}"
176,11276,Benjamin Sch District 25,"1041 Evergreen Dr, Carol Stream, IL 60188, USA","{'lat': 41.9215878, 'lng': -88.1578794}"
177,11277,Lansing Elem School Dist 158,"18300 Greenbay Ave, Lansing, IL 60438, USA","{'lat': 41.563013, 'lng': -87.541662}"
178,11278,Lakes Community High School,"1600 Eagle Way, Lake Villa, IL 60046, USA","{'lat': 42.4437518, 'lng': -88.0597007}"
179,11279,Cass School District #63,"8502 Bailey Rd, Darien, IL 60561, USA","{'lat': 41.7327405, 'lng': -87.97842039999999}"
180,11280,Medinah School District 11,"700 E Granville Ave, Roselle, IL 60172, USA","{'lat': 41.9866554, 'lng': -88.0641934}"
181,11281,Robeson Elementary School,"2501 Southmoor Dr, Champaign, IL 61821, USA","{'lat': 40.090782, 'lng': -88.2893922}"
182,11282,Naperville Community Unit School District 203,"203 W Hillside Rd, Naperville, IL 60540, USA","{'lat': 41.7665946, 'lng': -88.1520871}"
183,11283,Prairie Grv Consolidated Sch D,"3223 IL-176, Crystal Lake, IL 60014, USA","{'lat': 42.2590183, 'lng': -88.26178320000001}"
184,11284,Providence Catholic High School,"1800 W Maple St, New Lenox, IL 60451, USA","{'lat': 41.5208354, 'lng': -88.0014471}"
185,11285,North Greene High School,"546 N Main St, White Hall, IL 62092, USA","{'lat': 39.4433706, 'lng': -90.4004439}"
186,11286,Sycamore Community Unit School District 427,"820 Borden Ave, Sycamore, IL 60178, USA","{'lat': 41.9745263, 'lng': -88.6998352}"
187,11287,Massac School District 1,"401 Metropolis St, Metropolis, IL 62960, USA","{'lat': 37.1499605, 'lng': -88.73154369999999}"
188,11288,Rockton School District 140,"1060 E Union St, Rockton, IL 61072, USA","{'lat': 42.453669, 'lng': -89.053766}"
189,11289,Will County School District 92,"708 N State St, Lockport, IL 60441, USA","{'lat': 41.6048611, 'lng': -88.0479995}"
190,11290,Bartonville Dist. 66,"6000 SW Adams St, Bartonville, IL 61607, USA","{'lat': 40.6536074, 'lng': -89.648572}"
191,11291,The Winnetka Public Schools,"515 Hibbard Rd, Winnetka, IL 60093, USA","{'lat': 42.1053934, 'lng': -87.750949}"
192,11292,Ball Chatham Community Unit School District 5,"201 W Mulberry St, Chatham, IL 62629, USA","{'lat': 39.6755133, 'lng': -89.70625820000001}"
193,11293,Westdale,"2952 Birch St, Franklin Park, IL 60131, USA","{'lat': 41.93297949999999, 'lng': -87.8573179}"
194,11294,Joliet Township High School,"300 Caterpillar Dr, Joliet, IL 60436, USA","{'lat': 41.5158097, 'lng': -88.1446168}"
195,11295,ST JOHN OF THE CROSS SCHOOL,"5005 Wolf Rd, Western Springs, IL 60558, USA","{'lat': 41.798811, 'lng': -87.8970375}"
196,11296,Mid-State Special Education,"116 S Main St, Taylorville, IL 62568, USA","{'lat': 39.5486675, 'lng': -89.29471009999999}"
197,11297,Naperville Community Unit School District 203,"899 N Mill St, Naperville, IL 60563, USA","{'lat': 41.7839551, 'lng': -88.1568908}"
198,11298,Lake Forest School District 67,"1111 Everett School Rd, Lake Forest, IL 60045, USA","{'lat': 42.2160159, 'lng': -87.8752282}"
199,11299,Central School District 301,"44W625 Plato Rd, Hampshire, IL 60140, USA","{'lat': 42.0179573, 'lng': -88.4853402}"
200,11300,Minooka Community High School,"203 W Mondamin St, Minooka, IL 60447, USA","{'lat': 41.45543809999999, 'lng': -88.2634178}"
201,11301,Mahomet,"101 N Division St, Mahomet, IL 61853, USA","{'lat': 40.1971298, 'lng': -88.4083484}"
202,11302,DuSable High School,"300 W Adams St, Chicago, IL 60606, USA","{'lat': 41.8794831, 'lng': -87.6356643}"
203,11303,Will County School District 92,"708 N State St, Lockport, IL 60441, USA","{'lat': 41.6048611, 'lng': -88.0479995}"
204,11304,Illinois High School Football Coaches' Association Inc,"132 N Kansas St, Edwardsville, IL 62025, USA","{'lat': 38.8129455, 'lng': -89.9542962}"
205,11305,Eisenhower Cooperative,"5318 135th St, Crestwood, IL 60445, USA","{'lat': 41.6476419, 'lng': -87.7504718}"
206,11306,Immaculate Conception School,"516 E Jackson St, Morris, IL 60450, USA","{'lat': 41.3606921, 'lng': -88.41789469999999}"
207,11307,Winthrop Harbor Schol District,"500 North Ave, Winthrop Harbor, IL 60096, USA","{'lat': 42.4848004, 'lng': -87.83618129999999}"
208,11308,Lake Park High School,"600 Medinah Rd, Roselle, IL 60172, USA","{'lat': 41.9727729, 'lng': -88.0547641}"
209,11309,Young Women's Leadership Charter School,"2641 S Calumet Ave, Chicago, IL 60616, USA","{'lat': 41.8444336, 'lng': -87.6184451}"
210,11310,Illinois High School Football Coaches' Association Inc,"145 West St, Edwardsville, IL 62025, USA","{'lat': 38.8086093, 'lng': -89.9651593}"
211,11311,Franklin Benjamin School,"22W600 Butterfield Rd, Glen Ellyn, IL 60137, USA","{'lat': 41.8306468, 'lng': -88.0676682}"
212,11312,Sycamore Community Unit School District 427,"1680 Brickville Rd, Sycamore, IL 60178, USA","{'lat': 42.0091068, 'lng': -88.6924882}"
213,11313,Rogers Elementary School,"5220 Legion Hall Rd, Dunlap, IL 61525, USA","{'lat': 40.8548076, 'lng': -89.675303}"
214,11314,SYCAMORE MIDDLE SCHOOL,"245 W Exchange St #1, Sycamore, IL 60178, USA","{'lat': 41.9903539, 'lng': -88.6876249}"
215,11315,Wilmette Public Schools District 39,"910 Central Ave, Wilmette, IL 60091, USA","{'lat': 42.0772644, 'lng': -87.7014808}"
216,11316,Chicago Public Schools,"125 S Clark St Fl 6, Chicago, IL 60603, USA","{'lat': 41.8799308, 'lng': -87.6305172}"
217,11317,Althoff Catholic High School,"5401 W Main St, Belleville, IL 62226, USA","{'lat': 38.5474689, 'lng': -90.03220309999999}"
218,11318,Quincy Notre Dame High School,"1400 S 11th St, Quincy, IL 62301, USA","{'lat': 39.9147221, 'lng': -91.3996952}"
219,11319,Mount Carmel High School,"6410 S Dante Ave, Chicago, IL 60637, USA","{'lat': 41.7780323, 'lng': -87.5893179}"
220,11320,St. Martin de Porres High School,"1 N Genesee St Ste 200, Waukegan, IL 60085, USA","{'lat': 42.3598317, 'lng': -87.831148}"
221,11321,Grass Lake School District 36,"26177 W Grass Lake Rd, Antioch, IL 60002, USA","{'lat': 42.4399848, 'lng': -88.13897519999999}"
222,11322,McHenry School District 15,"1011 N Green St, McHenry, IL 60050, USA","{'lat': 42.3419962, 'lng': -88.2677045}"
223,11323,Paxton-Buckley-Loda School District 10,"700 Panther Way, Paxton, IL 60957, USA","{'lat': 40.4661479, 'lng': -88.1011034}"
224,11324,Salt Creek School District 48,"1110 S Villa Ave, Villa Park, IL 60181, USA","{'lat': 41.8689613, 'lng': -87.9692652}"
225,11325,Drexel Elementary School,"5110 W 24th St, Cicero, IL 60804, USA","{'lat': 41.847821, 'lng': -87.7521417}"
226,11326,Sycamore Community Unit School District 427,"245 W Exchange St, Sycamore, IL 60178, USA","{'lat': 41.9903365, 'lng': -88.687642}"
227,11327,Matteson School District,"3625 215th St, Matteson, IL 60443, USA","{'lat': 41.4982187, 'lng': -87.7037902}"
228,11328,Bethel Lutheran Church,"425 N Missouri Ave, Morton, IL 61550, USA","{'lat': 40.6141377, 'lng': -89.450313}"
229,11329,Illinois Association for Gifted Children,"Children's Research Center, 51 Gerty Dr, Champaign, IL 61820, USA","{'lat': 40.0864384, 'lng': -88.2408561}"
230,11330,Bethel Lutheran Church,"425 N Missouri Ave, Morton, IL 61550, USA","{'lat': 40.6141377, 'lng': -89.450313}"
231,11331,Homewood School Dist 153,"18205 Aberdeen St, Homewood, IL 60430, USA","{'lat': 41.559167, 'lng': -87.6428786}"
232,11332,Naperville Community Unit School District 203,"1150 Muirhead Ave, Naperville, IL 60565, USA","{'lat': 41.7455757, 'lng': -88.1070177}"
233,11333,Homewood School Dist 153,"1804 Willow Rd, Homewood, IL 60430, USA","{'lat': 41.5539601, 'lng': -87.65911489999999}"
234,11334,Naperville Community Unit School District 203,"203 W Hillside Rd, Naperville, IL 60540, USA","{'lat': 41.7665474, 'lng': -88.1520419}"
235,11335,Althoff Catholic High School,"5401 W Main St, Belleville, IL 62226, USA","{'lat': 38.5474689, 'lng': -90.03220309999999}"
236,11336,Marist High School,"4200 W 115th St, Chicago, IL 60655, USA","{'lat': 41.6849057, 'lng': -87.7241111}"
237,11337,Marist High School,"4200 W 115th St, Chicago, IL 60655, USA","{'lat': 41.6849057, 'lng': -87.7241111}"
238,11338,National Agri-Marketing Association,"1615 W Candletree Dr, Peoria, IL 61614, USA","{'lat': 40.7816479, 'lng': -89.6175868}"
239,11339,Drexel Elementary School,"5110 W 24th St, Cicero, IL 60804, USA","{'lat': 41.847821, 'lng': -87.7521417}"
240,11340,Nauvoo-Colusa CUSD 325,"Nauvoo, IL 62354, USA","{'lat': 40.550042, 'lng': -91.3848749}"
241,11341,"Ombudsman Educational Services, Ltd.","1585 N Milwaukee Ave, Libertyville, IL 60048, USA","{'lat': 42.3018242, 'lng': -87.9586932}"
242,11342,East Moline School District 37,"3555 19th St, East Moline, IL 61244, USA","{'lat': 41.4956113, 'lng': -90.42581129999999}"
243,11343,PORTA Comm. School District,"1500 Owen Ave, Petersburg, IL 62675, USA","{'lat': 40.0158687, 'lng': -89.85905749999999}"
244,11344,Jones College Prep,"606 S State St, Chicago, IL 60605, USA","{'lat': 41.8743777, 'lng': -87.627972}"
245,11345,Oak Park River Forest High School,"201 S Scoville Ave, Oak Park, IL 60302, USA","{'lat': 41.8849696, 'lng': -87.7882075}"
246,11346,Tri County Education Ctr,"102 E Main St, Du Quoin, IL 62832, USA","{'lat': 38.0116041, 'lng': -89.23823259999999}"
247,11347,Young Women's Leadership Charter School,"2641 S Calumet Ave, Chicago, IL 60616, USA","{'lat': 41.8444336, 'lng': -87.6184451}"
248,11348,Prairie-hills Elem S D 144,"3015 163rd St, Markham, IL 60428, USA","{'lat': 41.59301749999999, 'lng': -87.6905661}"
249,11349,Joliet Catholic Academy,"1200 N Larkin Ave, Joliet, IL 60435, USA","{'lat': 41.5454461, 'lng': -88.1238764}"
250,11350,Marian Catholic High School,"700 Ashland Ave, Chicago Heights, IL 60411, USA","{'lat': 41.51982, 'lng': -87.65703409999999}"
251,11351,Marian Catholic High School,"700 S Ashland Ave, Chicago, IL 60607, USA","{'lat': 41.8727872, 'lng': -87.6670396}"
252,11352,Mount Carmel High School,"6001 E Broad St, Columbus, OH 43213, USA","{'lat': 39.9771598, 'lng': -82.84446419999999}"
253,11353,Ottawa Township High School,"211 E Main St, Ottawa, IL 61350, USA","{'lat': 41.3450257, 'lng': -88.83745470000001}"
254,11354,Community High School District 128,"940 W Park Ave, Libertyville, IL 60048, USA","{'lat': 42.2832427, 'lng': -87.96841130000001}"
255,11355,Illinois High School Football Coaches' Association Inc,"708 St Louis St, Edwardsville, IL 62025, USA","{'lat': 38.8102908, 'lng': -89.96469429999999}"
256,11356,Plainfield Community Consolidated School District 202,"15732 S Howard St, Plainfield, IL 60544, USA","{'lat': 41.5968655, 'lng': -88.1936075}"
257,11357,Illinois High School Football Coaches' Association Inc,"6161 Center Grove Rd, Edwardsville, IL 62025, USA","{'lat': 38.7898119, 'lng': -89.9749295}"
258,11358,Laraway CCSD 70C,"275 W Laraway Rd, Joliet, IL 60436, USA","{'lat': 41.481438, 'lng': -88.0866413}"
259,11359,Community High School District 218,"13049 S Ridgeland Ave, Palos Heights, IL 60463, USA","{'lat': 41.6550845, 'lng': -87.7757889}"
260,11360,Naperville Community Unit School District 203,"440 Aurora Ave, Naperville, IL 60540, USA","{'lat': 41.7679905, 'lng': -88.1552122}"
261,11361,Westchester Public Schools,"1620 Norfolk Ave, Westchester, IL 60154, USA","{'lat': 41.8557142, 'lng': -87.87177659999999}"
262,11362,Dwight D Eisenhower High Schl,"12700 Sacramento Ave, Blue Island, IL 60406, USA","{'lat': 41.6617824, 'lng': -87.69576119999999}"
263,11363,Community High School District 155,"6000 Dvorak Dr, Crystal Lake, IL 60012, USA","{'lat': 42.2704373, 'lng': -88.3142268}"
264,11364,North Greene High School,"407 N Main St, White Hall, IL 62092, USA","{'lat': 39.4411403, 'lng': -90.40375089999999}"
265,11365,Hawthorn School District 73,"841 West End Ct, Vernon Hills, IL 60061, USA","{'lat': 42.2425465, 'lng': -87.9750534}"
266,11366,Alden-Hebron High School,"13049 S Ridgeland Ave, Palos Heights, IL 60463, USA","{'lat': 41.6550845, 'lng': -87.7757889}"
267,11367,West Bonner Cnty School District 83,"803 W Pioneer Pkwy, Peoria, IL 61615, USA","{'lat': 40.7836588, 'lng': -89.6044847}"
268,11368,Berkeley School District 87,"1200 N Wolf Rd, Berkeley, IL 60163, USA","{'lat': 41.8923237, 'lng': -87.9037122}"
269,11369,Northwestern C U School Dist 2,"30953 IL-111, Palmyra, IL 62674, USA","{'lat': 39.4482238, 'lng': -89.99311449999999}"
270,11370,Huntley School District 158,"650 Academic Dr, Algonquin, IL 60102, USA","{'lat': 42.16258260000001, 'lng': -88.3827168}"
271,11371,North Chicago Community High School,"1717 17th St, North Chicago, IL 60064, USA","{'lat': 42.328146, 'lng': -87.85298039999999}"
272,11372,Winfield School District 34,"0S150 Winfield Rd, Winfield, IL 60190, USA","{'lat': 41.86856969999999, 'lng': -88.15890069999999}"
273,11373,Academy Of Scholastic Achievme,"4651 W Madison St, Chicago, IL 60644, USA","{'lat': 41.8801219, 'lng': -87.74215339999999}"
274,11374,Kendall County Special Ed Cooperative,"Lakewood Creek Park, 2301 Lakewood Creek Dr, Montgomery, IL 60538, USA","{'lat': 41.7142167, 'lng': -88.398421}"
275,11375,Community Consolidated School District 180,"451 91st St #15, Lemont, IL 60439, USA","{'lat': 41.7224673, 'lng': -87.98427079999999}"
276,11376,Community Consolidated School District 180,"15W451 91st St, Burr Ridge, IL 60527, USA","{'lat': 41.7231033, 'lng': -87.92620289999999}"
277,11377,Ridgeview High School,"300 S Harrison St, Colfax, IL 61728, USA","{'lat': 40.5643017, 'lng': -88.6128518}"
278,11378,Center Cass School District 66,"699 Plainfield Rd, Downers Grove, IL 60516, USA","{'lat': 41.737089, 'lng': -87.999283}"
279,11379,Center Cass School District 66,"699 Plainfield Rd, Downers Grove, IL 60516, USA","{'lat': 41.737089, 'lng': -87.999283}"
280,11380,School Association for Special Education,"699 Plainfield Rd, Downers Grove, IL 60516, USA","{'lat': 41.737089, 'lng': -87.999283}"
281,11381,Illinois Association for Gifted Children,"6006 Ireland Grove Rd, Bloomington, IL 61705, USA","{'lat': 40.45931179999999, 'lng': -88.8672465}"
282,11382,Illinois Association for Gifted Children,"2808 Breezewood Blvd, Bloomington, IL 61704, USA","{'lat': 40.4417163, 'lng': -88.9864795}"
283,11383,Josephinum High School,"1501 N Oakley Blvd, Chicago, IL 60622, USA","{'lat': 41.90909, 'lng': -87.6843081}"
284,11384,Glencoe School District 35,"266 Linden Ave, Glencoe, IL 60022, USA","{'lat': 42.1242861, 'lng': -87.7519602}"
285,11385,Glencoe School District 35,"1010 Forestway Dr, Glencoe, IL 60022, USA","{'lat': 42.13709799999999, 'lng': -87.77579519999999}"
286,11386,St. Martin de Porres High School,"501 S M.L.K. Jr Ave, Waukegan, IL 60085, USA","{'lat': 42.3523492, 'lng': -87.8327753}"
287,11387,Crow Island Elementary School,"515 Hibbard Rd, Winnetka, IL 60093, USA","{'lat': 42.1053934, 'lng': -87.750949}"
288,11388,Herrin High School,"700 N 10th St, Herrin, IL 62948, USA","{'lat': 37.8097071, 'lng': -89.02241389999999}"
289,11389,Prairie Ctrl Unit Sch Dist 8,"700 S Division St, Chenoa, IL 61726, USA","{'lat': 40.7374455, 'lng': -88.7191716}"
290,11390,Will County School District 92,"708 N State St, Lockport, IL 60441, USA","{'lat': 41.6048611, 'lng': -88.0479995}"
291,11391,Plainfield Community Consolidated School District 202,"15732 S Howard St, Plainfield, IL 60544, USA","{'lat': 41.5968655, 'lng': -88.1936075}"
292,11392,St. Athanasius School,"1615 Lincoln St, Evanston, IL 60201, USA","{'lat': 42.06263149999999, 'lng': -87.69420439999999}"
293,11393,Payson Community Unit,"420 W Brainard St, Payson, IL 62360, USA","{'lat': 39.8169526, 'lng': -91.25011289999999}"
294,11394,John Harvard Elementary School,"7525 S Harvard Ave, Chicago, IL 60620, USA","{'lat': 41.7578672, 'lng': -87.6322884}"
295,11395,Lake Forest Graduate School of Management,"1905 W Field Ct, Lake Forest, IL 60045, USA","{'lat': 42.24338460000001, 'lng': -87.89322609999999}"
296,11396,Community High School District 155,"240 Shipland Dr, Crystal Lake, IL 60012, USA","{'lat': 42.2595263, 'lng': -88.3298903}"
297,11397,Wilmette Public Schools District 39,"600 Romona Rd, Wilmette, IL 60091, USA","{'lat': 42.0738237, 'lng': -87.7459576}"
298,11398,Altamont School District 10,"7 S Ewing St, Altamont, IL 62411, USA","{'lat': 39.05901160000001, 'lng': -88.7406043}"
299,11399,Ramsey Community Unit School District 204,"716 W Sixth St, Ramsey, IL 62080, USA","{'lat': 39.14127, 'lng': -89.11358469999999}"
