,_id,Name,Address,Geocodes
0,10000,Ararat Armenian Cuisine,"1601 State St, Bellevue, IA 52031, USA","{'lat': 42.2541899, 'lng': -90.44345659999999}"
1,10001,Fillmore Elementary School,"1606 Brady St, Davenport, IA 52803, USA","{'lat': 41.536201, 'lng': -90.5747349}"
2,10002,Iowa City Public School District,"509 S Dubuque St, Iowa City, IA 52240, USA","{'lat': 41.655125, 'lng': -91.5336488}"
3,10003,Boyer Valley Public School District,"1102 Iowa Ave, Dunlap, IA 51529, USA","{'lat': 41.8538485, 'lng': -95.5943882}"
4,10004,Aurora Heights Elementary School,"310 E 23rd St N, Newton, IA 50208, USA","{'lat': 41.70193829999999, 'lng': -93.023271}"
5,10005,Muscatine Community School District,"705 Barry Ave, Muscatine, IA 52761, USA","{'lat': 41.44042719999999, 'lng': -91.05419920000001}"
6,10006,Area Education Agency 267,"3712 Cedar Heights Dr, Cedar Falls, IA 50613, USA","{'lat': 42.5041066, 'lng': -92.4096015}"
7,10007,Ames School District,"1921 Ames High Dr, Ames, IA 50010, USA","{'lat': 42.0399566, 'lng': -93.632986}"
8,10008,"City of Newton, Iowa","Newton, IA 50208, USA","{'lat': 41.7033177, 'lng': -93.05735330000002}"
9,10009,Columbus Junction School Supt,"1004 Colton St, Columbus Junction, IA 52738, USA","{'lat': 41.2700264, 'lng': -91.3670451}"
10,10010,Cedar Rapids Community Schools,"907 15th St SW, Cedar Rapids, IA 52404, USA","{'lat': 41.9673761, 'lng': -91.69004079999999}"
11,10011,West Des Moines Community Schools,"3550 Mills Civic Pkwy, West Des Moines, IA 50265, USA","{'lat': 41.566717, 'lng': -93.75741500000001}"
12,10012,Oakridge School,"3111 10th St, Marion, IA 52302, USA","{'lat': 42.0535532, 'lng': -91.5974291}"
13,10013,Great Prairie Area Education Agency,"608 E Williams St, Ottumwa, IA 52501, USA","{'lat': 40.9980135, 'lng': -92.4164711}"
14,10014,North Central Elementary School- Iowa,"Manly, IA 50456, USA","{'lat': 43.2907924, 'lng': -93.2032593}"
15,10015,Heartland AEA 11,"2326 Euclid Ave, Des Moines, IA 50310, USA","{'lat': 41.62702549999999, 'lng': -93.6482114}"
16,10016,Ames School District,"3622 Woodland St, Ames, IA 50014, USA","{'lat': 42.0258419, 'lng': -93.66826569999999}"
17,10017,Notre Dame Elementary School,"1400 N 2nd St, Elkader, IA 52043, USA","{'lat': 42.858617, 'lng': -91.419275}"
18,10018,Ballard East Elementary School,"509 N Main Ave, Huxley, IA 50124, USA","{'lat': 41.8974198, 'lng': -93.6070596}"
19,10019,Creston Early Childhood Center,"901 N Elm St, Creston, IA 50801, USA","{'lat': 41.0671009, 'lng': -94.363545}"
20,10020,Carlisle Elementary School,"430 School St, Carlisle, IA 50047, USA","{'lat': 41.497249, 'lng': -93.48961369999999}"
21,10021,Benton Community School Corporation,"217 4th Ave, Atkins, IA 52206, USA","{'lat': 41.9944131, 'lng': -91.8672386}"
22,10022,Holy Trinity High School,"2600 Ave A, Fort Madison, IA 52627, USA","{'lat': 40.6368175, 'lng': -91.3432332}"
23,10023,Area Education Agency 267,"3712 Cedar Heights Dr, Cedar Falls, IA 50613, USA","{'lat': 42.5041066, 'lng': -92.4096015}"
24,10024,East Elementary School - Independence Iowa,"1301 1st St W, Independence, IA 50644, USA","{'lat': 42.4665855, 'lng': -91.90916059999999}"
25,10025,Ankeny Community School Adm,"2910 SW Applewood St, Ankeny, IA 50023, USA","{'lat': 41.6997565, 'lng': -93.63492169999999}"
26,10026,Southern Prairie AEA,"4045 Ashland Rd, Eldon, IA 52554, USA","{'lat': 40.9612626, 'lng': -92.2375816}"
27,10027,Cedar Rapids Community Schools,"907 15th St SW, Cedar Rapids, IA 52404, USA","{'lat': 41.9673761, 'lng': -91.69004079999999}"
28,10028,Knoxville High School,"309 W Main St, Knoxville, IA 50138, USA","{'lat': 41.3192257, 'lng': -93.10153969999999}"
29,10029,Columbus Junction School Supt,"1210 Colton St, Columbus Junction, IA 52738, USA","{'lat': 41.26811300000001, 'lng': -91.3677647}"
30,10030,Heritage Christian School,"507 Parkview Dr, Eldridge, IA 52748, USA","{'lat': 41.693037, 'lng': -90.5450236}"
31,10031,Riverside School,"1314 W 3rd St, Sioux City, IA 51103, USA","{'lat': 42.499064, 'lng': -96.425}"
32,10032,Pleasant Valley Public School District,"316 S 12th St, Le Claire, IA 52753, USA","{'lat': 41.5948529, 'lng': -90.35880180000001}"
33,10033,Southern Prairie AEA,"4045 Ashland Rd, Eldon, IA 52554, USA","{'lat': 40.9612626, 'lng': -92.2375816}"
34,10034,Central Alternative Program,"1140 15th St, DeWitt, IA 52742, USA","{'lat': 41.8312193, 'lng': -90.5474248}"
35,10035,Lakewood Elementary School,"9210 Happy Hollow Dr, Norwalk, IA 50211, USA","{'lat': 41.4988618, 'lng': -93.6853818}"
36,10036,Cedar Falls Community Schools,"1015 S Division St, Cedar Falls, IA 50613, USA","{'lat': 42.5290551, 'lng': -92.4614963}"
37,10037,Collins-Maxwell Middle/High School,"400 Metcalf St, Maxwell, IA 50161, USA","{'lat': 41.8907058, 'lng': -93.3974051}"
38,10038,Atkins Elementary School,"217 4th Ave, Atkins, IA 52206, USA","{'lat': 41.9944131, 'lng': -91.8672386}"
39,10039,Clayton Ridge Elementary School,"131 S River Park Dr, Guttenberg, IA 52052, USA","{'lat': 42.785331, 'lng': -91.09656559999999}"
40,10040,Central High School - In Donnellson,"2642 US-218, Donnellson, IA 52625, USA","{'lat': 40.5770155, 'lng': -91.5206405}"
41,10041,Heartland AEA 11,"701 N C St #4212, Indianola, IA 50125, USA","{'lat': 41.366465, 'lng': -93.5657698}"
42,10042,Ellsworth Community college,"3702 S Center St, Marshalltown, IA 50158, USA","{'lat': 42.00031, 'lng': -92.9102609}"
43,10043,Davis Elmentary School,"1333 Sunset St, Grinnell, IA 50112, USA","{'lat': 41.7506605, 'lng': -92.7386336}"
44,10044,Anita Elementary School,"1000 Victory Park Rd, Anita, IA 50020, USA","{'lat': 41.4523112, 'lng': -94.77320379999999}"
45,10045,Hempstead High School,"3259 St Anne Dr, Dubuque, IA 52001, USA","{'lat': 42.503111, 'lng': -90.7193559}"
46,10046,Jefferson-Scranton Community School District,"101 Ram Dr, Jefferson, IA 50129, USA","{'lat': 42.0019587, 'lng': -94.37562469999999}"
47,10047,Carlisle Elementary School,"430 School St, Carlisle, IA 50047, USA","{'lat': 41.497249, 'lng': -93.48961369999999}"
48,10048,Exira Junior-Senior High School,"105 W School St, Exira, IA 50076, USA","{'lat': 41.586413, 'lng': -94.8764764}"
49,10049,Camanche Elementary School,"702 13th Ave, Camanche, IA 52730, USA","{'lat': 41.7850237, 'lng': -90.2584093}"
50,10050,Brookview Elementary,"8000 EP True Pkwy, West Des Moines, IA 50266, USA","{'lat': 41.5736995, 'lng': -93.8173542}"
51,10051,Springfield Public Schools,"421 Terrace Dr, Burlington, IA 52601, USA","{'lat': 40.8055785, 'lng': -91.13620159999999}"
52,10052,Friendship Junior High School,"515 Devonshire Dr, Waterloo, IA 50701, USA","{'lat': 42.47447340000001, 'lng': -92.3808798}"
53,10053,Cedar Falls Community Schools,"1002 W 1st St, Cedar Falls, IA 50613, USA","{'lat': 42.5371776, 'lng': -92.4577103}"
54,10054,Torrence Elementary School,"2285 Middle Rd, Keokuk, IA 52632, USA","{'lat': 40.4129643, 'lng': -91.3916246}"
55,10055,Riverside School,"5401 Lorraine Ave, Sioux City, IA 51106, USA","{'lat': 42.4600286, 'lng': -96.337729}"
56,10056,Hartley-Melvin-Sanborn Elementary School,"300 N 8th Ave W, Hartley, IA 51346, USA","{'lat': 43.1865446, 'lng': -95.4837821}"
57,10057,Kuemper Catholic Grade School,"109 S Clark St, Carroll, IA 51401, USA","{'lat': 42.0590612, 'lng': -94.8660823}"
58,10058,Heartland AEA 11,"6500 Corporate Dr, Johnston, IA 50131, USA","{'lat': 41.6650992, 'lng': -93.7097982}"
59,10059,State of Iowa,"406 N High St, Anamosa, IA 52205, USA","{'lat': 42.1111225, 'lng': -91.2909093}"
60,10060,Kinglsey Elementary,"1516 Washington St, Waterloo, IA 50702, USA","{'lat': 42.4854438, 'lng': -92.33341050000001}"
61,10061,Guthrie Center Schools,"906 School St, Guthrie Center, IA 50115, USA","{'lat': 41.669272, 'lng': -94.4973658}"
62,10062,Robert Blue Middle School,"415 NW 2nd St, Eagle Grove, IA 50533, USA","{'lat': 42.6669012, 'lng': -93.9069852}"
63,10063,Clear Creek Amana High School District,"311 W Marengo Rd, Tiffin, IA 52340, USA","{'lat': 41.7064194, 'lng': -91.6686295}"
64,10064,Davis Elmentary School,"210 8th Ave, Grinnell, IA 50112, USA","{'lat': 41.7485596, 'lng': -92.73396480000001}"
65,10065,Dows Public School District,"404 Park Ave, Dows, IA 50071, USA","{'lat': 42.6587829, 'lng': -93.50691220000002}"
66,10066,South Hardin Middle School,"200 E Chestnut St, Hubbard, IA 50122, USA","{'lat': 42.3036722, 'lng': -93.2978242}"
67,10067,Johnston Community School Dist,"5608 Merle Hay Rd, Johnston, IA 50131, USA","{'lat': 41.6627814, 'lng': -93.6984209}"
68,10068,Great Prairie Area Education Agency,"102 N Dekalb St, Corydon, IA 50060, USA","{'lat': 40.7582475, 'lng': -93.3208516}"
69,10069,Clark Elementary School,"401 S Walnut St, New London, IA 52645, USA","{'lat': 40.9231256, 'lng': -91.402788}"
70,10070,Boyden Elementary School,"818 Lincoln St, Boyden, IA 51234, USA","{'lat': 43.190504, 'lng': -96.0025938}"
71,10071,Heartland AEA 11,"3101 E 12th St, Des Moines, IA 50316, USA","{'lat': 41.6236311, 'lng': -93.60413179999999}"
72,10072,Kinglsey Elementary,"1520 Easton Ave, Waterloo, IA 50702, USA","{'lat': 42.472036, 'lng': -92.333748}"
73,10073,Associated Painters & Decor,"14354 170th St, Letts, IA 52754, USA","{'lat': 41.3065839, 'lng': -91.20312129999999}"
74,10074,West High School,"1934 W 5th St, Davenport, IA 52802, USA","{'lat': 41.5251478, 'lng': -90.606355}"
75,10075,George-Little Rock Senior High School,"140 1st Ave, Little Rock, IA 51243, USA","{'lat': 43.4416464, 'lng': -95.8814118}"
76,10076,Camanche Elementary School,"937 9th Ave, Camanche, IA 52730, USA","{'lat': 41.7875256, 'lng': -90.26026979999999}"
77,10077,Armstrong-Ringsted Elementary School,"218 S 1st St, Ringsted, IA 50578, USA","{'lat': 43.2932885, 'lng': -94.5082306}"
78,10078,Ames School District,"3915 Mortensen Rd, Ames, IA 50014, USA","{'lat': 42.0132915, 'lng': -93.6716726}"
79,10079,Clark Elementary School,"921 3rd Ave SW, Le Mars, IA 51031, USA","{'lat': 42.7816737, 'lng': -96.17258559999999}"
80,10080,Riverside School,"4315 Hamilton Blvd, Sioux City, IA 51104, USA","{'lat': 42.5443471, 'lng': -96.4084429}"
81,10081,Lenox High School,"600 S Locust St, Lenox, IA 50851, USA","{'lat': 40.8759942, 'lng': -94.5571236}"
82,10082,Ankeny Community School Adm,"1302 N Ankeny Blvd, Ankeny, IA 50023, USA","{'lat': 41.7419813, 'lng': -93.6018371}"
83,10083,Cedar Rapids Community Schools,"346 2nd Ave SW, Cedar Rapids, IA 52404, USA","{'lat': 41.9742999, 'lng': -91.6772079}"
84,10084,Decorah High School,"510 Winnebago St, Decorah, IA 52101, USA","{'lat': 43.300106, 'lng': -91.78687710000001}"
85,10085,George-Little Rock Senior High School,"500 E Indiana Ave, George, IA 51237, USA","{'lat': 43.34153, 'lng': -95.9935156}"
86,10086,De Soto Intermediate School,"801 Nile Kinnick Dr S, Adel, IA 50003, USA","{'lat': 41.60922559999999, 'lng': -94.01399909999999}"
87,10087,Green Valley AEA,"1405 N Lincoln St, Creston, IA 50801, USA","{'lat': 41.07245229999999, 'lng': -94.37546809999999}"
88,10088,Lone Tree Elementary School,"Lone Tree, IA 52755, USA","{'lat': 41.4880775, 'lng': -91.425994}"
89,10089,Ames School District,"415 Stanton Ave, Ames, IA 50014, USA","{'lat': 42.0186143, 'lng': -93.6488981}"
90,10090,Anderson Elementary School,"300 Garfield St SW, Bondurant, IA 50035, USA","{'lat': 41.6984482, 'lng': -93.4654559}"
91,10091,Riverside School,"1800 Sioux Trail, Sioux City, IA 51106, USA","{'lat': 42.4721041, 'lng': -96.3618734}"
92,10092,Center Point-Urbana Public School District,"Center Point, IA 52213, USA","{'lat': 42.1908265, 'lng': -91.78517719999999}"
93,10093,Media/Audiovisual Services,"Center Point, IA 52213, USA","{'lat': 42.1908265, 'lng': -91.78517719999999}"
94,10094,Ferguson Elementary School,"Gilman, IA 50106, USA","{'lat': 41.8788799, 'lng': -92.7893617}"
95,10095,West Middle School,"200 S Garnavillo St, Anamosa, IA 52205, USA","{'lat': 42.1052283, 'lng': -91.287881}"
96,10096,Interstate 35 Elementary School,"445 E North St, Truro, IA 50257, USA","{'lat': 41.2101968, 'lng': -93.8404254}"
97,10097,State of Iowa,"Hoover Building, 1305 E Walnut St, Des Moines, IA 50319, USA","{'lat': 41.5903096, 'lng': -93.5989097}"
98,10098,Lynnville-Sully High School,"12476 Hwy F62 E, Sully, IA 50251, USA","{'lat': 41.5817297, 'lng': -92.84199459999999}"
99,10099,Heartland AEA 11,"815 E 13th St, Des Moines, IA 50316, USA","{'lat': 41.5968834, 'lng': -93.6004129}"
100,10100,Riverside School,"1221 Pierce St, Sioux City, IA 51105, USA","{'lat': 42.5037485, 'lng': -96.4054481}"
101,10101,Mason City Community School District,"1515 S Pennsylvania Ave, Mason City, IA 50401, USA","{'lat': 43.1366714, 'lng': -93.19789569999999}"
102,10102,Riverside School,"1221 Pierce St, Sioux City, IA 51105, USA","{'lat': 42.5037485, 'lng': -96.4054481}"
103,10103,Heartland AEA 11,"6500 Corporate Dr, Johnston, IA 50131, USA","{'lat': 41.6650992, 'lng': -93.7097982}"
104,10104,Johnston Community School Dist,"6501 NW 62nd Ave, Johnston, IA 50131, USA","{'lat': 41.6739239, 'lng': -93.7024453}"
105,10105,Heartland AEA 11,"6500 Corporate Dr, Johnston, IA 50131, USA","{'lat': 41.6650992, 'lng': -93.7097982}"
106,10106,East Buchanan Elementary School,"414 5th St N, Winthrop, IA 50682, USA","{'lat': 42.4759838, 'lng': -91.736634}"
107,10107,Clyde D Mease Elementary School,"1408 9th Ave N, Humboldt, IA 50548, USA","{'lat': 42.7303646, 'lng': -94.2294107}"
108,10108,Alburnett Elementary School,"131 Roosevelt St, Alburnett, IA 52202, USA","{'lat': 42.1503577, 'lng': -91.61946909999999}"
109,10109,East Elementary School - Independence Iowa,"514 5th Ave SE, Independence, IA 50644, USA","{'lat': 42.4630642, 'lng': -91.88810840000001}"
110,10110,Green Valley AEA,"Clearfield, IA 50840, USA","{'lat': 40.8008223, 'lng': -94.4757947}"
111,10111,Robert Blue Middle School,"315 N Iowa Ave, Eagle Grove, IA 50533, USA","{'lat': 42.6663734, 'lng': -93.9064381}"
112,10112,Ackley Elementary School,"918 4th Ave, Ackley, IA 50601, USA","{'lat': 42.5496343, 'lng': -93.0490494}"
113,10113,AGWSR High School,"511 State St, Ackley, IA 50601, USA","{'lat': 42.552094, 'lng': -93.0508516}"
114,10114,Riverside School,"5011 Mayhew Ave, Sioux City, IA 51106, USA","{'lat': 42.45274149999999, 'lng': -96.3395572}"
115,10115,Albert City-Truesdale Elementary School,"300 Orchard St, Albert City, IA 50510, USA","{'lat': 42.7830145, 'lng': -94.94978180000001}"
116,10116,Riverside School,"615 20th St, Sioux City, IA 51104, USA","{'lat': 42.5114841, 'lng': -96.4029941}"
117,10117,Kinglsey Elementary,"214 High St, Waterloo, IA 50703, USA","{'lat': 42.5020999, 'lng': -92.32847939999999}"
118,10118,West Des Moines Community Schools,"9401 Indian Hills Dr, Clive, IA 50325, USA","{'lat': 41.6033887, 'lng': -93.74811129999999}"
119,10119,Vinton-shellsburg Commun,"3712 Cedar Heights Dr, Cedar Falls, IA 50613, USA","{'lat': 42.5041066, 'lng': -92.4096015}"
120,10120,New Hartford Elementary School,"330 Main St, Dike, IA 50624, USA","{'lat': 42.4668397, 'lng': -92.62714629999999}"
121,10121,Muscatine Community School District,"1000 Mulberry Ave, Muscatine, IA 52761, USA","{'lat': 41.4292397, 'lng': -91.0485727}"
122,10122,Clear Creek Amana High School District,"3023 220th Trail, Middle Amana, IA 52307, USA","{'lat': 41.7978551, 'lng': -91.89715059999999}"
123,10123,Clear Creek Elementary School,"3023 220th Trail, Middle Amana, IA 52307, USA","{'lat': 41.7978551, 'lng': -91.89715059999999}"
124,10124,Audubon Community High School,"800 3rd Ave, Audubon, IA 50025, USA","{'lat': 41.7126862, 'lng': -94.921521}"
125,10125,Denmark Elementary School,"1930 Ave M, Fort Madison, IA 52627, USA","{'lat': 40.6258516, 'lng': -91.3329703}"
126,10126,Grant Wood Area Education Agcy,"4401 6th St SW, Cedar Rapids, IA 52404, USA","{'lat': 41.9352191, 'lng': -91.6750062}"
127,10127,East Central Community High School,"439 Wilson St, Miles, IA 52064, USA","{'lat': 42.0464413, 'lng': -90.31088729999999}"
128,10128,Andrew Community School District,"13 S Marion St, Andrew, IA 52030, USA","{'lat': 42.15246339999999, 'lng': -90.5907415}"
129,10129,Gilbert Elementary School,"201 E Mathews Dr, Gilbert, IA 50105, USA","{'lat': 42.106728, 'lng': -93.63797129999999}"
130,10130,Dowling Catholic High School,"701 Wall Ave, Des Moines, IA 50315, USA","{'lat': 41.5324701, 'lng': -93.623909}"
131,10131,Cedar Rapids Community Schools,"4141 Johnson Ave NW, Cedar Rapids, IA 52405, USA","{'lat': 41.9699997, 'lng': -91.725276}"
132,10132,Area Education Agency 267,"3712 Cedar Heights Dr, Cedar Falls, IA 50613, USA","{'lat': 42.5041066, 'lng': -92.4096015}"
133,10133,Clark Elementary School,"921 3rd Ave SE, Le Mars, IA 51031, USA","{'lat': 42.7759941, 'lng': -96.1658767}"
134,10134,Five Star Real Estate Group - Melody Bennett,"W Hills Ln, Waterloo, IA 50701, USA","{'lat': 42.4612226, 'lng': -92.39576129999999}"
135,10135,Iowa City Cmty School District,"509 S Dubuque St, Iowa City, IA 52240, USA","{'lat': 41.655125, 'lng': -91.5336488}"
136,10136,Lowell School,"1420 Benton St, Boone, IA 50036, USA","{'lat': 42.0706364, 'lng': -93.87471370000002}"
137,10137,Clear Creek Amana High School District,"Oxford, IA 52322, USA","{'lat': 41.7233397, 'lng': -91.7906751}"
138,10138,Clyde D Mease Elementary School,"210 Taft St N, Humboldt, IA 50548, USA","{'lat': 42.72397369999999, 'lng': -94.2187592}"
139,10139,Jesup High School,"531 Prospect St, Jesup, IA 50648, USA","{'lat': 42.4804483, 'lng': -92.0681762}"
140,10140,Riverside School,"3409 Indiana Ave, Sioux City, IA 51106, USA","{'lat': 42.4822327, 'lng': -96.3638685}"
141,10141,Ames School District,"3521 Jewel Dr, Ames, IA 50010, USA","{'lat': 41.9902519, 'lng': -93.6008086}"
142,10142,Iowa Lakes Community College,"19 S 7th St, Estherville, IA 51334, USA","{'lat': 43.4013635, 'lng': -94.83561840000002}"
143,10143,Muscatine Community School District,"1409 Wisconsin St, Muscatine, IA 52761, USA","{'lat': 41.4009912, 'lng': -91.0681544}"
144,10144,Heartland AEA 11,"6401 College Ave, Windsor Heights, IA 50324, USA","{'lat': 41.607969, 'lng': -93.7051994}"
145,10145,Iowa Falls - Alden High School,"1903 Taylor Ave, Iowa Falls, IA 50126, USA","{'lat': 42.5350045, 'lng': -93.2731259}"
146,10146,Sioux Center Christian School,"630 1st Ave SE, Sioux Center, IA 51250, USA","{'lat': 43.07176430000001, 'lng': -96.1731657}"
147,10147,Dowling Catholic High School,"1400 Buffalo Rd, West Des Moines, IA 50265, USA","{'lat': 41.595932, 'lng': -93.723523}"
148,10148,CAL Community High School,"1441 Gull Ave, Latimer, IA 50452, USA","{'lat': 42.7511568, 'lng': -93.36865159999999}"
149,10149,Belmond-Klemme Alternative School,"411 10th Ave NE, Belmond, IA 50421, USA","{'lat': 42.8521987, 'lng': -93.60379549999999}"
150,10150,John Glenn Elementary School,"Donahue, IA 52746, USA","{'lat': 41.6947513, 'lng': -90.675419}"
151,10151,State of Iowa,"3702 S Center St, Marshalltown, IA 50158, USA","{'lat': 42.00031, 'lng': -92.9102609}"
152,10152,Ballard East Elementary School,"505 W 4th St, Cambridge, IA 50046, USA","{'lat': 41.9004783, 'lng': -93.5435803}"
153,10153,Elk Horn-Kimballton High School,"4114 Madison St, Elk Horn, IA 51531, USA","{'lat': 41.5907111, 'lng': -95.0571039}"
154,10154,Forest City Alternative School - Iowa,"206 W School St, Forest City, IA 50436, USA","{'lat': 43.2648145, 'lng': -93.6490343}"
155,10155,Lacona Elementary School,"519 N Washington Ave, Lacona, IA 50139, USA","{'lat': 41.19437600000001, 'lng': -93.383197}"
156,10156,Alta Elementary School,"101 W 5th St, Alta, IA 51002, USA","{'lat': 42.6698228, 'lng': -95.3046146}"
157,10157,Hudson High School,"245 S Washington St, Hudson, IA 50643, USA","{'lat': 42.4000597, 'lng': -92.45469720000001}"
158,10158,Orange City Elementary School,"1104 5th Ave, Alton, IA 51003, USA","{'lat': 42.9899322, 'lng': -96.0128428}"
159,10159,Hot House,"207 Franklin St, Waterloo, IA 50703, USA","{'lat': 42.5288471, 'lng': -92.335645}"
160,10160,Central Alternative Program,"100 6th Ave, DeWitt, IA 52742, USA","{'lat': 41.8161563, 'lng': -90.5385965}"
161,10161,Calamus-Wheatland School Supt,"Wheatland, IA 52777, USA","{'lat': 41.83169059999999, 'lng': -90.8382014}"
162,10162,Ames Christian School,"925 S 16th St, Ames, IA 50010, USA","{'lat': 42.0088116, 'lng': -93.62403619999999}"
163,10163,Iowa City Public School District,"1130 Seymour Ave, Iowa City, IA 52240, USA","{'lat': 41.6539253, 'lng': -91.5183661}"
164,10164,Hampton-Dumont High School,"101 12th Ave NW, Hampton, IA 50441, USA","{'lat': 42.7533025, 'lng': -93.2085701}"
165,10165,Lowell School,"711 W Mamie Eisenhower Ave, Boone, IA 50036, USA","{'lat': 42.05967709999999, 'lng': -93.90169209999999}"
166,10166,Prairie High School,"401 76th Ave SW, Cedar Rapids, IA 52404, USA","{'lat': 41.9014856, 'lng': -91.66028039999999}"
167,10167,Lake Mills Elementary School,"102 S 4th Ave E, Lake Mills, IA 50450, USA","{'lat': 43.41540089999999, 'lng': -93.5321587}"
168,10168,Gilbert Elementary School,"103 Mathews Dr, Gilbert, IA 50105, USA","{'lat': 42.1072111, 'lng': -93.6418896}"
169,10169,Iowa Lakes Community College,"19 S 7th St, Estherville, IA 51334, USA","{'lat': 43.4013635, 'lng': -94.83561840000002}"
170,10170,Camanche Elementary School,"508 11th Pl, Camanche, IA 52730, USA","{'lat': 41.7912996, 'lng': -90.2556965}"
171,10171,Ankeny Community School Adm,"712 SE 3rd St, Ankeny, IA 50021, USA","{'lat': 41.730152, 'lng': -93.5895252}"
172,10172,Riverside School,"3919 Jefferson St, Sioux City, IA 51108, USA","{'lat': 42.5382413, 'lng': -96.36914739999999}"
173,10173,Eddyville Alternative School,"1301 Berdan Ext, Eddyville, IA 52553, USA","{'lat': 41.1598226, 'lng': -92.61421849999999}"
174,10174,Fillmore Elementary School,"1702 N Main St, Davenport, IA 52803, USA","{'lat': 41.5371836, 'lng': -90.5761449}"
175,10175,Assumption High School,"1020 W Central Park Ave, Davenport, IA 52804, USA","{'lat': 41.5474054, 'lng': -90.5866267}"
176,10176,Riverside School,"4405 Central St, Sioux City, IA 51108, USA","{'lat': 42.5453673, 'lng': -96.36208119999999}"
177,10177,Graettinger/Terril High School,"400 W Lost Island St, Graettinger, IA 51342, USA","{'lat': 43.23652570000001, 'lng': -94.7551644}"
178,10178,AEA,"Council Bluffs, IA 51502, USA","{'lat': 41.2610138, 'lng': -95.85204089999999}"
179,10179,Riverside School,"115 Midvale Ave, Sioux City, IA 51104, USA","{'lat': 42.5258863, 'lng': -96.4103147}"
180,10180,Clarke Community Elementary School,"420 E Jefferson St, Osceola, IA 50213, USA","{'lat': 41.0330607, 'lng': -93.7596304}"
181,10181,Louisa-Muscatine Elementary,"14506 170th St, Letts, IA 52754, USA","{'lat': 41.3067469, 'lng': -91.20817029999999}"
182,10182,Briggs Elementary School,"1003 Pershing Rd, Maquoketa, IA 52060, USA","{'lat': 42.0758691, 'lng': -90.65225799999999}"
183,10183,Johnston Community School Dist,"5450 NW 62nd Ave, Johnston, IA 50131, USA","{'lat': 41.6723779, 'lng': -93.6938628}"
184,10184,East Elementary School - Independence Iowa,"1207 1st St W, Independence, IA 50644, USA","{'lat': 42.4684864, 'lng': -91.9079294}"
185,10185,Laurens-Marathon Elementary School,"300 W Garfield St, Laurens, IA 50554, USA","{'lat': 42.8526918, 'lng': -94.85125339999999}"
186,10186,West Des Moines Community Schools,"713 8th St, West Des Moines, IA 50265, USA","{'lat': 41.5802693, 'lng': -93.711622}"
187,10187,Heartland AEA 11,"1000 Porter Ave, Des Moines, IA 50315, USA","{'lat': 41.5330422, 'lng': -93.6282714}"
188,10188,Cedar Rapids Community Schools,"4545 Wenig Rd NE, Cedar Rapids, IA 52402, USA","{'lat': 42.0246266, 'lng': -91.6807764}"
189,10189,Decorah High School,"101 Claiborne Dr, Decorah, IA 52101, USA","{'lat': 43.30548659999999, 'lng': -91.7856377}"
190,10190,Mason City Community School District,"19 N Illinois Ave, Mason City, IA 50401, USA","{'lat': 43.1517258, 'lng': -93.1711409}"
191,10191,Heartland AEA,"6500 Corporate Dr, Johnston, IA 50131, USA","{'lat': 41.6650992, 'lng': -93.7097982}"
192,10192,Lisbon High School,"School St, Deep River, IA 52222, USA","{'lat': 41.5800719, 'lng': -92.3674073}"
193,10193,Lamoni Elementary School,"202 N Walnut St, Lamoni, IA 50140, USA","{'lat': 40.6244957, 'lng': -93.9361271}"
194,10194,Clinton High School,"817 8th Ave S, Clinton, IA 52732, USA","{'lat': 41.8366053, 'lng': -90.2060037}"
195,10195,GMG Elementary School- Iowa,"1710 Wallace Ave, Marshalltown, IA 50158, USA","{'lat': 42.1055499, 'lng': -92.82393210000001}"
196,10196,Carpenter Elementary School,"615 N Gill St, Monticello, IA 52310, USA","{'lat': 42.244141, 'lng': -91.1950883}"
197,10197,Lowell School,"1903 Crawford St, Boone, IA 50036, USA","{'lat': 42.0757768, 'lng': -93.8878847}"
198,10198,Heartland AEA 11,"3101 E 12th St, Des Moines, IA 50316, USA","{'lat': 41.6236311, 'lng': -93.60413179999999}"
199,10199,Prairie Lakes AEA,"1235 5th Ave S, Fort Dodge, IA 50501, USA","{'lat': 42.5008901, 'lng': -94.1815341}"
200,10200,Heartland AEA 11,"6500 Corporate Dr, Johnston, IA 50131, USA","{'lat': 41.6650992, 'lng': -93.7097982}"
201,10201,Council Bluffs Community School District,"210 S 7th St, Council Bluffs, IA 51501, USA","{'lat': 41.2586062, 'lng': -95.85487669999999}"
202,10202,Central High School,"1120 N Main St, Davenport, IA 52803, USA","{'lat': 41.5313125, 'lng': -90.57654629999999}"
203,10203,Davis Elmentary School,"927 4th Ave, Grinnell, IA 50112, USA","{'lat': 41.7437569, 'lng': -92.72292809999999}"
204,10204,Clayton Ridge Middle School,"502 W Watson St, Garnavillo, IA 52049, USA","{'lat': 42.8676564, 'lng': -91.24210719999999}"
205,10205,Hempstead High School,"555 Nevada St, Dubuque, IA 52001, USA","{'lat': 42.4975149, 'lng': -90.6813818}"
206,10206,Riverside School,"1022 Jennings St, Sioux City, IA 51105, USA","{'lat': 42.5015191, 'lng': -96.3988767}"
207,10207,Harris-Lake Park High School,"905 S Market St, Lake Park, IA 51347, USA","{'lat': 43.4459208, 'lng': -95.3228311}"
208,10208,Belmond-Klemme Alternative School,"411 10th Ave NE, Belmond, IA 50421, USA","{'lat': 42.8521987, 'lng': -93.60379549999999}"
209,10209,Council Bluffs Community School District,"1205 N Broadway, Council Bluffs, IA 51503, USA","{'lat': 41.2724005, 'lng': -95.8357966}"
210,10210,Maquoketa Valley Middle School,"210 South St, Delhi, IA 52223, USA","{'lat': 42.4269994, 'lng': -91.3297263}"
211,10211,Holy Trinity High School,"2600 Ave A, Fort Madison, IA 52627, USA","{'lat': 40.6368175, 'lng': -91.3432332}"
212,10212,Springfield Public Schools,"700 S Starr Ave, Burlington, IA 52601, USA","{'lat': 40.8019997, 'lng': -91.1220362}"
213,10213,Clarke Community Elementary School,"800 N Jackson St, Osceola, IA 50213, USA","{'lat': 41.0425894, 'lng': -93.76778039999999}"
214,10214,Akron Westfield Middle School,"850 Kerr Dr, Akron, IA 51001, USA","{'lat': 42.8325753, 'lng': -96.5491504}"
215,10215,Iowa Mennonite School,"1421 540th St SW, Kalona, IA 52247, USA","{'lat': 41.54, 'lng': -91.7891667}"
216,10216,Durant Elementary School,"802 W 6th St, Sumner, IA 50674, USA","{'lat': 42.8543196, 'lng': -92.10785369999999}"
217,10217,Kinglsey Elementary,"201 Sunset Rd, Waterloo, IA 50701, USA","{'lat': 42.47941360000001, 'lng': -92.36216}"
218,10218,Thomas Edison Education Ctr,"3311 Central Ave, Bettendorf, IA 52722, USA","{'lat': 41.5309448, 'lng': -90.48688489999999}"
219,10219,Riverside School,"1114 W 27th St, Sioux City, IA 51103, USA","{'lat': 42.5174873, 'lng': -96.4219212}"
220,10220,Kinglsey Elementary,"316 McCoy Rd, Elk Run Heights, IA 50707, USA","{'lat': 42.4671434, 'lng': -92.2631162}"
221,10221,Johnston Community School Dist,"8701 Lyndhurst Dr, Johnston, IA 50131, USA","{'lat': 41.67931, 'lng': -93.7387286}"
222,10222,Davis Elmentary School,"818 Hamilton Ave, Grinnell, IA 50112, USA","{'lat': 41.7367604, 'lng': -92.7250328}"
223,10223,Riverside School,"2410 W 1st St, Sioux City, IA 51103, USA","{'lat': 42.4965627, 'lng': -96.44097889999999}"
224,10224,Springfield Public Schools,"1429 West Ave, Burlington, IA 52601, USA","{'lat': 40.7976606, 'lng': -91.1168284}"
225,10225,John Glenn Elementary School,"308 N Main St, Donahue, IA 52746, USA","{'lat': 41.6985692, 'lng': -90.676304}"
226,10226,Riverside School,"821 30th St, Sioux City, IA 51104, USA","{'lat': 42.5223533, 'lng': -96.4004571}"
227,10227,Aurora Heights Elementary School,"1900 N 5th Ave E, Newton, IA 50208, USA","{'lat': 41.7045768, 'lng': -93.02711099999999}"
228,10228,Heartland AEA 11,"1800 Grand Ave, Des Moines, IA 50309, USA","{'lat': 41.583834, 'lng': -93.641806}"
229,10229,Bishop Heelan CatholicHigh School,"1021 Douglas St, Sioux City, IA 51105, USA","{'lat': 42.5014765, 'lng': -96.4071534}"
230,10230,Crestwood Alternative School,"1000 Schroder Dr, Cresco, IA 52136, USA","{'lat': 43.374784, 'lng': -92.10238969999999}"
231,10231,Iowa City Public School District,"501 6th St, Coralville, IA 52241, USA","{'lat': 41.6763272, 'lng': -91.57248539999999}"
232,10232,Oelwein High School,"Williams Wellness Center, 317 8th Ave SE Ste E, Oelwein, IA 50662, USA","{'lat': 42.6723188, 'lng': -91.90144939999999}"
233,10233,Fillmore Elementary School,"1002 W Kimberly Rd, Davenport, IA 52806, USA","{'lat': 41.56191099999999, 'lng': -90.586551}"
234,10234,Danville Elementary School,"419 S Main St, Danville, IA 52623, USA","{'lat': 40.8608843, 'lng': -91.3174019}"
235,10235,Southern Prairie AEA,"2814 N Court St, Ottumwa, IA 52501, USA","{'lat': 41.0498608, 'lng': -92.40792619999999}"
236,10236,The Mississippi Bend Area Education Agency,"Council Bluffs, IA 51502, USA","{'lat': 41.2610138, 'lng': -95.85204089999999}"
237,10237,Janesville Elementary School - Iowa,"505 Barrick Rd, Janesville, IA 50647, USA","{'lat': 42.64987070000001, 'lng': -92.4594503}"
238,10238,Great Prairie Area Education Agency,"2814 N Court St, Ottumwa, IA 52501, USA","{'lat': 41.0498608, 'lng': -92.40792619999999}"
239,10239,Cedar Rapids Metro YMCA,"207 7th Ave SE, Cedar Rapids, IA 52401, USA","{'lat': 41.9737868, 'lng': -91.6628286}"
240,10240,Buena Vista University,"610 W 4th St, Storm Lake, IA 50588, USA","{'lat': 42.6419535, 'lng': -95.2073401}"
241,10241,West Des Moines Community Schools,"3550 Mills Civic Pkwy, West Des Moines, IA 50265, USA","{'lat': 41.566717, 'lng': -93.75741500000001}"
242,10242,Coe College,"1900 Morningside Dr, Iowa City, IA 52245, USA","{'lat': 41.6591512, 'lng': -91.5058868}"
243,10243,Coe College,"600 Koser Ave, Iowa City, IA 52246, USA","{'lat': 41.6506018, 'lng': -91.5630948}"
244,10244,Fillmore Elementary School,"1926 W 4th St, Davenport, IA 52802, USA","{'lat': 41.5238215, 'lng': -90.606133}"
245,10245,Central Community Jr-Sr High School,"400 N 1st St, Elkader, IA 52043, USA","{'lat': 42.8566075, 'lng': -91.4075344}"
246,10246,Southern Prairie AEA,"1215 Linden Ave, Chariton, IA 50049, USA","{'lat': 41.0137833, 'lng': -93.31206019999999}"
247,10247,Riverside School,"1221 Pierce St, Sioux City, IA 51105, USA","{'lat': 42.5037485, 'lng': -96.4054481}"
248,10248,Galva-Holstein High School,"519 E Maple St, Holstein, IA 51025, USA","{'lat': 42.4874087, 'lng': -95.5366914}"
249,10249,Iowa Central Community College,"330 Ave M W, Fort Dodge, IA 50501, USA","{'lat': 42.4886951, 'lng': -94.2115773}"
250,10250,Gehlen Catholic Elem School,"709 Plymouth St E, Le Mars, IA 51031, USA","{'lat': 42.7937479, 'lng': -96.15576399999999}"
251,10251,Agwsr Community School,"918 4th Ave, Ackley, IA 50601, USA","{'lat': 42.5496343, 'lng': -93.0490494}"
252,10252,AGWSR High School,"918 4th Ave, Ackley, IA 50601, USA","{'lat': 42.5496343, 'lng': -93.0490494}"
253,10253,Great Prairie Area Education Agency,"600th St, Rathbun, IA 52544, USA","{'lat': 40.6088709, 'lng': -93.0157363}"
254,10254,Earlham Elementary School,"535 N Chestnut Ave, Earlham, IA 50072, USA","{'lat': 41.4952453, 'lng': -94.12379209999999}"
255,10255,Coe College,"2901 Melrose Ave, Iowa City, IA 52246, USA","{'lat': 41.6540926, 'lng': -91.581272}"
256,10256,Ankeny Community School Adm,"1715 NE Trilein Dr, Ankeny, IA 50021, USA","{'lat': 41.7455039, 'lng': -93.5900963}"
257,10257,Heartland AEA 11,"3720 E 29th St, Des Moines, IA 50317, USA","{'lat': 41.6288464, 'lng': -93.5615794}"
258,10258,Adair-Casey Elementary School,"3384 Indigo Ave, Adair, IA 50002, USA","{'lat': 41.5204222, 'lng': -94.58589099999999}"
259,10259,Anthon-Oto Elementary School,"110 W Division St, Anthon, IA 51004, USA","{'lat': 42.38455390000001, 'lng': -95.86984419999999}"
260,10260,Atkins Elementary School,"Van Horne, IA 52346, USA","{'lat': 42.0086088, 'lng': -92.091016}"
261,10261,Chantry Elementary School,"1505 E 15th Street, Malvern, IA 51551, USA","{'lat': 41.0135107, 'lng': -95.5838138}"
262,10262,Hempstead High School,"2540 Central Ave, Dubuque, IA 52001, USA","{'lat': 42.51844860000001, 'lng': -90.67415439999999}"
263,10263,Calamus-Wheatland School Supt,"158 Clinton St, Calamus, IA 52729, USA","{'lat': 41.8295369, 'lng': -90.7609672}"
264,10264,Bettendorf Community School District,"3333 18th St, Bettendorf, IA 52722, USA","{'lat': 41.5575301, 'lng': -90.4959949}"
265,10265,Johnston Community School Dist,"10th St, Johnston, IA 50131, USA","{'lat': 41.7040746, 'lng': -93.71543849999999}"
266,10266,Washington High School- Iowa,"Cherokee, IA 51012, USA","{'lat': 42.7496413, 'lng': -95.55154309999999}"
267,10267,Southern Prairie AEA,"2814 N Court St, Ottumwa, IA 52501, USA","{'lat': 41.0498608, 'lng': -92.40792619999999}"
268,10268,Central Alternative Program,"425 E 11th St, DeWitt, IA 52742, USA","{'lat': 41.8262928, 'lng': -90.52721609999999}"
269,10269,Nodaway Valley High School,"410 NW 2nd St, Greenfield, IA 50849, USA","{'lat': 41.3080731, 'lng': -94.46301919999999}"
270,10270,De Soto Intermediate School,"Dallas, TX, USA","{'lat': 32.7766642, 'lng': -96.79698789999999}"
271,10271,Great Prairie Area Education Agency,"106 N East St, Bloomfield, IA 52537, USA","{'lat': 40.7519534, 'lng': -92.40934089999999}"
272,10272,Bettendorf Community School District,"1423 Hillside Dr, Bettendorf, IA 52722, USA","{'lat': 41.5511315, 'lng': -90.5121233}"
273,10273,Grant Wood Area Education Agcy,"304 1st St, Van Horne, IA 52346, USA","{'lat': 42.0103685, 'lng': -92.0862425}"
274,10274,Fredericksburg Elementary School - Iowa,"300 E Main St, Fredericksburg, IA 50630, USA","{'lat': 42.9656028, 'lng': -92.19525139999999}"
275,10275,Green Valley AEA,"205 S Douglas St, Afton, IA 50830, USA","{'lat': 41.0264178, 'lng': -94.1969024}"
276,10276,Hampton-Dumont High School,"420 1st Ave NE, Hampton, IA 50441, USA","{'lat': 42.7432155, 'lng': -93.2006603}"
277,10277,Heartland AEA 11,"6500 Corporate Dr, Johnston, IA 50131, USA","{'lat': 41.6650992, 'lng': -93.7097982}"
278,10278,Logan-Magnolia Jr-Sr High School,"1200 N 2nd Ave, Logan, IA 51546, USA","{'lat': 41.6557256, 'lng': -95.7884241}"
279,10279,Libertyville Elementary School,"605 E Broadway Ave, Fairfield, IA 52556, USA","{'lat': 41.0083645, 'lng': -91.95533499999999}"
280,10280,Clarion Goldfield High School,"319 3rd Ave NE, Clarion, IA 50525, USA","{'lat': 42.735325, 'lng': -93.72795959999999}"
281,10281,Belle Plaine Senior High School,"610 13th Ave, Belle Plaine, IA 52208, USA","{'lat': 41.888927, 'lng': -92.270923}"
282,10282,Great Prairie Area Education Agency,"500 E North St, Bloomfield, IA 52537, USA","{'lat': 40.7546674, 'lng': -92.4095759}"
283,10283,Dowling College,"1400 Buffalo Rd, West Des Moines, IA 50265, USA","{'lat': 41.595932, 'lng': -93.723523}"
284,10284,Black Hawk Elementary School,"800 South St, Burlington, IA 52601, USA","{'lat': 40.7970779, 'lng': -91.107501}"
285,10285,Butler Elementary School,"945 S 18th St, Fort Dodge, IA 50501, USA","{'lat': 42.4945794, 'lng': -94.1727343}"
286,10286,Heartland AEA 11,"225 56th St, Des Moines, IA 50312, USA","{'lat': 41.5796942, 'lng': -93.6931494}"
287,10287,Dunkerton Elementary,"509 S Canfield St, Dunkerton, IA 50626, USA","{'lat': 42.5672823, 'lng': -92.159606}"
288,10288,Nodaway Valley High School,"324 NW 2nd St, Greenfield, IA 50849, USA","{'lat': 41.3097956, 'lng': -94.46400109999999}"
289,10289,Oakridge School,"151 Boyson Rd NE, Cedar Rapids, IA 52402, USA","{'lat': 42.04456039999999, 'lng': -91.6282653}"
290,10290,AGWSR Middle School,"609 Monroe St, Wellsburg, IA 50680, USA","{'lat': 42.4331645, 'lng': -92.9303662}"
291,10291,Bedford Area School District,"906 Pennsylvania St, Bedford, IA 50833, USA","{'lat': 40.6711556, 'lng': -94.7222559}"
292,10292,Heartland AEA 11,"4801 E Oakwood Dr, Pleasant Hill, IA 50327, USA","{'lat': 41.586532, 'lng': -93.51927099999999}"
293,10293,Great Prairie Area Education Agency,"738 Lucas Ave, Chariton, IA 50049, USA","{'lat': 41.0239613, 'lng': -93.3048582}"
294,10294,Great Prairie Area Education Agency,"200 W 6th St, Lineville, IA 50147, USA","{'lat': 40.5836009, 'lng': -93.5241224}"
295,10295,Andrew High School - Iowa,"13 S Marion St, Andrew, IA 52030, USA","{'lat': 42.15246339999999, 'lng': -90.5907415}"
296,10296,Central City Superintendent,"400 Barber St, Central City, IA 52214, USA","{'lat': 42.2084403, 'lng': -91.5249245}"
297,10297,Libertyville Elementary School,"605 E Broadway Ave, Fairfield, IA 52556, USA","{'lat': 41.0083645, 'lng': -91.95533499999999}"
298,10298,Iowa Health System,"210 8th Ave, Grinnell, IA 50112, USA","{'lat': 41.7485596, 'lng': -92.73396480000001}"
299,10299,Alden Community School,"209 Center St, Alden, IA 50006, USA","{'lat': 42.5173715, 'lng': -93.3727863}"
300,10300,Central Elementary School - in Iowa,"611 4th St, Onawa, IA 51040, USA","{'lat': 42.0307095, 'lng': -96.08826649999999}"
301,10301,Decorah High School,"100 Claiborne Dr, Decorah, IA 52101, USA","{'lat': 43.3065876, 'lng': -91.7856236}"
302,10302,Lucia Wallace Elementary,"600 S Hale St, Algona, IA 50511, USA","{'lat': 43.0621613, 'lng': -94.22307409999999}"
303,10303,Springfield Public Schools,"2804 S 14th St, Burlington, IA 52601, USA","{'lat': 40.7774194, 'lng': -91.1116962}"
304,10304,John Glenn Elementary School,"121 S 5th St, Eldridge, IA 52748, USA","{'lat': 41.6533874, 'lng': -90.587195}"
305,10305,Libertyville Elementary School,"404 W Fillmore Ave, Fairfield, IA 52556, USA","{'lat': 40.9941156, 'lng': -91.96965259999999}"
306,10306,Fillmore Elementary School,"1414 E Locust St, Davenport, IA 52803, USA","{'lat': 41.5388353, 'lng': -90.55488799999999}"
307,10307,IKM Elementary School,"Hilltop Dr, Shelby, NC 28150, USA","{'lat': 35.2766155, 'lng': -81.51705609999999}"
308,10308,Coe College,"830 Southlawn Dr, Iowa City, IA 52245, USA","{'lat': 41.6513711, 'lng': -91.4917668}"
309,10309,Iowa City Cmty School District,"830 Southlawn Dr, Iowa City, IA 52245, USA","{'lat': 41.6513711, 'lng': -91.4917668}"
310,10310,Durant Community School,"408 7th St, Durant, IA 52747, USA","{'lat': 41.6045372, 'lng': -90.91322129999999}"
311,10311,Cedar Rapids Community Schools,"1563 Havenwood Ct NE, Cedar Rapids, IA 52402, USA","{'lat': 42.0046348, 'lng': -91.66965429999999}"
312,10312,Fremont-Mills Middle And Senior High School,"27 Jackson Blvd, Tabor, IA 51653, USA","{'lat': 40.8864613, 'lng': -95.66876529999999}"
313,10313,Chantry Elementary School,"409 E 9th St, Malvern, IA 51551, USA","{'lat': 41.00720039999999, 'lng': -95.5803262}"
314,10314,Hampton-Dumont High School,"420 1st Ave, Thompson, IA 50478, USA","{'lat': 43.37107140000001, 'lng': -93.76939399999999}"
315,10315,Bellevue Elementary School,"100 S 3rd St, Bellevue, IA 52031, USA","{'lat': 42.258147, 'lng': -90.4254284}"
316,10316,Kinglsey Elementary,"1505-1515 Logan Ave, Waterloo, IA 50703, USA","{'lat': 42.521851, 'lng': -92.339964}"
317,10317,Eddyville Alternative School,"1301 Berdan St, Eddyville, IA 52553, USA","{'lat': 41.1610032, 'lng': -92.6300618}"
318,10318,West High School,"1000 Jefferson St, Buffalo, IA 52728, USA","{'lat': 41.4626667, 'lng': -90.7248473}"
319,10319,Creston Early Childhood Center,"805 Academic Ave, Creston, IA 50801, USA","{'lat': 41.0766324, 'lng': -94.3722854}"
320,10320,Washington High School- Iowa,"206 Indian St, Cherokee, IA 51012, USA","{'lat': 42.7640963, 'lng': -95.5523355}"
321,10321,3-5 Elementary School,"530 Lincoln St, Denver, IA 50622, USA","{'lat': 42.6690935, 'lng': -92.3302514}"
322,10322,Denison Middle School,"819 N 16th St, Denison, IA 51442, USA","{'lat': 42.02860270000001, 'lng': -95.3507389}"
323,10323,Council Bluffs Community School District,"3130 Avenue C, Council Bluffs, IA 51501, USA","{'lat': 41.2649671, 'lng': -95.8958237}"
324,10324,Hubbard-Radcliffe High School,"200 E Chestnut St, Hubbard, IA 50122, USA","{'lat': 42.3036722, 'lng': -93.2978242}"
325,10325,Spencer High School,"615 4th Ave SW, Spencer, IA 51301, USA","{'lat': 43.1313432, 'lng': -95.152085}"
326,10326,John Glenn Elementary School,"211 Pine St, Long Grove, IA 52756, USA","{'lat': 41.7000501, 'lng': -90.5852766}"
327,10327,Southern Prairie AEA,"2814 N Court St, Ottumwa, IA 52501, USA","{'lat': 41.0498608, 'lng': -92.40792619999999}"
328,10328,Hinton Elementary School,"315 W Grand St, Hinton, IA 51024, USA","{'lat': 42.6250384, 'lng': -96.29619439999999}"
329,10329,Andrew High School - Iowa,"13 S Marion St, Andrew, IA 52030, USA","{'lat': 42.15246339999999, 'lng': -90.5907415}"
330,10330,Dallas Center-Grimes Community High School,"3353 240th St, Grimes, IA 50111, USA","{'lat': 41.6884239, 'lng': -93.81808129999999}"
331,10331,Fillmore Elementary School,"3029 N Division St, Davenport, IA 52804, USA","{'lat': 41.5502395, 'lng': -90.600066}"
332,10332,Mason City Community School District,"29 S Illinois Ave, Mason City, IA 50401, USA","{'lat': 43.1498968, 'lng': -93.16839619999999}"
333,10333,Elliott Elementary School - Iowa,"20 Madison St, Griswold, IA 51535, USA","{'lat': 41.2398069, 'lng': -95.1352258}"
334,10334,Harris-Lake Park High School,"105 Ave A W, Lake Park, IA 51347, USA","{'lat': 43.455167, 'lng': -95.3241383}"
335,10335,Immaculate Conception Grade,"1203 Clark St, Charles City, IA 50616, USA","{'lat': 43.0652154, 'lng': -92.6728426}"
336,10336,Emerson Elementary School - Indianola,"1304 E 2nd Ave, Indianola, IA 50125, USA","{'lat': 41.3599412, 'lng': -93.5439521}"
337,10337,Fillmore Elementary School,"2827 Jersey Ridge Rd, Davenport, IA 52803, USA","{'lat': 41.54850460000001, 'lng': -90.54048019999999}"
338,10338,Church of the Living Water,"3120 Park Ave W, Muscatine, IA 52761, USA","{'lat': 41.457448, 'lng': -91.03412399999999}"
339,10339,Saint Edmond Catholic School System,"2220 4th Ave N, Fort Dodge, IA 50501, USA","{'lat': 42.5112433, 'lng': -94.167054}"
340,10340,Heartland AEA 11,"320 E 16th St, Des Moines, IA 50316, USA","{'lat': 41.5930689, 'lng': -93.59288459999999}"
341,10341,Briggs Elementary School,"400 W Quarry St, Maquoketa, IA 52060, USA","{'lat': 42.0715187, 'lng': -90.66952220000002}"
342,10342,Kirkwood Community College,"6301 Kirkwood Blvd SW, Cedar Rapids, IA 52404, USA","{'lat': 41.9187029, 'lng': -91.6553677}"
343,10343,Holy Trinity School - Des Moines,"2922 Beaver Ave, Des Moines, IA 50310, USA","{'lat': 41.6219227, 'lng': -93.67434019999999}"
344,10344,West Des Moines Community Schools,"4105 Fuller Rd, West Des Moines, IA 50265, USA","{'lat': 41.5603384, 'lng': -93.7592219}"
345,10345,Fillmore Elementary School,"7307 Pacific St, Davenport, IA 52806, USA","{'lat': 41.593907, 'lng': -90.6042092}"
346,10346,Readlyn Elementary School,"505 Forest St, Fairbank, IA 50629, USA","{'lat': 42.6413563, 'lng': -92.0449235}"
347,10347,Mediacom,"2205 Ingersoll Ave, Des Moines, IA 50312, USA","{'lat': 41.586159, 'lng': -93.64745599999999}"
348,10348,BCLUW Elementary School,"E Lillian Ave, Conrad, IA 50621, USA","{'lat': 42.228021, 'lng': -92.8736813}"
349,10349,Calamus-Wheatland School Supt,"110 E Park Rd, Wheatland, IA 52777, USA","{'lat': 41.8379889, 'lng': -90.8387577}"
350,10350,Buena Vista University,"330 Ave M W, Fort Dodge, IA 50501, USA","{'lat': 42.4886951, 'lng': -94.2115773}"
351,10351,Butler Elementary School,"2420 14th Ave N, Fort Dodge, IA 50501, USA","{'lat': 42.519499, 'lng': -94.1612751}"
352,10352,Clarke Community Elementary School,"120 1/2 S Fillmore St #104, Osceola, IA 50213, USA","{'lat': 41.0339215, 'lng': -93.76789439999999}"
353,10353,Bishop Heelan CatholicHigh School,"1018 Grandview Blvd, Sioux City, IA 51103, USA","{'lat': 42.5014139, 'lng': -96.4076046}"
354,10354,Lowell School,"500 7th St, Boone, IA 50036, USA","{'lat': 42.0623028, 'lng': -93.88685029999999}"
355,10355,Great River AEA #16 School District,"419 S Main St, Danville, IA 52623, USA","{'lat': 40.8608843, 'lng': -91.3174019}"
356,10356,Cedar Rapids Metro YMCA,"207 7th Ave SE, Cedar Rapids, IA 52401, USA","{'lat': 41.9737468, 'lng': -91.6627367}"
357,10357,Southeast Polk District Office,"301 6th St SW, Altoona, IA 50009, USA","{'lat': 41.6471094, 'lng': -93.4680599}"
358,10358,Kinglsey Elementary,"1410 Independence Ave, Waterloo, IA 50703, USA","{'lat': 42.4976421, 'lng': -92.30629619999999}"
359,10359,Heartland AEA 11,"4800 NW Aurora Ave., Des Moines, IA 50310, USA","{'lat': 41.636069, 'lng': -93.683574}"
360,10360,Anderson Elementary School,"400 Garfield St SW, Bondurant, IA 50035, USA","{'lat': 41.696695, 'lng': -93.46687620000002}"
361,10361,Central Decatur Jr-Sr High School,"1201 NE Poplar St, Leon, IA 50144, USA","{'lat': 40.7480329, 'lng': -93.74049389999999}"
362,10362,Brookview Elementary,"605 SE Boone Dr, Waukee, IA 50263, USA","{'lat': 41.6067683, 'lng': -93.8323745}"
363,10363,Western Hills Area Education Agency 12,"1520 Morningside Ave, Sioux City, IA 51106, USA","{'lat': 42.474911, 'lng': -96.3574261}"
364,10364,Davis Elmentary School,"132 East St, Grinnell, IA 50112, USA","{'lat': 41.7301947, 'lng': -92.71515629999999}"
365,10365,Buena Vista University,"1320 3rd Ave SE, Le Mars, IA 51031, USA","{'lat': 42.7770331, 'lng': -96.1613983}"
366,10366,Grundy Center Middle School,"1006 M Ave, Grundy Center, IA 50638, USA","{'lat': 42.3549662, 'lng': -92.7778355}"
367,10367,Green Valley AEA,"600 170th St, Clearfield, IA 50840, USA","{'lat': 40.7977749, 'lng': -94.4784068}"
368,10368,Kinglsey Elementary,"740 Magnolia Pkwy, Waterloo, IA 50701, USA","{'lat': 42.5011985, 'lng': -92.3725698}"
369,10369,Council Bluffs Community School District,"2011 S 10th St, Council Bluffs, IA 51501, USA","{'lat': 41.2423701, 'lng': -95.8586866}"
370,10370,Lambert Elementary School - Iowa,"1001 Doctor St, Manchester, IA 52057, USA","{'lat': 42.4945285, 'lng': -91.44933809999999}"
371,10371,South Hardin Middle School,"Hubbard, IA 50122, USA","{'lat': 42.3055396, 'lng': -93.30020549999999}"
372,10372,Denmark Elementary School,"1326 Avenue E, Fort Madison, IA 52627, USA","{'lat': 40.6327755, 'lng': -91.3222959}"
373,10373,West Middle School,"209 Sadie St, Anamosa, IA 52205, USA","{'lat': 42.1102538, 'lng': -91.27180279999999}"
374,10374,Brookview Elementary,"8000 EP True Pkwy, West Des Moines, IA 50266, USA","{'lat': 41.5736995, 'lng': -93.8173542}"
375,10375,Iowa School for the Deaf,"3501 Harry Langdon Blvd, Council Bluffs, IA 51503, USA","{'lat': 41.2264366, 'lng': -95.81834459999999}"
376,10376,Bloomer Elementary School,"12 Scott St, Council Bluffs, IA 51503, USA","{'lat': 41.2616184, 'lng': -95.8510201}"
377,10377,West High School,"1307 Wisconsin Ave, Davenport, IA 52804, USA","{'lat': 41.5323387, 'lng': -90.6480357}"
378,10378,Atlantic Senior High School,"1201 E 14th St, Atlantic, IA 50022, USA","{'lat': 41.3944086, 'lng': -94.9957402}"
379,10379,Clarksville Elementary School,"318 N Mather St, Clarksville, IA 50619, USA","{'lat': 42.7870054, 'lng': -92.6656244}"
380,10380,Guthrie Center Schools,"900 N 4th St, Guthrie Center, IA 50115, USA","{'lat': 41.6852391, 'lng': -94.503318}"
381,10381,Exira Junior-Senior High School,"300 W Washington St, Exira, IA 50076, USA","{'lat': 41.5913387, 'lng': -94.8789494}"
382,10382,Bettendorf Community School District,"2030 Middle Rd, Bettendorf, IA 52722, USA","{'lat': 41.5471902, 'lng': -90.50319209999999}"
383,10383,Hartley-Melvin-Sanborn Elementary School,"240 1st St SE, Hartley, IA 51346, USA","{'lat': 43.18046469999999, 'lng': -95.4732757}"
384,10384,Ferguson Elementary School,"225 S Elm St, Gilman, IA 50106, USA","{'lat': 41.8780289, 'lng': -92.7839719}"
385,10385,Heartland AEA 11,"320 E 16th St, Des Moines, IA 50316, USA","{'lat': 41.5930689, 'lng': -93.59288459999999}"
386,10386,Calamus-Wheatland School Supt,"80 2nd St, Calamus, IA 52729, USA","{'lat': 41.8222209, 'lng': -90.7588674}"
387,10387,Hull Christian School,"1301 5th St, Hull, IA 51239, USA","{'lat': 43.1931324, 'lng': -96.12947989999999}"
388,10388,Heartland AEA 11,"6500 Corporate Dr, Johnston, IA 50131, USA","{'lat': 41.6650992, 'lng': -93.7097982}"
389,10389,Johnston Community School Dist,"5905 NW 100th St, Johnston, IA 50131, USA","{'lat': 41.6666962, 'lng': -93.75414239999999}"
390,10390,Kingsley-Pierson Public School District,"322 Quest Ave, Kingsley, IA 51028, USA","{'lat': 42.5873859, 'lng': -95.9783527}"
391,10391,Cedar Rapids Community Schools,"300 20th St NE, Cedar Rapids, IA 52402, USA","{'lat': 41.9973293, 'lng': -91.6422216}"
392,10392,Colo-Nesco Comm Elementary Sch,"919 West St, Colo, IA 50056, USA","{'lat': 42.0098072, 'lng': -93.3167409}"
393,10393,Torrence Elementary School,"2002 Orleans Ave, Keokuk, IA 52632, USA","{'lat': 40.4122722, 'lng': -91.3895883}"
394,10394,Fillmore Elementary School,"902 E 29th St, Davenport, IA 52803, USA","{'lat': 41.5498086, 'lng': -90.5616134}"
395,10395,Area Education Agency 267,"3722 Cedar Heights Dr, Cedar Falls, IA 50613, USA","{'lat': 42.504019, 'lng': -92.41059899999999}"
396,10396,Jefferson-Scranton School Supt,"203 W Harrison St, Jefferson, IA 50129, USA","{'lat': 42.0138869, 'lng': -94.37682939999999}"
397,10397,Anson Elementary School,"2001 S 4th St, Marshalltown, IA 50158, USA","{'lat': 42.0242434, 'lng': -92.9206406}"
398,10398,Clyde D Mease Elementary School,"1500 Wildcat Rd, Humboldt, IA 50548, USA","{'lat': 42.7150707, 'lng': -94.23231419999999}"
399,10399,Torrence Elementary School,"2940 Decatur St, Keokuk, IA 52632, USA","{'lat': 40.419658, 'lng': -91.39621299999999}"
400,10400,Interstate 35 Elementary School,"445 E North St, Truro, IA 50257, USA","{'lat': 41.2101968, 'lng': -93.8404254}"
401,10401,Interstate 35 Elementary School,"Truro, IA 50257, USA","{'lat': 41.2097152, 'lng': -93.84661160000002}"
402,10402,Muscatine Community School District,"149 Colorado St, Muscatine, IA 52761, USA","{'lat': 41.44301180000001, 'lng': -91.0277236}"
403,10403,Maple Valley-Anthon Oto High School,"110 W Division St, Anthon, IA 51004, USA","{'lat': 42.38455390000001, 'lng': -95.86984419999999}"
404,10404,Libertyville Elementary School,"202 Jefferson St, Libertyville, IA 52567, USA","{'lat': 40.9581766, 'lng': -92.048481}"
405,10405,Jesup High School,"Jesup, IA 50648, USA","{'lat': 42.47554299999999, 'lng': -92.06378839999999}"
406,10406,Forest City Alternative School - Iowa,"1405 W I St, Forest City, IA 50436, USA","{'lat': 43.26409899999999, 'lng': -93.65416499999999}"
407,10407,Hempstead High School,"2300 Chaney Rd, Dubuque, IA 52001, USA","{'lat': 42.511177, 'lng': -90.70436959999999}"
408,10408,Kee High School,"569 Center St, Lansing, IA 52151, USA","{'lat': 43.3602904, 'lng': -91.2221215}"
409,10409,Torrence Elementary School,"727 Washington St, Keokuk, IA 52632, USA","{'lat': 40.4138551, 'lng': -91.3914851}"
410,10410,Heartland AEA,"6500 Corporate Dr, Johnston, IA 50131, USA","{'lat': 41.665062, 'lng': -93.709817}"
411,10411,West Burlington Elem School,"421 Terrace Dr, Burlington, IA 52601, USA","{'lat': 40.8055785, 'lng': -91.13620159999999}"
412,10412,Southeast Polk District Office,"910 7th Ave SE, Altoona, IA 50009, USA","{'lat': 41.6420359, 'lng': -93.45819689999999}"
413,10413,Fillmore Elementary School,"3040 N Division St, Davenport, IA 52804, USA","{'lat': 41.551399, 'lng': -90.6022115}"
414,10414,Jefferson-Scranton School Supt,"204 W Madison St, Jefferson, IA 50129, USA","{'lat': 42.0126108, 'lng': -94.37686959999999}"
415,10415,Jefferson-Scranton Community School District,"204 W Madison St, Jefferson, IA 50129, USA","{'lat': 42.0126108, 'lng': -94.37686959999999}"
416,10416,Harris-Lake Park High School,"Ave A W, Lake Park, IA 51347, USA","{'lat': 43.4554716, 'lng': -95.32382249999999}"
417,10417,Muscatine Community School District,"901 Cedar St, Muscatine, IA 52761, USA","{'lat': 41.4291359, 'lng': -91.0488878}"
418,10418,Maquoketa Valley Middle School,"112 3rd St, Delhi, IA 52223, USA","{'lat': 42.42543269999999, 'lng': -91.3290094}"
419,10419,Creston Early Childhood Center,"619 N Maple St, Creston, IA 50801, USA","{'lat': 41.0648179, 'lng': -94.3624947}"
420,10420,Hempstead High School,"2135 Woodland Dr, Dubuque, IA 52002, USA","{'lat': 42.5089925, 'lng': -90.72284359999999}"
421,10421,Twin River Valley High School,"402 SE E Ave, Gilmore City, IA 50541, USA","{'lat': 42.7267133, 'lng': -94.4390313}"
422,10422,Twin River Valley High School,"202 College Ave, Bode, IA 50519, USA","{'lat': 42.8671965, 'lng': -94.29003689999999}"
423,10423,Colfax-Mingo School Dist,"204 N League Rd, Colfax, IA 50054, USA","{'lat': 41.6799342, 'lng': -93.230083}"
424,10424,Adams Elementary School,"525 E 18th St, Carroll, IA 51401, USA","{'lat': 42.0790896, 'lng': -94.85757339999999}"
425,10425,Columbus Junction School Supt,"1210 Colton St, Columbus Junction, IA 52738, USA","{'lat': 41.26811300000001, 'lng': -91.3677647}"
426,10426,Atlantic Senior High School,"1100 Linn St, Atlantic, IA 50022, USA","{'lat': 41.39926639999999, 'lng': -95.0061389}"
427,10427,Atkins Elementary School,"280 4th St, Keystone, IA 52249, USA","{'lat': 42.0028155, 'lng': -92.19946039999999}"
428,10428,Notre Dame Elementary School,"2310 Chaney Rd, Dubuque, IA 52001, USA","{'lat': 42.5120238, 'lng': -90.70454409999999}"
429,10429,Southern Prairie AEA,"634 N Main St, Centerville, IA 52544, USA","{'lat': 40.73929589999999, 'lng': -92.8757148}"
430,10430,The Mississippi Bend Area Education Agency,"14478 170th St, Letts, IA 52754, USA","{'lat': 41.30555529999999, 'lng': -91.2044871}"
431,10431,Gilbert Elementary School,"109 Rothmoor Dr, Gilbert, IA 50105, USA","{'lat': 42.1049505, 'lng': -93.6450572}"
432,10432,Knoxville High School,"210 N Iowa St, Knoxville, IA 50138, USA","{'lat': 41.3204686, 'lng': -93.1062785}"
433,10433,Cedar Rapids Community Schools,"254 Outlook Dr SW, Cedar Rapids, IA 52404, USA","{'lat': 41.9514556, 'lng': -91.6665041}"
434,10434,Hennessy Catholic School Petersburg Center,"1623 300th Ave, Dyersville, IA 52040, USA","{'lat': 42.5560287, 'lng': -91.2137333}"
435,10435,Hempstead High School,"1280 Rush St, Dubuque, IA 52003, USA","{'lat': 42.4857285, 'lng': -90.6773788}"
436,10436,Central Lyon Comm Schl Dist,"Rock Rapids, IA 51246, USA","{'lat': 43.4271945, 'lng': -96.17585980000001}"
437,10437,Cedar Rapids Community Schools,"2630 B Ave NE, Cedar Rapids, IA 52402, USA","{'lat': 42.0031884, 'lng': -91.6383529}"
438,10438,Aurelia Community Schoo...,"Aurelia, IA 51005, USA","{'lat': 42.71276, 'lng': -95.4366701}"
439,10439,Clayton Ridge Elementar...,"131 S River Park Dr, Guttenberg, IA 52052, USA","{'lat': 42.785331, 'lng': -91.09656559999999}"
440,10440,Great Prairie Area Educ...,"1215 Linden Ave, Chariton, IA 50049, USA","{'lat': 41.0137833, 'lng': -93.31206019999999}"
441,10441,Hinton Elementary Schoo...,"315 W Grand St, Hinton, IA 51024, USA","{'lat': 42.6250384, 'lng': -96.29619439999999}"
442,10442,Cedar Rapids Community ...,"6225 1st Ave SW, Cedar Rapids, IA 52405, USA","{'lat': 41.9703904, 'lng': -91.75258869999999}"
443,10443,Heartland AEA 11,"4301 College Ave, Des Moines, IA 50310, USA","{'lat': 41.6079434, 'lng': -93.676823}"
444,10444,Emerson Elementary Scho...,"500 W Clinton Ave, Indianola, IA 50125, USA","{'lat': 41.36369089999999, 'lng': -93.56695580000002}"
445,10445,Emerson Elementary Scho...,"403 S 15th St, Indianola, IA 50125, USA","{'lat': 41.3531154, 'lng': -93.5420554}"
446,10446,Charles City Community ...,"500 N Grand Ave, Charles City, IA 50616, USA","{'lat': 43.0677544, 'lng': -92.67121259999999}"
447,10447,Fillmore Elementary Sch...,"1606 Brady St, Davenport, IA 52803, USA","{'lat': 41.536201, 'lng': -90.5747349}"
448,10448,Fairfield High School,"605 E Broadway Ave, Fairfield, IA 52556, USA","{'lat': 41.0083645, 'lng': -91.95533499999999}"
449,10449,Great Prairie Area Educ...,"525 E Main St, Fremont, IA 52561, USA","{'lat': 41.2134623, 'lng': -92.4312944}"
450,10450,Heartland AEA 11,"801 E Kenyon Ave, Des Moines, IA 50315, USA","{'lat': 41.5348724, 'lng': -93.6022328}"
451,10451,Creston Community Schoo...,"601 W Townline St, Creston, IA 50801, USA","{'lat': 41.0742294, 'lng': -94.3708062}"
452,10452,Belle Plaine Senior Hig...,"707 7th St, Belle Plaine, IA 52208, USA","{'lat': 41.891217, 'lng': -92.2780418}"
453,10453,Harlan Comm Flexible Ed...,"2108 Durant St, Harlan, IA 51537, USA","{'lat': 41.6584029, 'lng': -95.3376839}"
454,10454,Corning Elementary Scho...,"904 8th St, Corning, IA 50841, USA","{'lat': 40.9907673, 'lng': -94.7401227}"
455,10455,East Buchanan Elementar...,"414 5th St N, Winthrop, IA 50682, USA","{'lat': 42.4759838, 'lng': -91.736634}"
456,10456,Cedar Falls Community S...,"627 Orchard Dr, Cedar Falls, IA 50613, USA","{'lat': 42.5045706, 'lng': -92.4384762}"
457,10457,Springfield Public Scho...,"1429 West Ave, Burlington, IA 52601, USA","{'lat': 40.7976606, 'lng': -91.1168284}"
458,10458,Anson Elementary School,"1016 S 3rd Ave, Marshalltown, IA 50158, USA","{'lat': 42.0361224, 'lng': -92.9078335}"
459,10459,Heartland AEA 11,"320 E 16th St, Des Moines, IA 50316, USA","{'lat': 41.5930689, 'lng': -93.59288459999999}"
460,10460,Heartland AEA 11,"2700 E 42nd St, Des Moines, IA 50317, USA","{'lat': 41.6196049, 'lng': -93.5326188}"
461,10461,Nodaway Valley High Sch...,"410 NW 2nd St, Greenfield, IA 50849, USA","{'lat': 41.3080731, 'lng': -94.46301919999999}"
462,10462,North Central Elementar...,"105 S East St, Manly, IA 50456, USA","{'lat': 43.2885861, 'lng': -93.1954568}"
463,10463,Adair-Casey Elementary ...,"3384 Indigo Ave, Adair, IA 50002, USA","{'lat': 41.5204222, 'lng': -94.58589099999999}"
464,10464,Lone Tree Elementary Sc...,"Lone Tree, IA 52755, USA","{'lat': 41.4880775, 'lng': -91.425994}"
465,10465,Grundy Center Middle Sc...,"1006 M Ave, Grundy Center, IA 50638, USA","{'lat': 42.3549662, 'lng': -92.7778355}"
466,10466,Kinglsey Elementary,"630 Hillcrest Rd, Waterloo, IA 50701, USA","{'lat': 42.4639761, 'lng': -92.3619474}"
467,10467,Cedar Falls Community S...,"3909 Rownd St, Cedar Falls, IA 50613, USA","{'lat': 42.503045, 'lng': -92.4236506}"
468,10468,Francis Marion Intermed...,"1400 10th Ave, Marion, IA 52302, USA","{'lat': 42.0367294, 'lng': -91.59381119999999}"
469,10469,West Des Moines Communi...,"713 8th St, West Des Moines, IA 50265, USA","{'lat': 41.5802693, 'lng': -93.711622}"
470,10470,Charles City Community ...,"600 5th Ave, Charles City, IA 50616, USA","{'lat': 43.06678170000001, 'lng': -92.6641499}"
471,10471,Archdiocese of Dubuque,"3231 W 9th St, Waterloo, IA 50702, USA","{'lat': 42.4641753, 'lng': -92.34069219999999}"
472,10472,Linn-Mar Community Scho...,"2900 Indian Creek Rd, Marion, IA 52302, USA","{'lat': 42.0511294, 'lng': -91.5923196}"
473,10473,Atlantic Senior High Sc...,"1100 Linn St, Atlantic, IA 50022, USA","{'lat': 41.39926639999999, 'lng': -95.0061389}"
474,10474,Heartland AEA 11,"1001 Amos Ave, Des Moines, IA 50315, USA","{'lat': 41.5198065, 'lng': -93.62700740000001}"
475,10475,Heartland AEA 11,"3300 E 29th St, Des Moines, IA 50317, USA","{'lat': 41.6251608, 'lng': -93.5624491}"
476,10476,Belle Plaine Senior Hig...,"610 13th Ave, Belle Plaine, IA 52208, USA","{'lat': 41.888927, 'lng': -92.270923}"
477,10477,Great Prairie Area Educ...,"4045 Ashland Rd, Eldon, IA 52554, USA","{'lat': 40.9612626, 'lng': -92.2375816}"
478,10478,Harvard Van Guard Medic...,"27 Jackson Blvd, Tabor, IA 51653, USA","{'lat': 40.8864613, 'lng': -95.66876529999999}"
479,10479,Great Prairie Area Educ...,"2814 N Court St, Ottumwa, IA 52501, USA","{'lat': 41.0498608, 'lng': -92.40792619999999}"
480,10480,Trident Medical Center ...,"509 Main St, Sanborn, IA 51248, USA","{'lat': 43.1849628, 'lng': -95.6561886}"
481,10481,Heartland AEA 11,"2900 Indianola Ave, Des Moines, IA 50315, USA","{'lat': 41.5586325, 'lng': -93.60401309999999}"
482,10482,Kinglsey Elementary,"1628 Washington St, Waterloo, IA 50702, USA","{'lat': 42.4846303, 'lng': -92.3319465}"
483,10483,Elk Horn-Kimballton Hig...,"4114 Madison St, Elk Horn, IA 51531, USA","{'lat': 41.5907111, 'lng': -95.0571039}"
484,10484,LifeWay Christian Resou...,"102 N Lincoln St, Knoxville, IA 50138, USA","{'lat': 41.3191505, 'lng': -93.1101561}"
485,10485,Fairfield High School,"403 S 20th St, Fairfield, IA 52556, USA","{'lat': 41.002751, 'lng': -91.9837038}"
486,10486,Great Prairie Area Educ...,"2600 Ave A, Fort Madison, IA 52627, USA","{'lat': 40.6368175, 'lng': -91.3432332}"
487,10487,Heartland AEA 11,"3010 Center St, Des Moines, IA 50312, USA","{'lat': 41.59101829999999, 'lng': -93.6580463}"
488,10488,Council Bluffs Communit...,"2218 3rd Ave, Council Bluffs, IA 51501, USA","{'lat': 41.2593746, 'lng': -95.87755519999999}"
489,10489,Sioux Center Christian ...,"630 1st Ave SE, Sioux Center, IA 51250, USA","{'lat': 43.07176430000001, 'lng': -96.1731657}"
490,10490,Council Bluffs Communit...,"100 North Ave, Council Bluffs, IA 51503, USA","{'lat': 41.27332819999999, 'lng': -95.83186049999999}"
491,10491,Edgewood-Colesburg High...,"403 W Union St, Edgewood, IA 52042, USA","{'lat': 42.6447681, 'lng': -91.40527759999999}"
492,10492,Bedford Area School Dis...,"Bedford, IA 50833, USA","{'lat': 40.666932, 'lng': -94.721358}"
493,10493,AEA,"24997 IA-92, Council Bluffs, IA 51503, USA","{'lat': 41.2302424, 'lng': -95.7137972}"
494,10494,Gilbert Elementary Scho...,"103 Mathews Dr, Gilbert, IA 50105, USA","{'lat': 42.1072111, 'lng': -93.6418896}"
495,10495,Kinglsey Elementary,"201 Sunset Rd, Waterloo, IA 50701, USA","{'lat': 42.47941360000001, 'lng': -92.36216}"
496,10496,Cardinal Community Scho...,"4045 Ashland Rd, Eldon, IA 52554, USA","{'lat': 40.9612626, 'lng': -92.2375816}"
497,10497,Linn-Mar Community Scho...,"3555 10th St, Marion, IA 52302, USA","{'lat': 42.0586727, 'lng': -91.5977138}"
498,10498,Ballard East Elementary...,"Huxley, IA, USA","{'lat': 41.89526499999999, 'lng': -93.60077319999999}"
499,10499,Central City Superinten...,"400 Barber St, Central City, IA 52214, USA","{'lat': 42.2084403, 'lng': -91.5249245}"
500,10500,Fredericksburg Elementa...,"300 E Main St, Fredericksburg, IA 50630, USA","{'lat': 42.9656028, 'lng': -92.19525139999999}"
501,10501,Council Bluffs Communit...,"1603 Grand Ave, Council Bluffs, IA 51503, USA","{'lat': 41.2829731, 'lng': -95.84564639999999}"
502,10502,Central Community Jr-Sr...,"400 N 1st St, Elkader, IA 52043, USA","{'lat': 42.8566075, 'lng': -91.4075344}"
503,10503,Torrence Elementary Sch...,"727 Washington St, Keokuk, IA 52632, USA","{'lat': 40.4138551, 'lng': -91.3914851}"
504,10504,Council Bluffs Communit...,"12 Scott St, Council Bluffs, IA 51503, USA","{'lat': 41.2616184, 'lng': -95.8510201}"
505,10505,Emerson Elementary Scho...,"1304 E 1st Ave, Indianola, IA 50125, USA","{'lat': 41.3598689, 'lng': -93.54295669999999}"
506,10506,Heartland AEA 11,"2600 SW 9th St, Des Moines, IA 50315, USA","{'lat': 41.56192009999999, 'lng': -93.62716309999999}"
507,10507,"CKE Restaurants, Inc.","602 8th St, Bonaparte, IA 52620, USA","{'lat': 40.7046985, 'lng': -91.8014541}"
508,10508,Denmark Elementary Scho...,"502 Academy Ave, Wever, IA 52658, USA","{'lat': 40.7417295, 'lng': -91.3347375}"
509,10509,Council Bluffs Communit...,"807 Ave G, Council Bluffs, IA 51503, USA","{'lat': 41.2676479, 'lng': -95.85655489999999}"
510,10510,Briggs Elementary Schoo...,"1003 Pershing Rd, Maquoketa, IA 52060, USA","{'lat': 42.0758691, 'lng': -90.65225799999999}"
511,10511,West Branch High School,"900 W Main St, West Branch, IA 52358, USA","{'lat': 41.6696385, 'lng': -91.3639548}"
512,10512,Sunrise Medical Managem...,"600 S Locust St, Lenox, IA 50851, USA","{'lat': 40.8759942, 'lng': -94.5571236}"
513,10513,Crestwood Alternative S...,"1000 Schroder Dr, Cresco, IA 52136, USA","{'lat': 43.374784, 'lng': -92.10238969999999}"
514,10514,South Coast Med Spa,"414 5th St N, Winthrop, IA 50682, USA","{'lat': 42.4759838, 'lng': -91.736634}"
515,10515,Great Prairie Area Educ...,"307 W Mary St, Ottumwa, IA 52501, USA","{'lat': 40.9952727, 'lng': -92.4269705}"
516,10516,East Union Community Sc...,"1916 High School Dr, Afton, IA 50830, USA","{'lat': 41.0248424, 'lng': -94.1796155}"
517,10517,Earlham Elementary Scho...,"535 N Chestnut Ave, Earlham, IA 50072, USA","{'lat': 41.4952453, 'lng': -94.12379209999999}"
518,10518,Marnie Simons Elementar...,"105 E St, Hamburg, IA 51640, USA","{'lat': 40.6050626, 'lng': -95.6610523}"
519,10519,Hubbard-Radcliffe High ...,"200 E Chestnut St, Hubbard, IA 50122, USA","{'lat': 42.3036722, 'lng': -93.2978242}"
520,10520,Creston Community Schoo...,"805 Academic Ave, Creston, IA 50801, USA","{'lat': 41.0766324, 'lng': -94.3722854}"
521,10521,Oelwein Community Schoo...,"Williams Wellness Center, 317 8th Ave SE Ste D, Oelwein, IA 50662, USA","{'lat': 42.6723188, 'lng': -91.90144939999999}"
522,10522,Heartland AEA 11,"2501 Park Ave, Des Moines, IA 50321, USA","{'lat': 41.556303, 'lng': -93.65202649999999}"
523,10523,John Glenn Elementary S...,"121 S 5th St, Eldridge, IA 52748, USA","{'lat': 41.6533874, 'lng': -90.587195}"
524,10524,Bennett Community Schoo...,"300 Cedar St, Bennett, IA 52721, USA","{'lat': 41.7407215, 'lng': -90.9772127}"
525,10525,Lakeview Elementary,"111 N Chabal St, Solon, IA 52333, USA","{'lat': 41.8074817, 'lng': -91.50273829999999}"
526,10526,Corwith-Wesley School D...,"408 NW Elm St, Corwith, IA 50430, USA","{'lat': 42.9941386, 'lng': -93.95896479999999}"
527,10527,June Shapiro Phd,"919 West St, Colo, IA 50056, USA","{'lat': 42.0098072, 'lng': -93.3167409}"
528,10528,Robert Blue Middle Scho...,"325 N Commercial Ave, Eagle Grove, IA 50533, USA","{'lat': 42.6670057, 'lng': -93.905035}"
529,10529,Carlisle Elementary Sch...,"500 N Vine St, Hartford, IA 50118, USA","{'lat': 41.4627411, 'lng': -93.40352370000001}"
530,10530,Carroll Community Schoo...,"1026 N Adams St, Carroll, IA 51401, USA","{'lat': 42.0714604, 'lng': -94.8656365}"
531,10531,Heartland AEA 11,"901 Walnut St, Des Moines, IA 50309, USA","{'lat': 41.5853611, 'lng': -93.6287859}"
532,10532,Highland High School,"1715 Vine Ave, Riverside, IA 52327, USA","{'lat': 41.4082207, 'lng': -91.54178929999999}"
533,10533,Central High School - I...,"2642 US-218, Donnellson, IA 52625, USA","{'lat': 40.5770155, 'lng': -91.5206405}"
534,10534,Great Prairie Area Educ...,"5414 IA-16, Eldon, IA 52554, USA","{'lat': 40.9624475, 'lng': -92.2366419}"
535,10535,Torrence Elementary Sch...,"116 N 8th St, Keokuk, IA 52632, USA","{'lat': 40.3995171, 'lng': -91.3842341}"
536,10536,Karen Kamenetzky,"103 Mathews Dr, Gilbert, IA 50105, USA","{'lat': 42.1072111, 'lng': -93.6418896}"
537,10537,Council Bluffs Communit...,"1105 Redick Blvd, Carter Lake, IA 51510, USA","{'lat': 41.291362, 'lng': -95.91544999999999}"
538,10538,Carpenter Elementary Sc...,"217 S Maple St, Monticello, IA 52310, USA","{'lat': 42.2365308, 'lng': -91.185931}"
539,10539,Cil Psi Special Service...,"202 N Walnut St, Lamoni, IA 50140, USA","{'lat': 40.6244957, 'lng': -93.9361271}"
540,10540,Karen Shelton Phd,"405 12th St S, Grand Junction, IA 50107, USA","{'lat': 42.0297316, 'lng': -94.237315}"
541,10541,Lincoln Center for the ...,"222 N 2nd St, Albia, IA 52531, USA","{'lat': 41.0294004, 'lng': -92.8051395}"
542,10542,Emerson Elementary Scho...,"1301 E 2nd Ave, Indianola, IA 50125, USA","{'lat': 41.356315, 'lng': -93.545519}"
543,10543,Great Prairie Area Educ...,"200 W 6th St, Lineville, IA 50147, USA","{'lat': 40.5836009, 'lng': -93.5241224}"
544,10544,Secure Medical Care,"531 Prospect St, Jesup, IA 50648, USA","{'lat': 42.4804483, 'lng': -92.0681762}"
545,10545,Camanche Elementary Sch...,"702 13th Ave, Camanche, IA 52730, USA","{'lat': 41.7850237, 'lng': -90.2584093}"
546,10546,Iowa State University,"1002 G Ave, Vinton, IA 52349, USA","{'lat': 42.1609077, 'lng': -92.0340542}"
547,10547,Iowa Valley Elementary ...,"359 E Hilton St, Marengo, IA 52301, USA","{'lat': 41.79907130000001, 'lng': -92.0673623}"
548,10548,Emerson Elementary Scho...,"1109 E Euclid Ave, Indianola, IA 50125, USA","{'lat': 41.3651452, 'lng': -93.5465325}"
549,10549,Iowa Central Community ...,"330 Ave M W, Fort Dodge, IA 50501, USA","{'lat': 42.4886951, 'lng': -94.2115773}"
550,10550,Bettendorf Community Sc...,"3333 18th St, Bettendorf, IA 52722, USA","{'lat': 41.5575301, 'lng': -90.4959949}"
551,10551,Camanche Elementary Sch...,"508 11th Pl, Camanche, IA 52730, USA","{'lat': 41.7912996, 'lng': -90.2556965}"
552,10552,Kinglsey Elementary,"157 S Roosevelt Rd, Evansdale, IA 50707, USA","{'lat': 42.4715889, 'lng': -92.27488849999999}"
553,10553,West High School,"2827 Jersey Ridge Rd, Davenport, IA 52803, USA","{'lat': 41.54850460000001, 'lng': -90.54048019999999}"
554,10554,Fairfield High School,"404 W Fillmore Ave, Fairfield, IA 52556, USA","{'lat': 40.9941156, 'lng': -91.96965259999999}"
555,10555,Orange City Elementary ...,"201 4th Ave N, Hospers, IA 51238, USA","{'lat': 43.0723565, 'lng': -95.9027665}"
556,10556,Kinglsey Elementary,"1115 W 5th St, Waterloo, IA 50702, USA","{'lat': 42.4869073, 'lng': -92.3481298}"
557,10557,Danville Elementary Sch...,"419 S Main St, Danville, IA 52623, USA","{'lat': 40.8608843, 'lng': -91.3174019}"
558,10558,Isaac NewtonChristian A...,"1635 Linmar Dr NE, Cedar Rapids, IA 52402, USA","{'lat': 42.0064222, 'lng': -91.6723603}"
559,10559,Dallas Center-Grimes Co...,"33521 240th St, Grimes, IA 50111, USA","{'lat': 41.692121, 'lng': -93.821674}"
560,10560,Great Prairie Area Educ...,"33727 Rte J40, Farmington, IA 52626, USA","{'lat': 40.7261598, 'lng': -91.7238461}"
561,10561,Great Prairie Area Educ...,"140 Albia Rd, Chariton, IA 50049, USA","{'lat': 41.0064995, 'lng': -93.2914547}"
562,10562,Pella Middle School,"1102 Broadway St, Pella, IA 50219, USA","{'lat': 41.4108468, 'lng': -92.917974}"
563,10563,Kinglsey Elementary,"927 Franklin St, Waterloo, IA 50703, USA","{'lat': 42.49834500000001, 'lng': -92.328769}"
564,10564,East Union Community Sc...,"1916 High School Dr, Afton, IA 50830, USA","{'lat': 41.0248424, 'lng': -94.1796155}"
565,10565,Southeast Polk District...,"670 SE 68th St, Pleasant Hill, IA 50327, USA","{'lat': 41.5796981, 'lng': -93.4731994}"
566,10566,Harlan Comm Flexible Ed...,"2102 Durant St, Harlan, IA 51537, USA","{'lat': 41.6579172, 'lng': -95.3385199}"
567,10567,Anaheim Union High Scho...,"200 S Garnavillo St, Anamosa, IA 52205, USA","{'lat': 42.1052283, 'lng': -91.287881}"
568,10568,Sidney Elementary Schoo...,"111 Forbes St, Essex, IA 51638, USA","{'lat': 40.8278288, 'lng': -95.3091975}"
569,10569,Dallas Center-Grimes Co...,"NE Polk Dr, Grimes, IA 50111, USA","{'lat': 41.7007929, 'lng': -93.78504749999999}"
570,10570,East Elementary School ...,"1301 1st St W, Independence, IA 50644, USA","{'lat': 42.4665855, 'lng': -91.90916059999999}"
571,10571,Charles City Community ...,"500 N Grand Ave, Charles City, IA 50616, USA","{'lat': 43.0677544, 'lng': -92.67121259999999}"
572,10572,Heartland AEA 11,"316 37th St, Des Moines, IA 50312, USA","{'lat': 41.5825396, 'lng': -93.66747339999999}"
573,10573,Great Prairie Area Educ...,"634 N Main St, Centerville, IA 52544, USA","{'lat': 40.73929589999999, 'lng': -92.8757148}"
574,10574,Food Factory Express,"1325 9th St SE, Dyersville, IA 52040, USA","{'lat': 42.4733759, 'lng': -91.11177119999999}"
575,10575,Triangle Management Inc,"2213 U Ave, Williamsburg, IA 52361, USA","{'lat': 41.6853384, 'lng': -91.9122908}"
576,10576,The Fig Tree,"131 Roosevelt St, Alburnett, IA 52202, USA","{'lat': 42.1503577, 'lng': -91.61946909999999}"
577,10577,Notre Dame Elementary S...,"1400 N 2nd St, Elkader, IA 52043, USA","{'lat': 42.858617, 'lng': -91.419275}"
578,10578,Louisa-Muscatine Elemen...,"14354 170th St, Letts, IA 52754, USA","{'lat': 41.3065839, 'lng': -91.20312129999999}"
579,10579,G And K International I...,"1301 12th St, Grundy Center, IA 50638, USA","{'lat': 42.3557597, 'lng': -92.7794574}"
580,10580,Fillmore Elementary Sch...,"7307 Pacific St, Davenport, IA 52806, USA","{'lat': 41.593907, 'lng': -90.6042092}"
581,10581,Great Prairie Area Educ...,"608 S Washington St, Bloomfield, IA 52537, USA","{'lat': 40.7441909, 'lng': -92.41373089999999}"
582,10582,Heartland AEA 11,"1214 E 15th St, Des Moines, IA 50316, USA","{'lat': 41.60153529999999, 'lng': -93.5985932}"
583,10583,Louisa-Muscatine Elemen...,"14506 170th St, Letts, IA 52754, USA","{'lat': 41.3067469, 'lng': -91.20817029999999}"
584,10584,Gilbert Elementary Scho...,"109 Rothmoor Dr, Gilbert, IA 50105, USA","{'lat': 42.1049505, 'lng': -93.6450572}"
585,10585,Urbandale Community Sch...,"3500 74th St, Urbandale, IA 50322, USA","{'lat': 41.6264484, 'lng': -93.7212177}"
586,10586,Kinglsey Elementary,"1505 Logan Ave, Waterloo, IA 50703, USA","{'lat': 42.521681, 'lng': -92.3402322}"
587,10587,A-H-S-T Elementary Scho...,"768 S Maple St, Avoca, IA 51521, USA","{'lat': 41.4694531, 'lng': -95.3417889}"
588,10588,Great Prairie Area Educ...,"102 N Dekalb St, Corydon, IA 50060, USA","{'lat': 40.7582475, 'lng': -93.3208516}"
589,10589,John Glenn Elementary S...,"220 W Grove St, Long Grove, IA 52756, USA","{'lat': 41.6994166, 'lng': -90.5852319}"
590,10590,Kamiak Sandra MD,"245 S Washington St, Hudson, IA 50643, USA","{'lat': 42.4000597, 'lng': -92.45469720000001}"
591,10591,Susan Miller,"322 Quest Ave, Kingsley, IA 51028, USA","{'lat': 42.5873859, 'lng': -95.9783527}"
592,10592,Guthrie Center Schools,"906 School St, Guthrie Center, IA 50115, USA","{'lat': 41.669272, 'lng': -94.4973658}"
593,10593,East Elementary School ...,"514 5th Ave SE, Independence, IA 50644, USA","{'lat': 42.4630642, 'lng': -91.88810840000001}"
594,10594,Farragut Senior High Sc...,"907 Hartford Ave, Farragut, IA 51639, USA","{'lat': 40.72284399999999, 'lng': -95.4815496}"
595,10595,Premier Communications,"470 E 5th St, Kanawha, IA 50447, USA","{'lat': 42.93826120000001, 'lng': -93.7861753}"
596,10596,Clark Elementary School,"977 3rd Ave SW, Le Mars, IA 51031, USA","{'lat': 42.780811, 'lng': -96.1715837}"
597,10597,Durant Community School,"Durant, IA 52747, USA","{'lat': 41.5997498, 'lng': -90.9107037}"
598,10598,Heartland AEA 11,"203 E Euclid Ave, Des Moines, IA 50313, USA","{'lat': 41.6262323, 'lng': -93.61552739999999}"
599,10599,Allison Elementary Wing...,"513 Birch St, Allison, IA 50602, USA","{'lat': 42.75504460000001, 'lng': -92.80109209999999}"
600,10600,Greene Elementary Schoo...,"201 N 5th St, Greene, IA 50636, USA","{'lat': 42.8992557, 'lng': -92.7995258}"
601,10601,Bellevue Elementary Sch...,"1601 State St, Bellevue, IA 52031, USA","{'lat': 42.2541899, 'lng': -90.44345659999999}"
602,10602,Carlisle Elementary Sch...,"430 School St, Carlisle, IA 50047, USA","{'lat': 41.497249, 'lng': -93.48961369999999}"
603,10603,Clarion Goldfield High ...,"319 3rd Ave NE, Clarion, IA 50525, USA","{'lat': 42.735325, 'lng': -93.72795959999999}"
604,10604,Akron Westfield Middle ...,"850 Kerr Dr, Akron, IA 51001, USA","{'lat': 42.8325753, 'lng': -96.5491504}"
605,10605,Central Alternative Pro...,"1140 15th St, DeWitt, IA 52742, USA","{'lat': 41.8312193, 'lng': -90.5474248}"
606,10606,Clarksville Elementary ...,"Clarksville, IA 50619, USA","{'lat': 42.7847, 'lng': -92.6676907}"
607,10607,Bettendorf Community Sc...,"2030 Middle Rd, Bettendorf, IA 52722, USA","{'lat': 41.5471902, 'lng': -90.50319209999999}"
608,10608,Kuemper Catholic Grade ...,"116 S East St, Carroll, IA 51401, USA","{'lat': 42.059152, 'lng': -94.86637499999999}"
609,10609,Grant Wood Area Educati...,"4401 6th St SW, Cedar Rapids, IA 52404, USA","{'lat': 41.9352191, 'lng': -91.6750062}"
610,10610,Enumclaw School Distric...,"Guttenberg, IA 52052, USA","{'lat': 42.7899897, 'lng': -91.1029068}"
611,10611,Kingsley-Pierson Public...,"322 Quest Ave, Kingsley, IA 51028, USA","{'lat': 42.5873859, 'lng': -95.9783527}"
612,10612,San Juan Unified School...,"Lake View, IA 51450, USA","{'lat': 42.3116499, 'lng': -95.05332399999999}"
613,10613,Bettendorf Community Sc...,"2102 Nicholas Ct, Bettendorf, IA 52722, USA","{'lat': 41.56617749999999, 'lng': -90.5022142}"
614,10614,Davis Co Cmty School Di...,"608 S Washington St, Bloomfield, IA 52537, USA","{'lat': 40.7441909, 'lng': -92.41373089999999}"
615,10615,Johnston Community Scho...,"6501 NW 62nd Ave, Johnston, IA 50131, USA","{'lat': 41.6739239, 'lng': -93.7024453}"
616,10616,Clinton Cmty School Dis...,"817 8th Ave S, Clinton, IA 52732, USA","{'lat': 41.8366053, 'lng': -90.2060037}"
617,10617,Cedar Rapids Community ...,"1300 38th St NW, Cedar Rapids, IA 52405, USA","{'lat': 41.9865957, 'lng': -91.7217444}"
618,10618,Grundy Center Elementar...,"903 9th St, Grundy Center, IA 50638, USA","{'lat': 42.3591312, 'lng': -92.7757029}"
619,10619,Francis Howell School D...,"Monona, IA 52159, USA","{'lat': 43.0516494, 'lng': -91.38930409999999}"
620,10620,Area Education Agency 2...,"601 W 5th St, Sumner, IA 50674, USA","{'lat': 42.8511887, 'lng': -92.1040498}"
621,10621,Islander Espresso & Caf...,"2200 E Court St, Iowa City, IA 52245, USA","{'lat': 41.6575463, 'lng': -91.5035426}"
622,10622,East Coast Hot Dogs Inc...,"102 N Dekalb St, Corydon, IA 50060, USA","{'lat': 40.7582475, 'lng': -93.3208516}"
623,10623,East Coast Pizza,"102 N Dekalb St, Corydon, IA 50060, USA","{'lat': 40.7582475, 'lng': -93.3208516}"
624,10624,Fresno Unified School D...,"Tabor, IA 51653, USA","{'lat': 40.8983329, 'lng': -95.6713891}"
625,10625,Boyden Elementary Schoo...,"801 1st St, Hull, IA 51239, USA","{'lat': 43.1891215, 'lng': -96.13662790000001}"
626,10626,Lisle Community School ...,"Monona, IA 52159, USA","{'lat': 43.0516494, 'lng': -91.38930409999999}"
627,10627,Alternative High School...,"Clarinda, IA 51632, USA","{'lat': 40.7419352, 'lng': -95.038313}"
628,10628,GUTHRIE COUNTY HOSPITAL,"3384 Indigo Ave, Adair, IA 50002, USA","{'lat': 41.5204222, 'lng': -94.58589099999999}"
629,10629,Clayton Ridge Elementar...,"17473 Lariat Rd, McGregor, IA 52157, USA","{'lat': 42.9734967, 'lng': -91.1943719}"
630,10630,3-5 Elementary School,"Denver, IA 50622, USA","{'lat': 42.6713718, 'lng': -92.3374045}"
631,10631,South Hardin and Hubbar...,"Hubbard, IA 50122, USA","{'lat': 42.3055396, 'lng': -93.30020549999999}"
632,10632,Central High School,"425 E 11th St, DeWitt, IA 52742, USA","{'lat': 41.8262928, 'lng': -90.52721609999999}"
633,10633,Knoxville High School,"309 W Main St, Knoxville, IA 50138, USA","{'lat': 41.3192257, 'lng': -93.10153969999999}"
634,10634,MFL MarMac Middle Schoo...,"700 S Page St, Monona, IA 52159, USA","{'lat': 43.0470334, 'lng': -91.3926096}"
635,10635,Clinton High School,"600 S 4th St, Clinton, IA 52732, USA","{'lat': 41.8397838, 'lng': -90.1934393}"
636,10636,Denmark Elementary Scho...,"502 Academy Ave, Wever, IA 52658, USA","{'lat': 40.7417295, 'lng': -91.3347375}"
637,10637,Notre Dame Elementary S...,"Edgewood, IA 52042, USA","{'lat': 42.6444313, 'lng': -91.4012515}"
638,10638,San Luis Obispo High,"Lisbon, IA, USA","{'lat': 41.9211198, 'lng': -91.3854466}"
639,10639,Gladbrook-Reinbeck Scho...,"600 Blackhawk St, Reinbeck, IA 50669, USA","{'lat': 42.319753, 'lng': -92.5986185}"
640,10640,Eddyville Alternative S...,"IA-137, Eddyville, IA, USA","{'lat': 41.1509704, 'lng': -92.6308425}"
641,10641,Campos Famous Burritos,"605 W Lyons St, Garner, IA 50438, USA","{'lat': 43.0895228, 'lng': -93.60848399999999}"
642,10642,Knoxville High School,"102 N Lincoln St, Knoxville, IA 50138, USA","{'lat': 41.3191505, 'lng': -93.1101561}"
643,10643,Alburnett Elementary Sc...,"Alburnett, IA 52202, USA","{'lat': 42.1483285, 'lng': -91.6185065}"
644,10644,Mid-Prairie High School...,"702 6th St, Kalona, IA 52247, USA","{'lat': 41.4883152, 'lng': -91.7037891}"
645,10645,Dowling Catholic High S...,"1400 Buffalo Rd, West Des Moines, IA 50265, USA","{'lat': 41.595932, 'lng': -93.723523}"
646,10646,Valley Elementary - Iow...,"23493 Canoe Rd, Elgin, IA 52141, USA","{'lat': 42.97218669999999, 'lng': -91.6543007}"
647,10647,Great Prairie Area Educ...,"600th St, Rathbun, IA 52544, USA","{'lat': 40.6088709, 'lng': -93.0157363}"
648,10648,Emmetsburg High School ...,"1001 Palmer St, Emmetsburg, IA 50536, USA","{'lat': 43.1110096, 'lng': -94.6816261}"
649,10649,The Sun Prairie Area Sc...,"George, IA 51237, USA","{'lat': 43.34386240000001, 'lng': -96.0022431}"
650,10650,Bakersfield High School,"14478 170th St, Letts, IA 52754, USA","{'lat': 41.30555529999999, 'lng': -91.2044871}"
651,10651,Bettendorf Community Sc...,"3311 Central Ave, Bettendorf, IA 52722, USA","{'lat': 41.5309448, 'lng': -90.48688489999999}"
652,10652,Exira Junior-Senior Hig...,"300 W Washington St, Exira, IA 50076, USA","{'lat': 41.5913387, 'lng': -94.8789494}"
653,10653,Hempstead High School,"39 Bluff St, Dubuque, IA 52001, USA","{'lat': 42.4937785, 'lng': -90.6671561}"
654,10654,Eddyville Alternative S...,"1301 Berdan Ext, Eddyville, IA 52553, USA","{'lat': 41.1598226, 'lng': -92.61421849999999}"
655,10655,Cafe Atlantic,"325 N Commercial Ave, Eagle Grove, IA 50533, USA","{'lat': 42.6670057, 'lng': -93.905035}"
656,10656,Bloomer Elementary Scho...,"807 Ave G, Council Bluffs, IA 51503, USA","{'lat': 41.2676479, 'lng': -95.85655489999999}"
657,10657,Camanche Elementary Sch...,"Camanche, IA, USA","{'lat': 41.7853085, 'lng': -90.2529064}"
658,10658,Cedar Rapids Community ...,"300 20th St NE, Cedar Rapids, IA 52402, USA","{'lat': 41.9973293, 'lng': -91.6422216}"
659,10659,Center Point-Urbana Pub...,"Center Point, IA 52213, USA","{'lat': 42.1908265, 'lng': -91.78517719999999}"
660,10660,Central Alternative Pro...,"100 6th Ave, DeWitt, IA 52742, USA","{'lat': 41.8161563, 'lng': -90.5385965}"
661,10661,Cedar Rapids Community ...,"907 15th St SW, Cedar Rapids, IA 52404, USA","{'lat': 41.9673761, 'lng': -91.69004079999999}"
662,10662,Dows Public School Dist...,"404 Park Ave, Dows, IA 50071, USA","{'lat': 42.6587829, 'lng': -93.50691220000002}"
663,10663,Washington High School-...,"Cherokee, IA 51012, USA","{'lat': 42.7496413, 'lng': -95.55154309999999}"
664,10664,BCLUW Elementary School,"670 E Grundy Ave, Conrad, IA 50621, USA","{'lat': 42.2256969, 'lng': -92.86743949999999}"
665,10665,Sidney Elementary Schoo...,"Sidney, IA 51652, USA","{'lat': 40.7483337, 'lng': -95.64749590000001}"
666,10666,Iowa Falls Cmty School ...,"306 Park St, Garwin, IA 50632, USA","{'lat': 42.0950861, 'lng': -92.67486079999999}"
667,10667,Johnston Community Scho...,"5608 Merle Hay Rd, Johnston, IA 50131, USA","{'lat': 41.6627814, 'lng': -93.6984209}"
668,10668,New Hartford Elementary...,"330 Main St, Dike, IA 50624, USA","{'lat': 42.4668397, 'lng': -92.62714629999999}"
669,10669,Iowa School For Deaf,"1600 US-275, Sidney, IA 51652, USA","{'lat': 40.8164419, 'lng': -95.6707677}"
670,10670,Allamakee Junior High S...,"1059 3rd Ave NW, Waukon, IA 52172, USA","{'lat': 43.2719273, 'lng': -91.49059749999999}"
671,10671,Area Education Agency 2...,"3712 Cedar Heights Dr, Cedar Falls, IA 50613, USA","{'lat': 42.5041066, 'lng': -92.4096015}"
672,10672,Milwaukee Public School...,"280 Cass St, Griswold, IA 51535, USA","{'lat': 41.2347194, 'lng': -95.1427549}"
673,10673,Santa Cruz County Offic...,"Lisbon, IA, USA","{'lat': 41.9211198, 'lng': -91.3854466}"
674,10674,Cedar Rapids Community ...,"4401 6th St SW, Cedar Rapids, IA 52404, USA","{'lat': 41.9352191, 'lng': -91.6750062}"
675,10675,Ankeny Community School...,"1302 N Ankeny Blvd, Ankeny, IA 50023, USA","{'lat': 41.7419813, 'lng': -93.6018371}"
676,10676,Libertyville Elementary...,"160 Jefferson St, Libertyville, IA 52567, USA","{'lat': 40.9581766, 'lng': -92.048481}"
677,10677,Anaheim Union High Scho...,"200 S Garnavillo St, Anamosa, IA 52205, USA","{'lat': 42.1052283, 'lng': -91.287881}"
678,10678,Cafe Clare,"696 Main St, Lansing, IA 52151, USA","{'lat': 43.3620804, 'lng': -91.22392430000001}"
679,10679,Westby Area Sch Dist,"105 E St, Hamburg, IA 51640, USA","{'lat': 40.6050626, 'lng': -95.6610523}"
680,10680,Fillmore Elementary Sch...,"1606 Brady St #100, Davenport, IA 52803, USA","{'lat': 41.536201, 'lng': -90.5747349}"
681,10681,Cedar Falls Community S...,"1002 W 1st St, Cedar Falls, IA 50613, USA","{'lat': 42.5371776, 'lng': -92.4577103}"
682,10682,Charles City Community ...,"500 N Grand Ave, Charles City, IA 50616, USA","{'lat': 43.0677544, 'lng': -92.67121259999999}"
683,10683,Jefferson-Scranton Scho...,"300 W Percival St, Rippey, IA 50235, USA","{'lat': 41.9354813, 'lng': -94.2055491}"
684,10684,Clarke Community Elemen...,"Osceola, IA 50213, USA","{'lat': 41.0342618, 'lng': -93.766759}"
685,10685,Holy Trinity High Schoo...,"2600 Ave A, Fort Madison, IA 52627, USA","{'lat': 40.6368175, 'lng': -91.3432332}"
686,10686,Vesper Elementary Schoo...,"Alton, IA 51003, USA","{'lat': 42.9874869, 'lng': -96.01057349999999}"
687,10687,Southern Prairie AEA,"200 W 6th St, Lineville, IA 50147, USA","{'lat': 40.5836009, 'lng': -93.5241224}"
688,10688,Gladbrook-Reinbeck Scho...,"Gladbrook, IA 50635, USA","{'lat': 42.1877647, 'lng': -92.715199}"
689,10689,Anderson Elementary Sch...,"300 Garfield St SW, Bondurant, IA 50035, USA","{'lat': 41.6984482, 'lng': -93.4654559}"
690,10690,Camanche Elementary Sch...,"Camanche, IA, USA","{'lat': 41.7853085, 'lng': -90.2529064}"
691,10691,Eden Prairie Schools,"921 3rd Ave SW, Le Mars, IA 51031, USA","{'lat': 42.7816737, 'lng': -96.17258559999999}"
692,10692,Antique Row Cafe,"1100 Linn St, Atlantic, IA 50022, USA","{'lat': 41.39926639999999, 'lng': -95.0061389}"
693,10693,Isaac NewtonChristian Academy,"1635 Linmar Dr NE, Cedar Rapids, IA 52402, USA","{'lat': 42.0064222, 'lng': -91.6723603}"
694,10694,Corwith-Wesley School District,"408 NW Elm St, Corwith, IA 50430, USA","{'lat': 42.9941386, 'lng': -93.95896479999999}"
695,10695,Eldora-New Providence High School,"1010 Edgington Ave, Eldora, IA 50627, USA","{'lat': 42.3609119, 'lng': -93.0963321}"
696,10696,Pleasant Valley Public School District,"2100 Territorial Rd, Le Claire, IA 52753, USA","{'lat': 41.6116581, 'lng': -90.37056899999999}"
697,10697,Iowa City Public School District,"600 Koser Ave, Iowa City, IA 52246, USA","{'lat': 41.6506018, 'lng': -91.5630948}"
698,10698,De Soto Intermediate School,"1608 Grove St, Adel, IA 50003, USA","{'lat': 41.6208764, 'lng': -94.02919659999999}"
699,10699,Heartland AEA 11,"4827 Madison Ave, Des Moines, IA 50310, USA","{'lat': 41.634907, 'lng': -93.68473499999999}"
