,_id,Name,Address,Geocodes
0,16200,School City of East Chi...,"4411 Magoun Ave, East Chicago, IN 46312, USA","{'lat': 41.633321, 'lng': -87.4814298}"
1,16201,"City of Laporte, Indian...","809 State St, La Porte, IN 46350, USA","{'lat': 41.61206200000001, 'lng': -86.7230111}"
2,16202,Indiana Fundamental Bib...,"68080 Co Rd 23, New Paris, IN 46553, USA","{'lat': 41.5048701, 'lng': -85.8277749}"
3,16203,Monroe County Community...,"300 W Clear Creek Dr, Bloomington, IN 47403, USA","{'lat': 39.1117845, 'lng': -86.5365168}"
4,16204,Penn-Harris-Madison Sch...,"10060 Brummitt Rd, Granger, IN 46530, USA","{'lat': 41.73406140000001, 'lng': -86.06586399999999}"
5,16205,Jennings County Schools,"800 W Walnut St, North Vernon, IN 47265, USA","{'lat': 38.9988337, 'lng': -85.6410784}"
6,16206,Castle High School,"3344 IN-261, Newburgh, IN 47630, USA","{'lat': 37.9858808, 'lng': -87.3841739}"
7,16207,Kankakee Valley School ...,"1000 S Halleck St, De Motte, IN 46310, USA","{'lat': 41.1925256, 'lng': -87.2003478}"
8,16208,School City of East Chi...,"1401 E 144th St, East Chicago, IN 46312, USA","{'lat': 41.6330726, 'lng': -87.4531209}"
9,16209,Community Schools of Fr...,"50 S Maish Rd, Frankfort, IN 46041, USA","{'lat': 40.2804007, 'lng': -86.4875323}"
10,16210,Blackford County School...,"668 W 200 S, Hartford City, IN 47348, USA","{'lat': 40.4210306, 'lng': -85.38268459999999}"
11,16211,Lake Ridge Middle Schoo...,"6111 W Ridge Rd, Gary, IN 46408, USA","{'lat': 41.5487396, 'lng': -87.4111451}"
12,16212,Kokomo Center School Co...,"Kokomo, IN 46904, USA","{'lat': 40.53, 'lng': -86.17999999999999}"
13,16213,Axis Cafe,"5225 E 56th St, Indianapolis, IN 46226, USA","{'lat': 39.8520967, 'lng': -86.0798184}"
14,16214,Batesville High School,"626 N Huntersville Rd, Batesville, IN 47006, USA","{'lat': 39.3061202, 'lng': -85.2338036}"
15,16215,Kankakee Valley School ...,"S Bierma St, Wheatfield Township, IN 46392, USA","{'lat': 41.1876664, 'lng': -87.0548814}"
16,16216,Lake Central School Cor...,"8400 Wicker Ave, St John, IN 46373, USA","{'lat': 41.4658068, 'lng': -87.4730886}"
17,16217,School City of Hammond,"8400 Wicker Ave, St John, IN 46373, USA","{'lat': 41.4658068, 'lng': -87.4730886}"
18,16218,North Spencer County Sc...,"1776 IN-162, Jasper, IN 47546, USA","{'lat': 38.3521714, 'lng': -86.8918494}"
19,16219,Delphi Community School...,"501 Armory Rd, Delphi, IN 46923, USA","{'lat': 40.5759817, 'lng': -86.66886029999999}"
20,16220,Greater Clark County Sc...,"420 Ewing Ln, Jeffersonville, IN 47130, USA","{'lat': 38.2901564, 'lng': -85.7104896}"
21,16221,Metropolitan School Dis...,"5108 S High School Rd, Indianapolis, IN 46221, USA","{'lat': 39.68946440000001, 'lng': -86.27156149999999}"
22,16222,Cloverdale Community Sc...,"310 E Logan St, Cloverdale, IN 46120, USA","{'lat': 39.5109654, 'lng': -86.78998399999999}"
23,16223,Greater Clark County Sc...,"8804 High Jackson Rd, Charlestown, IN 47111, USA","{'lat': 38.4352306, 'lng': -85.66871630000001}"
24,16224,Billings Elementary Sch...,"900 Big Blue Ave, Greensburg, IN 47240, USA","{'lat': 39.3443784, 'lng': -85.46329680000001}"
25,16225,Janus Developmental Ser...,"1555 Westfield Rd, Noblesville, IN 46062, USA","{'lat': 40.0416044, 'lng': -86.0460293}"
26,16226,Metropolitan School Dis...,"4640 Santa Fe Dr, Indianapolis, IN 46241, USA","{'lat': 39.71461499999999, 'lng': -86.2448258}"
27,16227,Metropolitan School Dis...,"5275 Kentucky Ave, Indianapolis, IN 46221, USA","{'lat': 39.6864815, 'lng': -86.27707710000001}"
28,16228,Central Indiana ESC 9,"6321 La Pas Trail, Indianapolis, IN 46268, USA","{'lat': 39.8705139, 'lng': -86.2382353}"
29,16229,New Castle Middle Schoo...,"806 S 22nd St, New Castle, IN 47362, USA","{'lat': 39.9238964, 'lng': -85.3574672}"
30,16230,Special Education Svc,"1 SE 9th St, Evansville, IN 47708, USA","{'lat': 37.97360159999999, 'lng': -87.5660396}"
31,16231,Central Noble Community...,"401 E Highland St, Albion, IN 46701, USA","{'lat': 41.3981873, 'lng': -85.41858769999999}"
32,16232,Covenant Christian High...,"7525 W 21st St, Indianapolis, IN 46214, USA","{'lat': 39.7929437, 'lng': -86.2931356}"
33,16233,Elkhart Community Schoo...,"704 W Lincoln Ave, Goshen, IN 46526, USA","{'lat': 41.585313, 'lng': -85.8441129}"
34,16234,Lakewood Park Baptist C...,"5555 Co Rd 29, Auburn, IN 46706, USA","{'lat': 41.32946020000001, 'lng': -85.0506291}"
35,16235,Pioneer Regional School...,"167 S Main Cross St, Hanover, IN 47243, USA","{'lat': 38.7102179, 'lng': -85.471719}"
36,16236,Culver Academics,"1300 Academy Rd, Culver, IN 46511, USA","{'lat': 41.2229063, 'lng': -86.4161192}"
37,16237,Phaseit  Inc.,"2549 Highway Ave, Highland, IN 46322, USA","{'lat': 41.5558688, 'lng': -87.4670141}"
38,16238,Pioneer Regional School...,"1100 E Spring St, Bluffton, IN 46714, USA","{'lat': 40.727677, 'lng': -85.15717219999999}"
39,16239,Edinburgh Community Sch...,"202 Keeley St, Edinburgh, IN 46124, USA","{'lat': 39.3529242, 'lng': -85.9700055}"
40,16240,Indianapolis Public Sch...,"653 N Somerset Ave, Indianapolis, IN 46222, USA","{'lat': 39.7760893, 'lng': -86.22132859999999}"
41,16241,Delaware Community Scho...,"7821 IN-3, Muncie, IN 47303, USA","{'lat': 40.2603996, 'lng': -85.368645}"
42,16242,The Charter School of t...,"860 N Lake St, Gary, IN 46403, USA","{'lat': 41.6186849, 'lng': -87.2694302}"
43,16243,Avon Community School C...,"7203 E US Hwy 36, Avon, IN 46123, USA","{'lat': 39.7615307, 'lng': -86.3945626}"
44,16244,Jac-Cen-Del Communtiy S...,"723 N Buckeye St, Osgood, IN 47037, USA","{'lat': 39.1357553, 'lng': -85.29383170000001}"
45,16245,Bartholomew Consolidate...,"2650 Home Ave, Columbus, IN 47201, USA","{'lat': 39.2262192, 'lng': -85.9126848}"
46,16246,Franklin Community Scho...,"2600 Cumberland Dr, Franklin, IN 46131, USA","{'lat': 39.511817, 'lng': -86.0884774}"
47,16247,Concord Community Schoo...,"59117 Minuteman Way, Elkhart, IN 46517, USA","{'lat': 41.6356983, 'lng': -85.9286979}"
48,16248,Culver Academics,"1300 Academy Rd, Culver, IN 46511, USA","{'lat': 41.2229063, 'lng': -86.4161192}"
49,16249,Elkhart Community Schoo...,"705 Indiana St, Bristol, IN 46507, USA","{'lat': 41.7169592, 'lng': -85.8250254}"
50,16250,Clarksville Community S...,"200 E Ettels Ln, Clarksville, IN 47129, USA","{'lat': 38.2995538, 'lng': -85.76606509999999}"
51,16251,Pioneer Regional School...,"210 W Culver Rd, Knox, IN 46534, USA","{'lat': 41.2865538, 'lng': -86.6251068}"
52,16252,Pioneer Regional School...,"2 Redskin Trail, Knox, IN 46534, USA","{'lat': 41.2859214, 'lng': -86.62596599999999}"
53,16253,School City of Hammond,"41 E Williams St, Hammond, IN 46320, USA","{'lat': 41.6115798, 'lng': -87.524169}"
54,16254,Pioneer Regional School...,"628 S Bennett St, Bluffton, IN 46714, USA","{'lat': 40.7337028, 'lng': -85.16922339999999}"
55,16255,Fayette County School C...,"1401 Spartan Dr, Connersville, IN 47331, USA","{'lat': 39.6320155, 'lng': -85.1654751}"
56,16256,Clay Community Schools,"1860 E County Rd 600 N, Brazil, IN 47834, USA","{'lat': 39.473358, 'lng': -87.073719}"
57,16257,Community Schools of Fr...,"1900 S Jackson St, Frankfort, IN 46041, USA","{'lat': 40.26529379999999, 'lng': -86.51307779999999}"
58,16258,Hancock South Madison J...,"1834 Fields Blvd, Greenfield, IN 46140, USA","{'lat': 39.8113145, 'lng': -85.77427349999999}"
59,16259,Butler University,"4600 Sunset Ave, Indianapolis, IN 46208, USA","{'lat': 39.8381669, 'lng': -86.1705391}"
60,16260,Evansville Day School,"3400 N Green River Rd, Evansville, IN 47715, USA","{'lat': 38.0106898, 'lng': -87.49498129999999}"
61,16261,Floyds Knobs Elementary,"1021 Hazelwood Ave, New Albany, IN 47150, USA","{'lat': 38.30067, 'lng': -85.80811589999999}"
62,16262,Greater Clark County Schools,"603 Market St, Charlestown, IN 47111, USA","{'lat': 38.4463762, 'lng': -85.6674598}"
63,16263,Greater Clark County Schools,"8804 High Jackson Rd, Charlestown, IN 47111, USA","{'lat': 38.4352306, 'lng': -85.66871630000001}"
64,16264,Monroe County Community School Corporation,"3901 N Kinser Pike, Bloomington, IN 47404, USA","{'lat': 39.2023625, 'lng': -86.5490592}"
65,16265,Duneland School Corporation,"2500 Indian Boundary Rd, Chesterton, IN 46304, USA","{'lat': 41.6166515, 'lng': -87.018958}"
66,16266,Hamilton Southeastern Schools,"13910 E 126th St, Fishers, IN 46037, USA","{'lat': 39.9705991, 'lng': -85.91720839999999}"
67,16267,Greater Clark County Schools,"2315 Allison Ln, Jeffersonville, IN 47130, USA","{'lat': 38.31630320000001, 'lng': -85.7114658}"
68,16268,Bristol Elementary School,"53215 County Rd 15, Elkhart, IN 46514, USA","{'lat': 41.7214452, 'lng': -85.9040595}"
69,16269,Indianapolis Public School,"3445 Central Ave, Indianapolis, IN 46205, USA","{'lat': 39.8191932, 'lng': -86.1491818}"
70,16270,Metropolitan School District of Lawrence Town...,"7802 Hague Rd, Indianapolis, IN 46256, USA","{'lat': 39.8961663, 'lng': -86.0349536}"
71,16271,Special Education Svc,"1300 Washington Ave, Evansville, IN 47714, USA","{'lat': 37.9637555, 'lng': -87.5398945}"
72,16272,MSD of Wayne Township,"2805 S Lynhurst Dr, Indianapolis, IN 46241, USA","{'lat': 39.7246983, 'lng': -86.2456988}"
73,16273,Special Education Svc,"2100 N Fulton Ave, Evansville, IN 47710, USA","{'lat': 37.9992674, 'lng': -87.58152179999999}"
74,16274,Portage Township Schools,"2701 Hamstrom Rd, Portage, IN 46368, USA","{'lat': 41.57349809999999, 'lng': -87.1672972}"
75,16275,Culver Community Highschool,"701 School St, Culver, IN 46511, USA","{'lat': 41.2250781, 'lng': -86.4255321}"
76,16276,Indianapolis Public School,"1410 Wade St, Indianapolis, IN 46203, USA","{'lat': 39.7354203, 'lng': -86.1359014}"
77,16277,Fort Wayne Community Schools,"3000 New Haven Ave, Fort Wayne, IN 46803, USA","{'lat': 41.0683714, 'lng': -85.09950420000001}"
78,16278,Columbia City High School,"600 N Whitley St, Columbia City, IN 46725, USA","{'lat': 41.1631218, 'lng': -85.4825511}"
79,16279,Indiana Department of Education,"500 Earlywood Dr, Franklin, IN 46131, USA","{'lat': 39.52124269999999, 'lng': -86.0735797}"
80,16280,Ivy Tech Community College,"W 26th St, Indianapolis, IN 46208, USA","{'lat': 39.8037264, 'lng': -86.1745432}"
81,16281,"Campagna Academy, Inc.","7403 Cline Ave, Schererville, IN 46375, USA","{'lat': 41.4834821, 'lng': -87.4311268}"
82,16282,Gary Community School Corp,"415 W 45th St, Gary, IN 46408, USA","{'lat': 41.5359405, 'lng': -87.342291}"
83,16283,Metropolian School District of Perry Township,"Indianapolis, IN 46227, USA","{'lat': 39.68016739999999, 'lng': -86.1242881}"
84,16284,West Clark Community Schools,"213 N Ferguson St, Henryville, IN 47126, USA","{'lat': 38.5459302, 'lng': -85.7729703}"
85,16285,Indianapolis Public School,"1740 E 30th St, Indianapolis, IN 46218, USA","{'lat': 39.8118597, 'lng': -86.12906100000001}"
86,16286,Franklin Township Community School Corporatio...,"6215 S Franklin Rd, Indianapolis, IN 46259, USA","{'lat': 39.6760364, 'lng': -86.01595089999999}"
87,16287,Indianapolis Public School,"4825 N Arlington Ave, Indianapolis, IN 46226, USA","{'lat': 39.8435354, 'lng': -86.0633154}"
88,16288,Christel House Inc,"Columbia Park, 2717 S East St, Indianapolis, IN 46225, USA","{'lat': 39.7273196, 'lng': -86.1474722}"
89,16289,Indianapolis Public School,"653 N Somerset Ave, Indianapolis, IN 46222, USA","{'lat': 39.7760893, 'lng': -86.22132859999999}"
90,16290,Fayette County School Corporation,"1401 Fayette St, Connersville, IN 47331, USA","{'lat': 39.64871730000001, 'lng': -85.12858899999999}"
91,16291,Hamilton Southeastern Schools,"13485 Cumberland Rd, Fishers, IN 46038, USA","{'lat': 39.9847287, 'lng': -85.99516009999999}"
92,16292,Center Grove Community School Corporation,"2929 S Morgantown Rd, Greenwood, IN 46143, USA","{'lat': 39.5731823, 'lng': -86.19617769999999}"
93,16293,Duneland School Corporation,"50-1 W 900 N, Chesterton, IN 46304, USA","{'lat': 41.5618644, 'lng': -87.077169}"
94,16294,Cathedral High School,"5225 E 56th St, Indianapolis, IN 46226, USA","{'lat': 39.8520967, 'lng': -86.0798184}"
95,16295,Culver Community Highschool,"401 School St, Culver, IN 46511, USA","{'lat': 41.2197974, 'lng': -86.4246622}"
96,16296,Lafayette Public School System,"1801 S 18th St, Lafayette, IN 47909, USA","{'lat': 40.3985978, 'lng': -86.8758502}"
97,16297,Gary Community School Corp,"1320 E 19th Ave, Gary, IN 46407, USA","{'lat': 41.5839884, 'lng': -87.3206764}"
98,16298,Indianapolis Public School,"1450 S Reisner St, Indianapolis, IN 46221, USA","{'lat': 39.7466127, 'lng': -86.1899564}"
99,16299,Lewis Cass Junior-Senior High School,"6422 IN-218, Walton, IN 46994, USA","{'lat': 40.6636628, 'lng': -86.2533541}"
100,16300,Indianapolis Public School,"2405 Madison Ave, Indianapolis, IN 46225, USA","{'lat': 39.7333845, 'lng': -86.15212369999999}"
101,16301,Indianapolis Public School,"1500 E Michigan St, Indianapolis, IN 46201, USA","{'lat': 39.7761846, 'lng': -86.13337659999999}"
102,16302,Garrett-Keyser-Butler Community School Distri...,"801 E Houston St, Garrett, IN 46738, USA","{'lat': 41.3467725, 'lng': -85.1268665}"
103,16303,Indianapolis Public School,"1501 E 10th St, Indianapolis, IN 46201, USA","{'lat': 39.7802469, 'lng': -86.1326404}"
104,16304,Special Education Svc,"211 Fielding Rd, Evansville, IN 47715, USA","{'lat': 37.973365, 'lng': -87.4856221}"
105,16305,Kokomo Center School Corporation,"2501 S Berkley Rd, Kokomo, IN 46902, USA","{'lat': 40.4555488, 'lng': -86.1572119}"
106,16306,Carmel High School Planetarium,"12415 Shelborne Rd, Carmel, IN 46032, USA","{'lat': 39.9655658, 'lng': -86.2197406}"
107,16307,Carmel High School Planetarium,"400 S Guilford Rd, Carmel, IN 46032, USA","{'lat': 39.9740189, 'lng': -86.1422243}"
108,16308,Jennings County Schools,"800 W Walnut St, North Vernon, IN 47265, USA","{'lat': 38.9988337, 'lng': -85.6410784}"
109,16309,School City of Hammond,"5825 S Blaine Ave, Hammond, IN 46320, USA","{'lat': 41.6070475, 'lng': -87.5171728}"
110,16310,Frontier School Corporation,"Chalmers, IN 47929, USA","{'lat': 40.6630933, 'lng': -86.86945709999999}"
111,16311,Bristol Elementary School,"501 W Lusher Ave, Elkhart, IN 46517, USA","{'lat': 41.6663029, 'lng': -85.9738813}"
112,16312,Fort Wayne Community Schools,"3829 Sand Point Rd, Fort Wayne, IN 46809, USA","{'lat': 41.0304366, 'lng': -85.1904934}"
113,16313,MSD of Wayne Township,"1200 N Girls School Rd, Indianapolis, IN 46214, USA","{'lat': 39.7827876, 'lng': -86.2934069}"
114,16314,Indianapolis Public School,"2353 Columbia Ave, Indianapolis, IN 46205, USA","{'lat': 39.8009343, 'lng': -86.1364242}"
115,16315,Special Education Svc,"5400 N First Ave, Evansville, IN 47710, USA","{'lat': 38.029056, 'lng': -87.577349}"
116,16316,Knightstown High School,"8149 US-40, Knightstown, IN 46148, USA","{'lat': 39.7930216, 'lng': -85.5424998}"
117,16317,Greenfield-Central Community Schools,"810 N Broadway St, Greenfield, IN 46140, USA","{'lat': 39.7932862, 'lng': -85.7819176}"
118,16318,Crown Point Community Schools,"1500 S Main St, Crown Point, IN 46307, USA","{'lat': 41.3878349, 'lng': -87.360475}"
119,16319,Hamilton Community Schools,"901 S Wayne St, Hamilton, IN 46742, USA","{'lat': 41.52316099999999, 'lng': -84.919377}"
120,16320,East Washington School Corporation,"1100 N Eastern School Rd, New Pekin, IN 47165, USA","{'lat': 38.514589, 'lng': -86.00228899999999}"
121,16321,Metropolitan School District of Decatur Towns...,"5108 S High School Rd, Indianapolis, IN 46221, USA","{'lat': 39.68946440000001, 'lng': -86.27156149999999}"
122,16322,Kokomo-Center Township Consolidated School Co...,"1901 W Blvd St, Kokomo, IN 46902, USA","{'lat': 40.4606231, 'lng': -86.15689390000001}"
123,16323,Lakewood Park Baptist Church,"5555 Co Rd 29, Auburn, IN 46706, USA","{'lat': 41.32946020000001, 'lng': -85.0506291}"
124,16324,CARROLL HIGH SCHOOL,"3701 Carroll Rd, Fort Wayne, IN 46818, USA","{'lat': 41.190198, 'lng': -85.192605}"
125,16325,Brownstown Central Schools,"500 N Elm St, Brownstown, IN 47220, USA","{'lat': 38.88618900000001, 'lng': -86.0454716}"
126,16326,Davis Park Elementary School,"310 S 18th St, Terre Haute, IN 47807, USA","{'lat': 39.4640035, 'lng': -87.3888511}"
127,16327,Lebanon Community School Corporation,"1810 N Grant St, Lebanon, IN 46052, USA","{'lat': 40.0628062, 'lng': -86.4576285}"
128,16328,Crawford County Jr-Sr High,"1130 IN-66, Marengo, IN 47140, USA","{'lat': 38.3193875, 'lng': -86.3528504}"
129,16329,Needmore Elementary School,"6608 E State Rd 58, Heltonville, IN 47436, USA","{'lat': 38.9305147, 'lng': -86.3751326}"
130,16330,Liberty Christian School,"2323 Columbus Ave, Anderson, IN 46016, USA","{'lat': 40.0928616, 'lng': -85.6674874}"
131,16331,Covenant Christian High School,"7525 W 21st St, Indianapolis, IN 46214, USA","{'lat': 39.7929437, 'lng': -86.2931356}"
132,16332,Central Noble Community School Corporation,"401 E Highland St, Albion, IN 46701, USA","{'lat': 41.3981873, 'lng': -85.41858769999999}"
133,16333,School City of Hobart,"400 N Wilson St, Hobart, IN 46342, USA","{'lat': 41.544777, 'lng': -87.28007}"
134,16334,Indian Creek Schools,"803 W Indian Creek Dr, Trafalgar, IN 46181, USA","{'lat': 39.40715429999999, 'lng': -86.16050249999999}"
135,16335,Hamilton Southeastern Schools,"10595 Lantern Rd, Fishers, IN 46037, USA","{'lat': 39.9406827, 'lng': -86.012237}"
136,16336,Fairfield Community School Corporation,"67530 US-33, Goshen, IN 46526, USA","{'lat': 41.5177497, 'lng': -85.76778589999999}"
137,16337,MSD of Wayne Township,"1200 N Girls School Rd, Indianapolis, IN 46214, USA","{'lat': 39.7827876, 'lng': -86.2934069}"
138,16338,Fayette County School Corporation,"1401 Spartan Dr, Connersville, IN 47331, USA","{'lat': 39.6320155, 'lng': -85.1654751}"
139,16339,Special Education Svc,"6701 Darmstadt Rd, Evansville, IN 47710, USA","{'lat': 38.0406702, 'lng': -87.5731067}"
140,16340,Special Education Svc,"2603 W Maryland St, Evansville, IN 47712, USA","{'lat': 37.987136, 'lng': -87.604112}"
141,16341,Clarksville Community School Corporation,"200 E Ettels Ln, Clarksville, IN 47129, USA","{'lat': 38.2995538, 'lng': -85.76606509999999}"
142,16342,Veritas Academy,"530 E Ireland Rd, South Bend, IN 46614, USA","{'lat': 41.62857959999999, 'lng': -86.24371470000001}"
143,16343,Bristol Elementary School,"2608 California Rd, Elkhart, IN 46514, USA","{'lat': 41.6969951, 'lng': -86.0137518}"
144,16344,Indianapolis Public School,"1140 Doctor M.L.K. Jr St, Indianapolis, IN 46202, USA","{'lat': 39.7829242, 'lng': -86.169851}"
145,16345,Kokomo-Center Township Consolidated School Co...,"923 N Korby St, Kokomo, IN 46901, USA","{'lat': 40.49423170000001, 'lng': -86.1490769}"
146,16346,Concord Community Schools,"59040 Minuteman Way, Elkhart, IN 46517, USA","{'lat': 41.6345057, 'lng': -85.93002700000001}"
147,16347,Indianapolis Public School,"2215 W Washington St, Indianapolis, IN 46222, USA","{'lat': 39.7651095, 'lng': -86.1991575}"
148,16348,Eastern Pulaski Community School Corporation,"715 School Dr, Winamac, IN 46996, USA","{'lat': 41.04594700000001, 'lng': -86.59630399999999}"
149,16349,Columbia City High School,"600 N Whitley St, Columbia City, IN 46725, USA","{'lat': 41.1631218, 'lng': -85.4825511}"
150,16350,Goshen Chamber Of Commerce,"232 S Main St, Goshen, IN 46526, USA","{'lat': 41.5839406, 'lng': -85.83410599999999}"
151,16351,Canterbury School of Fort Wayne,"3210 Smith Rd, Fort Wayne, IN 46804, USA","{'lat': 41.0541247, 'lng': -85.2120692}"
152,16352,Bethany Community Church,"2904 S Main St, Goshen, IN 46526, USA","{'lat': 41.5455389, 'lng': -85.8266256}"
153,16353,Southeast Fountain Elementary School,"750 US Hwy 136, Veedersburg, IN 47987, USA","{'lat': 40.1063712, 'lng': -87.2271677}"
154,16354,Anderson Community School Corporation,"2108 E 200 N, Anderson, IN 46012, USA","{'lat': 40.1369199, 'lng': -85.6303184}"
155,16355,Westfield Washington Schools,"16231 Carey Rd, Westfield, IN 46074, USA","{'lat': 40.0244192, 'lng': -86.10698270000002}"
156,16356,Center Grove Community School Corporation,"2717 S Morgantown Rd, Greenwood, IN 46143, USA","{'lat': 39.5755892, 'lng': -86.194643}"
157,16357,Floyds Knobs Elementary,"3492 Edwardsville Galena Rd, Georgetown, IN 47122, USA","{'lat': 38.3245556, 'lng': -85.9289374}"
158,16358,Indiana Institute of Technology,"1600 E Washington Blvd, Fort Wayne, IN 46803, USA","{'lat': 41.077818, 'lng': -85.116851}"
159,16359,Monroe County Community School Corporation,"900 S Park Square Dr, Bloomington, IN 47403, USA","{'lat': 39.1576125, 'lng': -86.5925075}"
160,16360,School City of Hammond,"1000 116th St, Whiting, IN 46394, USA","{'lat': 41.6843894, 'lng': -87.5036427}"
161,16361,Northwest Allen County Schools,"3701 Carroll Rd, Fort Wayne, IN 46818, USA","{'lat': 41.190198, 'lng': -85.192605}"
162,16362,Alexandria Community School Corporation,"1 Burden Ct, Alexandria, IN 46001, USA","{'lat': 40.2521566, 'lng': -85.6783201}"
163,16363,Hamilton Southeastern Schools,"12131 Olio Rd, Fishers, IN 46037, USA","{'lat': 39.9656938, 'lng': -85.9204695}"
164,16364,Special Education Svc,"1701 S Red Bank Rd, Evansville, IN 47712, USA","{'lat': 37.9584758, 'lng': -87.6295895}"
165,16365,Special Education Svc,"1301 Judson St, Evansville, IN 47713, USA","{'lat': 37.9582434, 'lng': -87.5609492}"
166,16366,School Town of Highland,"9135 Erie St, Highland, IN 46322, USA","{'lat': 41.5465057, 'lng': -87.45795269999999}"
167,16367,Bremen Elementary Middle Sch,"700 W South St, Bremen, IN 46506, USA","{'lat': 41.44418779999999, 'lng': -86.1533958}"
168,16368,Hamilton Southeastern Schools,"12001 Olio Rd, Fishers, IN 46037, USA","{'lat': 39.963218, 'lng': -85.92129790000001}"
169,16369,Blue River Valley School Corporation,"4741 N Hillsboro Rd, New Castle, IN 47362, USA","{'lat': 39.98244450000001, 'lng': -85.3276286}"
170,16370,Barr-Reeve Jr.-Sr. High School,"Montgomery, IN, USA","{'lat': 38.66254929999999, 'lng': -87.0461181}"
171,16371,Hanover Community School Corporation,"9520 W 133rd Ave, Cedar Lake, IN 46303, USA","{'lat': 41.3776916, 'lng': -87.4498308}"
172,16372,School City of Hammond,"5727 Sohl Ave, Hammond, IN 46320, USA","{'lat': 41.6094507, 'lng': -87.51300700000002}"
173,16373,Metropolian School District of Perry Township,"454 E Stop 11 Rd, Indianapolis, IN 46227, USA","{'lat': 39.6530405, 'lng': -86.14985759999999}"
174,16374,Catholic Diocese Office,"915 S Clinton St, Fort Wayne, IN 46802, USA","{'lat': 41.07786919999999, 'lng': -85.13697549999999}"
175,16375,Tippecanoe School Corporation,"5701 N 50 W, West Lafayette, IN 47906, USA","{'lat': 40.4986657, 'lng': -86.91388769999999}"
176,16376,Central Noble Community School Corporation,"302 Cougar Ct, Albion, IN 46701, USA","{'lat': 41.398205, 'lng': -85.41856299999999}"
177,16377,Forest Hills Special Ed Co-Op,"8045 State Rd 46, Ellettsville, IN 47429, USA","{'lat': 39.2472753, 'lng': -86.6485508}"
178,16378,Special Education Svc,"3013 N First Ave, Evansville, IN 47710, USA","{'lat': 38.0068742, 'lng': -87.5734928}"
179,16379,West Noble School Corporation,"610 Grand St, Ligonier, IN 46767, USA","{'lat': 41.460747, 'lng': -85.593307}"
180,16380,ITT Technical Institute,"2810 Dupont Commerce Ct, Fort Wayne, IN 46825, USA","{'lat': 41.1703234, 'lng': -85.1065514}"
181,16381,Hamilton Southeastern Schools,"13257 Cumberland Rd, Fishers, IN 46038, USA","{'lat': 39.981295, 'lng': -85.9966029}"
182,16382,Kokomo-Center Township Consolidated School Co...,"910 S Cooper St, Kokomo, IN 46901, USA","{'lat': 40.4777803, 'lng': -86.11163789999999}"
183,16383,Monroe County Community School Corporation,"627 W 8th St, Bloomington, IN 47404, USA","{'lat': 39.1695396, 'lng': -86.54085099999999}"
184,16384,Bristol Elementary School,"705 Indiana St, Bristol, IN 46507, USA","{'lat': 41.7169592, 'lng': -85.8250254}"
185,16385,School City of Hammond,"1670 175th St, Hammond, IN 46324, USA","{'lat': 41.5756843, 'lng': -87.4870145}"
186,16386,School City of East Chicago,"1100 W Columbus Dr, East Chicago, IN 46312, USA","{'lat': 41.6403209, 'lng': -87.4853127}"
187,16387,Delaware Community School Corporation,"28 East Dr, Muncie, IN 47302, USA","{'lat': 40.1878249, 'lng': -85.3572415}"
188,16388,Jay School Corporation,"2072 IN-67, Portland, IN 47371, USA","{'lat': 40.4293504, 'lng': -85.0226964}"
189,16389,Bristol Elementary School,"1 Blazer Blvd, Elkhart, IN 46516, USA","{'lat': 41.6851334, 'lng': -85.95887359999999}"
190,16390,Lafayette Christian School,"525 N 26th St, Lafayette, IN 47904, USA","{'lat': 40.42228739999999, 'lng': -86.866807}"
191,16391,Goshen Community School Corporation,"704 W Lincoln Ave, Goshen, IN 46526, USA","{'lat': 41.585313, 'lng': -85.8441129}"
192,16392,Evansville Christian School,"4400 Lincoln Ave, Evansville, IN 47714, USA","{'lat': 37.9700468, 'lng': -87.49683739999999}"
193,16393,Laporte Community School Corporation,"460 Evanston Rd, Kingsford Heights, IN 46346, USA","{'lat': 41.4818924, 'lng': -86.6964332}"
194,16394,Special Education Svc,"1 SE 9th St, Evansville, IN 47708, USA","{'lat': 37.97360159999999, 'lng': -87.5660396}"
195,16395,Kokomo Center School Corporation,"2415 S Berkley Rd, Kokomo, IN 46902, USA","{'lat': 40.4565261, 'lng': -86.1601158}"
196,16396,Community Schools of Frankfort,"1 S Maish Rd, Frankfort, IN 46041, USA","{'lat': 40.2813193, 'lng': -86.4849653}"
197,16397,Crown Point Community Schools,"1450 S Main St, Crown Point, IN 46307, USA","{'lat': 41.392221, 'lng': -87.3635474}"
198,16398,Diocese Of Southeast Florida,"5530 Hogue Rd, Evansville, IN 47712, USA","{'lat': 37.982792, 'lng': -87.6418491}"
199,16399,Metropolian School District of Perry Township,"8239 Morgantown Rd, Indianapolis, IN 46217, USA","{'lat': 39.6443542, 'lng': -86.1956338}"
200,16400,Penn-Harris-Madison School Corporation,"59400 Elm Rd, Mishawaka, IN 46544, USA","{'lat': 41.6316722, 'lng': -86.1371739}"
201,16401,Owensville Community School,"7670 S Eastview St, Fort Branch, IN 47648, USA","{'lat': 38.2399659, 'lng': -87.57094479999999}"
202,16402,Indiana Department of Education,"1200 Adams St, Decatur, IN 46733, USA","{'lat': 40.8268154, 'lng': -84.9351693}"
203,16403,Monroe County Community School Corporation,"1965 S Walnut St, Bloomington, IN 47401, USA","{'lat': 39.1431494, 'lng': -86.5287046}"
204,16404,Region 4 Education Service Center,"602 F St, La Porte, IN 46350, USA","{'lat': 41.6011891, 'lng': -86.7268627}"
205,16405,Lester B Sommer Elementary Sch,"3794 US Hwy 136, Crawfordsville, IN 47933, USA","{'lat': 40.06858829999999, 'lng': -86.9765644}"
206,16406,Duneland School Corporation,"601 W Morgan Ave, Chesterton, IN 46304, USA","{'lat': 41.6087847, 'lng': -87.059963}"
207,16407,Danville Community School Corporation,"100 Warrior Way, Danville, IN 46122, USA","{'lat': 39.7569997, 'lng': -86.5401579}"
208,16408,Father Thomas Scecina Memorial,"5000 Nowland Ave, Indianapolis, IN 46201, USA","{'lat': 39.7868616, 'lng': -86.0853726}"
209,16409,School Town of Munster,"8718 White Oak Ave, Munster, IN 46321, USA","{'lat': 41.5551288, 'lng': -87.4920423}"
210,16410,Howe Military School,"5755 IN-9, Howe, IN 46746, USA","{'lat': 41.7230151, 'lng': -85.4254265}"
211,16411,Castle High School,"915 N 4th St, Boonville, IN 47601, USA","{'lat': 38.0564963, 'lng': -87.2691387}"
212,16412,Shelbyville Central Schools,"121 N Knightstown Rd, Shelbyville, IN 46176, USA","{'lat': 39.5333371, 'lng': -85.7603362}"
213,16413,Indianapolis Public School,"2107 N Riley Ave, Indianapolis, IN 46218, USA","{'lat': 39.7973053, 'lng': -86.0853726}"
214,16414,Heritage Hall Christian School,"6401 W River Rd, Muncie, IN 47304, USA","{'lat': 40.187477, 'lng': -85.460363}"
215,16415,Eastern Greene Schools,"E State Rd 54, Richland Township, IN 47424, USA","{'lat': 39.0406509, 'lng': -86.8473321}"
216,16416,Atwood Elementary School,"W Church St, Leesburg, IN 46538, USA","{'lat': 41.3297891, 'lng': -85.8516071}"
217,16417,Fort Wayne Community Schools,"2201 S Maplecrest Rd, Fort Wayne, IN 46815, USA","{'lat': 41.0987585, 'lng': -85.0617424}"
218,16418,Monroe County Community School Corporation,"2300 E 2nd St, Bloomington, IN 47401, USA","{'lat': 39.160065, 'lng': -86.5051028}"
219,16419,School City of Hobart,"36 E 8th St, Hobart, IN 46342, USA","{'lat': 41.5263423, 'lng': -87.258879}"
220,16420,Union School District,"424 W 500 N, Valparaiso, IN 46385, USA","{'lat': 41.5064606, 'lng': -87.14856209999999}"
221,16421,Special Education Svc,"901 Sweetser Ave, Evansville, IN 47713, USA","{'lat': 37.9505621, 'lng': -87.549938}"
222,16422,Percussive Arts Society,"32 E Washington St #1400, Indianapolis, IN 46204, USA","{'lat': 39.7673497, 'lng': -86.1569337}"
223,16423,School City of Hobart,"301 E 10th St, Hobart, IN 46342, USA","{'lat': 41.5209919, 'lng': -87.2570133}"
224,16424,Special Education Svc,"1230 E Illinois St, Evansville, IN 47711, USA","{'lat': 37.9795938, 'lng': -87.5418261}"
225,16425,Gary Community School Corp,"601 Jackson St, Gary, IN 46402, USA","{'lat': 41.599525, 'lng': -87.3439205}"
226,16426,Floyds Knobs Elementary,"4484 Scottsville Rd, Floyds Knobs, IN 47119, USA","{'lat': 38.3394249, 'lng': -85.8718138}"
227,16427,Gary Community School Corp,"1988 Polk St, Gary, IN 46407, USA","{'lat': 41.5832864, 'lng': -87.3495069}"
228,16428,Indianapolis Public School,"1349 E 54th St, Indianapolis, IN 46220, USA","{'lat': 39.8506094, 'lng': -86.1354242}"
229,16429,Kokomo-Center Township Consolidated School Co...,"919 N Korby St, Kokomo, IN 46901, USA","{'lat': 40.4947126, 'lng': -86.1502154}"
230,16430,Floyds Knobs Elementary,"2230 Green Valley Rd, New Albany, IN 47150, USA","{'lat': 38.3074727, 'lng': -85.835555}"
231,16431,Fort Wayne Community Schools,"6700 Trier Rd, Fort Wayne, IN 46815, USA","{'lat': 41.1127444, 'lng': -85.0547632}"
232,16432,Special Education Svc,"635 Lincoln Ave, Evansville, IN 47713, USA","{'lat': 37.9695455, 'lng': -87.5558085}"
233,16433,Lincoln School,"635 Lincoln Ave, Evansville, IN 47713, USA","{'lat': 37.9695455, 'lng': -87.5558085}"
234,16434,South Bend Community School Corporation,"19131 Darden Rd, South Bend, IN 46637, USA","{'lat': 41.7319028, 'lng': -86.2383969}"
235,16435,Elkhart Housing Partnership,"2608 California Rd, Elkhart, IN 46514, USA","{'lat': 41.6969951, 'lng': -86.0137518}"
236,16436,Ivy Tech Community College,"907 IN-267, Avon, IN 46123, USA","{'lat': 39.7495419, 'lng': -86.3982178}"
237,16437,Msd Of Lawrence Twp,"6333 Lee Rd, Indianapolis, IN 46236, USA","{'lat': 39.8718866, 'lng': -85.9982036}"
238,16438,Billings Elementary School,"505 E Central Ave, Greensburg, IN 47240, USA","{'lat': 39.3394062, 'lng': -85.4771159}"
239,16439,Ivy Tech Community College,"176 IN-267, Avon, IN 46123, USA","{'lat': 39.7599667, 'lng': -86.4042199}"
240,16440,Metropolitan School District of Decatur Towns...,"5108 S High School Rd, Indianapolis, IN 46221, USA","{'lat': 39.68946440000001, 'lng': -86.27156149999999}"
241,16441,Lanesville Community School Corporation,"2725 Crestview Ave NE, Lanesville, IN 47136, USA","{'lat': 38.2394083, 'lng': -85.9888677}"
242,16442,Faith Baptist Church,"5526 IN-26, Lafayette, IN 47905, USA","{'lat': 40.4187467, 'lng': -86.7983371}"
243,16443,Davis Park Elementary School,"310 S 18th St, Terre Haute, IN 47807, USA","{'lat': 39.4640035, 'lng': -87.3888511}"
244,16444,Knightstown High School,"Carthage, IN 46115, USA","{'lat': 39.7383781, 'lng': -85.5719189}"
245,16445,Carroll Elementary School,"105 S 225 E, Flora, IN 46929, USA","{'lat': 40.5437384, 'lng': -86.4812528}"
246,16446,Vigo County School Corporation,"1750 8th Ave, Terre Haute, IN 47804, USA","{'lat': 39.4852874, 'lng': -87.3892128}"
247,16447,Batesville High School,"1 Bulldog Blvd W, Batesville, IN 47006, USA","{'lat': 39.3108997, 'lng': -85.23415829999999}"
248,16448,Blue River Valley School Corporation,"4741 Viking Trail, New Castle, IN 47362, USA","{'lat': 40.0019205, 'lng': -85.32864459999999}"
249,16449,Kokomo-Center Township Consolidated School Co...,"2501 S Berkley Rd, Kokomo, IN 46902, USA","{'lat': 40.4555488, 'lng': -86.1572119}"
250,16450,Challenger Learning Center,"725 S Green St, Brownsburg, IN 46112, USA","{'lat': 39.831917, 'lng': -86.4004003}"
251,16451,Forest Hills Special Ed Co-Op,"601 Edgewood Dr, Ellettsville, IN 47429, USA","{'lat': 39.2340568, 'lng': -86.6381617}"
252,16452,Anderson Community School Corporation,"3525 Winding Way, Anderson, IN 46011, USA","{'lat': 40.107449, 'lng': -85.73341239999999}"
253,16453,Bartholomew Consolidated School Corporation,"1400 25th St, Columbus, IN 47201, USA","{'lat': 39.2247317, 'lng': -85.9111673}"
254,16454,Concordia Lutheran School,"520 S Chestnut St, Seymour, IN 47274, USA","{'lat': 38.9530015, 'lng': -85.8891551}"
255,16455,Hasten Hebrew Academy,"6602 Hoover Rd, Indianapolis, IN 46260, USA","{'lat': 39.8765052, 'lng': -86.1759706}"
256,16456,Bloomfield Elementary School,"Bloomfield, IN 47424, USA","{'lat': 39.0269903, 'lng': -86.9375068}"
257,16457,Richmond Community School,"380 Hub Etchison Pkwy, Richmond, IN 47374, USA","{'lat': 39.82019349999999, 'lng': -84.90052229999999}"
258,16458,Franklin County Community Schools Corporation,"Brookville, IN 47012, USA","{'lat': 39.4231065, 'lng': -85.0127376}"
259,16459,Flat Rock-Hawcreek School Corporation,"9575 IN-9, Hope, IN 47246, USA","{'lat': 39.2948423, 'lng': -85.77035}"
260,16460,Goshen Community School Corporation,"613 E Purl St, Goshen, IN 46526, USA","{'lat': 41.5800861, 'lng': -85.82550549999999}"
261,16461,Blackford County Schools,"668 W 200 S, Hartford City, IN 47348, USA","{'lat': 40.4210306, 'lng': -85.38268459999999}"
262,16462,Lewis Cass Junior-Senior High School,"401 S Maple St, Galveston, IN 46932, USA","{'lat': 40.5744956, 'lng': -86.1921802}"
263,16463,Crawford County Jr-Sr High,"5805 E Administration Rd, Milltown, IN 47145, USA","{'lat': 38.3216398, 'lng': -86.352369}"
264,16464,Davis Park Elementary School,"1275 3rd Ave, Terre Haute, IN 47807, USA","{'lat': 39.4798962, 'lng': -87.3981433}"
265,16465,School City of Mishawaka,"1801 N Main St, Mishawaka, IN 46545, USA","{'lat': 41.6764609, 'lng': -86.18328149999999}"
266,16466,Indianapolis Public School,"725 N New Jersey St, Indianapolis, IN 46202, USA","{'lat': 39.77713070000001, 'lng': -86.15013590000001}"
267,16467,Commonwealth Business College,"1000 E 80th Pl #101N, Merrillville, IN 46410, USA","{'lat': 41.4736637, 'lng': -87.3260707}"
268,16468,Cowan Community School Corporation,"9401 S Nottingham St, Muncie, IN 47302, USA","{'lat': 40.1080198, 'lng': -85.3931312}"
269,16469,Fort Wayne Community Schools,"1200 S Clinton St, Fort Wayne, IN 46802, USA","{'lat': 41.0743575, 'lng': -85.13780469999999}"
270,16470,Indianapolis Public School,"10101 E 38th St, Indianapolis, IN 46235, USA","{'lat': 39.8252738, 'lng': -85.98935089999999}"
271,16471,Carmel High School Planetarium,"300 S Guilford Rd, Carmel, IN 46032, USA","{'lat': 39.97499250000001, 'lng': -86.143377}"
272,16472,Metropolitan School District of Lawrence Township,"7802 Hague Rd, Indianapolis, IN 46256, USA","{'lat': 39.8961663, 'lng': -86.0349536}"
273,16473,Marion Community Schools,"2909 S Torrence St, Marion, IN 46953, USA","{'lat': 40.535748, 'lng': -85.66589599999999}"
274,16474,Metropolian School District of Perry Township,"5225 Gray Rd, Indianapolis, IN 46237, USA","{'lat': 39.6906006, 'lng': -86.09452720000002}"
275,16475,Kokomo-Center Township Consolidated School Corporation,"Kokomo, IN 46904, USA","{'lat': 40.53, 'lng': -86.17999999999999}"
276,16476,Indianapolis Public School,"3351 W 18th St, Indianapolis, IN 46222, USA","{'lat': 39.7895071, 'lng': -86.2150953}"
277,16477,Fayette County School Corporation,"1100 Spartan Dr, Connersville, IN 47331, USA","{'lat': 39.6366808, 'lng': -85.1605745}"
278,16478,Indianapolis Public School,"545 E 19th St, Indianapolis, IN 46202, USA","{'lat': 39.7916755, 'lng': -86.14775050000001}"
279,16479,Community Schools of Frankfort,"50 S Maish Rd, Frankfort, IN 46041, USA","{'lat': 40.2804007, 'lng': -86.4875323}"
280,16480,Benton Community School Corporation,"4241 E 300 S, Oxford, IN 47971, USA","{'lat': 40.5639565, 'lng': -87.2423965}"
281,16481,Garrett-Keyser-Butler Community School District,"801 E Houston St, Garrett, IN 46738, USA","{'lat': 41.3467725, 'lng': -85.1268665}"
282,16482,Floyds Knobs Elementary,"4811 Grant Line Rd, New Albany, IN 47150, USA","{'lat': 38.356176, 'lng': -85.8161434}"
283,16483,Challenger Learning Center,"1000 S Odell St, Brownsburg, IN 46112, USA","{'lat': 39.8299773, 'lng': -86.38797079999999}"
284,16484,East Noble School Corp,"901 Garden St, Kendallville, IN 46755, USA","{'lat': 41.4347459, 'lng': -85.257449}"
285,16485,Greenfield-Central Schools,"810 N Broadway St, Greenfield, IN 46140, USA","{'lat': 39.7932862, 'lng': -85.7819176}"
286,16486,Metropolian School District of Perry Township,"5241 Brehob Rd, Indianapolis, IN 46217, USA","{'lat': 39.6887747, 'lng': -86.1654793}"
287,16487,Centerville Senior High School,"507 Willow Grove Rd, Centerville, IN 47330, USA","{'lat': 39.81292759999999, 'lng': -85.0009218}"
288,16488,Special Education Svc,"2021 S Alvord Blvd, Evansville, IN 47714, USA","{'lat': 37.9496505, 'lng': -87.5260619}"
289,16489,Lebanon Community School Corp,"510 Essex Dr, Lebanon, IN 46052, USA","{'lat': 40.05722110000001, 'lng': -86.46769379999999}"
290,16490,Metropolitan School District of Decatur Township,"5108 S High School Rd, Indianapolis, IN 46221, USA","{'lat': 39.68946440000001, 'lng': -86.27156149999999}"
291,16491,Metropolitan School District of Lawrence Township,"7300 E 56th St, Indianapolis, IN 46226, USA","{'lat': 39.8551339, 'lng': -86.040543}"
292,16492,Metropolian School District of Perry Township,"1551 Southview Dr, Indianapolis, IN 46227, USA","{'lat': 39.6674592, 'lng': -86.1318637}"
293,16493,Greater Clark County Schools,"1 Pirate Pl, Charlestown, IN 47111, USA","{'lat': 38.4543684, 'lng': -85.6672466}"
294,16494,Huntington County Community School Corporation,"1360 N Warren Rd, Huntington, IN 46750, USA","{'lat': 40.8455011, 'lng': -85.4686758}"
295,16495,Bristol Elementary School,"1027 McPherson St, Elkhart, IN 46514, USA","{'lat': 41.6979511, 'lng': -85.96310319999999}"
296,16496,COWAN COMMUNITY SCHOOLS,"9401 S Nottingham St, Muncie, IN 47302, USA","{'lat': 40.1080198, 'lng': -85.3931312}"
297,16497,Hamilton Southeastern Schools,"13485 Cumberland Rd, Fishers, IN 46038, USA","{'lat': 39.9843584, 'lng': -85.99644909999999}"
