,_id,Name,Address,Geocodes
0,9000,Holy Innocents Episcop...,"805 Mount Vernon Hwy, Sandy Springs, GA 30327, USA","{'lat': 33.9099063, 'lng': -84.4134364}"
1,9001,Clarke County School Di...,"1600 Tallassee Rd, Athens, GA 30606, USA","{'lat': 33.9899363, 'lng': -83.47354580000001}"
2,9002,Kevins Hamburger Heaven...,"104 Ash Branch Rd, Pembroke, GA 31321, USA","{'lat': 32.1415917, 'lng': -81.6205049}"
3,9003,Maggie Brown Pre-K Scho...,"700 Lora Smith Rd, Newnan, GA 30265, USA","{'lat': 33.3920965, 'lng': -84.70216409999999}"
4,9004,Cobb County School Dist...,"855 Woodlawn Dr NE, Marietta, GA 30068, USA","{'lat': 33.9692795, 'lng': -84.41710239999999}"
5,9005,Barrow County School Sy...,"Winder, GA 30680, USA","{'lat': 33.9926097, 'lng': -83.7201709}"
6,9006,Richmond County Board O...,"910 Russell St, Augusta, GA 30904, USA","{'lat': 33.4738113, 'lng': -82.005436}"
7,9007,Columbia County Board o...,"300 Ford Ave, Grovetown, GA 30813, USA","{'lat': 33.4454616, 'lng': -82.1941662}"
8,9008,Bibb County Public Scho...,"484 Mulberry St #330, Macon, GA 31201, USA","{'lat': 32.8363566, 'lng': -83.6261133}"
9,9009,Fulton County School Di...,"5575 Abbotts Bridge Rd, Johns Creek, GA 30097, USA","{'lat': 34.0550564, 'lng': -84.19611259999999}"
10,9010,"Cook County, Illinois","1109 N Parrish Ave, Adel, GA 31620, USA","{'lat': 31.1485777, 'lng': -83.4267703}"
11,9011,Atlanta Public School S...,"218 Trinity Ave SW, Atlanta, GA 30303, USA","{'lat': 33.7503833, 'lng': -84.39485189999999}"
12,9012,Georgia Institute of Te...,"1050 Lenox Park Blvd NE #7112, Atlanta, GA 30319, USA","{'lat': 33.8516584, 'lng': -84.3486181}"
13,9013,International Community...,"3260 Covington Hwy, Decatur, GA 30032, USA","{'lat': 33.7745159, 'lng': -84.25697629999999}"
14,9014,Georgia Department of E...,"1116 E 24th Ave, Cordele, GA 31015, USA","{'lat': 31.9538099, 'lng': -83.7634349}"
15,9015,Oakland Elementary Scho...,"196 McCutchen St, Ellijay, GA 30540, USA","{'lat': 34.6964394, 'lng': -84.47685829999999}"
16,9016,Maggie Brown Pre-K Scho...,"1225 Eastside School Rd, Senoia, GA 30276, USA","{'lat': 33.2638702, 'lng': -84.5793712}"
17,9017,Bibb County Public Scho...,"6515 Houston Rd, Macon, GA 31216, USA","{'lat': 32.7216651, 'lng': -83.6867499}"
18,9018,Columbia County Board o...,"1000 Trudeau Tr, Grovetown, GA 30813, USA","{'lat': 33.4561329, 'lng': -82.2190212}"
19,9019,Coffee County,"1020 Gaskin Ave S, Douglas, GA 31533, USA","{'lat': 31.4963744, 'lng': -82.84517249999999}"
20,9020,Apostles Church of Sand...,"6025 Glenridge Dr, Atlanta, GA 30328, USA","{'lat': 33.9196531, 'lng': -84.3637753}"
21,9021,Clayton County Public S...,"10990 Folsom Rd, Hampton, GA 30228, USA","{'lat': 33.4555136, 'lng': -84.35716250000002}"
22,9022,City Schools of Decatur,"310 N McDonough St, Decatur, GA 30030, USA","{'lat': 33.7721086, 'lng': -84.29798389999999}"
23,9023,Cornell University,"7011 Lake Union Hill Way, Alpharetta, GA 30004, USA","{'lat': 34.0813064, 'lng': -84.27942879999999}"
24,9024,Richmond County Board O...,"415 Boy Scout Rd, Augusta, GA 30909, USA","{'lat': 33.4962306, 'lng': -82.0396069}"
25,9025,Fulton County School Sy...,"9425 Barnwell Rd, Johns Creek, GA 30022, USA","{'lat': 34.0106425, 'lng': -84.250187}"
26,9026,Clay County Middle Scho...,"111 Commerce St, Fort Gaines, GA 39851, USA","{'lat': 31.606395, 'lng': -85.0488589}"
27,9027,Dekalb: Path Academy Ch...,"3007 Hermance Dr NE, Atlanta, GA 30319, USA","{'lat': 33.8758908, 'lng': -84.33781259999999}"
28,9028,Douglas County School S...,"Lithia Springs, GA 30122, USA","{'lat': 33.7584098, 'lng': -84.63744840000001}"
29,9029,Hall County Schools,"711 Green St, Gainesville, GA 30501, USA","{'lat': 34.3086211, 'lng': -83.82753869999999}"
30,9030,Carrollton City,"401 Ben Scott Blvd, Carrollton, GA 30117, USA","{'lat': 33.5622105, 'lng': -85.08522479999999}"
31,9031,North Metro Technical C...,"5198 Ross Rd, Acworth, GA 30102, USA","{'lat': 34.0843585, 'lng': -84.67043830000001}"
32,9032,The University of Georg...,"120 Hooper St, Athens, GA 30602, USA","{'lat': 33.951868, 'lng': -83.374021}"
33,9033,Atkinson County School ...,"98 E Roberts Ave, Pearson, GA 31642, USA","{'lat': 31.2956873, 'lng': -82.8514525}"
34,9034,GA - Dept of Education,"232 Perry Farm Rd SW, Cave Spring, GA 30124, USA","{'lat': 34.0960492, 'lng': -85.3490319}"
35,9035,Fannin County School Sy...,"224 E Highland St, Blue Ridge, GA 30513, USA","{'lat': 34.8682931, 'lng': -84.32716959999999}"
36,9036,Carroll County School S...,"223 Kent Ave, Bowdon, GA 30108, USA","{'lat': 33.5263759, 'lng': -85.2525069}"
37,9037,Fulton County School Sy...,"5575 Abbotts Bridge Rd, Johns Creek, GA 30097, USA","{'lat': 34.0550564, 'lng': -84.19611259999999}"
38,9038,Gwinnett County Public ...,"4355 Lawrenceville Hwy, Lilburn, GA 30047, USA","{'lat': 33.90375350000001, 'lng': -84.12817659999999}"
39,9039,Garden Of Discovery Mon...,"420 Pine Grove Ave, Grayson, GA 30017, USA","{'lat': 33.8924582, 'lng': -83.95462169999999}"
40,9040,Bethlehem Baptist Churc...,"500 Bethlehem Rd, Rockmart, GA 30153, USA","{'lat': 33.99553849999999, 'lng': -85.142303}"
41,9041,Georgia Institute of Te...,"311 Ferst Dr, Atlanta, GA 30318, USA","{'lat': 33.7788687, 'lng': -84.3960815}"
42,9042,Rockdale County School ...,"1455 Flat Shoals Rd SE, Conyers, GA 30013, USA","{'lat': 33.6326985, 'lng': -83.9917033}"
43,9043,Roman Catholic Archdioc...,"680 W Peachtree St NW, Atlanta, GA 30308, USA","{'lat': 33.7731888, 'lng': -84.3874821}"
44,9044,Lanier County Middle Sc...,"325 W Patten Ave, Lakeland, GA 31635, USA","{'lat': 31.037616, 'lng': -83.0772401}"
45,9045,Ohenrys Food And Spirit...,"7465 Wallace Tatum Rd, Cumming, GA 30028, USA","{'lat': 34.2876639, 'lng': -84.2052344}"
46,9046,Coweta County School Sy...,"2449 GA-16, Newnan, GA 30263, USA","{'lat': 33.4380439, 'lng': -84.8727541}"
47,9047,Coweta County School Sy...,"Newnan, GA 30264, USA","{'lat': 33.3763255, 'lng': -84.71352139999999}"
48,9048,Fulton Science Academy ...,"630 Sims Industrial Blvd, Alpharetta, GA 30009, USA","{'lat': 34.0603116, 'lng': -84.30681709999999}"
49,9049,Covenant Academy,"4652 Ayers Rd, Macon, GA 31210, USA","{'lat': 32.8578101, 'lng': -83.7049682}"
50,9050,Dominos Pizza LLC,"4075 Paces Ferry Rd NW, Atlanta, GA 30327, USA","{'lat': 33.8585729, 'lng': -84.4534491}"
51,9051,Clarke County School Di...,"715 Fourth Street, Athens, GA 30601, USA","{'lat': 33.9734121, 'lng': -83.35865249999999}"
52,9052,Cherokee County,"221 W Main St, Canton, GA 30114, USA","{'lat': 34.2367369, 'lng': -84.4929799}"
53,9053,Dougherty County School...,"200 Pine Ave, Albany, GA 31701, USA","{'lat': 31.578074, 'lng': -84.1516753}"
54,9054,Gwinnett County Public ...,"1978 Beaver Ruin Rd, Norcross, GA 30071, USA","{'lat': 33.9344644, 'lng': -84.17326949999999}"
55,9055,West Central Technical ...,"176 Murphy Campus Blvd, Waco, GA 30182, USA","{'lat': 33.6909839, 'lng': -85.1835749}"
56,9056,Hart County School Dist...,"176 Powell Rd, Hartwell, GA 30643, USA","{'lat': 34.3514417, 'lng': -82.9221813}"
57,9057,Henry W Grady High Scho...,"929 Charles Allen Dr NE, Atlanta, GA 30309, USA","{'lat': 33.7805689, 'lng': -84.37271129999999}"
58,9058,Lanier County Middle Sc...,"325 W Patten Ave, Lakeland, GA 31635, USA","{'lat': 31.037616, 'lng': -83.0772401}"
59,9059,Lionheart School,"180 Academy St, Alpharetta, GA 30009, USA","{'lat': 34.0764207, 'lng': -84.288446}"
60,9060,Cobb County School Dist...,"865 Corner Rd, Powder Springs, GA 30127, USA","{'lat': 33.9300834, 'lng': -84.7020008}"
61,9061,Mississippi Department ...,"Mableton, GA 30126, USA","{'lat': 33.8215697, 'lng': -84.5536678}"
62,9062,Georgia Institute of Te...,"390 17th St NW UNIT 5010, Atlanta, GA 30363, USA","{'lat': 33.7903232, 'lng': -84.3995039}"
63,9063,Douglas County School S...,"4899 Chapel Hill Rd, Douglasville, GA 30135, USA","{'lat': 33.673555, 'lng': -84.7217605}"
64,9064,Cobb County School Dist...,"3601 Nowlin Rd, Kennesaw, GA 30144, USA","{'lat': 34.0423442, 'lng': -84.6474219}"
65,9065,Holy Cross Ministries,"426 W 12th St, Alma, GA 31510, USA","{'lat': 31.5417464, 'lng': -82.4679622}"
66,9066,Atlanta Public School S...,"192 Trinity Ave SW, Atlanta, GA 30303, USA","{'lat': 33.7500282, 'lng': -84.39422309999999}"
67,9067,Baker County School Sys...,"Newton, GA, USA","{'lat': 31.3129575, 'lng': -84.3357424}"
68,9068,Gwinnett County Public ...,"1255 Dogwood Rd SW, Snellville, GA 30078, USA","{'lat': 33.8834551, 'lng': -84.04140679999999}"
69,9069,Gwinnett County Public ...,"1160 Level Creek Rd, Sugar Hill, GA 30518, USA","{'lat': 34.1058226, 'lng': -84.0364027}"
70,9070,Atlanta Public School S...,"185 Trinity Ave SW, Atlanta, GA 30303, USA","{'lat': 33.7498505, 'lng': -84.39390159999999}"
71,9071,Discovery Communication...,"11 Market Square Rd, Newnan, GA 30265, USA","{'lat': 33.3803295, 'lng': -84.740983}"
72,9072,Elbert County,"50 Laurel Dr, Elberton, GA 30635, USA","{'lat': 34.1143774, 'lng': -82.8758185}"
73,9073,GA - Dept of Education,"55 Mary Ellen Ct, Danielsville, GA 30633, USA","{'lat': 34.1272628, 'lng': -83.2205053}"
74,9074,Cherokee County,"1550 Owens Store Rd, Canton, GA 30115, USA","{'lat': 34.2325039, 'lng': -84.3339273}"
75,9075,Peach County,"Chamlee Dr, Fort Valley, GA 31030, USA","{'lat': 32.5650553, 'lng': -83.89513280000001}"
76,9076,Floyd County School Dis...,"600 Riverside Pkwy NE, Rome, GA 30161, USA","{'lat': 34.2808331, 'lng': -85.1669735}"
77,9077,Cobb County School Dist...,"538 Glover St SE, Marietta, GA 30060, USA","{'lat': 33.9381107, 'lng': -84.5373968}"
78,9078,Georgia Department of E...,"423 Metasville Rd, Lincolnton, GA 30817, USA","{'lat': 33.7927198, 'lng': -82.4894468}"
79,9079,Georgia Department of E...,"Ocilla, GA, USA","{'lat': 31.5943567, 'lng': -83.2504328}"
80,9080,North Jackson Elementar...,"1880 Old Gainesville Hwy, Pendergrass, GA 30567, USA","{'lat': 34.1780735, 'lng': -83.6965331}"
81,9081,Easten Academy,"1000 Old Roswell Lakes Pkwy #110, Roswell, GA 30076, USA","{'lat': 34.0325661, 'lng': -84.3366621}"
82,9082,Gwinnett County Public ...,"400 Gwin Oaks Dr, Lawrenceville, GA 30044, USA","{'lat': 33.8958962, 'lng': -84.07409009999999}"
83,9083,Cobb County School Dist...,"5265 Ward St SE, Smyrna, GA 30080, USA","{'lat': 33.88904700000001, 'lng': -84.52623380000001}"
84,9084,Gwinnett County Public ...,"3115 Scenic Hwy S, Snellville, GA 30078, USA","{'lat': 33.8407525, 'lng': -84.03238120000002}"
85,9085,Long County School Dist...,"50 Mc Donald St, Ludowici, GA 31316, USA","{'lat': 31.705769, 'lng': -81.7421713}"
86,9086,Atlanta Public School S...,"167 Trinity Ave SW, Atlanta, GA 30303, USA","{'lat': 33.7497729, 'lng': -84.3931953}"
87,9087,Atlanta Public School S...,"153 Trinity Ave SW, Atlanta, GA 30303, USA","{'lat': 33.7495395, 'lng': -84.392826}"
88,9088,Rockdale County School ...,"2510 GA-138, Conyers, GA 30013, USA","{'lat': 33.6932482, 'lng': -83.96210599999999}"
89,9089,Atlanta Public School S...,"161 Trinity Ave SW, Atlanta, GA 30303, USA","{'lat': 33.749706, 'lng': -84.3931278}"
90,9090,Long County School Dist...,"Ludowici, GA 31316, USA","{'lat': 31.7079919, 'lng': -81.7423357}"
91,9091,Cartersville City Schoo...,"315 Etowah Dr, Cartersville, GA 30120, USA","{'lat': 34.1491901, 'lng': -84.8123968}"
92,9092,Gwinnett County Public ...,"821 Cooper Rd, Grayson, GA 30017, USA","{'lat': 33.8754987, 'lng': -83.96036939999999}"
93,9093,Butts County School Dis...,"494 George Tate Dr, Jackson, GA 30233, USA","{'lat': 33.2856741, 'lng': -83.98228}"
94,9094,Liberty County,"1396 Shaw Rd, Hinesville, GA 31313, USA","{'lat': 31.7952359, 'lng': -81.61318349999999}"
95,9095,Atlanta Public School S...,"166 Trinity Ave SW, Atlanta, GA 30303, USA","{'lat': 33.7493526, 'lng': -84.3935237}"
96,9096,Atlanta Public School S...,"8 Peachtree Battle Ave NW, Atlanta, GA 30305, USA","{'lat': 33.8187514, 'lng': -84.38917219999999}"
97,9097,Hometown Buffets,"600 Hill Cir, Jasper, GA 30143, USA","{'lat': 34.474288, 'lng': -84.51754199999999}"
98,9098,Atlanta Public School S...,"174 Trinity Ave SW, Atlanta, GA 30303, USA","{'lat': 33.7494441, 'lng': -84.3936367}"
99,9099,Atlanta Public School S...,"137 Trinity Ave SW, Atlanta, GA 30303, USA","{'lat': 33.749034, 'lng': -84.39186269999999}"
100,9100,Atlanta Public School S...,"176 Trinity Ave SW, Atlanta, GA 30303, USA","{'lat': 33.7494452, 'lng': -84.39364690000001}"
101,9101,KIPP SOUTH FULTON ACADE...,"1286 Washington Rd, Atlanta, GA 30344, USA","{'lat': 33.6756047, 'lng': -84.4309019}"
102,9102,Children'S School,"345 10th St NE, Atlanta, GA 30309, USA","{'lat': 33.7814903, 'lng': -84.3759926}"
103,9103,Barrow County School Sy...,"15 Nelson St, Cartersville, GA 30120, USA","{'lat': 34.1717729, 'lng': -84.79184459999999}"
104,9104,Gwinnett County Public ...,"4400 Braselton Hwy, Hoschton, GA 30548, USA","{'lat': 34.0788997, 'lng': -83.87626879999999}"
105,9105,Cherokee County,"201 Mountain Brook Ct, Canton, GA 30115, USA","{'lat': 34.177646, 'lng': -84.50618999999999}"
106,9106,Dublin Middle School,"1501 N Jefferson St, Dublin, GA 31021, USA","{'lat': 32.5686327, 'lng': -82.9218346}"
107,9107,Cafe De L'opera,"9030 GA-5, Douglasville, GA 30134, USA","{'lat': 33.7379285, 'lng': -84.7698353}"
108,9108,Douglas County School S...,"9999 Parkway S, Douglasville, GA 30135, USA","{'lat': 33.7119141, 'lng': -84.7531825}"
109,9109,Chickamauga City School...,"105 Lee Cir, Chickamauga, GA 30707, USA","{'lat': 34.8702728, 'lng': -85.29617069999999}"
110,9110,Clarke County School Di...,"870 Gaines School Rd, Athens, GA 30645, USA","{'lat': 33.9307755, 'lng': -83.3367727}"
111,9111,Johnson Co. School Dist...,"325 S Lee St, Wrightsville, GA 31096, USA","{'lat': 32.7243559, 'lng': -82.7244719}"
112,9112,Atlanta Public School S...,"154 Trinity Ave SW, Atlanta, GA 30303, USA","{'lat': 33.7490631, 'lng': -84.39295349999999}"
113,9113,Gwinnett County Public ...,"66 Thornton Rd, Forsyth, GA 31029, USA","{'lat': 33.0117746, 'lng': -83.9168555}"
114,9114,Fannin County School Sy...,"2290 E 1st St, Blue Ridge, GA 30513, USA","{'lat': 34.8529428, 'lng': -84.33066269999999}"
115,9115,Houston County Schools,"Perry, GA 31069, USA","{'lat': 32.4498466, 'lng': -83.7411631}"
116,9116,Cobb County School Dist...,"325 N Booth Rd NW, Kennesaw, GA 30144, USA","{'lat': 34.045266, 'lng': -84.5616093}"
117,9117,Douglas County School S...,"2242 Old Lower River Rd, Douglasville, GA 30135, USA","{'lat': 33.7062681, 'lng': -84.64979249999999}"
118,9118,Rochester Chop HSE Oyst...,"1270 US-29, Athens, GA 30601, USA","{'lat': 34.006577, 'lng': -83.32689200000002}"
119,9119,Coweta County,"Newnan, GA 30264, USA","{'lat': 33.3763255, 'lng': -84.71352139999999}"
120,9120,Hebron Christian Academ...,"2975 Old Peachtree Rd NE, Dacula, GA 30019, USA","{'lat': 34.0080264, 'lng': -83.9264544}"
121,9121,Greene County Board of ...,"101 3rd St, Greensboro, GA 30642, USA","{'lat': 33.5666953, 'lng': -83.18244279999999}"
122,9122,Gwinnett County Public ...,"723 Hi Hope Rd, Lawrenceville, GA 30043, USA","{'lat': 33.9858514, 'lng': -83.9716569}"
123,9123,Fulton County School Sy...,"10665 Haynes Bridge Rd, Alpharetta, GA 30022, USA","{'lat': 34.0405095, 'lng': -84.28235749999999}"
124,9124,Cobb County School Dist...,"Marietta, GA 30061, USA","{'lat': 33.9491123, 'lng': -84.5507433}"
125,9125,Valdosta City Schools,"Valdosta, GA 31603, USA","{'lat': 30.68814, 'lng': -83.31575}"
126,9126,Georgia Department of E...,"Guyton, GA 31312, USA","{'lat': 32.3421597, 'lng': -81.3921781}"
127,9127,North Jackson Elementar...,"1880 Old Gainesville Hwy, Pendergrass, GA 30567, USA","{'lat': 34.1780735, 'lng': -83.6965331}"
128,9128,Atlanta Public School S...,"131 Trinity Ave SW, Atlanta, GA 30303, USA","{'lat': 33.7490056, 'lng': -84.3918108}"
129,9129,Holy Innocents' Episcop...,"805 Mount Vernon Hwy, Sandy Springs, GA 30327, USA","{'lat': 33.9099063, 'lng': -84.4134364}"
130,9130,Berrien County School D...,"625 S Berrien St, Nashville, GA 31639, USA","{'lat': 31.2006144, 'lng': -83.25374169999999}"
131,9131,Dekalb County School Sy...,"3770 N Decatur Rd, Stone Mountain, GA 30083, USA","{'lat': 33.786177, 'lng': -84.240269}"
132,9132,GA - Dept of Education,"205 Jesse Hill Jr Dr SE #1970, Atlanta, GA 30303, USA","{'lat': 33.7498967, 'lng': -84.3860529}"
133,9133,Atlanta Public School S...,"1654 S Alvarado Terrace SW, Atlanta, GA 30311, USA","{'lat': 33.731034, 'lng': -84.4413074}"
134,9134,Atlanta Public School S...,"148 Trinity Ave SW, Atlanta, GA 30303, USA","{'lat': 33.7491452, 'lng': -84.39262889999999}"
135,9135,Fulton County School Di...,"2600 Jolly Rd, Atlanta, GA 30349, USA","{'lat': 33.6112719, 'lng': -84.4746037}"
136,9136,Muscogee County School ...,"954 High Ln, Columbus, GA 31907, USA","{'lat': 32.465179, 'lng': -84.88562999999999}"
137,9137,Dougherty County School...,"Albany, GA 31702, USA","{'lat': 31.58, 'lng': -84.16}"
138,9138,Cj's Draft House,"821 H D Atha Rd, Monroe, GA 30655, USA","{'lat': 33.790728, 'lng': -83.7861283}"
139,9139,Atlanta Public School S...,"180 Trinity Ave SW, Atlanta, GA 30303, USA","{'lat': 33.7497665, 'lng': -84.39375009999999}"
140,9140,Atlanta Public School S...,"130 Trinity Ave SW, Atlanta, GA 30303, USA","{'lat': 33.748372, 'lng': -84.392099}"
141,9141,Cobb County School Dist...,"5243 Meadows Rd SW, Powder Springs, GA 30127, USA","{'lat': 33.8277099, 'lng': -84.67455439999999}"
142,9142,Gwinnett County Public ...,"3878 Old Norcross Rd, Duluth, GA 30096, USA","{'lat': 33.9592806, 'lng': -84.1454923}"
143,9143,AMI Montessori Duluth,"1768 Old Peachtree Rd NW, Duluth, GA 30097, USA","{'lat': 34.0160116, 'lng': -84.09687199999999}"
144,9144,Atlanta Public School S...,"205 Trinity Ave SW, Atlanta, GA 30303, USA","{'lat': 33.7503082, 'lng': -84.3947295}"
145,9145,Elk River Machine Co.,"301 Cardinal Ridge Rd, Thomasville, GA 31792, USA","{'lat': 30.8135133, 'lng': -84.01496600000002}"
146,9146,Atlanta Public School S...,"217 Trinity Ave SW, Atlanta, GA 30303, USA","{'lat': 33.7504682, 'lng': -84.3950119}"
147,9147,Washington School Distr...,"501 Industrial Dr, Sandersville, GA 31082, USA","{'lat': 32.9665825, 'lng': -82.801693}"
148,9148,Holy Innocents' Episcop...,"805 Mount Vernon Hwy, Sandy Springs, GA 30327, USA","{'lat': 33.9099063, 'lng': -84.4134364}"
149,9149,Gwinnett County Public ...,"2595 Beaver Ruin Rd, Norcross, GA 30071, USA","{'lat': 33.9421135, 'lng': -84.2017072}"
150,9150,SCHOOLinSITES,"1109 N Parrish Ave, Adel, GA 31620, USA","{'lat': 31.1485777, 'lng': -83.4267703}"
151,9151,Furtah Preparatory Scho...,"5496 Hwy 92, Acworth, GA 30102, USA","{'lat': 34.0879983, 'lng': -84.5982731}"
152,9152,Bleckley County School ...,"26 Estate Ct #590, Sparta, GA 31087, USA","{'lat': 33.3551129, 'lng': -82.814526}"
153,9153,Fulton County School Di...,"2725 Creel Rd, Atlanta, GA 30349, USA","{'lat': 33.5720742, 'lng': -84.4812443}"
154,9154,Fulton County School Sy...,"8100 Roberts Dr, Atlanta, GA 30350, USA","{'lat': 33.9767699, 'lng': -84.34292429999999}"
155,9155,Bluehawk LLC,"5235 Austell Powder Springs Rd SW, Austell, GA 30106, USA","{'lat': 33.8280376, 'lng': -84.64390689999999}"
156,9156,Bartow County School Di...,"195 Fire Tower Rd NW, Cartersville, GA 30120, USA","{'lat': 34.2395005, 'lng': -84.8695785}"
157,9157,Georgia Institute of Te...,"1270 W Peachtree St NW, Atlanta, GA 30309, USA","{'lat': 33.789322, 'lng': -84.3880022}"
158,9158,Atlanta Public School S...,"178 Trinity Ave SW, Atlanta, GA 30303, USA","{'lat': 33.749695, 'lng': -84.39362109999999}"
159,9159,Habersham County,"595 Elrod St NE, Cornelia, GA 30531, USA","{'lat': 34.521353, 'lng': -83.522014}"
160,9160,Domino's Pizza LLC,"4075 Paces Ferry Rd NW, Atlanta, GA 30327, USA","{'lat': 33.8585729, 'lng': -84.4534491}"
161,9161,Georgia Institute of Te...,"4059 Dream Catcher Dr, Woodstock, GA 30189, USA","{'lat': 34.117554, 'lng': -84.53563179999999}"
162,9162,Georgia Institute of Te...,"1504 Jamerson Landing, Marietta, GA 30066, USA","{'lat': 34.0644482, 'lng': -84.5056481}"
163,9163,Georgia Institute of Te...,"3950 Bethany Woods Ct, Snellville, GA 30039, USA","{'lat': 33.8187919, 'lng': -84.0546324}"
164,9164,Georgia Institute of Te...,"7 Barnacle Ct, Savannah, GA 31410, USA","{'lat': 32.022798, 'lng': -80.960736}"
165,9165,Georgia Institute of Te...,"1424 Mount Carmel Rd, Newnan, GA 30263, USA","{'lat': 33.410191, 'lng': -84.92285199999999}"
166,9166,Georgia Institute of Te...,"150 Bobby Dodd Way NW, Atlanta, GA 30313, USA","{'lat': 33.7725579, 'lng': -84.39338010000002}"
167,9167,Georgia Institute of Te...,"3155 Oak Hampton Way, Duluth, GA 30096, USA","{'lat': 33.9739893, 'lng': -84.12399119999999}"
168,9168,Loganville Christian Sc...,"2575 Hwy 81, Loganville, GA 30052, USA","{'lat': 33.7995028, 'lng': -83.862285}"
169,9169,Atlanta Public School S...,"165 Trinity Ave SW, Atlanta, GA 30303, USA","{'lat': 33.7496193, 'lng': -84.3933133}"
170,9170,Atlanta Public School S...,"220 Trinity Ave SW, Atlanta, GA 30303, USA","{'lat': 33.7504257, 'lng': -84.3949319}"
171,9171,Atlanta Public School S...,"175 Trinity Ave SW, Atlanta, GA 30303, USA","{'lat': 33.749835, 'lng': -84.3936058}"
172,9172,"Shaw Industries, Inc.","1500 Manley St, Dalton, GA 30720, USA","{'lat': 34.7777846, 'lng': -84.9818401}"
173,9173,Augusta Preparatory Day...,"285 Flowing Wells Rd, Martinez, GA 30907, USA","{'lat': 33.4997501, 'lng': -82.1094706}"
174,9174,Holy Innocents' Episcop...,"3260 Northside Dr NW, Atlanta, GA 30305, USA","{'lat': 33.8435624, 'lng': -84.4078964}"
175,9175,Georgia College & State...,"Milledgeville, GA 31059, USA","{'lat': 33.08, 'lng': -83.3}"
176,9176,Barrow County School Sy...,"179 W Athens St, Winder, GA 30680, USA","{'lat': 33.99753, 'lng': -83.7326144}"
177,9177,Gainesville City School...,"508 Oak St Ste 2 HALL, Gainesville, GA 30501, USA","{'lat': 34.3011577, 'lng': -83.8329668}"
178,9178,Howard School,"1192 Foster St NW, Atlanta, GA 30318, USA","{'lat': 33.7872151, 'lng': -84.4173486}"
179,9179,Forsyth R-III,"6945 Keith Bridge Rd, Gainesville, GA 30506, USA","{'lat': 34.296132, 'lng': -83.9964971}"
180,9180,Henry County Schools,"1000 Academic Pkwy, Locust Grove, GA 30248, USA","{'lat': 33.3829969, 'lng': -84.14498329999999}"
181,9181,Vidalia City Schools,"1152 E Winthrope Ave, Millen, GA 30442, USA","{'lat': 32.8040833, 'lng': -81.9288006}"
182,9182,Emanuel County,"Swainsboro, GA 30401, USA","{'lat': 32.5973856, 'lng': -82.33373759999999}"
183,9183,North Jackson Elementar...,"1668 Winder Hwy, Jefferson, GA 30549, USA","{'lat': 34.102832, 'lng': -83.59731599999999}"
184,9184,Atlanta Public School S...,"150 Trinity Ave SW, Atlanta, GA 30303, USA","{'lat': 33.7491939, 'lng': -84.39271749999999}"
185,9185,Clayton County Public S...,"1058 Fifth Ave, Jonesboro, GA 30236, USA","{'lat': 33.536398, 'lng': -84.35708029999999}"
186,9186,Chickamauga City School...,"402 Cove Rd, Chickamauga, GA 30707, USA","{'lat': 34.8687614, 'lng': -85.2937869}"
187,9187,Georgia Institute of Te...,"3715 Baxley Ln, Suwanee, GA 30024, USA","{'lat': 34.0308093, 'lng': -84.09478849999999}"
188,9188,Atlanta Public School S...,"195 Trinity Ave SW, Atlanta, GA 30303, USA","{'lat': 33.750362, 'lng': -84.394193}"
189,9189,Deerfield Windsor Schoo...,"Albany, GA 31708, USA","{'lat': 31.52, 'lng': -84.3}"
190,9190,Learning Exchange,"1125 Canton Rd, Marietta, GA 30066, USA","{'lat': 33.9786553, 'lng': -84.545541}"
191,9191,Franklin County School ...,"Carnesville, GA 30521, USA","{'lat': 34.3698266, 'lng': -83.23515499999999}"
192,9192,Clarke County School Di...,"100 Pinecrest Dr, Athens, GA 30605, USA","{'lat': 33.9416701, 'lng': -83.38277839999999}"
193,9193,Gwinnett County Public ...,"1725 Auburn Rd, Dacula, GA 30019, USA","{'lat': 34.04410300000001, 'lng': -83.9240652}"
194,9194,Blessed Trinity Catholi...,"11320 Woodstock Rd, Roswell, GA 30075, USA","{'lat': 34.055215, 'lng': -84.3908349}"
195,9195,Dade Co Board Of Educat...,"52 Tradition Ln, Trenton, GA 30752, USA","{'lat': 34.8635468, 'lng': -85.5067042}"
196,9196,Bleckley County School ...,"259 Peter St NE, Cochran, GA 31014, USA","{'lat': 32.3930137, 'lng': -83.342118}"
197,9197,Atlanta Public School S...,"227 Trinity Ave SW, Atlanta, GA 30303, USA","{'lat': 33.7505942, 'lng': -84.3952995}"
198,9198,Cartersville City Schoo...,"Euharlee, GA 30120, USA","{'lat': 34.1577811, 'lng': -84.87763919999999}"
199,9199,Cobb County School Dist...,"Acworth, GA 30101, USA","{'lat': 34.0512519, 'lng': -84.7211074}"
200,9200,Gwinnett County Public ...,"4994 Lawrenceville Hwy, Lilburn, GA 30047, USA","{'lat': 33.8867901, 'lng': -84.1438743}"
201,9201,Gwinnett County Public ...,"437 Old Peachtree Rd NW, Lawrenceville, GA 30043, USA","{'lat': 34.0156847, 'lng': -84.0574931}"
202,9202,Gwinnett County Public ...,"3900 Brushy Fork Rd SW, Loganville, GA 30052, USA","{'lat': 33.8391428, 'lng': -83.9418426}"
203,9203,Arby's Restaurant Group...,"1155 Perimeter Center W Suite 700, Sandy Springs, GA 30338, USA","{'lat': 33.929912, 'lng': -84.3512133}"
204,9204,Berrien County School D...,"625 S Berrien St, Nashville, GA 31639, USA","{'lat': 31.2006144, 'lng': -83.25374169999999}"
205,9205,Bartow County School Di...,"100 College St, Adairsville, GA 30103, USA","{'lat': 34.36906, 'lng': -84.937527}"
206,9206,Early County Schools,"283 Martin Luther King Jr Blvd, Blakely, GA 39823, USA","{'lat': 31.3728905, 'lng': -84.96157629999999}"
207,9207,Cartersville City Schoo...,"15 Nelson St, Cartersville, GA 30120, USA","{'lat': 34.1717729, 'lng': -84.79184459999999}"
208,9208,Jeff Davis County Schoo...,"96 W Jefferson St, Hazlehurst, GA 31539, USA","{'lat': 31.8611693, 'lng': -82.6106608}"
209,9209,Bleckley County School ...,"909 Dykes St, Cochran, GA 31014, USA","{'lat': 32.4301568, 'lng': -83.30710069999999}"
210,9210,Muscogee County School ...,"2901 College Dr, Columbus, GA 31906, USA","{'lat': 32.4980785, 'lng': -84.94757969999999}"
211,9211,Buford City Schools Sys...,"2700 Robert Bell Pkwy, Buford, GA 30518, USA","{'lat': 34.1275313, 'lng': -83.9911248}"
212,9212,Hall County,"4450 Friendship Rd, Buford, GA 30519, USA","{'lat': 34.1336929, 'lng': -83.9401881}"
213,9213,Chattahoochee County Sc...,"140 Merrell St, Cusseta, GA 31805, USA","{'lat': 32.3016224, 'lng': -84.7665622}"
214,9214,Atlanta Public School S...,"214 Trinity Ave SW, Atlanta, GA 30303, USA","{'lat': 33.7503499, 'lng': -84.3948042}"
215,9215,Atlanta Public School S...,"219 Trinity Ave SW, Atlanta, GA 30303, USA","{'lat': 33.7505106, 'lng': -84.3950919}"
216,9216,Atlanta Public School S...,"221 Trinity Ave SW, Atlanta, GA 30303, USA","{'lat': 33.750553, 'lng': -84.3951719}"
217,9217,Atlanta Public School S...,"146 Trinity Ave SW, Atlanta, GA 30303, USA","{'lat': 33.7490966, 'lng': -84.3925402}"
218,9218,Atlanta Public School S...,"223 Trinity Ave SW, Atlanta, GA 30303, USA","{'lat': 33.750553, 'lng': -84.3951719}"
219,9219,Atlanta Public School S...,"140 Trinity Ave SW, Atlanta, GA 30303, USA","{'lat': 33.7488184, 'lng': -84.3923861}"
220,9220,North Jackson Elementar...,"1435 Hoods Mill Rd, Commerce, GA 30529, USA","{'lat': 34.1455799, 'lng': -83.46760599999999}"
221,9221,Laurens County School D...,"467 Firetower Rd, Dublin, GA 31021, USA","{'lat': 32.4995309, 'lng': -82.9386018}"
222,9222,Atlanta Public School S...,"157 Trinity Ave SW, Atlanta, GA 30303, USA","{'lat': 33.7496921, 'lng': -84.3931023}"
223,9223,GA - Dept of Education,"919 Hull Ave, Carnesville, GA 30521, USA","{'lat': 34.3657726, 'lng': -83.2333274}"
224,9224,Arby's Restaurant Group...,"1155 Perimeter Center W Suite 700, Sandy Springs, GA 30338, USA","{'lat': 33.929912, 'lng': -84.3512133}"
225,9225,Atlanta Public School S...,"133 Trinity Ave SW, Atlanta, GA 30303, USA","{'lat': 33.7490106, 'lng': -84.3918199}"
226,9226,Lancaster County School...,"2700 Robert Bell Pkwy, Buford, GA 30518, USA","{'lat': 34.1275313, 'lng': -83.9911248}"
227,9227,Houston County Schools,"1100 Main St, Perry, GA 31069, USA","{'lat': 32.45834860000001, 'lng': -83.7287546}"
228,9228,Clarke County School Di...,"240 Mitchell Bridge Rd, Athens, GA 30606, USA","{'lat': 33.9626438, 'lng': -83.4324183}"
229,9229,Atlanta Public School S...,"209 Trinity Ave SW, Atlanta, GA 30303, USA","{'lat': 33.7509392, 'lng': -84.3944474}"
230,9230,Atlanta Public School S...,"226 Trinity Ave SW, Atlanta, GA 30303, USA","{'lat': 33.750553, 'lng': -84.3951719}"
231,9231,Atlanta Public School S...,"147 Trinity Ave SW, Atlanta, GA 30303, USA","{'lat': 33.7490479, 'lng': -84.3924516}"
232,9232,Aqua-Tots,"2655 Cobb Pkwy NW #102, Kennesaw, GA 30152, USA","{'lat': 34.017829, 'lng': -84.61958150000001}"
233,9233,Hall County,"3005 Sardis Rd, Gainesville, GA 30506, USA","{'lat': 34.3483366, 'lng': -83.8931829}"
234,9234,City Schools of Decatur,"175 Mead Rd, Decatur, GA 30030, USA","{'lat': 33.7636476, 'lng': -84.3060011}"
235,9235,Clayton County Public S...,"5500 Reynolds Rd, Forest Park, GA 30297, USA","{'lat': 33.6039986, 'lng': -84.3538763}"
236,9236,Troup County School Sys...,"115 E Cannon St, LaGrange, GA 30241, USA","{'lat': 33.0291664, 'lng': -85.02695949999999}"
237,9237,Atlanta Public School S...,"158 Trinity Ave SW, Atlanta, GA 30303, USA","{'lat': 33.749164, 'lng': -84.3931364}"
238,9238,Georgia Department of E...,"380 Barrett Rd, Calhoun, GA 30701, USA","{'lat': 34.5107756, 'lng': -84.93590209999999}"
239,9239,Fulton Science Academy ...,"1675 Hembree Rd, Alpharetta, GA 30009, USA","{'lat': 34.0599579, 'lng': -84.3071111}"
240,9240,North Jackson Elementar...,"1880 Old Gainesville Hwy, Pendergrass, GA 30567, USA","{'lat': 34.1780735, 'lng': -83.6965331}"
241,9241,Fannin County School Sy...,"Blue Ridge, GA 30513, USA","{'lat': 34.8639719, 'lng': -84.32408699999999}"
242,9242,Franklin County School ...,"Carnesville, GA 30521, USA","{'lat': 34.3698266, 'lng': -83.23515499999999}"
243,9243,Muscogee County School ...,"Columbus, GA 31902, USA","{'lat': 32.46862, 'lng': -84.99141}"
244,9244,Atlanta Public School S...,"184 Trinity Ave SW, Atlanta, GA 30303, USA","{'lat': 33.7498505, 'lng': -84.39390159999999}"
245,9245,Gwinnett County Public ...,"1025 Herrington Rd, Lawrenceville, GA 30044, USA","{'lat': 33.9427284, 'lng': -84.08247209999999}"
246,9246,Fulton County School Di...,"8 School Dr, Alpharetta, GA 30009, USA","{'lat': 34.0759588, 'lng': -84.2986159}"
247,9247,Gwinnett County Public ...,"3575 Ridge Rd, Buford, GA 30519, USA","{'lat': 34.1034304, 'lng': -83.9378718}"
248,9248,Georgia Department of E...,"Cordele, GA 31010, USA","{'lat': 31.9740501, 'lng': -83.78283440000001}"
249,9249,Georgia Institute of Te...,"2560 Wellsley Ln, Cumming, GA 30041, USA","{'lat': 34.1314516, 'lng': -84.1547263}"
250,9250,Atlanta Public School S...,"159 Trinity Ave SW, Atlanta, GA 30303, USA","{'lat': 33.7496963, 'lng': -84.39311029999999}"
251,9251,Atlanta Public School S...,"187 Trinity Ave SW, Atlanta, GA 30303, USA","{'lat': 33.750357, 'lng': -84.3941839}"
252,9252,Atlanta Public School S...,"206 Trinity Ave SW, Atlanta, GA 30303, USA","{'lat': 33.7502356, 'lng': -84.39459930000001}"
253,9253,Franklin County School ...,"Carnesville, GA 30521, USA","{'lat': 34.3698266, 'lng': -83.23515499999999}"
254,9254,Muscogee County School ...,"2011 51st St, Columbus, GA 31904, USA","{'lat': 32.5142708, 'lng': -84.963751}"
255,9255,GA - Dept of Education,"205 Jesse Hill Jr Dr SE #1970, Atlanta, GA 30303, USA","{'lat': 33.7498967, 'lng': -84.3860529}"
256,9256,Atlanta Public School S...,"480 Clifton St SE, Atlanta, GA 30316, USA","{'lat': 33.7405753, 'lng': -84.331578}"
257,9257,Atlanta Public School S...,"929 Charles Allen Dr NE, Atlanta, GA 30309, USA","{'lat': 33.7805689, 'lng': -84.37271129999999}"
258,9258,Baldwin County Public S...,"Milledgeville, GA 31061, USA","{'lat': 33.0975564, 'lng': -83.2291862}"
259,9259,Gwinnett County Public ...,"4488 Tench Rd, Suwanee, GA 30024, USA","{'lat': 34.0710136, 'lng': -84.0711644}"
260,9260,Jasper County,"255 Church St, Shady Dale, GA 31085, USA","{'lat': 33.4180667, 'lng': -83.59444599999999}"
261,9261,Duluth Adventist Christ...,"2959 Duluth Hwy 120, Duluth, GA 30096, USA","{'lat': 33.9882994, 'lng': -84.1329341}"
262,9262,Cafe Bonjour,"Milledgeville, GA 31061, USA","{'lat': 33.0975564, 'lng': -83.2291862}"
263,9263,Cobb County School Dist...,"1041 Reed Rd, Smyrna, GA 30082, USA","{'lat': 33.8549372, 'lng': -84.5236115}"
264,9264,Atlanta Public School S...,"198 Trinity Ave SW, Atlanta, GA 30303, USA","{'lat': 33.7501042, 'lng': -84.39436649999999}"
265,9265,Edison Schools Inc.,"301 E Lake Blvd SE, Atlanta, GA 30317, USA","{'lat': 33.74562090000001, 'lng': -84.314838}"
266,9266,Carrollton City,"202 Trojan Dr, Carrollton, GA 30117, USA","{'lat': 33.5664074, 'lng': -85.0810503}"
267,9267,Atlanta Public School S...,"201 Trinity Ave SW, Atlanta, GA 30303, USA","{'lat': 33.7502514, 'lng': -84.39462759999999}"
268,9268,Atlanta Charter Middle ...,"820 Essie Ave SE, Atlanta, GA 30316, USA","{'lat': 33.7325263, 'lng': -84.35510860000001}"
269,9269,Cobb County School Dist...,"5891 Dodgen Rd SW, Mableton, GA 30126, USA","{'lat': 33.8098053, 'lng': -84.55860059999999}"
270,9270,Georgia Department of E...,"1116 E 24th Ave, Cordele, GA 31015, USA","{'lat': 31.9529398, 'lng': -83.7631313}"
271,9271,Cobb County Government,"100 Cherokee St NE #350, Marietta, GA 30060, USA","{'lat': 33.9535363, 'lng': -84.54853}"
272,9272,Johnson Co. School Dist...,"Wrightsville, GA 31096, USA","{'lat': 32.7293279, 'lng': -82.719859}"
273,9273,Rockdale County School ...,"Thornton Rd, Forsyth, GA 31029, USA","{'lat': 33.0135893, 'lng': -83.9199579}"
274,9274,Atlanta Public School S...,"172 Trinity Ave SW, Atlanta, GA 30303, USA","{'lat': 33.7494789, 'lng': -84.3935944}"
275,9275,Atlanta Public School S...,"177 Trinity Ave SW, Atlanta, GA 30303, USA","{'lat': 33.7498232, 'lng': -84.393582}"
276,9276,Atlanta Public School S...,"132 Trinity Ave SW, Atlanta, GA 30303, USA","{'lat': 33.7485787, 'lng': -84.3922375}"
277,9277,Fayette County,"210 Stonewall Ave W, Fayetteville, GA 30214, USA","{'lat': 33.4472375, 'lng': -84.458368}"
278,9278,West Georgia Health Sys...,"2244 Hammett Rd, LaGrange, GA 30241, USA","{'lat': 33.1169204, 'lng': -84.9751509}"
279,9279,Atlanta Public School S...,"204 Trinity Ave SW, Atlanta, GA 30303, USA","{'lat': 33.7502356, 'lng': -84.39459930000001}"
280,9280,Bulloch County School D...,"150 Williams Rd, Statesboro, GA 30458, USA","{'lat': 32.4591739, 'lng': -81.79463559999999}"
281,9281,American Heritage Acade...,"2126 Sixes Rd, Canton, GA 30114, USA","{'lat': 34.1623391, 'lng': -84.5345876}"
282,9282,Board of Regents of the...,"Library, 3175 Cedartown Hwy, Rome, GA 30161, USA","{'lat': 34.169222, 'lng': -85.2066467}"
283,9283,Atlanta Public School S...,"134 Trinity Ave SW, Atlanta, GA 30303, USA","{'lat': 33.7488774, 'lng': -84.3921404}"
284,9284,Henry County Schools,"33 N Zack Hinton Pkwy, McDonough, GA 30253, USA","{'lat': 33.4490151, 'lng': -84.133561}"
285,9285,Jeff Davis County Schoo...,"44 Charles Rogers Blvd, Hazlehurst, GA 31539, USA","{'lat': 31.864457, 'lng': -82.60879340000001}"
286,9286,Atlanta Public School S...,"138 Trinity Ave SW, Atlanta, GA 30303, USA","{'lat': 33.7489115, 'lng': -84.3922025}"
287,9287,Cartersville City Schoo...,"310 Old Mill Rd, Cartersville, GA 30120, USA","{'lat': 34.1505613, 'lng': -84.8119507}"
288,9288,Clayton County Public S...,"5452 Phillips Dr, Forest Park, GA 30297, USA","{'lat': 33.6061738, 'lng': -84.3537942}"
289,9289,Atlanta Public School S...,"155 Trinity Ave SW, Atlanta, GA 30303, USA","{'lat': 33.7496131, 'lng': -84.3929594}"
290,9290,Atlanta Public School S...,"194 Trinity Ave SW, Atlanta, GA 30303, USA","{'lat': 33.7500282, 'lng': -84.39422309999999}"
291,9291,Atlanta Public School S...,"202 Trinity Ave SW, Atlanta, GA 30303, USA","{'lat': 33.7501654, 'lng': -84.3944819}"
292,9292,Applebee's Internationa...,"601 N Pierce St, Alma, GA 31510, USA","{'lat': 31.5452207, 'lng': -82.46109609999999}"
293,9293,A Child'S Campus Inc,"Atlanta, GA, USA","{'lat': 33.7489954, 'lng': -84.3879824}"
294,9294,Atlanta Public School S...,"207 Trinity Ave SW, Atlanta, GA 30303, USA","{'lat': 33.7503367, 'lng': -84.3947805}"
295,9295,Lumpkin County School D...,"51 Mountain View Dr, Dahlonega, GA 30533, USA","{'lat': 34.54324080000001, 'lng': -83.9893866}"
296,9296,Georgia Department of E...,"1116 E 24th Ave, Cordele, GA 31015, USA","{'lat': 31.9538099, 'lng': -83.7634349}"
297,9297,Pulaski County School D...,"1 Red Devil Dr, Hawkinsville, GA 31036, USA","{'lat': 32.2790971, 'lng': -83.4922759}"
298,9298,Atlanta Public School S...,"173 Trinity Ave SW, Atlanta, GA 30303, USA","{'lat': 33.7498499, 'lng': -84.3934151}"
299,9299,North Jackson Elementar...,"1880 Hoods Mill Rd, Commerce, GA 30529, USA","{'lat': 34.1490817, 'lng': -83.4716069}"
300,9300,Georgia Department of E...,"509 W Palm St, Fitzgerald, GA 31750, USA","{'lat': 31.7089423, 'lng': -83.2606364}"
301,9301,Atlanta Public School S...,"189 Trinity Ave SW, Atlanta, GA 30303, USA","{'lat': 33.7503582, 'lng': -84.39418620000001}"
302,9302,"Aegon USA, Inc","1100 Johnson Ferry Rd NE, Atlanta, GA 30342, USA","{'lat': 33.9070341, 'lng': -84.34930039999999}"
303,9303,First Montessori Schl,"5750 Long Island Dr, Atlanta, GA 30327, USA","{'lat': 33.9120966, 'lng': -84.3928669}"
304,9304,Atlanta Public School S...,"162 Trinity Ave SW, Atlanta, GA 30303, USA","{'lat': 33.7492832, 'lng': -84.39335249999999}"
305,9305,Hancock County Schools,"Augusta Hwy, Sparta, GA 31087, USA","{'lat': 33.282343, 'lng': -82.96256199999999}"
306,9306,First Presbyterian Chur...,"308 E Court St, Hinesville, GA 31313, USA","{'lat': 31.8480938, 'lng': -81.5916433}"
307,9307,Greenfield Hebrew Acade...,"5200 Northland Dr, Atlanta, GA 30342, USA","{'lat': 33.8958859, 'lng': -84.3664859}"
308,9308,Atlanta Public School S...,"196 Trinity Ave SW, Atlanta, GA 30303, USA","{'lat': 33.7501042, 'lng': -84.39436649999999}"
309,9309,Atlanta Public School S...,"169 Trinity Ave SW, Atlanta, GA 30303, USA","{'lat': 33.7497766, 'lng': -84.3932774}"
310,9310,Cafe Continental Inc,"2450 Lower Roswell Rd, Marietta, GA 30068, USA","{'lat': 33.9436504, 'lng': -84.4808176}"
311,9311,Georgia Institute of Te...,"734 Fowler St NW, Atlanta, GA 30313, USA","{'lat': 33.7746096, 'lng': -84.39419219999999}"
312,9312,Atlanta Public School S...,"139 Trinity Ave SW, Atlanta, GA 30303, USA","{'lat': 33.7490458, 'lng': -84.3918841}"
313,9313,Cobb County School Dist...,"730 Boggs Rd, Mableton, GA 30126, USA","{'lat': 33.8042345, 'lng': -84.5753405}"
314,9314,Bacon County School Dis...,"601 N Pierce St, Alma, GA 31510, USA","{'lat': 31.5452207, 'lng': -82.46109609999999}"
315,9315,Atlanta Public School S...,"142 Trinity Ave SW, Atlanta, GA 30303, USA","{'lat': 33.7490479, 'lng': -84.3924516}"
316,9316,Atlanta Public School S...,"200 Trinity Ave SW, Atlanta, GA 30303, USA","{'lat': 33.7501654, 'lng': -84.3944819}"
317,9317,Atlanta Public School S...,"213 Trinity Ave SW, Atlanta, GA 30303, USA","{'lat': 33.7503833, 'lng': -84.39485189999999}"
318,9318,Hart County Library,"150 Benson St, Hartwell, GA 30643, USA","{'lat': 34.3497926, 'lng': -82.930786}"
319,9319,Atlanta Public School S...,"136 Trinity Ave SW, Atlanta, GA 30303, USA","{'lat': 33.7489115, 'lng': -84.3922025}"
320,9320,Bibb County Public Scho...,"110 Raliegh Dr, Macon, GA 31210, USA","{'lat': 32.9087473, 'lng': -83.723006}"
321,9321,Cobb County School Dist...,"730 Boggs Rd, Mableton, GA 30126, USA","{'lat': 33.8042345, 'lng': -84.5753405}"
322,9322,Athens Child Developmen...,"3145 S Barnett Shoals Rd, Athens, GA 30605, USA","{'lat': 33.9051325, 'lng': -83.3366474}"
323,9323,Heritage Elementary Sch...,"7415 Herndon Rd, Fairburn, GA 30213, USA","{'lat': 33.5560148, 'lng': -84.6259194}"
324,9324,Troup County School Sys...,"326 Long Cane Rd, LaGrange, GA 30240, USA","{'lat': 32.9583315, 'lng': -85.1251238}"
325,9325,Atlanta Public School S...,"203 Trinity Ave SW, Atlanta, GA 30303, USA","{'lat': 33.7502798, 'lng': -84.39467859999999}"
326,9326,Atlanta Public School S...,"215 Trinity Ave SW, Atlanta, GA 30303, USA","{'lat': 33.7504257, 'lng': -84.3949319}"
327,9327,Georgia Department of E...,"1589 GA-119, Springfield, GA 31329, USA","{'lat': 32.3454856, 'lng': -81.3504111}"
328,9328,Atlanta Public School S...,"145 Trinity Ave SW, Atlanta, GA 30303, USA","{'lat': 33.7488657, 'lng': -84.392119}"
329,9329,Bibb County Public Schools,"6515 Houston Rd, Macon, GA 31216, USA","{'lat': 32.7216651, 'lng': -83.6867499}"
330,9330,Bibb County Public Schools,"2521 Anderson Dr, Macon, GA 31206, USA","{'lat': 32.7887844, 'lng': -83.70621369999999}"
331,9331,Forsyth County Schools,"3740 Melody Mizer Ln, Cumming, GA 30041, USA","{'lat': 34.1363157, 'lng': -84.1426067}"
332,9332,Butts County School District,"150 Shiloh Rd, Jackson, GA 30233, USA","{'lat': 33.29511129999999, 'lng': -84.0184773}"
333,9333,Baldwin-Whitehall School District,"155 GA-49, Milledgeville, GA 31061, USA","{'lat': 33.0720676, 'lng': -83.25844889999999}"
334,9334,Crawford County,"401 Lowe Rd, Roberta, GA 31078, USA","{'lat': 32.7311726, 'lng': -84.00806659999999}"
335,9335,Clinch County,"863 Carswell St, Homerville, GA 31634, USA","{'lat': 31.0489311, 'lng': -82.75013790000001}"
336,9336,New Georgia School,"3236 Atlanta Hwy, Dallas, GA 30132, USA","{'lat': 33.9092552, 'lng': -84.7882671}"
337,9337,Brantley County Schools,"Nahunta, GA 31553, USA","{'lat': 31.20439, 'lng': -81.98122599999999}"
338,9338,Forsyth County Schools,"3455 Coal Mountain Dr, Cumming, GA 30028, USA","{'lat': 34.2739401, 'lng': -84.1059887}"
339,9339,Cobb County School District,"991 Old Alabama Rd SW, Mableton, GA 30126, USA","{'lat': 33.8054682, 'lng': -84.5831357}"
340,9340,CDC Software,"2002 Summit Blvd NE Suite 300, Atlanta, GA 30319, USA","{'lat': 33.9144036, 'lng': -84.34208579999999}"
341,9341,Bartow County School District,"122 King St, Adairsville, GA 30103, USA","{'lat': 34.3702415, 'lng': -84.94019209999999}"
342,9342,Georgia Military College,"Old Capitol Building, 201 E Greene St, Milledgeville, GA 31061, USA","{'lat': 33.0786691, 'lng': -83.2245845}"
343,9343,"Cook County, Illinois","1512 N Elm St, Sparks, GA 31647, USA","{'lat': 31.1539988, 'lng': -83.4337834}"
344,9344,Troup County School District,"101 S Shannon Dr, LaGrange, GA 30241, USA","{'lat': 33.0682144, 'lng': -84.98443569999999}"
345,9345,Brantley County Schools,"Nahunta, GA 31553, USA","{'lat': 31.20439, 'lng': -81.98122599999999}"
346,9346,Gwinnett County Public Schools,"713 Hi Hope Rd, Lawrenceville, GA 30043, USA","{'lat': 33.9841961, 'lng': -83.971119}"
347,9347,Dekalb County School System,"2652 Lawrenceville Hwy #101, Decatur, GA 30033, USA","{'lat': 33.824604, 'lng': -84.26154319999999}"
348,9348,Catoosa County,"4005 Poplar Springs Rd, Ringgold, GA 30736, USA","{'lat': 34.8918935, 'lng': -85.1931788}"
349,9349,Dekalb County School System,"2112 Seaman Cir, Chamblee, GA 30341, USA","{'lat': 33.9115584, 'lng': -84.3036269}"
350,9350,Dekalb County School System,"4576 N Peachtree Rd, Atlanta, GA 30338, USA","{'lat': 33.9278686, 'lng': -84.29592799999999}"
351,9351,Cherokee County,"10500 Bells Ferry Rd, Canton, GA 30114, USA","{'lat': 34.19113189999999, 'lng': -84.53524279999999}"
352,9352,Dekalb County School System,"919 Martin Rd, Stone Mountain, GA 30088, USA","{'lat': 33.7695177, 'lng': -84.1794707}"
353,9353,Walker County School District,"87 S Burnt Mill Rd, LaFayette, GA 30728, USA","{'lat': 34.700967, 'lng': -85.30685}"
354,9354,Dekalb County School System,"2449 Dresden Dr, Atlanta, GA 30341, USA","{'lat': 33.8692207, 'lng': -84.2920628}"
355,9355,Carroll County School System,"Primary School Rd, Carrollton, GA, USA","{'lat': 33.5418077, 'lng': -85.0699995}"
356,9356,Clayton County Public Schools,"6340 GA-42, Rex, GA 30273, USA","{'lat': 33.5816867, 'lng': -84.2874318}"
357,9357,"Harris County, Texas","Hamilton, GA 31811, USA","{'lat': 32.7579106, 'lng': -84.87493110000001}"
358,9358,Covenant Christian Academy,"6905 Post Rd, Cumming, GA 30040, USA","{'lat': 34.1659597, 'lng': -84.2341158}"
359,9359,Rabbi Harry H Epstein Schl Inc,"335 Colewood Way NW, Atlanta, GA 30328, USA","{'lat': 33.928651, 'lng': -84.3986254}"
360,9360,Communities In Schools of Atlanta,"545 Hill St SE, Atlanta, GA 30312, USA","{'lat': 33.7385063, 'lng': -84.37954669999999}"
361,9361,Bibb County Public Schools,"1301 Shurling Dr, Macon, GA 31211, USA","{'lat': 32.8595435, 'lng': -83.60016209999999}"
362,9362,Hart County School District,"176 Powell Rd, Hartwell, GA 30643, USA","{'lat': 34.3514417, 'lng': -82.9221813}"
363,9363,Bleckley County School District,"470 GA-26, Cochran, GA 31014, USA","{'lat': 32.3675362, 'lng': -83.3783338}"
364,9364,Dekalb County School System,"1131 Briar Vista Terrace NE, Atlanta, GA 30324, USA","{'lat': 33.8101037, 'lng': -84.33830569999999}"
365,9365,North Jackson Elementary Schl,"74 Oldewick Trail, Hoschton, GA 30548, USA","{'lat': 34.1102921, 'lng': -83.70764609999999}"
366,9366,Howard School,"1192 Foster St NW, Atlanta, GA 30318, USA","{'lat': 33.7872151, 'lng': -84.4173486}"
367,9367,Rockdale County School District,"2633 Stanton Rd SE, Conyers, GA 30094, USA","{'lat': 33.6232356, 'lng': -84.0371408}"
368,9368,Kings Ridge Christian School,"285 S Main St, Alpharetta, GA 30009, USA","{'lat': 34.06945, 'lng': -84.302562}"
369,9369,Fayette County,"Fayetteville, GA 30214, USA","{'lat': 33.473501, 'lng': -84.5012435}"
370,9370,Rockdale County School District,"Stockbridge, GA, USA","{'lat': 33.5442781, 'lng': -84.23380929999999}"
371,9371,Cobb County School District,"4770 Lee Waters Rd, Marietta, GA 30066, USA","{'lat': 34.0638382, 'lng': -84.5128792}"
372,9372,Cherokee County,"221 Upper Burris Rd, Canton, GA 30114, USA","{'lat': 34.3316152, 'lng': -84.48916489999999}"
373,9373,Dekalb County School System,"1130 Rock Chapel Rd, Lithonia, GA 30058, USA","{'lat': 33.760061, 'lng': -84.08013799999999}"
374,9374,Gwinnett County Public Schools,"3115 Scenic Hwy S, Snellville, GA 30078, USA","{'lat': 33.8407525, 'lng': -84.03238120000002}"
375,9375,Jefferson County Arkansas,"901 Mimosa Dr, Louisville, GA 30434, USA","{'lat': 33.0078833, 'lng': -82.4091347}"
376,9376,Barney Fletcher Schools,"Parking lot, 3200 Cobb Galleria Pkwy #275, Atlanta, GA 30339, USA","{'lat': 33.8815458, 'lng': -84.45566160000001}"
377,9377,Georgia Department of Education,"345 Ward Ave, Lincolnton, GA 30817, USA","{'lat': 33.7921873, 'lng': -82.4790395}"
378,9378,Bibb County Public Schools,"3600 Brookdale Ave, Macon, GA 31204, USA","{'lat': 32.8520758, 'lng': -83.68520149999999}"
379,9379,Jenkins County,"527 Barney Ave, Millen, GA 30442, USA","{'lat': 32.8088275, 'lng': -81.94019610000001}"
380,9380,Greater Atlanta Christian School,"1575 Indian Trail Lilburn Rd NW, Norcross, GA 30093, USA","{'lat': 33.91987, 'lng': -84.1705545}"
381,9381,Jenkins County,"Millen, GA 30442, USA","{'lat': 32.8040512, 'lng': -81.9492812}"
382,9382,IVY League Montessori School,"1791 Kelly Mill Rd, Cumming, GA 30040, USA","{'lat': 34.2032515, 'lng': -84.185749}"
383,9383,Clayton County Public Schools,"7900 Lake Ridge Cir, Riverdale, GA 30296, USA","{'lat': 33.5394481, 'lng': -84.432283}"
384,9384,Muscogee County School District,"4201 Primrose Rd, Columbus, GA 31907, USA","{'lat': 32.5035383, 'lng': -84.9280938}"
385,9385,Henry County Schools,"458 Fairview Rd, Stockbridge, GA 30281, USA","{'lat': 33.6092715, 'lng': -84.2281266}"
386,9386,Floyd County School District,"72 Glenwood School Rd NE, Rome, GA 30165, USA","{'lat': 34.3125216, 'lng': -85.1644196}"
387,9387,Lewisville Independent School District,"2652 Lawrenceville Hwy #101, Decatur, GA 30033, USA","{'lat': 33.824604, 'lng': -84.26154319999999}"
388,9388,Holy Innocents' Episcopal School,"805 Mount Vernon Hwy, Sandy Springs, GA 30327, USA","{'lat': 33.9099063, 'lng': -84.4134364}"
389,9389,Fulton County School District,"8100 Roberts Dr, Atlanta, GA 30350, USA","{'lat': 33.9767699, 'lng': -84.34292429999999}"
390,9390,McDuffie County School District,"520 Pheasant Run Dr, Evans, GA 30809, USA","{'lat': 33.5372745, 'lng': -82.1341384}"
391,9391,Fulton County School System,"4375 Kimball Bridge Rd, Alpharetta, GA 30022, USA","{'lat': 34.0529491, 'lng': -84.2310904}"
392,9392,Chickamauga City Schools,"Lee Cir, Chickamauga, GA 30707, USA","{'lat': 34.8695753, 'lng': -85.2943627}"
393,9393,Houston County Schools,"1100 Main St, Perry, GA 31069, USA","{'lat': 32.45834860000001, 'lng': -83.7287546}"
394,9394,Cartersville City Schools,"315 Etowah Dr, Cartersville, GA 30120, USA","{'lat': 34.1491901, 'lng': -84.8123968}"
395,9395,Scott Highlands Middle School,"Canton, GA 30169, USA","{'lat': 34.14, 'lng': -84.3}"
396,9396,Coffee County,"3753 Vickers Crossing, Ambrose, GA 31512, USA","{'lat': 31.5960974, 'lng': -83.0072349}"
397,9397,Dekalb County School System,"1402 Austin Dr, Decatur, GA 30032, USA","{'lat': 33.7515181, 'lng': -84.2329838}"
398,9398,Dougherty County School System,"Albany, GA 31702, USA","{'lat': 31.58, 'lng': -84.16}"
399,9399,Elbert County,"1088 Ruckersville Rd, Elberton, GA 30635, USA","{'lat': 34.1311355, 'lng': -82.85621019999999}"
