,_id,Name,Address,Geocodes
0,7400,St. Thomas More Catholic School,"630 W Ponce de Leon Ave, Decatur, GA 30030, USA","{'lat': 33.7737629, 'lng': -84.3056667}"
1,7401,St. Thomas More Catholic School,"630 W Ponce de Leon Ave, Decatur, GA 30030, USA","{'lat': 33.7737629, 'lng': -84.3056667}"
2,7402,St. Pius X Catholic High School,"2674 Johnson Rd NE, Atlanta, GA 30345, USA","{'lat': 33.8645679, 'lng': -84.2915716}"
3,7403,Prince Avenue Christian School,"2201 Ruth Jackson Rd, Bogart, GA 30622, USA","{'lat': 33.9118138, 'lng': -83.55301539999999}"
4,7404,Orgill Inc,"700 W 8th St, Tifton, GA 31794, USA","{'lat': 31.461895, 'lng': -83.5214299}"
5,7405,Muscogee County School District,"5801 Armour Rd, Columbus, GA 31909, USA","{'lat': 32.5271818, 'lng': -84.95476769999999}"
6,7406,Muscogee County School District,"2011 51st St, Columbus, GA 31904, USA","{'lat': 32.5142708, 'lng': -84.963751}"
7,7407,Muscogee County School District,"Columbus, GA 31902, USA","{'lat': 32.46862, 'lng': -84.99141}"
8,7408,Muscogee County School District,"2520 Broadmoor Dr, Columbus, GA 31903, USA","{'lat': 32.4098519, 'lng': -84.9669213}"
9,7409,Muscogee County School District,"3100, 3100 Reese Rd, Columbus, GA 31907, USA","{'lat': 32.5012581, 'lng': -84.9101273}"
10,7410,Houston County High School,"1100 Main St, Perry, GA 31069, USA","{'lat': 32.45834860000001, 'lng': -83.7287546}"
11,7411,Intown Community Church,"2059 Lavista Rd NE, Atlanta, GA 30329, USA","{'lat': 33.8150055, 'lng': -84.31767649999999}"
12,7412,Muscogee County School District,"7601 Schomburg Rd, Columbus, GA 31909, USA","{'lat': 32.557632, 'lng': -84.90904900000001}"
13,7413,Mill Creek High School,"3200 Pleasant Hill Rd, Duluth, GA 30096, USA","{'lat': 33.98749910000001, 'lng': -84.15851699999999}"
14,7414,Mill Creek High School,"1160 Level Creek Rd, Sugar Hill, GA 30518, USA","{'lat': 34.1058226, 'lng': -84.0364027}"
15,7415,Mill Creek High School,"437 Old Peachtree Rd NW, Suwanee, GA 30024, USA","{'lat': 34.0143978, 'lng': -84.0555025}"
16,7416,"National Society of Genetic Counselors, Inc.","5405 Spalding Dr, Norcross, GA 30092, USA","{'lat': 33.9684053, 'lng': -84.21324349999999}"
17,7417,Georgia Council of Teachers of English,"1000, 1000 Chastain Rd NW, Kennesaw, GA 30144, USA","{'lat': 34.0317143, 'lng': -84.5839132}"
18,7418,Mill Creek High School,"585 Mitchell Rd NW, Norcross, GA 30071, USA","{'lat': 33.9384698, 'lng': -84.2048226}"
19,7419,Rome Symphony Orchestra Inc,"1014 Cave Spring Rd SW, Rome, GA 30161, USA","{'lat': 34.2261211, 'lng': -85.18372860000001}"
20,7420,Georgia Association of School Business Officials,"1120 Dahlonega Hwy, Cumming, GA 30040, USA","{'lat': 34.2324789, 'lng': -84.1235214}"
21,7421,Henry County Schools,"33 N Zack Hinton Pkwy, McDonough, GA 30253, USA","{'lat': 33.4490151, 'lng': -84.133561}"
22,7422,Houston County Schools,"Warner Robins, GA 31099, USA","{'lat': 32.5940123, 'lng': -83.6400144}"
23,7423,Alpine Program,"1342 GA-254, Cleveland, GA 30528, USA","{'lat': 34.5674263, 'lng': -83.6609414}"
24,7424,Tift County Public Scho...,"389 Tift Ave, Tifton, GA 31794, USA","{'lat': 31.4556593, 'lng': -83.5069997}"
25,7425,North Jackson Elementar...,"1660 Winder Hwy, Jefferson, GA 30549, USA","{'lat': 34.1059188, 'lng': -83.59611240000001}"
26,7426,Houston County Schools,"460 Arena Rd, Perry, GA 31069, USA","{'lat': 32.4553573, 'lng': -83.6531712}"
27,7427,Forsyth County Schools,"1120 Dahlonega Hwy, Cumming, GA 30040, USA","{'lat': 34.2324789, 'lng': -84.1235214}"
28,7428,Spalding County,"Griffin, GA, USA","{'lat': 33.2467807, 'lng': -84.2640904}"
29,7429,Lowndes County School D...,"Valdosta, GA 31603, USA","{'lat': 30.68814, 'lng': -83.31575}"
30,7430,Marietta City School Di...,"Marietta, GA 30061, USA","{'lat': 33.9491123, 'lng': -84.5507433}"
31,7431,Floyd County School Dis...,"2903 Garden Lakes NW Blvd, Rome, GA 30165, USA","{'lat': 34.2841726, 'lng': -85.2391736}"
32,7432,Clayton County Public S...,"5354 Phillips Dr, Morrow, GA 30260, USA","{'lat': 33.6081437, 'lng': -84.3549443}"
33,7433,Atlanta Public School S...,"179 Trinity Ave SW, Atlanta, GA 30303, USA","{'lat': 33.7498389, 'lng': -84.39361029999999}"
34,7434,Liberty County,"100 Deen St, Hinesville, GA 31313, USA","{'lat': 31.8376891, 'lng': -81.6012365}"
35,7435,Douglas County School S...,"9030 GA-5, Douglasville, GA 30134, USA","{'lat': 33.7379285, 'lng': -84.7698353}"
36,7436,Gwinnett County Public ...,"4300 S Berkeley Lake Rd NW, Berkeley Lake, GA 30096, USA","{'lat': 33.9776031, 'lng': -84.1867757}"
37,7437,Hall County,"1 6th St, Gainesville, GA 30504, USA","{'lat': 34.2524128, 'lng': -83.8410024}"
38,7438,Cherokee County,"Canton, GA 30169, USA","{'lat': 34.14, 'lng': -84.3}"
39,7439,RENFROE MIDDLE SCHOOL,"758 Scott Blvd, Decatur, GA 30030, USA","{'lat': 33.7833315, 'lng': -84.30649439999999}"
40,7440,Greenbrier High School,"4550 Cox Rd, Evans, GA 30809, USA","{'lat': 33.5246034, 'lng': -82.14739469999999}"
41,7441,Henry County Schools,"33 N Zack Hinton Pkwy, McDonough, GA 30253, USA","{'lat': 33.4490151, 'lng': -84.133561}"
42,7442,Gwinnett County Public ...,"1000 Old Snellville Hwy, Lawrenceville, GA 30044, USA","{'lat': 33.907135, 'lng': -84.00889289999999}"
43,7443,Gwinnett County Public ...,"50 Taylor Rd, Suwanee, GA 30024, USA","{'lat': 34.0157305, 'lng': -84.02004699999999}"
44,7444,Walker County School Di...,"87 S Burnt Mill Rd, LaFayette, GA 30728, USA","{'lat': 34.700967, 'lng': -85.30685}"
45,7445,Macon County School Sys...,"GA-49, Oglethorpe, GA, USA","{'lat': 32.2937904, 'lng': -84.0610311}"
46,7446,Muscogee County School ...,"Columbus, GA 31902, USA","{'lat': 32.46862, 'lng': -84.99141}"
47,7447,Coweta County School Sy...,"200 Pete Rd, Sharpsburg, GA 30277, USA","{'lat': 33.4648547, 'lng': -84.648035}"
48,7448,Greenbrier High School,"375 W Forrest St, Harlem, GA 30814, USA","{'lat': 33.4192406, 'lng': -82.31839629999999}"
49,7449,Hall County,"4841 Union Church Rd, Flowery Branch, GA 30542, USA","{'lat': 34.1643869, 'lng': -83.85724259999999}"
50,7450,Gwinnett County Public ...,"1950 Old Peachtree Rd NW, Duluth, GA 30097, USA","{'lat': 34.01368, 'lng': -84.10343120000002}"
51,7451,Phoenix High School,"254 Wolfe St, Cohutta, GA 30710, USA","{'lat': 34.9611486, 'lng': -84.9488322}"
52,7452,Dekalb County School Sy...,"5035 Vermack Rd, Dunwoody, GA 30338, USA","{'lat': 33.9455218, 'lng': -84.3152504}"
53,7453,Girl Scouts Headquarter...,"201 Cabin Creek Dr, Griffin, GA 30223, USA","{'lat': 33.2579033, 'lng': -84.26166669999999}"
54,7454,Buford City Schools Sys...,"2500 Sawnee Ave, Buford, GA 30518, USA","{'lat': 34.1346876, 'lng': -83.9957532}"
55,7455,Gainesville City School...,"508 Oak St, Gainesville, GA 30501, USA","{'lat': 34.3011577, 'lng': -83.8329668}"
56,7456,Greenbrier High School,"628 Gibbs Rd, Evans, GA 30809, USA","{'lat': 33.543201, 'lng': -82.15448599999999}"
57,7457,Savannah-Chatham County...,"768 Grant St, Savannah, GA 31401, USA","{'lat': 32.06562, 'lng': -81.08552569999999}"
58,7458,Hall County,"3305 Poplar Springs Rd, Gainesville, GA 30507, USA","{'lat': 34.2225145, 'lng': -83.8592611}"
59,7459,Cherokee County,"Canton, GA 30169, USA","{'lat': 34.14, 'lng': -84.3}"
60,7460,Gwinnett County Public ...,"3200 Pleasant Hill Rd, Duluth, GA 30096, USA","{'lat': 33.98749910000001, 'lng': -84.15851699999999}"
61,7461,Gwinnett County Public ...,"1075 Rocky Rd, Lawrenceville, GA 30044, USA","{'lat': 33.9025571, 'lng': -84.0147185}"
62,7462,Gwinnett County Public ...,"123 Broad St, Dacula, GA 30019, USA","{'lat': 33.9917809, 'lng': -83.8996399}"
63,7463,Georgia Institute of Te...,"741 Brittain Dr NW, Atlanta, GA 30313, USA","{'lat': 33.7748431, 'lng': -84.3929285}"
64,7464,Cobb County School Dist...,"Marietta, GA 30061, USA","{'lat': 33.9491123, 'lng': -84.5507433}"
65,7465,Cobb County School Dist...,"4165 Luther Ward Rd, Powder Springs, GA 30127, USA","{'lat': 33.9264072, 'lng': -84.6674219}"
66,7466,Bartow County School Di...,"Euharlee, GA 30120, USA","{'lat': 34.1577811, 'lng': -84.87763919999999}"
67,7467,Cobb County School Dist...,"Marietta, GA 30061, USA","{'lat': 33.9491123, 'lng': -84.5507433}"
68,7468,Muscogee County School ...,"Columbus, GA 31902, USA","{'lat': 32.46862, 'lng': -84.99141}"
69,7469,Greenbrier High School,"325 N Belair Rd, Evans, GA 30809, USA","{'lat': 33.52285, 'lng': -82.1386799}"
70,7470,Gwinnett County Public ...,"2500 Fence Rd NE, Dacula, GA 30019, USA","{'lat': 33.9997766, 'lng': -83.90344759999999}"
71,7471,Camden County,"900 W King St, Kingsland, GA 31548, USA","{'lat': 30.8010569, 'lng': -81.7147626}"
72,7472,Clayton County Public S...,"1587 McDonough Rd, Hampton, GA 30228, USA","{'lat': 33.445961, 'lng': -84.3390864}"
73,7473,Georgia Department of E...,"1116 E 24th Ave, Cordele, GA 31015, USA","{'lat': 31.9529398, 'lng': -83.7631313}"
74,7474,Atlanta Public School S...,"211 Trinity Ave SW, Atlanta, GA 30303, USA","{'lat': 33.750532, 'lng': -84.39465}"
75,7475,Clarke County School Di...,"900 Gaines School Rd, Athens, GA 30605, USA","{'lat': 33.9297527, 'lng': -83.3371068}"
76,7476,Fayette County,"200 McIntosh Trail, Peachtree City, GA 30269, USA","{'lat': 33.3862911, 'lng': -84.5696315}"
77,7477,Eagles Landing First Ba...,"2400 GA-42, McDonough, GA 30253, USA","{'lat': 33.5057371, 'lng': -84.1824158}"
78,7478,Fulton County School Sy...,"5230 Taylor Rd, Johns Creek, GA 30022, USA","{'lat': 34.0497331, 'lng': -84.2087758}"
79,7479,Fulton County School Di...,"5230 Taylor Rd, Johns Creek, GA 30022, USA","{'lat': 34.0497331, 'lng': -84.2087758}"
80,7480,Cobb County School Dist...,"514 Glover St SE, Marietta, GA 30060, USA","{'lat': 33.9384827, 'lng': -84.53806209999999}"
81,7481,Maggie Brown Pre-K Scho...,"Newnan, GA 30264, USA","{'lat': 33.3763255, 'lng': -84.71352139999999}"
82,7482,Georgia College & State...,"231 W Hancock St, Milledgeville, GA 31061, USA","{'lat': 33.0828388, 'lng': -83.23167149999999}"
83,7483,Gwinnett County Public ...,"6482 Suwanee Dam Rd, Buford, GA 30518, USA","{'lat': 34.1479538, 'lng': -84.0653261}"
84,7484,Muscogee County School ...,"Columbus, GA 31902, USA","{'lat': 32.46862, 'lng': -84.99141}"
85,7485,Houston County Schools,"1100 Main St, Perry, GA 31069, USA","{'lat': 32.45834860000001, 'lng': -83.7287546}"
86,7486,Jenkins County,"433 Barney Ave, Millen, GA 30442, USA","{'lat': 32.8088275, 'lng': -81.94019610000001}"
87,7487,Clayton County Public S...,"1308 Arnold St, Jonesboro, GA 30236, USA","{'lat': 33.520308, 'lng': -84.3485359}"
88,7488,Clarke County School Di...,"350 S Milledge Ave, Athens, GA 30605, USA","{'lat': 33.9513227, 'lng': -83.3897057}"
89,7489,Phoenix High School,"2032 Dug Gap Rd, Dalton, GA 30720, USA","{'lat': 34.7334467, 'lng': -85.0006854}"
90,7490,Gwinnett County Public ...,"437 Old Peachtree Rd NW #2978, Suwanee, GA 30024, USA","{'lat': 34.0162047, 'lng': -84.05718879999999}"
91,7491,Gwinnett County Public ...,"3737 Brock Rd NW, Duluth, GA 30096, USA","{'lat': 34.0092045, 'lng': -84.1441732}"
92,7492,Gwinnett County Public ...,"1330 Holly Brook Rd SW, Snellville, GA 30078, USA","{'lat': 33.8806027, 'lng': -84.04210139999999}"
93,7493,Savannah-Chatham County...,"5330 Montgomery St, Savannah, GA 31405, USA","{'lat': 32.0302968, 'lng': -81.11234569999999}"
94,7494,Cobb County School Dist...,"2400 New MacLand Rd, Powder Springs, GA 30127, USA","{'lat': 33.895881, 'lng': -84.6786395}"
95,7495,Bibb County Public Scho...,"484 Mulberry St, Macon, GA 31201, USA","{'lat': 32.8363566, 'lng': -83.6261133}"
96,7496,Brookstone School,"440 Bradley Park Dr, Columbus, GA 31904, USA","{'lat': 32.5274338, 'lng': -84.98760469999999}"
97,7497,Atlanta Public School S...,"2672 Old Hapeville Rd SW, Atlanta, GA 30315, USA","{'lat': 33.6826722, 'lng': -84.39223059999999}"
98,7498,Atlanta Public School S...,"141 Trinity Ave SW, Atlanta, GA 30303, USA","{'lat': 33.7490575, 'lng': -84.3919055}"
99,7499,Greenbrier High School,"5114 Riverwood Pkwy, Evans, GA 30809, USA","{'lat': 33.588837, 'lng': -82.19227649999999}"
100,7500,Liberty County,"635 Taylor Rd, Hinesville, GA 31313, USA","{'lat': 31.8593846, 'lng': -81.6014507}"
101,7501,Coweta County School Sy...,"41 Evans Dr, Newnan, GA 30263, USA","{'lat': 33.3901254, 'lng': -84.8192347}"
102,7502,Henry County Schools,"301 Tunis Rd, McDonough, GA 30253, USA","{'lat': 33.4902884, 'lng': -84.2083641}"
103,7503,Fulton County School Di...,"786 Cleveland Ave SW, Atlanta, GA 30315, USA","{'lat': 33.6807208, 'lng': -84.4145583}"
104,7504,Carroll County School S...,"164 Independence Dr, Carrollton, GA 30116, USA","{'lat': 33.5693261, 'lng': -85.0451451}"
105,7505,Cobb County School Dist...,"2900 Scott Rd, Marietta, GA 30066, USA","{'lat': 34.0219956, 'lng': -84.53188469999999}"
106,7506,Dodge County,"720 College St, Eastman, GA 31023, USA","{'lat': 32.1902496, 'lng': -83.1747932}"
107,7507,Cobb County School Dist...,"1898 Kennesaw Due West Rd NW, Kennesaw, GA 30152, USA","{'lat': 33.998095, 'lng': -84.61867170000001}"
108,7508,Cobb County School Dist...,"1575 Ben King Rd, Kennesaw, GA 30144, USA","{'lat': 34.0275435, 'lng': -84.5966369}"
109,7509,Calhoun City,"399 S River St, Calhoun, GA 30701, USA","{'lat': 34.4987712, 'lng': -84.9568003}"
110,7510,Calhoun City,"315 S River St, Calhoun, GA 30701, USA","{'lat': 34.502054, 'lng': -84.9552576}"
111,7511,Lakeview Academy,"796 Lakeview Dr, Gainesville, GA 30501, USA","{'lat': 34.32200470000001, 'lng': -83.8058629}"
112,7512,Glynn County School Adm,"1001 Mansfield St, Brunswick, GA 31520, USA","{'lat': 31.1476201, 'lng': -81.49003359999999}"
113,7513,Fayette County,"Fayetteville, GA 30214, USA","{'lat': 33.473501, 'lng': -84.5012435}"
114,7514,Fulton County School Di...,"791 Mimosa Blvd, Roswell, GA 30075, USA","{'lat': 34.0198866, 'lng': -84.3628717}"
115,7515,Atlanta Public School S...,"208 Trinity Ave SW, Atlanta, GA 30303, USA","{'lat': 33.7502356, 'lng': -84.39459930000001}"
116,7516,Crabapple Montessori Sc...,"12387 Crabapple Rd, Alpharetta, GA 30004, USA","{'lat': 34.08394639999999, 'lng': -84.3544103}"
117,7517,Atlanta Speech School,"3160 Northside Pkwy NW, Atlanta, GA 30327, USA","{'lat': 33.8415327, 'lng': -84.42227249999999}"
118,7518,Clayton County Public S...,"7900 Lake Ridge Cir, Riverdale, GA 30296, USA","{'lat': 33.5394481, 'lng': -84.432283}"
119,7519,Habersham County,"3116 Demorest Mt Airy Hwy, Demorest, GA 30535, USA","{'lat': 34.5611175, 'lng': -83.5277564}"
120,7520,Evans County,"613 W Main St, Claxton, GA 30417, USA","{'lat': 32.1615965, 'lng': -81.9152417}"
121,7521,Savannah-Chatham County...,"9116 Whitefield Ave, Savannah, GA 31406, USA","{'lat': 31.97757989999999, 'lng': -81.1047814}"
122,7522,Muscogee County School ...,"6100 Georgetown Dr, Columbus, GA 31907, USA","{'lat': 32.465501, 'lng': -84.88492529999999}"
123,7523,General Education,"560 W Crossville Rd #103, Roswell, GA 30075, USA","{'lat': 34.0548569, 'lng': -84.3782305}"
124,7524,Chattooga County School...,"33 Middle School Rd, Summerville, GA 30747, USA","{'lat': 34.4600298, 'lng': -85.35631699999999}"
125,7525,Augusta State Universit...,"2500 Walton Way, Augusta, GA 30904, USA","{'lat': 33.475911, 'lng': -82.023259}"
126,7526,Gwinnett County Public ...,"564 W Crogan St, Lawrenceville, GA 30046, USA","{'lat': 33.9481514, 'lng': -84.00006189999999}"
127,7527,Fulton County School Di...,"2580 Delowe Dr, East Point, GA 30344, USA","{'lat': 33.6850173, 'lng': -84.4568508}"
128,7528,Georgia Institute of Te...,"225 North Avenue NW, Atlanta, GA 30332, USA","{'lat': 33.7724173, 'lng': -84.39479159999999}"
129,7529,Walker County School Di...,"100 Rambler Dr, LaFayette, GA 30728, USA","{'lat': 34.7176407, 'lng': -85.26172729999999}"
130,7530,Cobb County School Dist...,"3295 Atlanta Rd SE, Smyrna, GA 30080, USA","{'lat': 33.8729594, 'lng': -84.49801149999999}"
131,7531,Gwinnett County Public ...,"2930 Albion Farm Rd, Duluth, GA 30096, USA","{'lat': 34.0181367, 'lng': -84.1478472}"
132,7532,Coweta County School Sy...,"14 Nimmons St, Newnan, GA 30263, USA","{'lat': 33.3669324, 'lng': -84.79967169999999}"
133,7533,Savannah-Chatham County...,"1516 King George Blvd, Savannah, GA 31419, USA","{'lat': 31.9755212, 'lng': -81.2289097}"
134,7534,Girl Scouts Headquarter...,"Griffin, GA, USA","{'lat': 33.2467807, 'lng': -84.2640904}"
135,7535,Gwinnett County Public ...,"3615 Sugarloaf Pkwy, Lawrenceville, GA 30044, USA","{'lat': 33.9271602, 'lng': -84.0225255}"
136,7536,Carroll County School S...,"113 Central High Rd, Carrollton, GA 30116, USA","{'lat': 33.5524846, 'lng': -85.0681528}"
137,7537,Carrollton City,"106 Trojan Dr, Carrollton, GA 30117, USA","{'lat': 33.5670243, 'lng': -85.0793894}"
138,7538,Gwinnett County Public ...,"343 Gwinnett Dr, Lawrenceville, GA 30046, USA","{'lat': 33.9442068, 'lng': -83.9937355}"
139,7539,Gwinnett County Public ...,"437 Old Peachtree Rd NE, Lawrenceville, GA 30043, USA","{'lat': 34.0374857, 'lng': -84.0194921}"
140,7540,Henry County Schools,"166 Holly Smith Dr, McDonough, GA 30253, USA","{'lat': 33.4299612, 'lng': -84.1580843}"
141,7541,Fulton County School Di...,"9310 Scott Rd, Roswell, GA 30076, USA","{'lat': 34.007047, 'lng': -84.2908428}"
142,7542,Coweta County School Sy...,"1225 Eastside School Rd, Senoia, GA 30276, USA","{'lat': 33.2638702, 'lng': -84.5793712}"
143,7543,Muscogee County School ...,"3835 Forrest Rd, Columbus, GA 31907, USA","{'lat': 32.4848608, 'lng': -84.9263856}"
144,7544,Lumpkin County School D...,"4518 GA-52, Dahlonega, GA 30533, USA","{'lat': 34.52259710000001, 'lng': -83.9186761}"
145,7545,Bartow County School Di...,"65 Gilreath Rd SE, Cartersville, GA 30121, USA","{'lat': 34.2238579, 'lng': -84.81538420000001}"
146,7546,Fulton County School Sy...,"786 Cleveland Ave SW, Atlanta, GA 30315, USA","{'lat': 33.6807208, 'lng': -84.4145583}"
147,7547,Fayette County,"250 Parkway Dr, Peachtree City, GA 30269, USA","{'lat': 33.4231622, 'lng': -84.56478}"
148,7548,Atlanta Public School S...,"1442 Metropolitan Pkwy SW, Atlanta, GA 30310, USA","{'lat': 33.7156265, 'lng': -84.40754079999999}"
149,7549,Georgia Department of E...,"100 S West St, Bainbridge, GA 39817, USA","{'lat': 30.9056381, 'lng': -84.5767114}"
150,7550,Dawson County,"1150 Perimeter Rd, Dawsonville, GA 30534, USA","{'lat': 34.4209719, 'lng': -84.1045037}"
151,7551,Gordon County School Di...,"130 Peachtree Ln, Calhoun, GA 30701, USA","{'lat': 34.4900126, 'lng': -84.83761349999999}"
152,7552,Cherokee County,"6565 Putnam Ford Dr, Woodstock, GA 30189, USA","{'lat': 34.11585609999999, 'lng': -84.5627702}"
153,7553,Georgia Head Start Asso...,"80 Oglethorpe St, Wrightsville, GA 31096, USA","{'lat': 32.7215527, 'lng': -82.72455620000001}"
154,7554,Clayton County Public S...,"1058 Fifth Ave, Jonesboro, GA 30236, USA","{'lat': 33.536398, 'lng': -84.35708029999999}"
155,7555,Coweta County School Sy...,"280 Coweta St, Senoia, GA 30276, USA","{'lat': 33.3100671, 'lng': -84.55142769999999}"
156,7556,Marshall Public School ...,"Marietta, GA 30061, USA","{'lat': 33.9491123, 'lng': -84.5507433}"
157,7557,Cobb County School Dist...,"6800 Factory Shoals Rd SW, Austell, GA 30168, USA","{'lat': 33.7919227, 'lng': -84.57848460000001}"
158,7558,Cobb County School Dist...,"4179 Jim Owens Rd NW, Kennesaw, GA 30152, USA","{'lat': 34.0146491, 'lng': -84.6732471}"
159,7559,Atlanta Public School S...,"212 Trinity Ave SW, Atlanta, GA 30303, USA","{'lat': 33.7503118, 'lng': -84.3947359}"
160,7560,Laurens County,"467 Firetower Rd, Dublin, GA 31021, USA","{'lat': 32.4995309, 'lng': -82.9386018}"
161,7561,Atlanta International S...,"2890 N Fulton Dr NE, Atlanta, GA 30305, USA","{'lat': 33.8336325, 'lng': -84.37843579999999}"
162,7562,Camden County,"6300 Laurel Island Pkwy, Kingsland, GA 31548, USA","{'lat': 30.8185506, 'lng': -81.64638579999999}"
163,7563,Atlanta Public School S...,"143 Trinity Ave SW, Atlanta, GA 30303, USA","{'lat': 33.7490692, 'lng': -84.3919269}"
164,7564,Camden County,"311 S East St, Kingsland, GA 31548, USA","{'lat': 30.7972436, 'lng': -81.6848467}"
165,7565,The Lovett School,"4075 Paces Ferry Rd NW, Atlanta, GA 30327, USA","{'lat': 33.8585729, 'lng': -84.4534491}"
166,7566,Gwinnett County Public ---,"1000 Old Snellville Hwy, Lawrenceville, GA 30044, USA","{'lat': 33.907135, 'lng': -84.00889289999999}"
167,7567,Gwinnett County Public ...,"555 Ozora Rd, Loganville, GA 30052, USA","{'lat': 33.890913, 'lng': -83.91288399999999}"
168,7568,Savannah-Chatham County...,"201 Rommel Ave, Garden City, GA 31408, USA","{'lat': 32.1107214, 'lng': -81.1621407}"
169,7569,Hancock Co School Distr...,"488 Hancock St, Sparta, GA 31087, USA","{'lat': 33.272862, 'lng': -82.9690665}"
170,7570,"Education Affiliates, I...","2108 Cobb Pkwy SE, Smyrna, GA 30080, USA","{'lat': 33.9014934, 'lng': -84.48880020000001}"
171,7571,Cobb County School Dist...,"3850 Roswell Rd, Marietta, GA 30062, USA","{'lat': 33.9758302, 'lng': -84.4390925}"
172,7572,"Harris County, Texas","132 Barnes Mill Rd, Hamilton, GA 31811, USA","{'lat': 32.7582885, 'lng': -84.87194579999999}"
173,7573,Lumpkin County School D...,"51 Mountain View Dr, Dahlonega, GA 30533, USA","{'lat': 34.54324080000001, 'lng': -83.9893866}"
174,7574,New Georgia School,"702 Virgie Ballentine Dr, Hiram, GA 30141, USA","{'lat': 33.8798909, 'lng': -84.7715686}"
175,7575,Troup County School Sys...,"3116 New Franklin Rd, LaGrange, GA 30240, USA","{'lat': 33.1189287, 'lng': -85.0420371}"
176,7576,Savannah-Chatham County...,"3001 Hopkins St, Savannah, GA 31405, USA","{'lat': 32.0550422, 'lng': -81.1163322}"
177,7577,Central School District,"633 Stripling Chapel Rd, Carrollton, GA 30116, USA","{'lat': 33.5404198, 'lng': -85.06943700000001}"
178,7578,West Georgia Technical ...,"303 Fort Dr, LaGrange, GA 30240, USA","{'lat': 33.0108798, 'lng': -85.02927989999999}"
179,7579,Glynn County School Adm,"Brunswick, GA 31521, USA","{'lat': 31.15, 'lng': -81.49}"
180,7580,Brantley County Schools,"Nahunta, GA 31553, USA","{'lat': 31.20439, 'lng': -81.98122599999999}"
181,7581,Kings Ridge Christian S...,"2765 Bethany Bend, Milton, GA 30004, USA","{'lat': 34.1181169, 'lng': -84.2811644}"
182,7582,Catoosa County,"1850 Battlefield Pkwy, Fort Oglethorpe, GA 30742, USA","{'lat': 34.946834, 'lng': -85.2352099}"
183,7583,Newton Co School Distri...,"Covington, GA 30015, USA","{'lat': 33.5999919, 'lng': -83.8600252}"
184,7584,Henry County Schools,"33 N Zack Hinton Pkwy, McDonough, GA 30253, USA","{'lat': 33.4490151, 'lng': -84.133561}"
185,7585,Clayton County Public S...,"7013 Church St, Riverdale, GA 30274, USA","{'lat': 33.5634005, 'lng': -84.4180052}"
186,7586,Atlanta Public School S...,"210 Trinity Ave SW, Atlanta, GA 30303, USA","{'lat': 33.7502737, 'lng': -84.3946676}"
187,7587,Atlanta Public School S...,"181 Trinity Ave SW, Atlanta, GA 30303, USA","{'lat': 33.7498546, 'lng': -84.3936386}"
188,7588,Atlanta Public School S...,"193 Trinity Ave SW, Atlanta, GA 30303, USA","{'lat': 33.7503606, 'lng': -84.39419079999999}"
189,7589,Camden County,"850 May Creek St, Kingsland, GA 31548, USA","{'lat': 30.7772542, 'lng': -81.66471779999999}"
190,7590,Atlanta Public School S...,"182 Trinity Ave SW, Atlanta, GA 30303, USA","{'lat': 33.7497665, 'lng': -84.39375009999999}"
191,7591,Diggers Diner,"601 N Pierce St, Alma, GA 31510, USA","{'lat': 31.5452207, 'lng': -82.46109609999999}"
192,7592,Glynn County School Adm,"1313 Egmont St, Brunswick, GA 31520, USA","{'lat': 31.1478101, 'lng': -81.49144050000001}"
193,7593,Atlanta Public School S...,"225 Trinity Ave SW, Atlanta, GA 30303, USA","{'lat': 33.7505798, 'lng': -84.3952328}"
194,7594,Atlanta Public School S...,"156 Trinity Ave SW, Atlanta, GA 30303, USA","{'lat': 33.7491136, 'lng': -84.393045}"
195,7595,Selco Credit Union,"613 Pointe N Blvd, Albany, GA 31721, USA","{'lat': 31.6107419, 'lng': -84.2263564}"
196,7596,Clarke County School Di...,"1300 Cedar Shoals Dr, Athens, GA 30605, USA","{'lat': 33.9230531, 'lng': -83.33192799999999}"
197,7597,Savannah-Chatham County...,"208 Bull St, Savannah, GA 31401, USA","{'lat': 32.076319, 'lng': -81.0926465}"
198,7598,Lanier Middle School,"918 Buford Hwy NE, Sugar Hill, GA 30518, USA","{'lat': 34.0843042, 'lng': -84.03931349999999}"
199,7599,Atlanta Public School S...,"801 Glenwood Ave SE, Atlanta, GA 30316, USA","{'lat': 33.7395767, 'lng': -84.36177169999999}"
200,7600,Buford City Schools Sys---,"2500 Sawnee Ave, Buford, GA 30518, USA","{'lat': 34.1346876, 'lng': -83.9957532}"
201,7601,Fulton County School Sy...,"11770 E Fox Ct, Alpharetta, GA 30005, USA","{'lat': 34.0701047, 'lng': -84.21231709999999}"
202,7602,Carrollton City,"131 Janice Pl, Carrollton, GA 30117, USA","{'lat': 33.5656905, 'lng': -85.08261399999999}"
203,7603,Lee County,"Leesburg, GA 31763, USA","{'lat': 31.7321156, 'lng': -84.1707423}"
204,7604,Johnson Co. School Dist...,"2251 W Elm St, Wrightsville, GA 31096, USA","{'lat': 32.7294175, 'lng': -82.7300357}"
205,7605,Gwinnett County Public ...,"122 Gwinnett Dr, Lawrenceville, GA 30046, USA","{'lat': 33.9452241, 'lng': -83.99536839999999}"
206,7606,Lee County,"Leesburg, GA 31763, USA","{'lat': 31.7321156, 'lng': -84.1707423}"
207,7607,Fulton County School Di...,"1050 Heards Ferry Rd NW, Sandy Springs, GA 30328, USA","{'lat': 33.9183913, 'lng': -84.42065319999999}"
208,7608,Newton County School Di...,"Covington, GA 30015, USA","{'lat': 33.5999919, 'lng': -83.8600252}"
209,7609,Cobb County School Dist...,"Marietta, GA 30061, USA","{'lat': 33.9491123, 'lng': -84.5507433}"
210,7610,Cobb County School Dist...,"4770 Lee Waters Rd, Marietta, GA 30066, USA","{'lat': 34.0638382, 'lng': -84.5128792}"
211,7611,Douglas County School S...,"Douglasville, GA 30133, USA","{'lat': 33.7493709, 'lng': -84.7460678}"
212,7612,Fulton County School Di...,"786 Cleveland Ave SW, Atlanta, GA 30315, USA","{'lat': 33.6807208, 'lng': -84.4145583}"
213,7613,Gwinnett County Public ...,"437 Old Peachtree Rd NW, Suwanee, GA 30024, USA","{'lat': 34.0143978, 'lng': -84.0555025}"
214,7614,Carroll County School S...,"164 Independence Dr, Carrollton, GA 30116, USA","{'lat': 33.5693261, 'lng': -85.0451451}"
215,7615,Walton County School Di...,"100 Trident Trail, Loganville, GA 30052, USA","{'lat': 33.8344865, 'lng': -83.86867289999999}"
216,7616,GA - Dept of Education,"2895 Vineville Ave, Macon, GA 31204, USA","{'lat': 32.8475217, 'lng': -83.66887679999999}"
217,7617,Dekalb County School Sy...,"157 Heaton Park Dr, Atlanta, GA 30307, USA","{'lat': 33.7780841, 'lng': -84.3158053}"
218,7618,Coweta County School Sy...,"46 Elm St, Newnan, GA 30263, USA","{'lat': 33.3833566, 'lng': -84.8078237}"
219,7619,Henry County Schools,"396 Tomlinson St, McDonough, GA 30252, USA","{'lat': 33.4501381, 'lng': -84.1313014}"
220,7620,Dimopoulos Inc,"948 Williams Lake Rd, Powder Springs, GA 30127, USA","{'lat': 33.8366998, 'lng': -84.7566093}"
221,7621,Dekalb County School Sy...,"1130 Rock Chapel Rd, Lithonia, GA 30058, USA","{'lat': 33.760061, 'lng': -84.08013799999999}"
222,7622,Buford City Schools Sys...,"2750 Sawnee Ave, Buford, GA 30518, USA","{'lat': 34.1320607, 'lng': -83.9863189}"
223,7623,Douglas County School S...,"2520 E County Line Rd, Lithia Springs, GA 30122, USA","{'lat': 33.7555711, 'lng': -84.65786299999999}"
224,7624,Gwinnett County Public ...,"137 Dacula Rd, Dacula, GA 30019, USA","{'lat': 33.9914521, 'lng': -83.8947558}"
225,7625,Calhoun County Schools,"39 Calhoun St, Morgan, GA 39866, USA","{'lat': 31.5379382, 'lng': -84.6098796}"
226,7626,Hall County,"3534 E Hall Rd, Gainesville, GA 30507, USA","{'lat': 34.3346682, 'lng': -83.742159}"
227,7627,Georgia Department of E...,"4518 GA-52, Dahlonega, GA 30533, USA","{'lat': 34.52259710000001, 'lng': -83.9186761}"
228,7628,Muscogee County School ...,"6015 Georgetown Dr, Columbus, GA 31907, USA","{'lat': 32.4676875, 'lng': -84.8884309}"
229,7629,Episcopal Day School,"2248 Walton Way, Augusta, GA 30904, USA","{'lat': 33.4767532, 'lng': -82.0154238}"
230,7630,Dade County Sentinel,"306 Wolverine Dr, Trenton, GA 30752, USA","{'lat': 34.8734265, 'lng': -85.51213709999999}"
231,7631,Georgia Institute of Te...,"311 Ferst Dr, Atlanta, GA 30318, USA","{'lat': 33.778983, 'lng': -84.39596619999999}"
232,7632,Gwinnett County Public ...,"401 N River Dr SW, Lilburn, GA 30047, USA","{'lat': 33.8856968, 'lng': -84.10009029999999}"
233,7633,Georgia Institute of Te...,"5051 Pine Creek Cir, Woodstock, GA 30188, USA","{'lat': 34.0810087, 'lng': -84.5084342}"
234,7634,Byne Memorial Baptist S...,"2832 Ledo Rd, Albany, GA 31707, USA","{'lat': 31.6218826, 'lng': -84.2143758}"
235,7635,Atlanta Public School S...,"183 Trinity Ave SW, Atlanta, GA 30303, USA","{'lat': 33.7497665, 'lng': -84.39375009999999}"
236,7636,Atlanta Public School S...,"188 Trinity Ave SW, Atlanta, GA 30303, USA","{'lat': 33.7499098, 'lng': -84.3940087}"
237,7637,Frederica Academy,"200 Hamilton Rd, St Simons Island, GA 31522, USA","{'lat': 31.16761099999999, 'lng': -81.402348}"
238,7638,Atlanta Public School S...,"650 Cleveland Ave SW, Atlanta, GA 30315, USA","{'lat': 33.6807254, 'lng': -84.40983899999999}"
239,7639,Lumpkin County School D...,"45 Blackburn Rd, Dawsonville, GA 30534, USA","{'lat': 34.4546335, 'lng': -84.02417770000001}"
240,7640,Cobb County School Dist...,"5265 Ward St SE, Smyrna, GA 30080, USA","{'lat': 33.88904700000001, 'lng': -84.52623380000001}"
241,7641,Hall County,"3435 E Hall Rd, Gainesville, GA 30507, USA","{'lat': 34.3357196, 'lng': -83.7414135}"
242,7642,DeKalb County Police De...,"3770 N Decatur Rd, Stone Mountain, GA 30083, USA","{'lat': 33.786177, 'lng': -84.240269}"
243,7643,Clarke County School Di---,"900 Gaines School Rd, Athens, GA 30605, USA","{'lat': 33.9297527, 'lng': -83.3371068}"
244,7644,Georgia Institute of Te...,"3039 E Chapel Cir, Decatur, GA 30034, USA","{'lat': 33.69323809999999, 'lng': -84.240269}"
245,7645,Heard County School Dis...,"Franklin, GA 30217, USA","{'lat': 33.2776182, 'lng': -85.0979973}"
246,7646,GA - Dept of Education,"408 Bobcat Trail, Ellijay, GA 30540, USA","{'lat': 34.6757298, 'lng': -84.4979654}"
247,7647,Benedictine Military Sc...,"Savannah, GA, USA","{'lat': 32.0808989, 'lng': -81.091203}"
248,7648,Atlanta Public School S...,"224 Trinity Ave SW, Atlanta, GA 30303, USA","{'lat': 33.7505106, 'lng': -84.3950919}"
249,7649,Berrien County School D...,"100 Smith Ave, Nashville, GA 31639, USA","{'lat': 31.2173096, 'lng': -83.2483902}"
250,7650,Atlanta Public School S...,"130 Trinity Ave SW, Atlanta, GA 30303, USA","{'lat': 33.748372, 'lng': -84.392099}"
251,7651,Atlanta Public School S...,"171 Trinity Ave SW, Atlanta, GA 30303, USA","{'lat': 33.749819, 'lng': -84.3933599}"
252,7652,Ruskin Elementary,"2114 Dorothy St, Waycross, GA 31501, USA","{'lat': 31.2373556, 'lng': -82.35527599999999}"
253,7653,Cobb County School Dist...,"3055 Ebenezer Rd NE, Marietta, GA 30066, USA","{'lat': 34.0257412, 'lng': -84.49226929999999}"
254,7654,Carrollton City,"106 Trojan Dr, Carrollton, GA 30117, USA","{'lat': 33.5670243, 'lng': -85.0793894}"
255,7655,Gwinnett County Public ...,"3250 River Dr SW, Lawrenceville, GA 30044, USA","{'lat': 33.8842651, 'lng': -84.069431}"
256,7656,Habersham County,"375 Old Cleveland Rd, Cornelia, GA 30531, USA","{'lat': 34.520421, 'lng': -83.5344624}"
257,7657,Lee County,"126 Starksville Ave N, Leesburg, GA 31763, USA","{'lat': 31.7333706, 'lng': -84.16692390000001}"
258,7658,Cobb County School Dist...,"Marietta, GA 30061, USA","{'lat': 33.9491123, 'lng': -84.5507433}"
259,7659,Georgia College & State---,"231 W Hancock St, Milledgeville, GA 31061, USA","{'lat': 33.0828388, 'lng': -83.23167149999999}"
260,7660,Greenbrier High School,"455 S Old Belair Rd, Grovetown, GA 30813, USA","{'lat': 33.484184, 'lng': -82.1547051}"
261,7661,Liberty County,"600 Edgewater Dr, Midway, GA 31320, USA","{'lat': 31.8078008, 'lng': -81.4518456}"
262,7662,Atlanta Public School S...,"190 Trinity Ave SW, Atlanta, GA 30303, USA","{'lat': 33.749969, 'lng': -84.39411590000002}"
263,7663,Georgia Academy-Family ...,"3760 Northlake Creek Dr #100, Tucker, GA 30084, USA","{'lat': 33.8601225, 'lng': -84.2232858}"
264,7664,Gwinnett County Public ...,"405 Pleasant Hill Rd, Lilburn, GA 30047, USA","{'lat': 33.906979, 'lng': -84.11484349999999}"
265,7665,Gwinnett County Public ...,"1707 Hurricane Shoals Rd NE, Dacula, GA 30019, USA","{'lat': 33.9969329, 'lng': -83.93721}"
266,7666,Alpine Program,"1300 Athens St, Gainesville, GA 30507, USA","{'lat': 34.2874137, 'lng': -83.8014201}"
267,7667,White County School Dis...,"342 W Kytle St, Cleveland, GA 30528, USA","{'lat': 34.598453, 'lng': -83.7699545}"
268,7668,Georgia Department of E...,"1116 E 24th Ave, Cordele, GA 31015, USA","{'lat': 31.9538099, 'lng': -83.7634349}"
269,7669,Cartersville City Schoo...,"320 E Church St, Cartersville, GA 30120, USA","{'lat': 34.1700329, 'lng': -84.789643}"
270,7670,Advertape Inc,"1058 Fifth Ave, Jonesboro, GA 30236, USA","{'lat': 33.536398, 'lng': -84.35708029999999}"
271,7671,Fort Valley State Unive...,"1005 State University Dr, Fort Valley, GA 31030, USA","{'lat': 32.53709070000001, 'lng': -83.89823270000001}"
272,7672,Greenbrier High School,"1070 Appling Harlem Rd, Harlem, GA 30814, USA","{'lat': 33.4568869, 'lng': -82.3133079}"
273,7673,Muscogee County School ...,"6400, 6400 Forrest Rd, Columbus, GA 31907, USA","{'lat': 32.4873079, 'lng': -84.8813447}"
274,7674,Hart County School Dist...,"284 Campbell Dr, Hartwell, GA 30643, USA","{'lat': 34.3496154, 'lng': -82.9247345}"
275,7675,Athens Christian School,"1270 US-29, Athens, GA 30601, USA","{'lat': 34.006577, 'lng': -83.32689200000002}"
276,7676,Murray County School Di...,"700 Old Dalton Ellijay Rd, Chatsworth, GA 30705, USA","{'lat': 34.7799814, 'lng': -84.7796126}"
277,7677,Arlington Christian Sch...,"4500 Ridge Rd, Fairburn, GA 30213, USA","{'lat': 33.6349518, 'lng': -84.65273499999999}"
278,7678,"Cook County, Illinois","1601 N Elm St, Sparks, GA 31647, USA","{'lat': 31.1551337, 'lng': -83.4383727}"
279,7679,Gwinnett County Public ...,"437 Old Peachtree Rd NW, Suwanee, GA 30024, USA","{'lat': 34.0143978, 'lng': -84.0555025}"
280,7680,Fulton County School Di...,"786 Cleveland Ave SE, Atlanta, GA 30354, USA","{'lat': 33.6787024, 'lng': -84.36473629999999}"
281,7681,Liberty County,"1000 Joseph Martin Rd, Hinesville, GA 31313, USA","{'lat': 31.8665551, 'lng': -81.58239139999999}"
282,7682,Haralson County,"10 Van Wert St, Buchanan, GA 30113, USA","{'lat': 33.7989739, 'lng': -85.1891176}"
283,7683,New Georgia School,"3236 Atlanta Hwy, Dallas, GA 30132, USA","{'lat': 33.9092552, 'lng': -84.7882671}"
284,7684,American Heritage Acade...,"2126 Sixes Rd, Canton, GA 30114, USA","{'lat': 34.1623391, 'lng': -84.5345876}"
285,7685,Cobb County School Dist...,"2433 Jamerson Rd, Marietta, GA 30066, USA","{'lat': 34.073416, 'lng': -84.4787849}"
286,7686,Fulton County School Di...,"7405 Herndon Rd, Fairburn, GA 30213, USA","{'lat': 33.5582841, 'lng': -84.6279637}"
287,7687,Gwinnett County Public ...,"3946 S Bogan Rd, Buford, GA 30519, USA","{'lat': 34.0971597, 'lng': -83.979552}"
288,7688,Gwinnett County Public ...,"3443 Ridge Rd, Buford, GA 30519, USA","{'lat': 34.0973868, 'lng': -83.93567949999999}"
289,7689,Todd Realty,"680 Fairburn Rd SW, Atlanta, GA 30331, USA","{'lat': 33.7356098, 'lng': -84.50964280000001}"
290,7690,Cobb County School Dist...,"5265 Ward St SE, Smyrna, GA 30080, USA","{'lat': 33.88904700000001, 'lng': -84.52623380000001}"
291,7691,Cherokee Christian High...,"3075 Trickum Rd, Woodstock, GA 30188, USA","{'lat': 34.1148365, 'lng': -84.4690078}"
292,7692,Coweta County,"160 M.L.K. Jr Dr, Newnan, GA 30263, USA","{'lat': 33.3647532, 'lng': -84.7831193}"
293,7693,Academics Plus,"717 Industrial Park Dr, Evans, GA 30809, USA","{'lat': 33.551341, 'lng': -82.12141969999999}"
294,7694,Cobb County School Dist...,"1345 Mars Hill Rd, Acworth, GA 30101, USA","{'lat': 33.9867931, 'lng': -84.7199645}"
295,7695,Baldwin County Public S...,"375 Blandy Rd, Milledgeville, GA 31061, USA","{'lat': 33.0799486, 'lng': -83.2714293}"
296,7696,Darlington School,"1014 Cave Spring Rd SW, Rome, GA 30161, USA","{'lat': 34.2261211, 'lng': -85.18372860000001}"
297,7697,Fulton County School Di...,"786 Cleveland Ave SW, Atlanta, GA 30315, USA","{'lat': 33.6807208, 'lng': -84.4145583}"
298,7698,Jefferson City Schools,"415 Hoschton St, Jefferson, GA 30549, USA","{'lat': 34.1242649, 'lng': -83.5871796}"
