,_id,Name,Address,Geocodes
0,6000,Hillsborough County Pub...,"11505 Country Hollow Dr, Tampa, FL 33635, USA","{'lat': 28.0381523, 'lng': -82.6132769}"
1,6001,Keiser University,"Nineteen Hundred Building, 1900 W Commercial Blvd #180, Fort Lauderdale, FL 33309, USA","{'lat': 26.1874469, 'lng': -80.1681502}"
2,6002,District School Board o...,"11646 Town Center Rd, New Port Richey, FL 34654, USA","{'lat': 28.2664448, 'lng': -82.6216793}"
3,6003,Lakeland Montessori Sch...,"837 E Parker St, Lakeland, FL 33801, USA","{'lat': 28.0510824, 'lng': -81.94781290000002}"
4,6004,Orange County Public Sc...,"1220 Maury Rd, Orlando, FL 32804, USA","{'lat': 28.58245, 'lng': -81.3968905}"
5,6005,Orange County Public Sc...,"1145 N Fern Creek Ave, Orlando, FL 32803, USA","{'lat': 28.5611617, 'lng': -81.36018419999999}"
6,6006,Broward County Public S...,"1700 Monroe St, Hollywood, FL 33020, USA","{'lat': 26.0078592, 'lng': -80.14096599999999}"
7,6007,Miami-Dade County Publi...,"7977 W 12th Ave, Hialeah, FL 33014, USA","{'lat': 25.8953418, 'lng': -80.3063379}"
8,6008,Miami-Dade County Publi...,"11001 SW 76th St, Miami, FL 33173, USA","{'lat': 25.6986404, 'lng': -80.37345510000002}"
9,6009,Hillsborough County Pub...,"13910 Nine Eagles Dr, Tampa, FL 33626, USA","{'lat': 28.0725814, 'lng': -82.6323925}"
10,6010,Sarasota County Public ...,"601 Honore Ave, Sarasota, FL 34232, USA","{'lat': 27.3312367, 'lng': -82.4627519}"
11,6011,Polk County Public Scho...,"320 Lemon St, Auburndale, FL 33823, USA","{'lat': 28.0597435, 'lng': -81.78777149999999}"
12,6012,Orange County Public Sc...,"629 Martin St, Apopka, FL 32712, USA","{'lat': 28.6925461, 'lng': -81.523416}"
13,6013,Orange County Public Sc...,"1148 N Fern Creek Ave, Orlando, FL 32803, USA","{'lat': 28.5610857, 'lng': -81.36077370000001}"
14,6014,Orange County Public Sc...,"1285 Maury Rd, Orlando, FL 32804, USA","{'lat': 28.5821309, 'lng': -81.3983734}"
15,6015,Marion County Public Sc...,"513 SE 8th St, Ocala, FL 34471, USA","{'lat': 29.1806598, 'lng': -82.13238899999999}"
16,6016,Orange County Public Sc...,"597 Martin St, Apopka, FL 32712, USA","{'lat': 28.6921702, 'lng': -81.52157160000002}"
17,6017,Hillsborough County Pub...,"1115 Telfair Rd, Brandon, FL 33510, USA","{'lat': 27.9564314, 'lng': -82.3006171}"
18,6018,Miami-Dade County Publi...,"16969 SW 294th St, Homestead, FL 33033, USA","{'lat': 25.4937545, 'lng': -80.4590441}"
19,6019,Broward County Public S...,"900 SW 8th St, Hallandale Beach, FL 33009, USA","{'lat': 25.977171, 'lng': -80.1615227}"
20,6020,Miami-Dade County Publi...,"1075 NE 167th St, North Miami Beach, FL 33162, USA","{'lat': 25.9298418, 'lng': -80.1780905}"
21,6021,First United Methodist ...,"115 E Howry Ave, DeLand, FL 32724, USA","{'lat': 29.0264947, 'lng': -81.30310519999999}"
22,6022,Miami-Dade County Publi...,"500 NW 67th St, Miami, FL 33150, USA","{'lat': 25.8357174, 'lng': -80.2048537}"
23,6023,Lee County School Distr...,"2300 Santa Barbara Blvd, Cape Coral, FL 33991, USA","{'lat': 26.6092345, 'lng': -81.9749799}"
24,6024,Orange County Public Sc...,"615 Martin St, Apopka, FL 32712, USA","{'lat': 28.6924345, 'lng': -81.5232743}"
25,6025,Orange County Public Sc...,"1135 N Fern Creek Ave, Orlando, FL 32803, USA","{'lat': 28.5611379, 'lng': -81.3601837}"
26,6026,Orange County Public Sc...,"628 Martin St, Apopka, FL 32712, USA","{'lat': 28.6925461, 'lng': -81.523416}"
27,6027,Polk County Public Scho...,"1201 Enchanted Dr, Lakeland, FL 33801, USA","{'lat': 28.0595669, 'lng': -81.9013817}"
28,6028,Seminole County Public ...,"141 Academy Ave, Oviedo, FL 32765, USA","{'lat': 28.6684074, 'lng': -81.1927941}"
29,6029,Orange County Public Sc...,"1144 N Fern Creek Ave, Orlando, FL 32803, USA","{'lat': 28.5610701, 'lng': -81.3607734}"
30,6030,Orange County Public Sc...,"3116 Edgewater Dr, Orlando, FL 32804, USA","{'lat': 28.5800582, 'lng': -81.3899402}"
31,6031,Sarasota County Public ...,"3450 Gocio Rd Extention, Sarasota, FL 34235, USA","{'lat': 27.3624107, 'lng': -82.4993015}"
32,6032,Polk County Public Scho...,"2820 K-Ville Ave, Auburndale, FL 33823, USA","{'lat': 28.0359399, 'lng': -81.8261934}"
33,6033,Broward County Public S...,"500 NW 45th Ave, Coconut Creek, FL 33066, USA","{'lat': 26.2373378, 'lng': -80.1830602}"
34,6034,Polk County Public Scho...,"1225 E Lime St, Lakeland, FL 33801, USA","{'lat': 28.0397378, 'lng': -81.93950099999999}"
35,6035,Orange County Public Sc...,"3118 Edgewater Dr, Orlando, FL 32804, USA","{'lat': 28.5800749, 'lng': -81.3899405}"
36,6036,Orange County Public Sc...,"3171 Edgewater Dr, Orlando, FL 32804, USA","{'lat': 28.5802373, 'lng': -81.3892776}"
37,6037,Broward County Public S...,"1250 S Nob Hill Rd, Davie, FL 33324, USA","{'lat': 26.1045476, 'lng': -80.27844}"
38,6038,Orange County Public Sc...,"1249 Maury Rd, Orlando, FL 32804, USA","{'lat': 28.583226, 'lng': -81.3978711}"
39,6039,Hillsborough County Pub...,"5410 N 20th St, Tampa, FL 33610, USA","{'lat': 27.9967762, 'lng': -82.43718419999999}"
40,6040,Orange County Public Sc...,"1181 N Fern Creek Ave, Orlando, FL 32803, USA","{'lat': 28.5612472, 'lng': -81.36018589999999}"
41,6041,Polk County Public Scho...,"3315 Kathleen Rd, Lakeland, FL 33810, USA","{'lat': 28.0851028, 'lng': -81.9951061}"
42,6042,Orange County Public Sc...,"12550 Marsfield Ave, Orlando, FL 32837, USA","{'lat': 28.3839948, 'lng': -81.4236918}"
43,6043,Seminole County Public ...,"1501 E 8th St, Sanford, FL 32771, USA","{'lat': 28.8035827, 'lng': -81.2526596}"
44,6044,Brevard Public Schools,"1449 Croton Rd, Melbourne, FL 32935, USA","{'lat': 28.1305579, 'lng': -80.65378280000002}"
45,6045,Gulf Coast Christian Sc...,"6355 38th Ave N, St. Petersburg, FL 33710, USA","{'lat': 27.8076747, 'lng': -82.7229017}"
46,6046,Hillsborough County Pub...,"4815 Keene Rd, Plant City, FL 33565, USA","{'lat': 28.0743542, 'lng': -82.1561289}"
47,6047,Orange County Public Sc...,"656 Martin St, Apopka, FL 32712, USA","{'lat': 28.6925461, 'lng': -81.523416}"
48,6048,Madison County School D...,"7731 US-90, Lee, FL 32059, USA","{'lat': 30.424309, 'lng': -83.30559699999999}"
49,6049,Miami-Dade County Publi...,"1200 NW 6th Ave, Miami, FL 33136, USA","{'lat': 25.7864119, 'lng': -80.2049409}"
50,6050,Orange County Public Sc...,"1225 Maury Rd, Orlando, FL 32804, USA","{'lat': 28.5836568, 'lng': -81.3966974}"
51,6051,Marion County Public Sc...,"10351 SE Maricamp Rd, Ocala, FL 34472, USA","{'lat': 29.078562, 'lng': -81.977758}"
52,6052,Orange County Public Sc...,"1254 Maury Rd, Orlando, FL 32804, USA","{'lat': 28.5823251, 'lng': -81.3978951}"
53,6053,Sarasota County Public ...,"700 Center Rd, Venice, FL 34285, USA","{'lat': 27.0772313, 'lng': -82.3989661}"
54,6054,Broward County Public S...,"2450 Banks Rd, Margate, FL 33063, USA","{'lat': 26.2582316, 'lng': -80.1939032}"
55,6055,Sarasota County Public ...,"2901 W Tamiami Cir, Sarasota, FL 34234, USA","{'lat': 27.3627657, 'lng': -82.5510891}"
56,6056,Orange County Public Sc...,"618 Martin St, Apopka, FL 32712, USA","{'lat': 28.6919621, 'lng': -81.5238858}"
57,6057,Broward County Public S...,"6501 Turtle Run Blvd, Coral Springs, FL 33067, USA","{'lat': 26.285421, 'lng': -80.21435389999999}"
58,6058,Dade County Public Acco...,"15000 Bay Vista, North Miami, FL 33181, USA","{'lat': 25.9138521, 'lng': -80.1460857}"
59,6059,Christian Heritage Acad...,"3930 University Blvd S, Jacksonville, FL 32216, USA","{'lat': 30.28459639999999, 'lng': -81.60302089999999}"
60,6060,Polk County Public Scho...,"Highland City, FL 33846, USA","{'lat': 27.9610228, 'lng': -81.8804802}"
61,6061,Orange County Public Sc...,"576 Martin St, Apopka, FL 32712, USA","{'lat': 28.6916913, 'lng': -81.52352859999999}"
62,6062,Orange County Public Sc...,"3114 Edgewater Dr, Orlando, FL 32804, USA","{'lat': 28.5800415, 'lng': -81.38994}"
63,6063,Hillsborough County Pub...,"13131 Lynn Rd, Tampa, FL 33624, USA","{'lat': 28.0682385, 'lng': -82.5407587}"
64,6064,The School District of ...,"1160 Avenue N, West Palm Beach, FL 33404, USA","{'lat': 26.7725949, 'lng': -80.0731268}"
65,6065,The School District of ...,"1310 N 65th Ave, Pensacola, FL 32506, USA","{'lat': 30.4268169, 'lng': -87.2996598}"
66,6066,Orange County Public Sc...,"613 Martin St, Apopka, FL 32712, USA","{'lat': 28.6924345, 'lng': -81.5232743}"
67,6067,Orange County Public Sc...,"2401 Wellington Blvd, Winter Park, FL 32789, USA","{'lat': 28.5955221, 'lng': -81.38256899999999}"
68,6068,Miami-Dade County Publi...,"10501 SW 122nd Ave, Miami, FL 33186, USA","{'lat': 25.6695792, 'lng': -80.39089469999999}"
69,6069,The School District of ...,"201 Hancock Ln, Pensacola, FL 32503, USA","{'lat': 30.48265199999999, 'lng': -87.2399329}"
70,6070,Greenfield School,"11155 SW 112th Ave, Miami, FL 33189, USA","{'lat': 25.6658887, 'lng': -80.37351559999999}"
71,6071,District School Board o...,"10055 Sweet Bay Ct, New Port Richey, FL 34654, USA","{'lat': 28.270796, 'lng': -82.64868179999999}"
72,6072,Hillsborough Community ...,"YADM, 2112 N 15th St, Tampa, FL 33605, USA","{'lat': 27.9630091, 'lng': -82.4432839}"
73,6073,Lee County School Distr...,"2523 Market St, Fort Myers, FL 33901, USA","{'lat': 26.6370421, 'lng': -81.8614279}"
74,6074,Orange County Public Sc...,"1123 N Fern Creek Ave, Orlando, FL 32803, USA","{'lat': 28.5611094, 'lng': -81.3601831}"
75,6075,Orange County Public Sc...,"562 Martin St, Apopka, FL 32712, USA","{'lat': 28.6916163, 'lng': -81.5234286}"
76,6076,Orange County Public Sc...,"577 Martin St, Apopka, FL 32712, USA","{'lat': 28.691242, 'lng': -81.5214996}"
77,6077,Orange County Public Sc...,"1351 Windermere Rd, Winter Garden, FL 34787, USA","{'lat': 28.5258399, 'lng': -81.5574127}"
78,6078,Hillsborough County Pub...,"241 Trumbo Rd, Key West, FL 33040, USA","{'lat': 24.564155, 'lng': -81.7980838}"
79,6079,Orange County Public Sc...,"3144 Edgewater Dr, Orlando, FL 32804, USA","{'lat': 28.5801436, 'lng': -81.38994129999999}"
80,6080,Sugarloaf Elementary Sc...,"5855 College Rd, Key West, FL 33040, USA","{'lat': 24.5816758, 'lng': -81.7455425}"
81,6081,Orange County Public Sc...,"1175 N Fern Creek Ave, Orlando, FL 32803, USA","{'lat': 28.561233, 'lng': -81.3601856}"
82,6082,Broward County Public S...,"300 SE 2nd Ave, Dania Beach, FL 33004, USA","{'lat': 26.046791, 'lng': -80.142335}"
83,6083,Miami-Dade County Publi...,"14250 Boggs Dr, Miami, FL 33176, USA","{'lat': 25.6364808, 'lng': -80.3753906}"
84,6084,Duval County Public Sch...,"11780 Alden Rd, Jacksonville, FL 32246, USA","{'lat': 30.2980577, 'lng': -81.5091748}"
85,6085,Lee County School Distr...,"2401 Euclid Ave, Fort Myers, FL 33901, USA","{'lat': 26.6327961, 'lng': -81.87480579999999}"
86,6086,Collier County School D...,"3215 Magnolia Pond Dr, Naples, FL 34116, USA","{'lat': 26.1686988, 'lng': -81.6929095}"
87,6087,Orange County Public Sc...,"1150 N Fern Creek Ave, Orlando, FL 32803, USA","{'lat': 28.5610935, 'lng': -81.36077379999999}"
88,6088,Brevard Public Schools,"3085 Knox McRae Dr, Titusville, FL 32780, USA","{'lat': 28.5804225, 'lng': -80.84357399999999}"
89,6089,Broward County Public S...,"5900 SW 160th Ave, Southwest Ranches, FL 33331, USA","{'lat': 26.045226, 'lng': -80.3599925}"
90,6090,The School District of ...,"1765 Benoist Farms Rd, West Palm Beach, FL 33411, USA","{'lat': 26.7061561, 'lng': -80.17157279999999}"
91,6091,Orange County Public Sc...,"1153 N Fern Creek Ave, Orlando, FL 32803, USA","{'lat': 28.5611807, 'lng': -81.3601846}"
92,6092,Orange County Public Sc...,"9150 S Apopka Vineland Rd, Orlando, FL 32836, USA","{'lat': 28.4343524, 'lng': -81.5058063}"
93,6093,CHARLOTTE School Distri...,"22450 Hancock Ave, Punta Gorda, FL 33980, USA","{'lat': 26.9689917, 'lng': -82.0740792}"
94,6094,Orange County Public Sc...,"624 Martin St, Apopka, FL 32712, USA","{'lat': 28.6925461, 'lng': -81.523416}"
95,6095,Hillsborough County Pub...,"2600 W Humphrey St, Tampa, FL 33614, USA","{'lat': 28.0297921, 'lng': -82.4862838}"
96,6096,American Heritage Schoo...,"6200 Linton Blvd, Delray Beach, FL 33484, USA","{'lat': 26.4371916, 'lng': -80.1403328}"
97,6097,Miami-Dade County Publi...,"3101 NW 191st St, Miami Gardens, FL 33056, USA","{'lat': 25.9485591, 'lng': -80.2529867}"
98,6098,Orange County Public Sc...,"1226 Maury Rd, Orlando, FL 32804, USA","{'lat': 28.582479, 'lng': -81.3970033}"
99,6099,Orange County Public Sc...,"3172 Edgewater Dr, Orlando, FL 32804, USA","{'lat': 28.5802093, 'lng': -81.38994199999999}"
100,6100,The School District of ...,"5350 San Miguel Rd, Kissimmee, FL 34758, USA","{'lat': 28.1695183, 'lng': -81.4983845}"
101,6101,Orange County Public Sc...,"1151 N Fern Creek Ave, Orlando, FL 32803, USA","{'lat': 28.5611759, 'lng': -81.3601845}"
102,6102,Orange County Public Sc...,"3184 Edgewater Dr, Orlando, FL 32804, USA","{'lat': 28.5802406, 'lng': -81.3895783}"
103,6103,Father Anglim Academy,"2045 Heitman St, Fort Myers, FL 33901, USA","{'lat': 26.6396444, 'lng': -81.8709871}"
104,6104,Broward County Public S...,"1050 NW 7th Ct, Hallandale Beach, FL 33009, USA","{'lat': 25.9928175, 'lng': -80.1644005}"
105,6105,Broward County Public S...,"3500 N 22nd Ave, Hollywood, FL 33020, USA","{'lat': 26.0383806, 'lng': -80.15177299999999}"
106,6106,Gladeview Christian Sch...,"12201 SW 26th St, Miami, FL 33175, USA","{'lat': 25.7451611, 'lng': -80.3926558}"
107,6107,Orange County Public Sc...,"1238 Maury Rd, Orlando, FL 32804, USA","{'lat': 28.5822202, 'lng': -81.3974595}"
108,6108,Nova Southeastern Unive...,"7600 SW 36th St, Davie, FL 33328, USA","{'lat': 26.0759136, 'lng': -80.2496649}"
109,6109,Miami-Dade County Publi...,"John I. Smith K-8 Center, 10415 NW 52nd St, Doral, FL 33178, USA","{'lat': 25.8208836, 'lng': -80.364125}"
110,6110,Miami-Dade County Publi...,"7955 SW 152nd St, Palmetto Bay, FL 33157, USA","{'lat': 25.630628, 'lng': -80.32235519999999}"
111,6111,Hillsborough County Pub...,"7710 Old Big Bend Rd, Gibsonton, FL 33534, USA","{'lat': 27.7948682, 'lng': -82.3632729}"
112,6112,Orange County Public Sc...,"1234 Maury Rd, Orlando, FL 32804, USA","{'lat': 28.582218, 'lng': -81.39745599999999}"
113,6113,Orange County Public Sc...,"3164 Edgewater Dr, Orlando, FL 32804, USA","{'lat': 28.5801905, 'lng': -81.3899418}"
114,6114,The School District of ...,"1403 W St Joseph Ave, Pensacola, FL 32501, USA","{'lat': 30.438253, 'lng': -87.234579}"
115,6115,Sedoparking,"4739 9th St, Zephyrhills, FL 33542, USA","{'lat': 28.2265966, 'lng': -82.176993}"
116,6116,Epiphany Cathedral Scho...,"316 Sarasota St, Venice, FL 34285, USA","{'lat': 27.1019766, 'lng': -82.4488504}"
117,6117,Orange County Public Sc...,"1180 N Fern Creek Ave, Orlando, FL 32803, USA","{'lat': 28.5612104, 'lng': -81.36077619999999}"
118,6118,Hillsborough County Pub...,"200 N Kingsway Rd, Seffner, FL 33584, USA","{'lat': 27.9972576, 'lng': -82.27883849999999}"
119,6119,CHARLOTTE School Distri...,"23300 Quasar Blvd, Port Charlotte, FL 33980, USA","{'lat': 27.0116267, 'lng': -82.0650153}"
120,6120,"Miami Dade County, Flor...","920 SW 76th Ave, Miami, FL 33144, USA","{'lat': 25.7613816, 'lng': -80.31861230000001}"
121,6121,Orange County Public Sc...,"1283 Maury Rd, Orlando, FL 32804, USA","{'lat': 28.5821399, 'lng': -81.3983509}"
122,6122,Orange County Public Sc...,"608 W Artesia St, Oviedo, FL 32765, USA","{'lat': 28.68465729999999, 'lng': -81.219184}"
123,6123,Miami-Dade County Publi...,"7330 W 32nd Ave, Hialeah, FL 33018, USA","{'lat': 25.8883911, 'lng': -80.3487248}"
124,6124,Sarasota County Public ...,"1900 Laurel Rd E, Nokomis, FL 34275, USA","{'lat': 27.1360994, 'lng': -82.42719910000001}"
125,6125,Orange County Public Sc...,"1284 Maury Rd, Orlando, FL 32804, USA","{'lat': 28.5821264, 'lng': -81.3983847}"
126,6126,Broward County Public S...,"6800 Arthur St, Hollywood, FL 33024, USA","{'lat': 26.0191239, 'lng': -80.225487}"
127,6127,Orange County Public Sc...,"1134 N Fern Creek Ave, Orlando, FL 32803, USA","{'lat': 28.5610311, 'lng': -81.3607725}"
128,6128,Orange County Public Sc...,"1172 N Fern Creek Ave, Orlando, FL 32803, USA","{'lat': 28.5611792, 'lng': -81.3607756}"
129,6129,Orange County Public Sc...,"1211 Maury Rd, Orlando, FL 32804, USA","{'lat': 28.5836042, 'lng': -81.39588479999999}"
130,6130,Orange County Public Sc...,"1126 N Fern Creek Ave, Orlando, FL 32803, USA","{'lat': 28.5609999, 'lng': -81.3607719}"
131,6131,Collier County School D...,"8125 Lely Cultural Pkwy, Naples, FL 34113, USA","{'lat': 26.1046315, 'lng': -81.6913163}"
132,6132,Orange County Public Sc...,"1122 N Fern Creek Ave, Orlando, FL 32803, USA","{'lat': 28.5609843, 'lng': -81.36077159999999}"
133,6133,Orange County Public Sc...,"1244 Maury Rd, Orlando, FL 32804, USA","{'lat': 28.5822436, 'lng': -81.3975694}"
134,6134,Hillsborough County Pub...,"6001 S Himes Ave, Tampa, FL 33611, USA","{'lat': 27.8827184, 'lng': -82.5030838}"
135,6135,Duval County Public Sch...,"6343 Knights Ln N, Jacksonville, FL 32216, USA","{'lat': 30.2720501, 'lng': -81.59613519999999}"
136,6136,Polk County Public Scho...,"118 3rd St, Frostproof, FL 33843, USA","{'lat': 27.7433486, 'lng': -81.53255779999999}"
137,6137,Orange County Public Sc...,"614 Martin St, Apopka, FL 32712, USA","{'lat': 28.6924345, 'lng': -81.5232743}"
138,6138,CHARLOTTE School Distri...,"245 Cougar Way, Rotonda West, FL 33947, USA","{'lat': 26.913738, 'lng': -82.287144}"
139,6139,Orange County Public Sc...,"2401 N Rio Grande Ave, Orlando, FL 32804, USA","{'lat': 28.573779, 'lng': -81.400769}"
140,6140,Broward County Public S...,"7720 W Oakland Park Blvd #304, Sunrise, FL 33351, USA","{'lat': 26.1649616, 'lng': -80.2522571}"
141,6141,Hillsborough County Pub...,"8008 N Mobley Rd, Odessa, FL 33556, USA","{'lat': 28.1135977, 'lng': -82.574164}"
142,6142,Orange County Public Sc...,"4100 Lake Margaret Dr, Orlando, FL 32812, USA","{'lat': 28.5047802, 'lng': -81.33338789999999}"
143,6143,Orange County Public Sc...,"1152 N Fern Creek Ave, Orlando, FL 32803, USA","{'lat': 28.5611013, 'lng': -81.36077399999999}"
144,6144,Orange County Public Sc...,"1158 N Fern Creek Ave, Orlando, FL 32803, USA","{'lat': 28.5611247, 'lng': -81.36077449999999}"
145,6145,Orange County Public Sc...,"1159 N Fern Creek Ave, Orlando, FL 32803, USA","{'lat': 28.5611949, 'lng': -81.3601849}"
146,6146,Orange County Public Sc...,"3223 Edgewater Dr, Orlando, FL 32804, USA","{'lat': 28.5804558, 'lng': -81.3892802}"
147,6147,Hillsborough County Pub...,"4332 Lynx Paw Trail, Valrico, FL 33596, USA","{'lat': 27.877897, 'lng': -82.2233522}"
148,6148,Orange County Public Sc...,"3113 Edgewater Dr, Orlando, FL 32804, USA","{'lat': 28.5798112, 'lng': -81.38957309999999}"
149,6149,Orange County Public Sc...,"3162 Edgewater Dr, Orlando, FL 32804, USA","{'lat': 28.5801858, 'lng': -81.3899417}"
150,6150,Orange County Public Sc...,"3227 Edgewater Dr, Orlando, FL 32804, USA","{'lat': 28.5804788, 'lng': -81.38928050000001}"
151,6151,"Education Affiliates, I...","7757 W Flagler St #210, Miami, FL 33126, USA","{'lat': 25.7731923, 'lng': -80.3221473}"
152,6152,Miami-Dade County Publi...,"330 NW 97th Ave, Miami, FL 33172, USA","{'lat': 25.7697152, 'lng': -80.3543806}"
153,6153,Miami-Dade County Publi...,"733 E 57th St, Hialeah, FL 33013, USA","{'lat': 25.8747431, 'lng': -80.26867659999999}"
154,6154,Miami-Dade County Publi...,"305 NW 3rd Ave, Miami, FL 33128, USA","{'lat': 25.777319, 'lng': -80.1992494}"
155,6155,Orange County Public Sc...,"1276 Maury Rd, Orlando, FL 32804, USA","{'lat': 28.5821864, 'lng': -81.3982347}"
156,6156,Orange County Public Sc...,"14700 Sussex Dr, Orlando, FL 32826, USA","{'lat': 28.5845992, 'lng': -81.18267329999999}"
157,6157,Hillsborough County Pub...,"3910 W Morrison Ave, Tampa, FL 33629, USA","{'lat': 27.933024, 'lng': -82.5087741}"
158,6158,Collier County School D...,"3650 Westclox St, Immokalee, FL 34142, USA","{'lat': 26.4418266, 'lng': -81.4592256}"
159,6159,Hillsborough County Pub...,"4801 Turkey Creek Rd, Plant City, FL 33567, USA","{'lat': 27.9472735, 'lng': -82.1716182}"
160,6160,Broward County Public S...,"3550 SW 48th Ave, Pembroke Park, FL 33023, USA","{'lat': 25.9798003, 'lng': -80.1920398}"
161,6161,Hendricks Day School of...,"1824 Dean Rd, Jacksonville, FL 32216, USA","{'lat': 30.2887731, 'lng': -81.5919582}"
162,6162,Orange County Public Sc...,"1166 N Fern Creek Ave, Orlando, FL 32803, USA","{'lat': 28.5611558, 'lng': -81.3607751}"
163,6163,Cardinal Gibbons High S...,"2900 NE 47th St, Fort Lauderdale, FL 33308, USA","{'lat': 26.185337, 'lng': -80.1083098}"
164,6164,Broward County Public S...,"3551 NE 3rd Ave, Pompano Beach, FL 33064, USA","{'lat': 26.2727816, 'lng': -80.1182571}"
165,6165,Miami-Dade County Publi...,"5160 NW 31st Ave, Miami, FL 33142, USA","{'lat': 25.8213909, 'lng': -80.24737859999999}"
166,6166,Miami-Dade County Publi...,"14600 Country Walk Dr, Miami, FL 33186, USA","{'lat': 25.629619, 'lng': -80.429653}"
167,6167,The School District of ...,"10300 Allamanda Dr, Palm Beach Gardens, FL 33410, USA","{'lat': 26.8275165, 'lng': -80.07610439999999}"
168,6168,Miami-Dade County Publi...,"5005 NW 112th Ave, Doral, FL 33178, USA","{'lat': 25.8198635, 'lng': -80.37630399999999}"
169,6169,Cardinal Newman High Sc...,"513 Spencer Dr, West Palm Beach, FL 33409, USA","{'lat': 26.7100914, 'lng': -80.0939847}"
170,6170,Miami-Dade County Publi...,"920 SW 76th Ave, Miami, FL 33144, USA","{'lat': 25.7613816, 'lng': -80.31861230000001}"
171,6171,Purple Cyber Cafe,"3057 S Tamiami Trail A, Port Charlotte, FL 33952, USA","{'lat': 26.986054, 'lng': -82.1057715}"
172,6172,Bishop Kenny High Schoo...,"1055 Kingman Ave, Jacksonville, FL 32207, USA","{'lat': 30.3101579, 'lng': -81.6410686}"
173,6173,Orange County Public Sc...,"1222 Maury Rd, Orlando, FL 32804, USA","{'lat': 28.58245, 'lng': -81.3968905}"
174,6174,Orange County Public Sc...,"1273 Maury Rd, Orlando, FL 32804, USA","{'lat': 28.5821848, 'lng': -81.3982386}"
175,6175,St. Johns County School...,"2316 Race Track Rd, Jacksonville, FL 32259, USA","{'lat': 30.114161, 'lng': -81.602593}"
176,6176,Orange County Public Sc...,"3137 Edgewater Dr, Orlando, FL 32804, USA","{'lat': 28.5802113, 'lng': -81.38927730000002}"
177,6177,Marion County Public Sc...,"16160 NE Hwy 315, Fort McCoy, FL 32134, USA","{'lat': 29.384868, 'lng': -81.97075}"
178,6178,Brevard Public Schools,"950 Tupelo Rd SW, Palm Bay, FL 32908, USA","{'lat': 27.9870708, 'lng': -80.6977036}"
179,6179,Highland County Schools,"516 County Rd 29, Lake Placid, FL 33852, USA","{'lat': 27.2682778, 'lng': -81.326275}"
180,6180,Miami-Dade County Publi...,"11690 NW 92nd Ave, Hialeah, FL 33018, USA","{'lat': 25.8798785, 'lng': -80.3490327}"
181,6181,Miami-Dade County Publi...,"15625 SW 80th St, Miami, FL 33193, USA","{'lat': 25.6937779, 'lng': -80.4450818}"
182,6182,Dade County Public Acco...,"1290 NW 115th St, Miami, FL 33167, USA","{'lat': 25.8788525, 'lng': -80.2198008}"
183,6183,Gator Cove Inc,"704 Village Cir, Naples, FL 34110, USA","{'lat': 26.3067361, 'lng': -81.81031689999999}"
184,6184,Miami-Dade County Publi...,"1155 93rd St, Bay Harbor Islands, FL 33154, USA","{'lat': 25.8845511, 'lng': -80.1321289}"
185,6185,The Foundation Academy,"3675 San Pablo Rd S, Jacksonville, FL 32224, USA","{'lat': 30.2791145, 'lng': -81.43495879999999}"
186,6186,Duval County Public Sch...,"2056 Lane Ave S, Jacksonville, FL 32210, USA","{'lat': 30.2804141, 'lng': -81.7558851}"
187,6187,Orange County Public Sc...,"625 West Ct, Titusville, FL 32796, USA","{'lat': 28.6230492, 'lng': -80.8260713}"
188,6188,Miami-Dade County Publi...,"10900 SW 127th Ave, Miami, FL 33186, USA","{'lat': 25.6665617, 'lng': -80.40080739999999}"
189,6189,Orange County Public Sc...,"3140 Edgewater Dr, Orlando, FL 32804, USA","{'lat': 28.5801342, 'lng': -81.3899412}"
190,6190,Miami-Dade County Publi...,"16140 NE 18th Ave, North Miami Beach, FL 33162, USA","{'lat': 25.9236234, 'lng': -80.1646621}"
191,6191,Miami-Dade County Publi...,"10755 SW 160th St, Miami, FL 33157, USA","{'lat': 25.6216479, 'lng': -80.36712639999999}"
192,6192,Columbia County School ...,"256 SE Beech St, Lake City, FL 32025, USA","{'lat': 30.18425809999999, 'lng': -82.606427}"
193,6193,Miami-Dade County Publi...,"18701 NW 1st Ave, Miami, FL 33169, USA","{'lat': 25.9465232, 'lng': -80.20219519999999}"
194,6194,Orange County Public Sc...,"3219 Edgewater Dr, Orlando, FL 32804, USA","{'lat': 28.5804327, 'lng': -81.38927989999999}"
195,6195,Orange County Public Sc...,"8101 Benrus St, Orlando, FL 32827, USA","{'lat': 28.4487926, 'lng': -81.3444104}"
196,6196,Orange County Public Sc...,"1235 Maury Rd, Orlando, FL 32804, USA","{'lat': 28.5827053, 'lng': -81.3969611}"
197,6197,Orange County Public Sc...,"3152 Edgewater Dr, Orlando, FL 32804, USA","{'lat': 28.5801624, 'lng': -81.38994149999999}"
198,6198,Urgent Care Medical Cen...,"11327 Okeechobee Blvd, Royal Palm Beach, FL 33411, USA","{'lat': 26.7072848, 'lng': -80.2210209}"
199,6199,Miami-Dade County Publi...,"13100 SW 59th St, Miami, FL 33183, USA","{'lat': 25.712259, 'lng': -80.40596099999999}"
200,6200,Miami-Dade County Publi...,"15750 SW 47th St, Miami, FL 33185, USA","{'lat': 25.7196797, 'lng': -80.44907979999999}"
201,6201,Collier County School D...,"5945 Everglades Blvd N, Naples, FL 34120, USA","{'lat': 26.3403779, 'lng': -81.5497334}"
202,6202,Orange County Public Sc...,"3102 Edgewater Dr, Orlando, FL 32804, USA","{'lat': 28.5799413, 'lng': -81.3899388}"
203,6203,The School District of ...,"501 Pickens Ave, Pensacola, FL 32503, USA","{'lat': 30.42678699999999, 'lng': -87.1829106}"
204,6204,St. Johns County School...,"3180 Race Track Rd, Jacksonville, FL 32259, USA","{'lat': 30.1105343, 'lng': -81.5768501}"
205,6205,Orange County Public Sc...,"3157 Edgewater Dr, Orlando, FL 32804, USA","{'lat': 28.5802266, 'lng': -81.38927749999999}"
206,6206,Hillsborough County Pub...,"3950 S Falkenburg Rd, Riverview, FL 33578, USA","{'lat': 27.9132809, 'lng': -82.358963}"
207,6207,The School District of ...,"10050 Ashton Brosnaham Dr, Pensacola, FL 32534, USA","{'lat': 30.5507305, 'lng': -87.2689639}"
208,6208,Orange County Public Sc...,"801 Wells St, Apopka, FL 32712, USA","{'lat': 28.6923442, 'lng': -81.5171427}"
209,6209,Orange County Public Sc...,"1127 N Fern Creek Ave, Orlando, FL 32803, USA","{'lat': 28.5611189, 'lng': -81.3601833}"
210,6210,Orange County Public Sc...,"3141 Edgewater Dr, Orlando, FL 32804, USA","{'lat': 28.5802144, 'lng': -81.3892774}"
211,6211,Orange County Public Sc...,"3147 Edgewater Dr, Orlando, FL 32804, USA","{'lat': 28.580219, 'lng': -81.3892774}"
212,6212,Broward County Public S...,"2701 Plunkett St, Hollywood, FL 33020, USA","{'lat': 26.000813, 'lng': -80.161097}"
213,6213,Dixie School District,"16077 SE Hwy 19, Cross City, FL 32628, USA","{'lat': 29.6376398, 'lng': -83.1331368}"
214,6214,The School District of ...,"6500 Le Chalet Blvd, Boynton Beach, FL 33472, USA","{'lat': 26.551578, 'lng': -80.14768099999999}"
215,6215,Good Shepherd Church,"5902 Oleander Dr, Orlando, FL 32807, USA","{'lat': 28.5517261, 'lng': -81.30763569999999}"
216,6216,St Lucie County Public ...,"1806 Ave I, Fort Pierce, FL 34950, USA","{'lat': 27.4589762, 'lng': -80.3431501}"
217,6217,Broward County Public S...,"5901 Pine Island Rd, Parkland, FL 33076, USA","{'lat': 26.304503, 'lng': -80.26945700000002}"
218,6218,Orange County Public Sc...,"3103 Edgewater Dr, Orlando, FL 32804, USA","{'lat': 28.5795027, 'lng': -81.38921049999999}"
219,6219,Charter Schools USA,"3333 NE 188th St, Miami, FL 33180, USA","{'lat': 25.9499895, 'lng': -80.1363598}"
220,6220,Hillsborough County Pub...,"723 E Hamilton Ave, Tampa, FL 33604, USA","{'lat': 28.0140585, 'lng': -82.4530604}"
221,6221,Brevard Public Schools,"1535 Cogswell St, Rockledge, FL 32955, USA","{'lat': 28.3333654, 'lng': -80.73449900000001}"
222,6222,Pinellas County Schools,"12100 Starkey Rd, Largo, FL 33773, USA","{'lat': 27.8827118, 'lng': -82.7633147}"
223,6223,Miami-Dade County Publi...,"8001 SW 36th St, Miami, FL 33155, USA","{'lat': 25.7372306, 'lng': -80.3256627}"
224,6224,Greenland Pines Element...,"5050 Greenland Rd, Jacksonville, FL 32258, USA","{'lat': 30.15954, 'lng': -81.574679}"
225,6225,The School District of ...,"8355 Yancey Ln, Pensacola, FL 32514, USA","{'lat': 30.51356779999999, 'lng': -87.1978961}"
226,6226,Central High School,"14075 Ken Austin Pkwy, Brooksville, FL 34613, USA","{'lat': 28.5640545, 'lng': -82.494918}"
227,6227,St Lucie County Public ...,"1801 Panther Ln, Fort Pierce, FL 34947, USA","{'lat': 27.4586971, 'lng': -80.3762106}"
228,6228,Orange County Public Sc...,"Discovery Middle School, 601 Woodbury Road, Orlando, FL 32828, USA","{'lat': 28.5421393, 'lng': -81.19270759999999}"
229,6229,Orange County Public Sc...,"610 Martin St, Apopka, FL 32712, USA","{'lat': 28.6924579, 'lng': -81.5240725}"
230,6230,Broward County Public S...,"3601 NW 110th Ave, Coral Springs, FL 33065, USA","{'lat': 26.2747706, 'lng': -80.2711123}"
231,6231,Orange County Public Sc...,"630 Martin St, Apopka, FL 32712, USA","{'lat': 28.6925461, 'lng': -81.523416}"
232,6232,Orange County Public Sc...,"1900 Choctaw Trail, Maitland, FL 32751, USA","{'lat': 28.6323776, 'lng': -81.34499850000002}"
233,6233,Broward County Public S...,"3501 Taft St, Hollywood, FL 33021, USA","{'lat': 26.0261607, 'lng': -80.1793002}"
234,6234,Bay Elementary School,"1700 Barton Rd, Lake Worth, FL 33460, USA","{'lat': 26.5953707, 'lng': -80.0665015}"
235,6235,Clay County School Dist...,"2025 FL-16, Green Cove Springs, FL 32043, USA","{'lat': 29.9821295, 'lng': -81.7125391}"
236,6236,Clay County School Dist...,"2851 Sandridge Rd, Green Cove Springs, FL 32043, USA","{'lat': 30.0442145, 'lng': -81.8053656}"
237,6237,Orange County Public Sc...,"1131 N Fern Creek Ave, Orlando, FL 32803, USA","{'lat': 28.5611284, 'lng': -81.36018349999999}"
238,6238,Orange County Public Sc...,"1178 N Fern Creek Ave, Orlando, FL 32803, USA","{'lat': 28.5612026, 'lng': -81.36077610000001}"
239,6239,Hillsborough County Pub...,"7620 Old Big Bend Rd, Gibsonton, FL 33534, USA","{'lat': 27.7937784, 'lng': -82.36620909999999}"
240,6240,Archdiocese Of Miami In...,"4949 NE 2nd Ave, Miami, FL 33137, USA","{'lat': 25.8214237, 'lng': -80.19033979999999}"
241,6241,Orange County Public Sc...,"685 Martin St, Apopka, FL 32712, USA","{'lat': 28.6925461, 'lng': -81.523416}"
242,6242,Duval County Public Sch...,"1157 Golfair Blvd, Jacksonville, FL 32209, USA","{'lat': 30.3684302, 'lng': -81.6775102}"
243,6243,Amelia Island Montessor...,"FERNANDINA, FL 32035, USA","{'lat': 30.63998819999999, 'lng': -81.4450854}"
244,6244,Orange County Public Sc...,"3112 Edgewater Dr, Orlando, FL 32804, USA","{'lat': 28.5800248, 'lng': -81.3899398}"
245,6245,Orange County Public Sc...,"1141 N Fern Creek Ave, Orlando, FL 32803, USA","{'lat': 28.5611522, 'lng': -81.36018399999999}"
246,6246,Orange County Public Sc...,"1282 Maury Rd, Orlando, FL 32804, USA","{'lat': 28.5821414, 'lng': -81.39834719999999}"
247,6247,Hillsborough County Pub...,"515 63rd Ave E, Bradenton, FL 34203, USA","{'lat': 27.430272, 'lng': -82.557476}"
248,6248,Miami-Dade County Publi...,"238 Grand Ave, Coral Gables, FL 33133, USA","{'lat': 25.7272587, 'lng': -80.25902669999999}"
249,6249,Collier County School D...,"1065 County Rd 858, Naples, FL 34120, USA","{'lat': 26.2940648, 'lng': -81.58744589999999}"
250,6250,Orange County Public Sc...,"578 Martin St, Apopka, FL 32712, USA","{'lat': 28.6917021, 'lng': -81.5235429}"
251,6251,Lake Worth Christian Sc...,"7592 High Ridge Rd, Boynton Beach, FL 33426, USA","{'lat': 26.5634721, 'lng': -80.0738784}"
252,6252,Orange County Public Sc...,"642 Martin St, Apopka, FL 32712, USA","{'lat': 28.6925461, 'lng': -81.523416}"
253,6253,Orange County Public Sc...,"1264 Maury Rd, Orlando, FL 32804, USA","{'lat': 28.582042, 'lng': -81.39792829999999}"
254,6254,Grace Community Church,"1425 N Valrico Rd, Valrico, FL 33594, USA","{'lat': 27.962993, 'lng': -82.25001499999999}"
255,6255,Orange County Public Sc...,"1132 N Fern Creek Ave, Orlando, FL 32803, USA","{'lat': 28.5610233, 'lng': -81.3607724}"
256,6256,Orange County Public Sc...,"1137 N Fern Creek Ave, Orlando, FL 32803, USA","{'lat': 28.5611427, 'lng': -81.3601838}"
257,6257,Orange County Public Sc...,"1271 Maury Rd, Orlando, FL 32804, USA","{'lat': 28.5821938, 'lng': -81.3982161}"
258,6258,Collier County School D...,"2965 44th Terrace SW, Naples, FL 34116, USA","{'lat': 26.1743149, 'lng': -81.69693}"
259,6259,Goldie Feldman Academy,"1050 S Tuttle Ave, Sarasota, FL 34237, USA","{'lat': 27.3248782, 'lng': -82.51467269999999}"
260,6260,Miami-Dade County Publi...,"15901 NW 79th Ave, Hialeah, FL 33016, USA","{'lat': 25.884334, 'lng': -80.3266501}"
261,6261,International Community...,"1021 N New York Ave, Winter Park, FL 32789, USA","{'lat': 28.60713, 'lng': -81.35377729999999}"
262,6262,Orange County Public Sc...,"11001 Bloomfield Dr, Orlando, FL 32825, USA","{'lat': 28.5546, 'lng': -81.22735700000001}"
263,6263,Hillsborough County Pub...,"6409 36th Ave S, Tampa, FL 33619, USA","{'lat': 27.9149146, 'lng': -82.3821877}"
264,6264,Orange County Public Sc...,"3105 Edgewater Dr, Orlando, FL 32804, USA","{'lat': 28.579507, 'lng': -81.3892106}"
265,6265,CHARLOTTE School Distri...,"18300 Cochran Blvd, Port Charlotte, FL 33948, USA","{'lat': 27.0041058, 'lng': -82.14710459999999}"
266,6266,Orange County Public Sc...,"1149 N Fern Creek Ave, Orlando, FL 32803, USA","{'lat': 28.5611712, 'lng': -81.3601844}"
267,6267,Orange County Public Sc...,"1170 N Fern Creek Ave, Orlando, FL 32803, USA","{'lat': 28.5611714, 'lng': -81.3607754}"
268,6268,Jesuit Refugee Service,"4701 N Himes Ave, Tampa, FL 33614, USA","{'lat': 27.9859835, 'lng': -82.4989631}"
269,6269,Miami-Dade County Publi...,"3501 SW 28th St, Miami, FL 33133, USA","{'lat': 25.739259, 'lng': -80.2517127}"
270,6270,Orange County Public Sc...,"1156 N Fern Creek Ave, Orlando, FL 32803, USA","{'lat': 28.5611169, 'lng': -81.3607743}"
271,6271,Polk County Public Scho...,"550 E Cummings St, Lake Alfred, FL 33850, USA","{'lat': 28.0886041, 'lng': -81.7216952}"
272,6272,"Miami Dade County, Flor...","3401 NW 83rd St, Miami, FL 33147, USA","{'lat': 25.8495049, 'lng': -80.2535692}"
273,6273,"Miami Dade County, Flor...","4001 NE 2nd Ave, Miami, FL 33137, USA","{'lat': 25.8138219, 'lng': -80.1912193}"
274,6274,Orange County Public Sc...,"607 Martin St, Apopka, FL 32712, USA","{'lat': 28.6913722, 'lng': -81.5130647}"
275,6275,Collier County School D...,"1 Lely High School Blvd, Naples, FL 34113, USA","{'lat': 26.0876791, 'lng': -81.7178411}"
276,6276,Hillsborough County Pub...,"901 S Evers St, Plant City, FL 33563, USA","{'lat': 28.0071224, 'lng': -82.1243535}"
277,6277,Sugarloaf Elementary Sc...,"1105 Leon St, Key West, FL 33040, USA","{'lat': 24.5571966, 'lng': -81.7863916}"
278,6278,The School District of ...,"2900 5th St, St Cloud, FL 34769, USA","{'lat': 28.2545259, 'lng': -81.3025463}"
279,6279,Orange County Public Sc...,"1125 N Fern Creek Ave, Orlando, FL 32803, USA","{'lat': 28.5611142, 'lng': -81.3601832}"
280,6280,Broward County Public S...,"10550 Westview Dr, Coral Springs, FL 33076, USA","{'lat': 26.2971612, 'lng': -80.2672395}"
281,6281,Orange County Public Sc...,"616 Martin St, Apopka, FL 32712, USA","{'lat': 28.6924345, 'lng': -81.5232743}"
282,6282,Orange County Public Sc...,"1230 Maury Rd, Orlando, FL 32804, USA","{'lat': 28.5824573, 'lng': -81.39705560000002}"
283,6283,Orange County Public Sc...,"681 Martin St, Apopka, FL 32712, USA","{'lat': 28.6925461, 'lng': -81.523416}"
284,6284,Polk County Public Scho...,"700 Galvin Dr, Lakeland, FL 33801, USA","{'lat': 28.0338112, 'lng': -81.9128964}"
285,6285,Orange County Public Sc...,"3111 Edgewater Dr, Orlando, FL 32804, USA","{'lat': 28.5797135, 'lng': -81.38921309999999}"
286,6286,Orange County Public Sc...,"3135 Edgewater Dr, Orlando, FL 32804, USA","{'lat': 28.5802098, 'lng': -81.38927730000002}"
287,6287,Hillsborough County Pub...,"4201 W Estrella St, Tampa, FL 33629, USA","{'lat': 27.9298008, 'lng': -82.5158038}"
288,6288,Good Shepherd Catholic ...,"14187 SW 72nd St, Miami, FL 33183, USA","{'lat': 25.7008397, 'lng': -80.42161159999999}"
289,6289,Miami-Dade County Publi...,"20210 Coral Sea Rd, Cutler Bay, FL 33189, USA","{'lat': 25.5794122, 'lng': -80.35409779999999}"
290,6290,Putnam County School Di...,"1100 S 18th St, Palatka, FL 32177, USA","{'lat': 29.6399777, 'lng': -81.6479418}"
291,6291,Orange County Public Sc...,"1101 Bear Crossing Dr, Orlando, FL 32824, USA","{'lat': 28.3811292, 'lng': -81.3798095}"
292,6292,Orange County Public Sc...,"1146 N Fern Creek Ave, Orlando, FL 32803, USA","{'lat': 28.5610779, 'lng': -81.3607735}"
293,6293,Orange County Public Sc...,"3146 Edgewater Dr, Orlando, FL 32804, USA","{'lat': 28.5801483, 'lng': -81.38994129999999}"
294,6294,Hillsborough County Pub...,"2002 Pine Lake Dr, Tampa, FL 33612, USA","{'lat': 28.0577876, 'lng': -82.47868129999999}"
295,6295,Orange County Public Sc...,"1162 N Fern Creek Ave, Orlando, FL 32803, USA","{'lat': 28.5611403, 'lng': -81.3607748}"
296,6296,Charles W Flanagan High...,"12800 Taft St, Pembroke Pines, FL 33028, USA","{'lat': 26.0181246, 'lng': -80.32233339999999}"
297,6297,Orange County Public Sc...,"1259 Maury Rd, Orlando, FL 32804, USA","{'lat': 28.5823251, 'lng': -81.3978951}"
298,6298,Polk County Public Scho...,"900 Ave F, Haines City, FL 33844, USA","{'lat': 28.1225554, 'lng': -81.6244758}"
299,6299,jcsb,"2031 Hope School Dr, Marianna, FL 32448, USA","{'lat': 30.71296599999999, 'lng': -85.1889592}"
